  7.40089E+00,  7.84758E+02,  7.57333E+04,  2.36222E+06,  1.79498E+07,  3.70457E+07,  2.69509E+07,  9.12979E+06,  1.83223E+06,  2.63192E+05,  3.11489E+04,  3.36070E+03,  3.55383E+02,  3.93466E+01,  5.39273E+00,  1.54339E+00,  1.07343E+00,  1.01091E+00,  1.00178E+00,  1.00032E+00,  1.00006E+00,  1.00001E+00,  1.00000E+00,  1.00000E+00,  1.00000E+00,  1.00000E+00,  1.00000E+00,  1.00000E+00,  1.00000E+00,  1.00000E+00,  1.00000E+00,  1.00000E+00,  1.00000E+00,  1.00000E+00,  1.00000E+00,  1.00000E+00,  1.00000E+00,  1.00000E+00,  1.00000E+00,  1.00000E+00,  1.00000E+00,  1.00000E+00,  1.00000E+00,  1.00000E+00,  1.00000E+00,  1.00000E+00,  1.00000E+00,  1.00000E+00,  1.00000E+00,  1.00000E+00,  1.00000E+00,  1.00000E+00,  1.00000E+00,  1.00000E+00,  1.00000E+00,  1.00000E+00,  1.00000E+00,  1.00000E+00,  1.00000E+00,  1.00000E+00,  1.00000E+00,  1.00000E+00,  1.00000E+00,  1.00000E+00,  1.00000E+00,  1.00000E+00,  1.00000E+00,  1.00000E+00,  1.00000E+00,  1.00000E+00,  1.00000E+00,  1.00000E+00,  1.00000E+00,  1.00000E+00,  1.00000E+00,  1.00000E+00,  1.00000E+00,  1.00000E+00,  1.00000E+00,  1.00000E+00,  1.00000E+00,  1.00000E+00,  1.00000E+00,  1.00000E+00,  1.00000E+00,  1.00000E+00,  1.00000E+00,  1.00000E+00,  1.00000E+00,  1.00000E+00,  1.00000E+00,  1.00000E+00,  1.00000E+00,  1.00000E+00,  1.00000E+00,  1.00000E+00,  1.00000E+00,  1.00000E+00,  1.00000E+00,  1.00000E+00,  1.00000E+00
  2.84137E+00,  1.32388E+02,  1.06090E+04,  4.01972E+05,  4.71969E+06,  1.67188E+07,  2.11428E+07,  1.19807E+07,  3.78309E+06,  7.99312E+05,  1.30405E+05,  1.82914E+04,  2.38604E+03,  3.06666E+02,  4.10164E+01,  6.49253E+00,  1.80389E+00,  1.12677E+00,  1.02166E+00,  1.00402E+00,  1.00081E+00,  1.00018E+00,  1.00004E+00,  1.00001E+00,  1.00000E+00,  1.00000E+00,  1.00000E+00,  1.00000E+00,  1.00000E+00,  1.00000E+00,  1.00000E+00,  1.00000E+00,  1.00000E+00,  1.00000E+00,  1.00000E+00,  1.00000E+00,  1.00000E+00,  1.00000E+00,  1.00000E+00,  1.00000E+00,  1.00000E+00,  1.00000E+00,  1.00000E+00,  1.00000E+00,  1.00000E+00,  1.00000E+00,  1.00000E+00,  1.00000E+00,  1.00000E+00,  1.00000E+00,  1.00000E+00,  1.00000E+00,  1.00000E+00,  1.00000E+00,  1.00000E+00,  1.00000E+00,  1.00000E+00,  1.00000E+00,  1.00000E+00,  1.00000E+00,  1.00000E+00,  1.00000E+00,  1.00000E+00,  1.00000E+00,  1.00000E+00,  1.00000E+00,  1.00000E+00,  1.00000E+00,  1.00000E+00,  1.00000E+00,  1.00000E+00,  1.00000E+00,  1.00000E+00,  1.00000E+00,  1.00000E+00,  1.00000E+00,  1.00000E+00,  1.00000E+00,  1.00000E+00,  1.00000E+00,  1.00000E+00,  1.00000E+00,  1.00000E+00,  1.00000E+00,  1.00000E+00,  1.00000E+00,  1.00000E+00,  1.00000E+00,  1.00000E+00,  1.00000E+00,  1.00000E+00,  1.00000E+00,  1.00000E+00,  1.00000E+00,  1.00000E+00,  1.00000E+00,  1.00000E+00,  1.00000E+00,  1.00000E+00,  1.00000E+00,  1.00000E+00
  1.74342E+00,  3.44454E+01,  2.12138E+03,  8.46523E+04,  1.30661E+06,  6.85807E+06,  1.33695E+07,  1.15567E+07,  5.36538E+06,  1.58906E+06,  3.45787E+05,  6.17227E+04,  9.82081E+03,  1.48124E+03,  2.21913E+02,  3.46681E+01,  6.35253E+00,  1.90024E+00,  1.16161E+00,  1.03112E+00,  1.00644E+00,  1.00144E+00,  1.00034E+00,  1.00009E+00,  1.00002E+00,  1.00001E+00,  1.00000E+00,  1.00000E+00,  1.00000E+00,  1.00000E+00,  1.00000E+00,  1.00000E+00,  1.00000E+00,  1.00000E+00,  1.00000E+00,  1.00000E+00,  1.00000E+00,  1.00000E+00,  1.00000E+00,  1.00000E+00,  1.00000E+00,  1.00000E+00,  1.00000E+00,  1.00000E+00,  1.00000E+00,  1.00000E+00,  1.00000E+00,  1.00000E+00,  1.00000E+00,  1.00000E+00,  1.00000E+00,  1.00000E+00,  1.00000E+00,  1.00000E+00,  1.00000E+00,  1.00000E+00,  1.00000E+00,  1.00000E+00,  1.00000E+00,  1.00000E+00,  1.00000E+00,  1.00000E+00,  1.00000E+00,  1.00000E+00,  1.00000E+00,  1.00000E+00,  1.00000E+00,  1.00000E+00,  1.00000E+00,  1.00000E+00,  1.00000E+00,  1.00000E+00,  1.00000E+00,  1.00000E+00,  1.00000E+00,  1.00000E+00,  1.00000E+00,  1.00000E+00,  1.00000E+00,  1.00000E+00,  1.00000E+00,  1.00000E+00,  1.00000E+00,  1.00000E+00,  1.00000E+00,  1.00000E+00,  1.00000E+00,  1.00000E+00,  1.00000E+00,  1.00000E+00,  1.00000E+00,  1.00000E+00,  1.00000E+00,  1.00000E+00,  1.00000E+00,  1.00000E+00,  1.00000E+00,  1.00000E+00,  1.00000E+00,  1.00000E+00,  1.00000E+00
  1.37261E+00,  1.24292E+01,  5.60755E+02,  2.16646E+04,  3.94387E+05,  2.75827E+06,  7.56610E+06,  9.27473E+06,  5.98796E+06,  2.38590E+06,  6.72443E+05,  1.49682E+05,  2.86697E+04,  5.04224E+03,  8.54909E+02,  1.45272E+02,  2.59252E+01,  5.47989E+00,  1.84742E+00,  1.16996E+00,  1.03630E+00,  1.00827E+00,  1.00201E+00,  1.00052E+00,  1.00014E+00,  1.00004E+00,  1.00001E+00,  1.00000E+00,  1.00000E+00,  1.00000E+00,  1.00000E+00,  1.00000E+00,  1.00000E+00,  1.00000E+00,  1.00000E+00,  1.00000E+00,  1.00000E+00,  1.00000E+00,  1.00000E+00,  1.00000E+00,  1.00000E+00,  1.00000E+00,  1.00000E+00,  1.00000E+00,  1.00000E+00,  1.00000E+00,  1.00000E+00,  1.00000E+00,  1.00000E+00,  1.00000E+00,  1.00000E+00,  1.00000E+00,  1.00000E+00,  1.00000E+00,  1.00000E+00,  1.00000E+00,  1.00000E+00,  1.00000E+00,  1.00000E+00,  1.00000E+00,  1.00000E+00,  1.00000E+00,  1.00000E+00,  1.00000E+00,  1.00000E+00,  1.00000E+00,  1.00000E+00,  1.00000E+00,  1.00000E+00,  1.00000E+00,  1.00000E+00,  1.00000E+00,  1.00000E+00,  1.00000E+00,  1.00000E+00,  1.00000E+00,  1.00000E+00,  1.00000E+00,  1.00000E+00,  1.00000E+00,  1.00000E+00,  1.00000E+00,  1.00000E+00,  1.00000E+00,  1.00000E+00,  1.00000E+00,  1.00000E+00,  1.00000E+00,  1.00000E+00,  1.00000E+00,  1.00000E+00,  1.00000E+00,  1.00000E+00,  1.00000E+00,  1.00000E+00,  1.00000E+00,  1.00000E+00,  1.00000E+00,  1.00000E+00,  1.00000E+00,  1.00000E+00
  1.21570E+00,  5.83271E+00,  1.84836E+02,  6.57228E+03,  1.30996E+05,  1.12884E+06,  4.06004E+06,  6.65628E+06,  5.70658E+06,  2.95353E+06,  1.05059E+06,  2.86259E+05,  6.51602E+04,  1.32535E+04,  2.53545E+03,  4.74401E+02,  8.97970E+01,  1.80625E+01,  4.40578E+00,  1.71289E+00,  1.15743E+00,  1.03681E+00,  1.00913E+00,  1.00240E+00,  1.00067E+00,  1.00020E+00,  1.00006E+00,  1.00002E+00,  1.00001E+00,  1.00000E+00,  1.00000E+00,  1.00000E+00,  1.00000E+00,  1.00000E+00,  1.00000E+00,  1.00000E+00,  1.00000E+00,  1.00000E+00,  1.00000E+00,  1.00000E+00,  1.00000E+00,  1.00000E+00,  1.00000E+00,  1.00000E+00,  1.00000E+00,  1.00000E+00,  1.00000E+00,  1.00000E+00,  1.00000E+00,  1.00000E+00,  1.00000E+00,  1.00000E+00,  1.00000E+00,  1.00000E+00,  1.00000E+00,  1.00000E+00,  1.00000E+00,  1.00000E+00,  1.00000E+00,  1.00000E+00,  1.00000E+00,  1.00000E+00,  1.00000E+00,  1.00000E+00,  1.00000E+00,  1.00000E+00,  1.00000E+00,  1.00000E+00,  1.00000E+00,  1.00000E+00,  1.00000E+00,  1.00000E+00,  1.00000E+00,  1.00000E+00,  1.00000E+00,  1.00000E+00,  1.00000E+00,  1.00000E+00,  1.00000E+00,  1.00000E+00,  1.00000E+00,  1.00000E+00,  1.00000E+00,  1.00000E+00,  1.00000E+00,  1.00000E+00,  1.00000E+00,  1.00000E+00,  1.00000E+00,  1.00000E+00,  1.00000E+00,  1.00000E+00,  1.00000E+00,  1.00000E+00,  1.00000E+00,  1.00000E+00,  1.00000E+00,  1.00000E+00,  1.00000E+00,  1.00000E+00,  1.00000E+00
  1.13793E+00,  3.39204E+00,  7.27766E+01,  2.30687E+03,  4.78051E+04,  4.78662E+05,  2.13559E+06,  4.46503E+06,  4.89078E+06,  3.19054E+06,  1.40004E+06,  4.59163E+05,  1.22720E+05,  2.86289E+04,  6.14832E+03,  1.26617E+03,  2.58210E+02,  5.38129E+01,  1.21289E+01,  3.43391E+00,  1.55670E+00,  1.13382E+00,  1.03391E+00,  1.00907E+00,  1.00256E+00,  1.00076E+00,  1.00024E+00,  1.00008E+00,  1.00003E+00,  1.00001E+00,  1.00000E+00,  1.00000E+00,  1.00000E+00,  1.00000E+00,  1.00000E+00,  1.00000E+00,  1.00000E+00,  1.00000E+00,  1.00000E+00,  1.00000E+00,  1.00000E+00,  1.00000E+00,  1.00000E+00,  1.00000E+00,  1.00000E+00,  1.00000E+00,  1.00000E+00,  1.00000E+00,  1.00000E+00,  1.00000E+00,  1.00000E+00,  1.00000E+00,  1.00000E+00,  1.00000E+00,  1.00000E+00,  1.00000E+00,  1.00000E+00,  1.00000E+00,  1.00000E+00,  1.00000E+00,  1.00000E+00,  1.00000E+00,  1.00000E+00,  1.00000E+00,  1.00000E+00,  1.00000E+00,  1.00000E+00,  1.00000E+00,  1.00000E+00,  1.00000E+00,  1.00000E+00,  1.00000E+00,  1.00000E+00,  1.00000E+00,  1.00000E+00,  1.00000E+00,  1.00000E+00,  1.00000E+00,  1.00000E+00,  1.00000E+00,  1.00000E+00,  1.00000E+00,  1.00000E+00,  1.00000E+00,  1.00000E+00,  1.00000E+00,  1.00000E+00,  1.00000E+00,  1.00000E+00,  1.00000E+00,  1.00000E+00,  1.00000E+00,  1.00000E+00,  1.00000E+00,  1.00000E+00,  1.00000E+00,  1.00000E+00,  1.00000E+00,  1.00000E+00,  1.00000E+00,  1.00000E+00
  1.09468E+00,  2.33336E+00,  3.31830E+01,  9.17112E+02,  1.90537E+04,  2.12020E+05,  1.12286E+06,  2.87914E+06,  3.90034E+06,  3.12488E+06,  1.65791E+06,  6.44605E+05,  2.00037E+05,  5.30961E+04,  1.27318E+04,  2.87747E+03,  6.33466E+02,  1.39629E+02,  3.18337E+01,  8.04904E+00,  2.67147E+00,  1.41362E+00,  1.10724E+00,  1.02920E+00,  1.00836E+00,  1.00252E+00,  1.00080E+00,  1.00026E+00,  1.00009E+00,  1.00003E+00,  1.00001E+00,  1.00001E+00,  1.00000E+00,  1.00000E+00,  1.00000E+00,  1.00000E+00,  1.00000E+00,  1.00000E+00,  1.00000E+00,  1.00000E+00,  1.00000E+00,  1.00000E+00,  1.00000E+00,  1.00000E+00,  1.00000E+00,  1.00000E+00,  1.00000E+00,  1.00000E+00,  1.00000E+00,  1.00000E+00,  1.00000E+00,  1.00000E+00,  1.00000E+00,  1.00000E+00,  1.00000E+00,  1.00000E+00,  1.00000E+00,  1.00000E+00,  1.00000E+00,  1.00000E+00,  1.00000E+00,  1.00000E+00,  1.00000E+00,  1.00000E+00,  1.00000E+00,  1.00000E+00,  1.00000E+00,  1.00000E+00,  1.00000E+00,  1.00000E+00,  1.00000E+00,  1.00000E+00,  1.00000E+00,  1.00000E+00,  1.00000E+00,  1.00000E+00,  1.00000E+00,  1.00000E+00,  1.00000E+00,  1.00000E+00,  1.00000E+00,  1.00000E+00,  1.00000E+00,  1.00000E+00,  1.00000E+00,  1.00000E+00,  1.00000E+00,  1.00000E+00,  1.00000E+00,  1.00000E+00,  1.00000E+00,  1.00000E+00,  1.00000E+00,  1.00000E+00,  1.00000E+00,  1.00000E+00,  1.00000E+00,  1.00000E+00,  1.00000E+00,  1.00000E+00,  1.00000E+00
  1.06845E+00,  1.81422E+00,  1.71371E+01,  4.05596E+02,  8.23219E+03,  9.83848E+04,  5.96998E+05,  1.81753E+06,  2.96217E+06,  2.84976E+06,  1.79583E+06,  8.16500E+05,  2.91181E+05,  8.72760E+04,  2.32415E+04,  5.74460E+03,  1.36359E+03,  3.19388E+02,  7.57029E+01,  1.88526E+01,  5.39061E+00,  2.11936E+00,  1.29729E+00,  1.08251E+00,  1.02397E+00,  1.00730E+00,  1.00233E+00,  1.00078E+00,  1.00027E+00,  1.00010E+00,  1.00004E+00,  1.00001E+00,  1.00001E+00,  1.00000E+00,  1.00000E+00,  1.00000E+00,  1.00000E+00,  1.00000E+00,  1.00000E+00,  1.00000E+00,  1.00000E+00,  1.00000E+00,  1.00000E+00,  1.00000E+00,  1.00000E+00,  1.00000E+00,  1.00000E+00,  1.00000E+00,  1.00000E+00,  1.00000E+00,  1.00000E+00,  1.00000E+00,  1.00000E+00,  1.00000E+00,  1.00000E+00,  1.00000E+00,  1.00000E+00,  1.00000E+00,  1.00000E+00,  1.00000E+00,  1.00000E+00,  1.00000E+00,  1.00000E+00,  1.00000E+00,  1.00000E+00,  1.00000E+00,  1.00000E+00,  1.00000E+00,  1.00000E+00,  1.00000E+00,  1.00000E+00,  1.00000E+00,  1.00000E+00,  1.00000E+00,  1.00000E+00,  1.00000E+00,  1.00000E+00,  1.00000E+00,  1.00000E+00,  1.00000E+00,  1.00000E+00,  1.00000E+00,  1.00000E+00,  1.00000E+00,  1.00000E+00,  1.00000E+00,  1.00000E+00,  1.00000E+00,  1.00000E+00,  1.00000E+00,  1.00000E+00,  1.00000E+00,  1.00000E+00,  1.00000E+00,  1.00000E+00,  1.00000E+00,  1.00000E+00,  1.00000E+00,  1.00000E+00,  1.00000E+00,  1.00000E+00
  1.05146E+00,  1.53384E+00,  9.86424E+00,  1.96596E+02,  3.82591E+03,  4.78302E+04,  3.23149E+05,  1.13693E+06,  2.17719E+06,  2.46624E+06,  1.81706E+06,  9.54233E+05,  3.87382E+05,  1.30187E+05,  3.83027E+04,  1.03165E+04,  2.63488E+03,  6.56059E+02,  1.62997E+02,  4.14579E+01,  1.13216E+01,  3.71224E+00,  1.73838E+00,  1.20908E+00,  1.06173E+00,  1.01903E+00,  1.00613E+00,  1.00206E+00,  1.00072E+00,  1.00026E+00,  1.00010E+00,  1.00004E+00,  1.00002E+00,  1.00001E+00,  1.00000E+00,  1.00000E+00,  1.00000E+00,  1.00000E+00,  1.00000E+00,  1.00000E+00,  1.00000E+00,  1.00000E+00,  1.00000E+00,  1.00000E+00,  1.00000E+00,  1.00000E+00,  1.00000E+00,  1.00000E+00,  1.00000E+00,  1.00000E+00,  1.00000E+00,  1.00000E+00,  1.00000E+00,  1.00000E+00,  1.00000E+00,  1.00000E+00,  1.00000E+00,  1.00000E+00,  1.00000E+00,  1.00000E+00,  1.00000E+00,  1.00000E+00,  1.00000E+00,  1.00000E+00,  1.00000E+00,  1.00000E+00,  1.00000E+00,  1.00000E+00,  1.00000E+00,  1.00000E+00,  1.00000E+00,  1.00000E+00,  1.00000E+00,  1.00000E+00,  1.00000E+00,  1.00000E+00,  1.00000E+00,  1.00000E+00,  1.00000E+00,  1.00000E+00,  1.00000E+00,  1.00000E+00,  1.00000E+00,  1.00000E+00,  1.00000E+00,  1.00000E+00,  1.00000E+00,  1.00000E+00,  1.00000E+00,  1.00000E+00,  1.00000E+00,  1.00000E+00,  1.00000E+00,  1.00000E+00,  1.00000E+00,  1.00000E+00,  1.00000E+00,  1.00000E+00,  1.00000E+00,  1.00000E+00,  1.00000E+00
  1.03985E+00,  1.37025E+00,  6.24892E+00,  1.03179E+02,  1.89869E+03,  2.43251E+04,  1.78758E+05,  7.10455E+05,  1.56643E+06,  2.05364E+06,  1.74436E+06,  1.04631E+06,  4.79347E+05,  1.79429E+05,  5.80366E+04,  1.69733E+04,  4.65332E+03,  1.23048E+03,  3.21150E+02,  8.45160E+01,  2.30997E+01,  6.98690E+00,  2.67147E+00,  1.48317E+00,  1.14506E+00,  1.04532E+00,  1.01475E+00,  1.00500E+00,  1.00177E+00,  1.00065E+00,  1.00025E+00,  1.00010E+00,  1.00004E+00,  1.00002E+00,  1.00001E+00,  1.00000E+00,  1.00000E+00,  1.00000E+00,  1.00000E+00,  1.00000E+00,  1.00000E+00,  1.00000E+00,  1.00000E+00,  1.00000E+00,  1.00000E+00,  1.00000E+00,  1.00000E+00,  1.00000E+00,  1.00000E+00,  1.00000E+00,  1.00000E+00,  1.00000E+00,  1.00000E+00,  1.00000E+00,  1.00000E+00,  1.00000E+00,  1.00000E+00,  1.00000E+00,  1.00000E+00,  1.00000E+00,  1.00000E+00,  1.00000E+00,  1.00000E+00,  1.00000E+00,  1.00000E+00,  1.00000E+00,  1.00000E+00,  1.00000E+00,  1.00000E+00,  1.00000E+00,  1.00000E+00,  1.00000E+00,  1.00000E+00,  1.00000E+00,  1.00000E+00,  1.00000E+00,  1.00000E+00,  1.00000E+00,  1.00000E+00,  1.00000E+00,  1.00000E+00,  1.00000E+00,  1.00000E+00,  1.00000E+00,  1.00000E+00,  1.00000E+00,  1.00000E+00,  1.00000E+00,  1.00000E+00,  1.00000E+00,  1.00000E+00,  1.00000E+00,  1.00000E+00,  1.00000E+00,  1.00000E+00,  1.00000E+00,  1.00000E+00,  1.00000E+00,  1.00000E+00,  1.00000E+00,  1.00000E+00
  1.03159E+00,  1.26861E+00,  4.30806E+00,  5.80622E+01,  9.99440E+02,  1.29124E+04,  1.01251E+05,  4.45918E+05,  1.11228E+06,  1.66236E+06,  1.60755E+06,  1.09027E+06,  5.59187E+05,  2.31703E+05,  8.20072E+04,  2.59521E+04,  7.61867E+03,  2.13645E+03,  5.85842E+02,  1.60257E+02,  4.46996E+01,  1.32050E+01,  4.49533E+00,  2.03191E+00,  1.31521E+00,  1.09986E+00,  1.03286E+00,  1.01124E+00,  1.00400E+00,  1.00148E+00,  1.00057E+00,  1.00023E+00,  1.00009E+00,  1.00004E+00,  1.00002E+00,  1.00001E+00,  1.00000E+00,  1.00000E+00,  1.00000E+00,  1.00000E+00,  1.00000E+00,  1.00000E+00,  1.00000E+00,  1.00000E+00,  1.00000E+00,  1.00000E+00,  1.00000E+00,  1.00000E+00,  1.00000E+00,  1.00000E+00,  1.00000E+00,  1.00000E+00,  1.00000E+00,  1.00000E+00,  1.00000E+00,  1.00000E+00,  1.00000E+00,  1.00000E+00,  1.00000E+00,  1.00000E+00,  1.00000E+00,  1.00000E+00,  1.00000E+00,  1.00000E+00,  1.00000E+00,  1.00000E+00,  1.00000E+00,  1.00000E+00,  1.00000E+00,  1.00000E+00,  1.00000E+00,  1.00000E+00,  1.00000E+00,  1.00000E+00,  1.00000E+00,  1.00000E+00,  1.00000E+00,  1.00000E+00,  1.00000E+00,  1.00000E+00,  1.00000E+00,  1.00000E+00,  1.00000E+00,  1.00000E+00,  1.00000E+00,  1.00000E+00,  1.00000E+00,  1.00000E+00,  1.00000E+00,  1.00000E+00,  1.00000E+00,  1.00000E+00,  1.00000E+00,  1.00000E+00,  1.00000E+00,  1.00000E+00,  1.00000E+00,  1.00000E+00,  1.00000E+00,  1.00000E+00,  1.00000E+00
  1.02551E+00,  1.20210E+00,  3.19647E+00,  3.47594E+01,  5.54677E+02,  7.13565E+03,  5.87678E+04,  2.82143E+05,  7.84114E+05,  1.31820E+06,  1.43504E+06,  1.09040E+06,  6.21516E+05,  2.83438E+05,  1.09287E+05,  3.72989E+04,  1.16965E+04,  3.47269E+03,  9.99838E+02,  2.84711E+02,  8.16959E+01,  2.42332E+01,  7.82591E+00,  3.05867E+00,  1.64007E+00,  1.20575E+00,  1.06851E+00,  1.02365E+00,  1.00847E+00,  1.00315E+00,  1.00121E+00,  1.00048E+00,  1.00020E+00,  1.00009E+00,  1.00004E+00,  1.00002E+00,  1.00001E+00,  1.00000E+00,  1.00000E+00,  1.00000E+00,  1.00000E+00,  1.00000E+00,  1.00000E+00,  1.00000E+00,  1.00000E+00,  1.00000E+00,  1.00000E+00,  1.00000E+00,  1.00000E+00,  1.00000E+00,  1.00000E+00,  1.00000E+00,  1.00000E+00,  1.00000E+00,  1.00000E+00,  1.00000E+00,  1.00000E+00,  1.00000E+00,  1.00000E+00,  1.00000E+00,  1.00000E+00,  1.00000E+00,  1.00000E+00,  1.00000E+00,  1.00000E+00,  1.00000E+00,  1.00000E+00,  1.00000E+00,  1.00000E+00,  1.00000E+00,  1.00000E+00,  1.00000E+00,  1.00000E+00,  1.00000E+00,  1.00000E+00,  1.00000E+00,  1.00000E+00,  1.00000E+00,  1.00000E+00,  1.00000E+00,  1.00000E+00,  1.00000E+00,  1.00000E+00,  1.00000E+00,  1.00000E+00,  1.00000E+00,  1.00000E+00,  1.00000E+00,  1.00000E+00,  1.00000E+00,  1.00000E+00,  1.00000E+00,  1.00000E+00,  1.00000E+00,  1.00000E+00,  1.00000E+00,  1.00000E+00,  1.00000E+00,  1.00000E+00,  1.00000E+00,  1.00000E+00
  1.02091E+00,  1.15666E+00,  2.52392E+00,  2.19992E+01,  3.22853E+02,  4.09412E+03,  3.49532E+04,  1.80392E+05,  5.51180E+05,  1.02999E+06,  1.24958E+06,  1.05489E+06,  6.63710E+05,  3.31351E+05,  1.38603E+05,  5.08536E+04,  1.69944E+04,  5.33311E+03,  1.61064E+03,  4.77522E+02,  1.41426E+02,  4.26689E+01,  1.35593E+01,  4.87019E+00,  2.22512E+00,  1.39973E+00,  1.13474E+00,  1.04698E+00,  1.01696E+00,  1.00634E+00,  1.00245E+00,  1.00098E+00,  1.00041E+00,  1.00017E+00,  1.00008E+00,  1.00004E+00,  1.00002E+00,  1.00001E+00,  1.00000E+00,  1.00000E+00,  1.00000E+00,  1.00000E+00,  1.00000E+00,  1.00000E+00,  1.00000E+00,  1.00000E+00,  1.00000E+00,  1.00000E+00,  1.00000E+00,  1.00000E+00,  1.00000E+00,  1.00000E+00,  1.00000E+00,  1.00000E+00,  1.00000E+00,  1.00000E+00,  1.00000E+00,  1.00000E+00,  1.00000E+00,  1.00000E+00,  1.00000E+00,  1.00000E+00,  1.00000E+00,  1.00000E+00,  1.00000E+00,  1.00000E+00,  1.00000E+00,  1.00000E+00,  1.00000E+00,  1.00000E+00,  1.00000E+00,  1.00000E+00,  1.00000E+00,  1.00000E+00,  1.00000E+00,  1.00000E+00,  1.00000E+00,  1.00000E+00,  1.00000E+00,  1.00000E+00,  1.00000E+00,  1.00000E+00,  1.00000E+00,  1.00000E+00,  1.00000E+00,  1.00000E+00,  1.00000E+00,  1.00000E+00,  1.00000E+00,  1.00000E+00,  1.00000E+00,  1.00000E+00,  1.00000E+00,  1.00000E+00,  1.00000E+00,  1.00000E+00,  1.00000E+00,  1.00000E+00,  1.00000E+00,  1.00000E+00,  1.00000E+00
  1.01735E+00,  1.12446E+00,  2.09745E+00,  1.46455E+01,  1.96173E+02,  2.43239E+03,  2.12934E+04,  1.16725E+05,  3.87559E+05,  7.96573E+05,  1.06719E+06,  9.93319E+05,  6.85586E+05,  3.72825E+05,  1.68521E+05,  6.62677E+04,  2.35454E+04,  7.79679E+03,  2.46720E+03,  7.61310E+02,  2.33014E+02,  7.19352E+01,  2.29318E+01,  7.90577E+00,  3.22612E+00,  1.73745E+00,  1.25172E+00,  1.08868E+00,  1.03228E+00,  1.01215E+00,  1.00473E+00,  1.00190E+00,  1.00079E+00,  1.00034E+00,  1.00015E+00,  1.00007E+00,  1.00003E+00,  1.00002E+00,  1.00001E+00,  1.00000E+00,  1.00000E+00,  1.00000E+00,  1.00000E+00,  1.00000E+00,  1.00000E+00,  1.00000E+00,  1.00000E+00,  1.00000E+00,  1.00000E+00,  1.00000E+00,  1.00000E+00,  1.00000E+00,  1.00000E+00,  1.00000E+00,  1.00000E+00,  1.00000E+00,  1.00000E+00,  1.00000E+00,  1.00000E+00,  1.00000E+00,  1.00000E+00,  1.00000E+00,  1.00000E+00,  1.00000E+00,  1.00000E+00,  1.00000E+00,  1.00000E+00,  1.00000E+00,  1.00000E+00,  1.00000E+00,  1.00000E+00,  1.00000E+00,  1.00000E+00,  1.00000E+00,  1.00000E+00,  1.00000E+00,  1.00000E+00,  1.00000E+00,  1.00000E+00,  1.00000E+00,  1.00000E+00,  1.00000E+00,  1.00000E+00,  1.00000E+00,  1.00000E+00,  1.00000E+00,  1.00000E+00,  1.00000E+00,  1.00000E+00,  1.00000E+00,  1.00000E+00,  1.00000E+00,  1.00000E+00,  1.00000E+00,  1.00000E+00,  1.00000E+00,  1.00000E+00,  1.00000E+00,  1.00000E+00,  1.00000E+00,  1.00000E+00
  1.01455E+00,  1.10092E+00,  1.81588E+00,  1.02128E+01,  1.23938E+02,  1.49262E+03,  1.32767E+04,  7.65094E+04,  2.73228E+05,  6.11878E+05,  8.97807E+05,  9.14962E+05,  6.88771E+05,  4.06095E+05,  1.97621E+05,  8.30464E+04,  3.13024E+04,  1.09194E+04,  3.61618E+03,  1.16064E+03,  3.67232E+02,  1.16329E+02,  3.75715E+01,  1.27665E+01,  4.86296E+00,  2.29952E+00,  1.44931E+00,  1.15999E+00,  1.05875E+00,  1.02227E+00,  1.00871E+00,  1.00352E+00,  1.00147E+00,  1.00063E+00,  1.00028E+00,  1.00013E+00,  1.00006E+00,  1.00003E+00,  1.00001E+00,  1.00001E+00,  1.00000E+00,  1.00000E+00,  1.00000E+00,  1.00000E+00,  1.00000E+00,  1.00000E+00,  1.00000E+00,  1.00000E+00,  1.00000E+00,  1.00000E+00,  1.00000E+00,  1.00000E+00,  1.00000E+00,  1.00000E+00,  1.00000E+00,  1.00000E+00,  1.00000E+00,  1.00000E+00,  1.00000E+00,  1.00000E+00,  1.00000E+00,  1.00000E+00,  1.00000E+00,  1.00000E+00,  1.00000E+00,  1.00000E+00,  1.00000E+00,  1.00000E+00,  1.00000E+00,  1.00000E+00,  1.00000E+00,  1.00000E+00,  1.00000E+00,  1.00000E+00,  1.00000E+00,  1.00000E+00,  1.00000E+00,  1.00000E+00,  1.00000E+00,  1.00000E+00,  1.00000E+00,  1.00000E+00,  1.00000E+00,  1.00000E+00,  1.00000E+00,  1.00000E+00,  1.00000E+00,  1.00000E+00,  1.00000E+00,  1.00000E+00,  1.00000E+00,  1.00000E+00,  1.00000E+00,  1.00000E+00,  1.00000E+00,  1.00000E+00,  1.00000E+00,  1.00000E+00,  1.00000E+00,  1.00000E+00,  1.00000E+00
  1.01231E+00,  1.08326E+00,  1.62334E+00,  7.43280E+00,  8.11323E+01,  9.43782E+02,  8.46500E+03,  5.08252E+04,  1.93462E+05,  4.68078E+05,  7.46600E+05,  8.27760E+05,  6.76024E+05,  4.30265E+05,  2.24637E+05,  1.00603E+05,  4.01411E+04,  1.47270E+04,  5.09819E+03,  1.70069E+03,  5.56199E+02,  1.81010E+02,  5.95337E+01,  2.02419E+01,  7.43395E+00,  3.19827E+00,  1.77004E+00,  1.27721E+00,  1.10272E+00,  1.03922E+00,  1.01544E+00,  1.00626E+00,  1.00262E+00,  1.00113E+00,  1.00050E+00,  1.00023E+00,  1.00011E+00,  1.00005E+00,  1.00003E+00,  1.00001E+00,  1.00001E+00,  1.00000E+00,  1.00000E+00,  1.00000E+00,  1.00000E+00,  1.00000E+00,  1.00000E+00,  1.00000E+00,  1.00000E+00,  1.00000E+00,  1.00000E+00,  1.00000E+00,  1.00000E+00,  1.00000E+00,  1.00000E+00,  1.00000E+00,  1.00000E+00,  1.00000E+00,  1.00000E+00,  1.00000E+00,  1.00000E+00,  1.00000E+00,  1.00000E+00,  1.00000E+00,  1.00000E+00,  1.00000E+00,  1.00000E+00,  1.00000E+00,  1.00000E+00,  1.00000E+00,  1.00000E+00,  1.00000E+00,  1.00000E+00,  1.00000E+00,  1.00000E+00,  1.00000E+00,  1.00000E+00,  1.00000E+00,  1.00000E+00,  1.00000E+00,  1.00000E+00,  1.00000E+00,  1.00000E+00,  1.00000E+00,  1.00000E+00,  1.00000E+00,  1.00000E+00,  1.00000E+00,  1.00000E+00,  1.00000E+00,  1.00000E+00,  1.00000E+00,  1.00000E+00,  1.00000E+00,  1.00000E+00,  1.00000E+00,  1.00000E+00,  1.00000E+00,  1.00000E+00,  1.00000E+00,  1.00000E+00
  1.01049E+00,  1.06970E+00,  1.48759E+00,  5.62697E+00,  5.48681E+01,  6.13541E+02,  5.51338E+03,  3.42250E+04,  1.37749E+05,  3.57352E+05,  6.15409E+05,  7.37950E+05,  6.50619E+05,  4.45203E+05,  2.48550E+05,  1.18316E+05,  4.98716E+04,  1.92130E+04,  6.94436E+03,  2.40576E+03,  8.12940E+02,  2.71932E+02,  9.13159E+01,  3.13317E+01,  1.13296E+01,  4.58476E+00,  2.27242E+00,  1.46318E+00,  1.17323E+00,  1.06664E+00,  1.02639E+00,  1.01076E+00,  1.00452E+00,  1.00195E+00,  1.00087E+00,  1.00040E+00,  1.00019E+00,  1.00009E+00,  1.00004E+00,  1.00002E+00,  1.00001E+00,  1.00001E+00,  1.00000E+00,  1.00000E+00,  1.00000E+00,  1.00000E+00,  1.00000E+00,  1.00000E+00,  1.00000E+00,  1.00000E+00,  1.00000E+00,  1.00000E+00,  1.00000E+00,  1.00000E+00,  1.00000E+00,  1.00000E+00,  1.00000E+00,  1.00000E+00,  1.00000E+00,  1.00000E+00,  1.00000E+00,  1.00000E+00,  1.00000E+00,  1.00000E+00,  1.00000E+00,  1.00000E+00,  1.00000E+00,  1.00000E+00,  1.00000E+00,  1.00000E+00,  1.00000E+00,  1.00000E+00,  1.00000E+00,  1.00000E+00,  1.00000E+00,  1.00000E+00,  1.00000E+00,  1.00000E+00,  1.00000E+00,  1.00000E+00,  1.00000E+00,  1.00000E+00,  1.00000E+00,  1.00000E+00,  1.00000E+00,  1.00000E+00,  1.00000E+00,  1.00000E+00,  1.00000E+00,  1.00000E+00,  1.00000E+00,  1.00000E+00,  1.00000E+00,  1.00000E+00,  1.00000E+00,  1.00000E+00,  1.00000E+00,  1.00000E+00,  1.00000E+00,  1.00000E+00,  1.00000E+00
  1.00899E+00,  1.05908E+00,  1.38929E+00,  4.41667E+00,  3.82366E+01,  4.09245E+02,  3.66448E+03,  2.33612E+04,  9.87152E+04,  2.72716E+05,  5.03948E+05,  6.50054E+05,  6.15891E+05,  4.51379E+05,  2.68634E+05,  1.35585E+05,  6.02549E+04,  2.43380E+04,  9.17382E+03,  3.29775E+03,  1.15083E+03,  3.95700E+02,  1.35849E+02,  4.72601E+01,  1.70445E+01,  6.65588E+00,  3.03448E+00,  1.74897E+00,  1.28278E+00,  1.10965E+00,  1.04371E+00,  1.01792E+00,  1.00755E+00,  1.00328E+00,  1.00146E+00,  1.00067E+00,  1.00031E+00,  1.00015E+00,  1.00008E+00,  1.00004E+00,  1.00002E+00,  1.00001E+00,  1.00001E+00,  1.00000E+00,  1.00000E+00,  1.00000E+00,  1.00000E+00,  1.00000E+00,  1.00000E+00,  1.00000E+00,  1.00000E+00,  1.00000E+00,  1.00000E+00,  1.00000E+00,  1.00000E+00,  1.00000E+00,  1.00000E+00,  1.00000E+00,  1.00000E+00,  1.00000E+00,  1.00000E+00,  1.00000E+00,  1.00000E+00,  1.00000E+00,  1.00000E+00,  1.00000E+00,  1.00000E+00,  1.00000E+00,  1.00000E+00,  1.00000E+00,  1.00000E+00,  1.00000E+00,  1.00000E+00,  1.00000E+00,  1.00000E+00,  1.00000E+00,  1.00000E+00,  1.00000E+00,  1.00000E+00,  1.00000E+00,  1.00000E+00,  1.00000E+00,  1.00000E+00,  1.00000E+00,  1.00000E+00,  1.00000E+00,  1.00000E+00,  1.00000E+00,  1.00000E+00,  1.00000E+00,  1.00000E+00,  1.00000E+00,  1.00000E+00,  1.00000E+00,  1.00000E+00,  1.00000E+00,  1.00000E+00,  1.00000E+00,  1.00000E+00,  1.00000E+00,  1.00000E+00
  1.00776E+00,  1.05062E+00,  1.31638E+00,  3.58255E+00,  2.73986E+01,  2.79570E+02,  2.48290E+03,  1.61607E+04,  7.12445E+04,  2.08314E+05,  4.10719E+05,  5.67084E+05,  5.74921E+05,  4.49683E+05,  2.84460E+05,  1.51867E+05,  7.10221E+04,  3.00323E+04,  1.17920E+04,  4.39477E+03,  1.58299E+03,  5.59388E+02,  1.96461E+02,  6.94810E+01,  2.51877E+01,  9.66092E+00,  4.15741E+00,  2.17568E+00,  1.44817E+00,  1.17519E+00,  1.07030E+00,  1.02898E+00,  1.01227E+00,  1.00534E+00,  1.00239E+00,  1.00110E+00,  1.00052E+00,  1.00025E+00,  1.00012E+00,  1.00006E+00,  1.00003E+00,  1.00002E+00,  1.00001E+00,  1.00001E+00,  1.00000E+00,  1.00000E+00,  1.00000E+00,  1.00000E+00,  1.00000E+00,  1.00000E+00,  1.00000E+00,  1.00000E+00,  1.00000E+00,  1.00000E+00,  1.00000E+00,  1.00000E+00,  1.00000E+00,  1.00000E+00,  1.00000E+00,  1.00000E+00,  1.00000E+00,  1.00000E+00,  1.00000E+00,  1.00000E+00,  1.00000E+00,  1.00000E+00,  1.00000E+00,  1.00000E+00,  1.00000E+00,  1.00000E+00,  1.00000E+00,  1.00000E+00,  1.00000E+00,  1.00000E+00,  1.00000E+00,  1.00000E+00,  1.00000E+00,  1.00000E+00,  1.00000E+00,  1.00000E+00,  1.00000E+00,  1.00000E+00,  1.00000E+00,  1.00000E+00,  1.00000E+00,  1.00000E+00,  1.00000E+00,  1.00000E+00,  1.00000E+00,  1.00000E+00,  1.00000E+00,  1.00000E+00,  1.00000E+00,  1.00000E+00,  1.00000E+00,  1.00000E+00,  1.00000E+00,  1.00000E+00,  1.00000E+00,  1.00000E+00,  1.00000E+00
  1.00672E+00,  1.04377E+00,  1.26117E+00,  2.99309E+00,  2.01492E+01,  1.95271E+02,  1.71323E+03,  1.13271E+04,  5.18046E+04,  1.59425E+05,  3.33646E+05,  4.90831E+05,  5.30371E+05,  4.41255E+05,  2.95869E+05,  1.66707E+05,  8.18934E+04,  3.62015E+04,  1.47902E+04,  5.70999E+03,  2.12164E+03,  7.70298E+02,  2.76821E+02,  9.96732E+01,  3.64882E+01,  1.39074E+01,  5.76910E+00,  2.79629E+00,  1.69146E+00,  1.27253E+00,  1.11012E+00,  1.04565E+00,  1.01942E+00,  1.00848E+00,  1.00380E+00,  1.00175E+00,  1.00083E+00,  1.00040E+00,  1.00020E+00,  1.00010E+00,  1.00005E+00,  1.00003E+00,  1.00002E+00,  1.00001E+00,  1.00000E+00,  1.00000E+00,  1.00000E+00,  1.00000E+00,  1.00000E+00,  1.00000E+00,  1.00000E+00,  1.00000E+00,  1.00000E+00,  1.00000E+00,  1.00000E+00,  1.00000E+00,  1.00000E+00,  1.00000E+00,  1.00000E+00,  1.00000E+00,  1.00000E+00,  1.00000E+00,  1.00000E+00,  1.00000E+00,  1.00000E+00,  1.00000E+00,  1.00000E+00,  1.00000E+00,  1.00000E+00,  1.00000E+00,  1.00000E+00,  1.00000E+00,  1.00000E+00,  1.00000E+00,  1.00000E+00,  1.00000E+00,  1.00000E+00,  1.00000E+00,  1.00000E+00,  1.00000E+00,  1.00000E+00,  1.00000E+00,  1.00000E+00,  1.00000E+00,  1.00000E+00,  1.00000E+00,  1.00000E+00,  1.00000E+00,  1.00000E+00,  1.00000E+00,  1.00000E+00,  1.00000E+00,  1.00000E+00,  1.00000E+00,  1.00000E+00,  1.00000E+00,  1.00000E+00,  1.00000E+00,  1.00000E+00,  1.00000E+00,  1.00000E+00
  1.00585E+00,  1.03815E+00,  1.21857E+00,  2.56705E+00,  1.51833E+01,  1.39241E+02,  1.20268E+03,  8.04112E+03,  3.79617E+04,  1.22337E+05,  2.70480E+05,  4.22163E+05,  4.84410E+05,  4.27342E+05,  3.02932E+05,  1.79756E+05,  9.25957E+04,  4.27315E+04,  1.81456E+04,  7.25079E+03,  2.77748E+03,  1.03571E+03,  3.80850E+02,  1.39725E+02,  5.17976E+01,  1.97656E+01,  8.02743E+00,  3.67761E+00,  2.04092E+00,  1.41371E+00,  1.16834E+00,  1.07020E+00,  1.03001E+00,  1.01316E+00,  1.00592E+00,  1.00273E+00,  1.00129E+00,  1.00063E+00,  1.00031E+00,  1.00016E+00,  1.00008E+00,  1.00004E+00,  1.00002E+00,  1.00001E+00,  1.00001E+00,  1.00000E+00,  1.00000E+00,  1.00000E+00,  1.00000E+00,  1.00000E+00,  1.00000E+00,  1.00000E+00,  1.00000E+00,  1.00000E+00,  1.00000E+00,  1.00000E+00,  1.00000E+00,  1.00000E+00,  1.00000E+00,  1.00000E+00,  1.00000E+00,  1.00000E+00,  1.00000E+00,  1.00000E+00,  1.00000E+00,  1.00000E+00,  1.00000E+00,  1.00000E+00,  1.00000E+00,  1.00000E+00,  1.00000E+00,  1.00000E+00,  1.00000E+00,  1.00000E+00,  1.00000E+00,  1.00000E+00,  1.00000E+00,  1.00000E+00,  1.00000E+00,  1.00000E+00,  1.00000E+00,  1.00000E+00,  1.00000E+00,  1.00000E+00,  1.00000E+00,  1.00000E+00,  1.00000E+00,  1.00000E+00,  1.00000E+00,  1.00000E+00,  1.00000E+00,  1.00000E+00,  1.00000E+00,  1.00000E+00,  1.00000E+00,  1.00000E+00,  1.00000E+00,  1.00000E+00,  1.00000E+00,  1.00000E+00,  1.00000E+00
  1.00512E+00,  1.03349E+00,  1.18514E+00,  2.25280E+00,  1.17067E+01,  1.01226E+02,  8.58144E+02,  5.77946E+03,  2.80379E+04,  9.41873E+04,  2.19041E+05,  3.61293E+05,  4.38714E+05,  4.09185E+05,  3.05901E+05,  1.90773E+05,  1.02876E+05,  4.94964E+04,  2.18230E+04,  9.01829E+03,  3.55921E+03,  1.36258E+03,  5.12626E+02,  1.91706E+02,  7.20882E+01,  2.76717E+01,  1.11232E+01,  4.90207E+00,  2.53206E+00,  1.61408E+00,  1.25167E+00,  1.10558E+00,  1.04537E+00,  1.01998E+00,  1.00902E+00,  1.00417E+00,  1.00197E+00,  1.00096E+00,  1.00048E+00,  1.00024E+00,  1.00013E+00,  1.00007E+00,  1.00004E+00,  1.00002E+00,  1.00001E+00,  1.00001E+00,  1.00000E+00,  1.00000E+00,  1.00000E+00,  1.00000E+00,  1.00000E+00,  1.00000E+00,  1.00000E+00,  1.00000E+00,  1.00000E+00,  1.00000E+00,  1.00000E+00,  1.00000E+00,  1.00000E+00,  1.00000E+00,  1.00000E+00,  1.00000E+00,  1.00000E+00,  1.00000E+00,  1.00000E+00,  1.00000E+00,  1.00000E+00,  1.00000E+00,  1.00000E+00,  1.00000E+00,  1.00000E+00,  1.00000E+00,  1.00000E+00,  1.00000E+00,  1.00000E+00,  1.00000E+00,  1.00000E+00,  1.00000E+00,  1.00000E+00,  1.00000E+00,  1.00000E+00,  1.00000E+00,  1.00000E+00,  1.00000E+00,  1.00000E+00,  1.00000E+00,  1.00000E+00,  1.00000E+00,  1.00000E+00,  1.00000E+00,  1.00000E+00,  1.00000E+00,  1.00000E+00,  1.00000E+00,  1.00000E+00,  1.00000E+00,  1.00000E+00,  1.00000E+00,  1.00000E+00,  1.00000E+00,  1.00000E+00
  1.00449E+00,  1.02958E+00,  1.15852E+00,  2.01669E+00,  9.22378E+00,  7.49337E+01,  6.21805E+02,  4.20384E+03,  2.08730E+04,  7.27874E+04,  1.77341E+05,  3.07999E+05,  3.94515E+05,  3.87950E+05,  3.05150E+05,  1.99622E+05,  1.12514E+05,  5.63647E+04,  2.57763E+04,  1.10072E+04,  4.47306E+03,  1.75731E+03,  6.76270E+02,  2.57833E+02,  9.84455E+01,  3.81289E+01,  1.52823E+01,  6.56943E+00,  3.20866E+00,  1.89288E+00,  1.36861E+00,  1.15559E+00,  1.06721E+00,  1.02972E+00,  1.01346E+00,  1.00624E+00,  1.00296E+00,  1.00144E+00,  1.00072E+00,  1.00036E+00,  1.00019E+00,  1.00010E+00,  1.00005E+00,  1.00003E+00,  1.00002E+00,  1.00001E+00,  1.00001E+00,  1.00000E+00,  1.00000E+00,  1.00000E+00,  1.00000E+00,  1.00000E+00,  1.00000E+00,  1.00000E+00,  1.00000E+00,  1.00000E+00,  1.00000E+00,  1.00000E+00,  1.00000E+00,  1.00000E+00,  1.00000E+00,  1.00000E+00,  1.00000E+00,  1.00000E+00,  1.00000E+00,  1.00000E+00,  1.00000E+00,  1.00000E+00,  1.00000E+00,  1.00000E+00,  1.00000E+00,  1.00000E+00,  1.00000E+00,  1.00000E+00,  1.00000E+00,  1.00000E+00,  1.00000E+00,  1.00000E+00,  1.00000E+00,  1.00000E+00,  1.00000E+00,  1.00000E+00,  1.00000E+00,  1.00000E+00,  1.00000E+00,  1.00000E+00,  1.00000E+00,  1.00000E+00,  1.00000E+00,  1.00000E+00,  1.00000E+00,  1.00000E+00,  1.00000E+00,  1.00000E+00,  1.00000E+00,  1.00000E+00,  1.00000E+00,  1.00000E+00,  1.00000E+00,  1.00000E+00,  1.00000E+00
  1.00395E+00,  1.02627E+00,  1.13702E+00,  1.83631E+00,  7.41768E+00,  5.64229E+01,  4.57162E+02,  3.09318E+03,  1.56623E+04,  5.64811E+04,  1.43641E+05,  2.61789E+05,  3.52656E+05,  3.64676E+05,  3.01136E+05,  2.06259E+05,  1.21325E+05,  6.32057E+04,  2.99508E+04,  1.32060E+04,  5.52249E+03,  2.22548E+03,  8.75818E+02,  3.40428E+02,  1.32057E+02,  5.17067E+01,  2.07675E+01,  8.79829E+00,  4.12370E+00,  2.27373E+00,  1.52972E+00,  1.22500E+00,  1.09770E+00,  1.04340E+00,  1.01972E+00,  1.00917E+00,  1.00436E+00,  1.00212E+00,  1.00106E+00,  1.00054E+00,  1.00028E+00,  1.00015E+00,  1.00008E+00,  1.00004E+00,  1.00003E+00,  1.00001E+00,  1.00001E+00,  1.00000E+00,  1.00000E+00,  1.00000E+00,  1.00000E+00,  1.00000E+00,  1.00000E+00,  1.00000E+00,  1.00000E+00,  1.00000E+00,  1.00000E+00,  1.00000E+00,  1.00000E+00,  1.00000E+00,  1.00000E+00,  1.00000E+00,  1.00000E+00,  1.00000E+00,  1.00000E+00,  1.00000E+00,  1.00000E+00,  1.00000E+00,  1.00000E+00,  1.00000E+00,  1.00000E+00,  1.00000E+00,  1.00000E+00,  1.00000E+00,  1.00000E+00,  1.00000E+00,  1.00000E+00,  1.00000E+00,  1.00000E+00,  1.00000E+00,  1.00000E+00,  1.00000E+00,  1.00000E+00,  1.00000E+00,  1.00000E+00,  1.00000E+00,  1.00000E+00,  1.00000E+00,  1.00000E+00,  1.00000E+00,  1.00000E+00,  1.00000E+00,  1.00000E+00,  1.00000E+00,  1.00000E+00,  1.00000E+00,  1.00000E+00,  1.00000E+00,  1.00000E+00,  1.00000E+00,  1.00000E+00
  1.00348E+00,  1.02344E+00,  1.11945E+00,  1.69638E+00,  6.08158E+00,  4.31719E+01,  3.40774E+02,  2.30130E+03,  1.18448E+04,  4.40195E+04,  1.16457E+05,  2.22027E+05,  3.13667E+05,  3.40253E+05,  2.94352E+05,  2.10721E+05,  1.29168E+05,  6.98951E+04,  3.42863E+04,  1.55975E+04,  6.70802E+03,  2.77162E+03,  1.11511E+03,  4.41860E+02,  1.74197E+02,  6.90379E+01,  2.78789E+01,  1.17273E+01,  5.34033E+00,  2.78523E+00,  1.74800E+00,  1.31974E+00,  1.13959E+00,  1.06228E+00,  1.02841E+00,  1.01326E+00,  1.00632E+00,  1.00308E+00,  1.00154E+00,  1.00078E+00,  1.00041E+00,  1.00022E+00,  1.00012E+00,  1.00006E+00,  1.00004E+00,  1.00002E+00,  1.00001E+00,  1.00001E+00,  1.00000E+00,  1.00000E+00,  1.00000E+00,  1.00000E+00,  1.00000E+00,  1.00000E+00,  1.00000E+00,  1.00000E+00,  1.00000E+00,  1.00000E+00,  1.00000E+00,  1.00000E+00,  1.00000E+00,  1.00000E+00,  1.00000E+00,  1.00000E+00,  1.00000E+00,  1.00000E+00,  1.00000E+00,  1.00000E+00,  1.00000E+00,  1.00000E+00,  1.00000E+00,  1.00000E+00,  1.00000E+00,  1.00000E+00,  1.00000E+00,  1.00000E+00,  1.00000E+00,  1.00000E+00,  1.00000E+00,  1.00000E+00,  1.00000E+00,  1.00000E+00,  1.00000E+00,  1.00000E+00,  1.00000E+00,  1.00000E+00,  1.00000E+00,  1.00000E+00,  1.00000E+00,  1.00000E+00,  1.00000E+00,  1.00000E+00,  1.00000E+00,  1.00000E+00,  1.00000E+00,  1.00000E+00,  1.00000E+00,  1.00000E+00,  1.00000E+00,  1.00000E+00,  1.00000E+00
  1.00308E+00,  1.02101E+00,  1.10493E+00,  1.58632E+00,  5.07771E+00,  3.35381E+01,  2.57350E+02,  1.73046E+03,  9.02709E+03,  3.44640E+04,  9.45525E+04,  1.88020E+05,  2.77832E+05,  3.15420E+05,  2.85299E+05,  2.13110E+05,  1.35942E+05,  7.63191E+04,  3.87189E+04,  1.81595E+04,  8.02719E+03,  3.39907E+03,  1.39765E+03,  5.64498E+02,  2.26206E+02,  9.08137E+01,  3.69542E+01,  1.55160E+01,  6.93259E+00,  3.46150E+00,  2.03912E+00,  1.44705E+00,  1.19624E+00,  1.08797E+00,  1.04029E+00,  1.01885E+00,  1.00902E+00,  1.00441E+00,  1.00220E+00,  1.00112E+00,  1.00058E+00,  1.00031E+00,  1.00017E+00,  1.00009E+00,  1.00005E+00,  1.00003E+00,  1.00002E+00,  1.00001E+00,  1.00001E+00,  1.00000E+00,  1.00000E+00,  1.00000E+00,  1.00000E+00,  1.00000E+00,  1.00000E+00,  1.00000E+00,  1.00000E+00,  1.00000E+00,  1.00000E+00,  1.00000E+00,  1.00000E+00,  1.00000E+00,  1.00000E+00,  1.00000E+00,  1.00000E+00,  1.00000E+00,  1.00000E+00,  1.00000E+00,  1.00000E+00,  1.00000E+00,  1.00000E+00,  1.00000E+00,  1.00000E+00,  1.00000E+00,  1.00000E+00,  1.00000E+00,  1.00000E+00,  1.00000E+00,  1.00000E+00,  1.00000E+00,  1.00000E+00,  1.00000E+00,  1.00000E+00,  1.00000E+00,  1.00000E+00,  1.00000E+00,  1.00000E+00,  1.00000E+00,  1.00000E+00,  1.00000E+00,  1.00000E+00,  1.00000E+00,  1.00000E+00,  1.00000E+00,  1.00000E+00,  1.00000E+00,  1.00000E+00,  1.00000E+00,  1.00000E+00,  1.00000E+00,  1.00000E+00
  1.00274E+00,  1.01890E+00,  1.09280E+00,  1.49863E+00,  4.31256E+00,  2.64320E+01,  1.96766E+02,  1.31456E+03,  6.93198E+03,  2.71093E+04,  7.69049E+04,  1.59070E+05,  2.45249E+05,  2.90762E+05,  2.74459E+05,  2.13576E+05,  1.41586E+05,  8.23774E+04,  4.31839E+04,  2.08657E+04,  9.47461E+03,  4.10979E+03,  1.72654E+03,  7.10653E+02,  2.89468E+02,  1.17777E+02,  4.83670E+01,  2.03453E+01,  8.98617E+00,  4.34261E+00,  2.42179E+00,  1.61568E+00,  1.27177E+00,  1.12240E+00,  1.05628E+00,  1.02643E+00,  1.01267E+00,  1.00621E+00,  1.00311E+00,  1.00159E+00,  1.00083E+00,  1.00044E+00,  1.00024E+00,  1.00013E+00,  1.00007E+00,  1.00004E+00,  1.00002E+00,  1.00001E+00,  1.00001E+00,  1.00001E+00,  1.00000E+00,  1.00000E+00,  1.00000E+00,  1.00000E+00,  1.00000E+00,  1.00000E+00,  1.00000E+00,  1.00000E+00,  1.00000E+00,  1.00000E+00,  1.00000E+00,  1.00000E+00,  1.00000E+00,  1.00000E+00,  1.00000E+00,  1.00000E+00,  1.00000E+00,  1.00000E+00,  1.00000E+00,  1.00000E+00,  1.00000E+00,  1.00000E+00,  1.00000E+00,  1.00000E+00,  1.00000E+00,  1.00000E+00,  1.00000E+00,  1.00000E+00,  1.00000E+00,  1.00000E+00,  1.00000E+00,  1.00000E+00,  1.00000E+00,  1.00000E+00,  1.00000E+00,  1.00000E+00,  1.00000E+00,  1.00000E+00,  1.00000E+00,  1.00000E+00,  1.00000E+00,  1.00000E+00,  1.00000E+00,  1.00000E+00,  1.00000E+00,  1.00000E+00,  1.00000E+00,  1.00000E+00,  1.00000E+00,  1.00000E+00,  1.00000E+00
  1.00243E+00,  1.01707E+00,  1.08258E+00,  1.42795E+00,  3.72156E+00,  2.11191E+01,  1.52218E+02,  1.00844E+03,  5.36270E+03,  2.14259E+04,  6.26815E+04,  1.34515E+05,  2.15882E+05,  2.66733E+05,  2.62281E+05,  2.12299E+05,  1.46076E+05,  8.79859E+04,  4.76179E+04,  2.36866E+04,  1.10422E+04,  4.90437E+03,  2.10433E+03,  8.82516E+02,  3.65386E+02,  1.50713E+02,  6.25251E+01,  2.64176E+01,  1.15988E+01,  5.47512E+00,  2.91801E+00,  1.83602E+00,  1.37112E+00,  1.16795E+00,  1.07754E+00,  1.03653E+00,  1.01757E+00,  1.00863E+00,  1.00432E+00,  1.00221E+00,  1.00115E+00,  1.00061E+00,  1.00033E+00,  1.00018E+00,  1.00010E+00,  1.00006E+00,  1.00003E+00,  1.00002E+00,  1.00001E+00,  1.00001E+00,  1.00000E+00,  1.00000E+00,  1.00000E+00,  1.00000E+00,  1.00000E+00,  1.00000E+00,  1.00000E+00,  1.00000E+00,  1.00000E+00,  1.00000E+00,  1.00000E+00,  1.00000E+00,  1.00000E+00,  1.00000E+00,  1.00000E+00,  1.00000E+00,  1.00000E+00,  1.00000E+00,  1.00000E+00,  1.00000E+00,  1.00000E+00,  1.00000E+00,  1.00000E+00,  1.00000E+00,  1.00000E+00,  1.00000E+00,  1.00000E+00,  1.00000E+00,  1.00000E+00,  1.00000E+00,  1.00000E+00,  1.00000E+00,  1.00000E+00,  1.00000E+00,  1.00000E+00,  1.00000E+00,  1.00000E+00,  1.00000E+00,  1.00000E+00,  1.00000E+00,  1.00000E+00,  1.00000E+00,  1.00000E+00,  1.00000E+00,  1.00000E+00,  1.00000E+00,  1.00000E+00,  1.00000E+00,  1.00000E+00,  1.00000E+00,  1.00000E+00
  1.00217E+00,  1.01546E+00,  1.07390E+00,  1.37036E+00,  3.25944E+00,  1.70961E+01,  1.19075E+02,  7.80906E+02,  4.17878E+03,  1.70155E+04,  5.12074E+04,  1.13743E+05,  1.89604E+05,  2.43663E+05,  2.49168E+05,  2.09483E+05,  1.49420E+05,  9.30769E+04,  5.19607E+04,  2.65907E+04,  1.27193E+04,  5.78192E+03,  2.53299E+03,  1.08211E+03,  4.55356E+02,  1.90440E+02,  7.98674E+01,  3.39563E+01,  1.48807E+01,  6.91238E+00,  3.55340E+00,  2.12035E+00,  1.50017E+00,  1.22746E+00,  1.10545E+00,  1.04986E+00,  1.02405E+00,  1.01184E+00,  1.00594E+00,  1.00304E+00,  1.00159E+00,  1.00085E+00,  1.00046E+00,  1.00025E+00,  1.00014E+00,  1.00008E+00,  1.00005E+00,  1.00003E+00,  1.00002E+00,  1.00001E+00,  1.00001E+00,  1.00000E+00,  1.00000E+00,  1.00000E+00,  1.00000E+00,  1.00000E+00,  1.00000E+00,  1.00000E+00,  1.00000E+00,  1.00000E+00,  1.00000E+00,  1.00000E+00,  1.00000E+00,  1.00000E+00,  1.00000E+00,  1.00000E+00,  1.00000E+00,  1.00000E+00,  1.00000E+00,  1.00000E+00,  1.00000E+00,  1.00000E+00,  1.00000E+00,  1.00000E+00,  1.00000E+00,  1.00000E+00,  1.00000E+00,  1.00000E+00,  1.00000E+00,  1.00000E+00,  1.00000E+00,  1.00000E+00,  1.00000E+00,  1.00000E+00,  1.00000E+00,  1.00000E+00,  1.00000E+00,  1.00000E+00,  1.00000E+00,  1.00000E+00,  1.00000E+00,  1.00000E+00,  1.00000E+00,  1.00000E+00,  1.00000E+00,  1.00000E+00,  1.00000E+00,  1.00000E+00,  1.00000E+00,  1.00000E+00,  1.00000E+00
  1.00194E+00,  1.01405E+00,  1.06646E+00,  1.32297E+00,  2.89393E+00,  1.40137E+01,  9.41408E+01,  6.10172E+02,  3.27925E+03,  1.35782E+04,  4.19389E+04,  9.62066E+04,  1.66230E+05,  2.21784E+05,  2.35474E+05,  2.05338E+05,  1.51651E+05,  9.75998E+04,  5.61568E+04,  2.95453E+04,  1.44933E+04,  6.74013E+03,  3.01382E+03,  1.31124E+03,  5.60738E+02,  2.37796E+02,  1.00860E+02,  4.32051E+01,  1.89547E+01,  8.71487E+00,  4.35740E+00,  2.48293E+00,  1.66586E+00,  1.30431E+00,  1.14167E+00,  1.06723E+00,  1.03253E+00,  1.01605E+00,  1.00807E+00,  1.00414E+00,  1.00217E+00,  1.00115E+00,  1.00063E+00,  1.00035E+00,  1.00020E+00,  1.00011E+00,  1.00007E+00,  1.00004E+00,  1.00002E+00,  1.00001E+00,  1.00001E+00,  1.00001E+00,  1.00000E+00,  1.00000E+00,  1.00000E+00,  1.00000E+00,  1.00000E+00,  1.00000E+00,  1.00000E+00,  1.00000E+00,  1.00000E+00,  1.00000E+00,  1.00000E+00,  1.00000E+00,  1.00000E+00,  1.00000E+00,  1.00000E+00,  1.00000E+00,  1.00000E+00,  1.00000E+00,  1.00000E+00,  1.00000E+00,  1.00000E+00,  1.00000E+00,  1.00000E+00,  1.00000E+00,  1.00000E+00,  1.00000E+00,  1.00000E+00,  1.00000E+00,  1.00000E+00,  1.00000E+00,  1.00000E+00,  1.00000E+00,  1.00000E+00,  1.00000E+00,  1.00000E+00,  1.00000E+00,  1.00000E+00,  1.00000E+00,  1.00000E+00,  1.00000E+00,  1.00000E+00,  1.00000E+00,  1.00000E+00,  1.00000E+00,  1.00000E+00,  1.00000E+00,  1.00000E+00,  1.00000E+00,  1.00000E+00
  1.00173E+00,  1.01279E+00,  1.06005E+00,  1.28362E+00,  2.60176E+00,  1.16254E+01,  7.51837E+01,  4.80895E+02,  2.59102E+03,  1.08875E+04,  3.44397E+04,  8.14209E+04,  1.45539E+05,  2.01242E+05,  2.21500E+05,  2.00075E+05,  1.52825E+05,  1.01521E+05,  6.01566E+04,  3.25174E+04,  1.63497E+04,  7.77534E+03,  3.54740E+03,  1.57144E+03,  6.82830E+02,  2.93629E+02,  1.25991E+02,  5.44265E+01,  2.39558E+01,  1.09504E+01,  5.36352E+00,  2.94022E+00,  1.87625E+00,  1.40246E+00,  1.18817E+00,  1.08962E+00,  1.04349E+00,  1.02151E+00,  1.01085E+00,  1.00557E+00,  1.00292E+00,  1.00156E+00,  1.00085E+00,  1.00047E+00,  1.00026E+00,  1.00015E+00,  1.00009E+00,  1.00005E+00,  1.00003E+00,  1.00002E+00,  1.00001E+00,  1.00001E+00,  1.00000E+00,  1.00000E+00,  1.00000E+00,  1.00000E+00,  1.00000E+00,  1.00000E+00,  1.00000E+00,  1.00000E+00,  1.00000E+00,  1.00000E+00,  1.00000E+00,  1.00000E+00,  1.00000E+00,  1.00000E+00,  1.00000E+00,  1.00000E+00,  1.00000E+00,  1.00000E+00,  1.00000E+00,  1.00000E+00,  1.00000E+00,  1.00000E+00,  1.00000E+00,  1.00000E+00,  1.00000E+00,  1.00000E+00,  1.00000E+00,  1.00000E+00,  1.00000E+00,  1.00000E+00,  1.00000E+00,  1.00000E+00,  1.00000E+00,  1.00000E+00,  1.00000E+00,  1.00000E+00,  1.00000E+00,  1.00000E+00,  1.00000E+00,  1.00000E+00,  1.00000E+00,  1.00000E+00,  1.00000E+00,  1.00000E+00,  1.00000E+00,  1.00000E+00,  1.00000E+00,  1.00000E+00,  1.00000E+00
  1.00155E+00,  1.01168E+00,  1.05448E+00,  1.25066E+00,  2.36589E+00,  9.75563E+00,  6.06261E+01,  3.82154E+02,  2.06090E+03,  8.77164E+03,  2.83602E+04,  6.89649E+04,  1.27296E+05,  1.82119E+05,  2.07499E+05,  1.93898E+05,  1.53013E+05,  1.04820E+05,  6.39170E+04,  3.54749E+04,  1.82728E+04,  8.88262E+03,  4.13363E+03,  1.86396E+03,  8.22844E+02,  3.58779E+02,  1.55766E+02,  6.79002E+01,  3.00313E+01,  1.36942E+01,  6.60952E+00,  3.51100E+00,  2.14065E+00,  1.52655E+00,  1.24726E+00,  1.11820E+00,  1.05755E+00,  1.02854E+00,  1.01442E+00,  1.00743E+00,  1.00389E+00,  1.00208E+00,  1.00113E+00,  1.00063E+00,  1.00035E+00,  1.00020E+00,  1.00012E+00,  1.00007E+00,  1.00004E+00,  1.00003E+00,  1.00002E+00,  1.00001E+00,  1.00001E+00,  1.00000E+00,  1.00000E+00,  1.00000E+00,  1.00000E+00,  1.00000E+00,  1.00000E+00,  1.00000E+00,  1.00000E+00,  1.00000E+00,  1.00000E+00,  1.00000E+00,  1.00000E+00,  1.00000E+00,  1.00000E+00,  1.00000E+00,  1.00000E+00,  1.00000E+00,  1.00000E+00,  1.00000E+00,  1.00000E+00,  1.00000E+00,  1.00000E+00,  1.00000E+00,  1.00000E+00,  1.00000E+00,  1.00000E+00,  1.00000E+00,  1.00000E+00,  1.00000E+00,  1.00000E+00,  1.00000E+00,  1.00000E+00,  1.00000E+00,  1.00000E+00,  1.00000E+00,  1.00000E+00,  1.00000E+00,  1.00000E+00,  1.00000E+00,  1.00000E+00,  1.00000E+00,  1.00000E+00,  1.00000E+00,  1.00000E+00,  1.00000E+00,  1.00000E+00,  1.00000E+00,  1.00000E+00
  1.00140E+00,  1.01069E+00,  1.04961E+00,  1.22283E+00,  2.17370E+00,  8.27731E+00,  4.93403E+01,  3.06105E+02,  1.64985E+03,  7.10043E+03,  2.34212E+04,  5.84754E+04,  1.11264E+05,  1.64441E+05,  1.93673E+05,  1.86999E+05,  1.52297E+05,  1.07493E+05,  6.74019E+04,  3.83868E+04,  2.02459E+04,  1.00559E+04,  4.77167E+03,  2.18969E+03,  9.81878E+02,  4.34071E+02,  1.90701E+02,  8.39206E+01,  3.73401E+01,  1.70289E+01,  8.13757E+00,  4.21649E+00,  2.46970E+00,  1.68191E+00,  1.32162E+00,  1.15433E+00,  1.07538E+00,  1.03749E+00,  1.01899E+00,  1.00979E+00,  1.00514E+00,  1.00275E+00,  1.00150E+00,  1.00083E+00,  1.00047E+00,  1.00027E+00,  1.00016E+00,  1.00009E+00,  1.00006E+00,  1.00003E+00,  1.00002E+00,  1.00001E+00,  1.00001E+00,  1.00001E+00,  1.00000E+00,  1.00000E+00,  1.00000E+00,  1.00000E+00,  1.00000E+00,  1.00000E+00,  1.00000E+00,  1.00000E+00,  1.00000E+00,  1.00000E+00,  1.00000E+00,  1.00000E+00,  1.00000E+00,  1.00000E+00,  1.00000E+00,  1.00000E+00,  1.00000E+00,  1.00000E+00,  1.00000E+00,  1.00000E+00,  1.00000E+00,  1.00000E+00,  1.00000E+00,  1.00000E+00,  1.00000E+00,  1.00000E+00,  1.00000E+00,  1.00000E+00,  1.00000E+00,  1.00000E+00,  1.00000E+00,  1.00000E+00,  1.00000E+00,  1.00000E+00,  1.00000E+00,  1.00000E+00,  1.00000E+00,  1.00000E+00,  1.00000E+00,  1.00000E+00,  1.00000E+00,  1.00000E+00,  1.00000E+00,  1.00000E+00,  1.00000E+00,  1.00000E+00,  1.00000E+00
  1.00126E+00,  1.00980E+00,  1.04534E+00,  1.19917E+00,  2.01575E+00,  7.09768E+00,  4.05120E+01,  2.47061E+02,  1.32906E+03,  5.77446E+03,  1.93992E+04,  4.96419E+04,  9.72116E+04,  1.48198E+05,  1.80185E+05,  1.79554E+05,  1.50768E+05,  1.09547E+05,  7.05828E+04,  4.12242E+04,  2.22517E+04,  1.12881E+04,  5.45997E+03,  2.54919E+03,  1.16090E+03,  5.20296E+02,  2.31318E+02,  1.02795E+02,  4.60519E+01,  2.10447E+01,  9.99428E+00,  5.08052E+00,  2.87549E+00,  1.87465E+00,  1.41437E+00,  1.19959E+00,  1.09780E+00,  1.04878E+00,  1.02476E+00,  1.01280E+00,  1.00673E+00,  1.00361E+00,  1.00196E+00,  1.00109E+00,  1.00061E+00,  1.00035E+00,  1.00020E+00,  1.00012E+00,  1.00007E+00,  1.00004E+00,  1.00003E+00,  1.00002E+00,  1.00001E+00,  1.00001E+00,  1.00000E+00,  1.00000E+00,  1.00000E+00,  1.00000E+00,  1.00000E+00,  1.00000E+00,  1.00000E+00,  1.00000E+00,  1.00000E+00,  1.00000E+00,  1.00000E+00,  1.00000E+00,  1.00000E+00,  1.00000E+00,  1.00000E+00,  1.00000E+00,  1.00000E+00,  1.00000E+00,  1.00000E+00,  1.00000E+00,  1.00000E+00,  1.00000E+00,  1.00000E+00,  1.00000E+00,  1.00000E+00,  1.00000E+00,  1.00000E+00,  1.00000E+00,  1.00000E+00,  1.00000E+00,  1.00000E+00,  1.00000E+00,  1.00000E+00,  1.00000E+00,  1.00000E+00,  1.00000E+00,  1.00000E+00,  1.00000E+00,  1.00000E+00,  1.00000E+00,  1.00000E+00,  1.00000E+00,  1.00000E+00,  1.00000E+00,  1.00000E+00,  1.00000E+00,  1.00000E+00
  1.00113E+00,  1.00901E+00,  1.04156E+00,  1.17891E+00,  1.88489E+00,  6.14816E+00,  3.35468E+01,  2.00868E+02,  1.07716E+03,  4.71769E+03,  1.61159E+04,  4.22007E+04,  8.49195E+04,  1.33347E+05,  1.67159E+05,  1.71722E+05,  1.48519E+05,  1.10998E+05,  7.34380E+04,  4.39608E+04,  2.42730E+04,  1.25714E+04,  6.19632E+03,  2.94264E+03,  1.36071E+03,  6.18203E+02,  2.78136E+02,  1.24840E+02,  5.63460E+01,  2.58386E+01,  1.22308E+01,  6.12954E+00,  3.37157E+00,  2.11171E+00,  1.52903E+00,  1.25581E+00,  1.12577E+00,  1.06290E+00,  1.03201E+00,  1.01658E+00,  1.00874E+00,  1.00468E+00,  1.00255E+00,  1.00142E+00,  1.00080E+00,  1.00046E+00,  1.00027E+00,  1.00016E+00,  1.00009E+00,  1.00006E+00,  1.00004E+00,  1.00002E+00,  1.00001E+00,  1.00001E+00,  1.00001E+00,  1.00000E+00,  1.00000E+00,  1.00000E+00,  1.00000E+00,  1.00000E+00,  1.00000E+00,  1.00000E+00,  1.00000E+00,  1.00000E+00,  1.00000E+00,  1.00000E+00,  1.00000E+00,  1.00000E+00,  1.00000E+00,  1.00000E+00,  1.00000E+00,  1.00000E+00,  1.00000E+00,  1.00000E+00,  1.00000E+00,  1.00000E+00,  1.00000E+00,  1.00000E+00,  1.00000E+00,  1.00000E+00,  1.00000E+00,  1.00000E+00,  1.00000E+00,  1.00000E+00,  1.00000E+00,  1.00000E+00,  1.00000E+00,  1.00000E+00,  1.00000E+00,  1.00000E+00,  1.00000E+00,  1.00000E+00,  1.00000E+00,  1.00000E+00,  1.00000E+00,  1.00000E+00,  1.00000E+00,  1.00000E+00,  1.00000E+00,  1.00000E+00,  1.00000E+00
  1.00102E+00,  1.00829E+00,  1.03822E+00,  1.16145E+00,  1.77566E+00,  5.37758E+00,  2.80068E+01,  1.64461E+02,  8.78132E+02,  3.87173E+03,  1.34287E+04,  3.59288E+04,  7.41850E+04,  1.19828E+05,  1.54684E+05,  1.63643E+05,  1.45645E+05,  1.11873E+05,  7.59526E+04,  4.65729E+04,  2.62926E+04,  1.38973E+04,  6.97790E+03,  3.36987E+03,  1.58197E+03,  7.28481E+02,  3.31664E+02,  1.50379E+02,  6.84105E+01,  3.15147E+01,  1.49028E+01,  7.39274E+00,  3.97310E+00,  2.40091E+00,  1.66967E+00,  1.32508E+00,  1.16037E+00,  1.08044E+00,  1.04103E+00,  1.02129E+00,  1.01124E+00,  1.00604E+00,  1.00330E+00,  1.00183E+00,  1.00103E+00,  1.00059E+00,  1.00035E+00,  1.00020E+00,  1.00012E+00,  1.00007E+00,  1.00005E+00,  1.00003E+00,  1.00002E+00,  1.00001E+00,  1.00001E+00,  1.00001E+00,  1.00000E+00,  1.00000E+00,  1.00000E+00,  1.00000E+00,  1.00000E+00,  1.00000E+00,  1.00000E+00,  1.00000E+00,  1.00000E+00,  1.00000E+00,  1.00000E+00,  1.00000E+00,  1.00000E+00,  1.00000E+00,  1.00000E+00,  1.00000E+00,  1.00000E+00,  1.00000E+00,  1.00000E+00,  1.00000E+00,  1.00000E+00,  1.00000E+00,  1.00000E+00,  1.00000E+00,  1.00000E+00,  1.00000E+00,  1.00000E+00,  1.00000E+00,  1.00000E+00,  1.00000E+00,  1.00000E+00,  1.00000E+00,  1.00000E+00,  1.00000E+00,  1.00000E+00,  1.00000E+00,  1.00000E+00,  1.00000E+00,  1.00000E+00,  1.00000E+00,  1.00000E+00,  1.00000E+00,  1.00000E+00,  1.00000E+00,  1.00000E+00
  1.00092E+00,  1.00764E+00,  1.03523E+00,  1.14632E+00,  1.68382E+00,  4.74737E+00,  2.35661E+01,  1.35565E+02,  7.19959E+02,  3.19154E+03,  1.12236E+04,  3.06381E+04,  6.48220E+04,  1.07566E+05,  1.42824E+05,  1.55440E+05,  1.42237E+05,  1.12203E+05,  7.81182E+04,  4.90399E+04,  2.82939E+04,  1.52568E+04,  7.80132E+03,  3.83031E+03,  1.82514E+03,  8.51755E+02,  3.92399E+02,  1.79738E+02,  8.24409E+01,  3.81832E+01,  1.80702E+01,  8.90209E+00,  4.69687E+00,  2.75101E+00,  1.84083E+00,  1.40979E+00,  1.20285E+00,  1.10204E+00,  1.05219E+00,  1.02714E+00,  1.01435E+00,  1.00772E+00,  1.00422E+00,  1.00234E+00,  1.00132E+00,  1.00076E+00,  1.00044E+00,  1.00026E+00,  1.00016E+00,  1.00010E+00,  1.00006E+00,  1.00004E+00,  1.00002E+00,  1.00002E+00,  1.00001E+00,  1.00001E+00,  1.00000E+00,  1.00000E+00,  1.00000E+00,  1.00000E+00,  1.00000E+00,  1.00000E+00,  1.00000E+00,  1.00000E+00,  1.00000E+00,  1.00000E+00,  1.00000E+00,  1.00000E+00,  1.00000E+00,  1.00000E+00,  1.00000E+00,  1.00000E+00,  1.00000E+00,  1.00000E+00,  1.00000E+00,  1.00000E+00,  1.00000E+00,  1.00000E+00,  1.00000E+00,  1.00000E+00,  1.00000E+00,  1.00000E+00,  1.00000E+00,  1.00000E+00,  1.00000E+00,  1.00000E+00,  1.00000E+00,  1.00000E+00,  1.00000E+00,  1.00000E+00,  1.00000E+00,  1.00000E+00,  1.00000E+00,  1.00000E+00,  1.00000E+00,  1.00000E+00,  1.00000E+00,  1.00000E+00,  1.00000E+00,  1.00000E+00,  1.00000E+00
  1.00083E+00,  1.00705E+00,  1.03257E+00,  1.13313E+00,  1.60610E+00,  4.22818E+00,  1.99804E+01,  1.12473E+02,  5.93531E+02,  2.64227E+03,  9.40899E+03,  2.61708E+04,  5.66628E+04,  9.64791E+04,  1.31618E+05,  1.47218E+05,  1.38384E+05,  1.12027E+05,  7.99322E+04,  5.13445E+04,  3.02613E+04,  1.66405E+04,  8.66270E+03,  4.32306E+03,  2.09048E+03,  9.88570E+02,  4.60812E+02,  2.13243E+02,  9.86382E+01,  4.59603E+01,  2.17976E+01,  1.06923E+01,  5.56132E+00,  3.17174E+00,  2.04763E+00,  1.51261E+00,  1.25462E+00,  1.12847E+00,  1.06587E+00,  1.03433E+00,  1.01819E+00,  1.00979E+00,  1.00536E+00,  1.00298E+00,  1.00169E+00,  1.00097E+00,  1.00056E+00,  1.00033E+00,  1.00020E+00,  1.00012E+00,  1.00008E+00,  1.00005E+00,  1.00003E+00,  1.00002E+00,  1.00001E+00,  1.00001E+00,  1.00001E+00,  1.00000E+00,  1.00000E+00,  1.00000E+00,  1.00000E+00,  1.00000E+00,  1.00000E+00,  1.00000E+00,  1.00000E+00,  1.00000E+00,  1.00000E+00,  1.00000E+00,  1.00000E+00,  1.00000E+00,  1.00000E+00,  1.00000E+00,  1.00000E+00,  1.00000E+00,  1.00000E+00,  1.00000E+00,  1.00000E+00,  1.00000E+00,  1.00000E+00,  1.00000E+00,  1.00000E+00,  1.00000E+00,  1.00000E+00,  1.00000E+00,  1.00000E+00,  1.00000E+00,  1.00000E+00,  1.00000E+00,  1.00000E+00,  1.00000E+00,  1.00000E+00,  1.00000E+00,  1.00000E+00,  1.00000E+00,  1.00000E+00,  1.00000E+00,  1.00000E+00,  1.00000E+00,  1.00000E+00,  1.00000E+00,  1.00000E+00
  1.00076E+00,  1.00652E+00,  1.03017E+00,  1.12157E+00,  1.53991E+00,  3.79750E+00,  1.70648E+01,  9.38989E+01,  4.91915E+02,  2.19683E+03,  7.91170E+03,  2.23943E+04,  4.95567E+04,  8.64798E+04,  1.21086E+05,  1.39063E+05,  1.34170E+05,  1.11384E+05,  8.13971E+04,  5.34725E+04,  3.21799E+04,  1.80392E+04,  9.55773E+03,  4.84687E+03,  2.37808E+03,  1.13939E+03,  5.37349E+02,  2.51218E+02,  1.17208E+02,  5.49674E+01,  2.61532E+01,  1.28010E+01,  6.58665E+00,  3.67383E+00,  2.29577E+00,  1.63656E+00,  1.31730E+00,  1.16058E+00,  1.08255E+00,  1.04311E+00,  1.02288E+00,  1.01234E+00,  1.00677E+00,  1.00377E+00,  1.00213E+00,  1.00122E+00,  1.00071E+00,  1.00042E+00,  1.00025E+00,  1.00015E+00,  1.00010E+00,  1.00006E+00,  1.00004E+00,  1.00002E+00,  1.00002E+00,  1.00001E+00,  1.00001E+00,  1.00000E+00,  1.00000E+00,  1.00000E+00,  1.00000E+00,  1.00000E+00,  1.00000E+00,  1.00000E+00,  1.00000E+00,  1.00000E+00,  1.00000E+00,  1.00000E+00,  1.00000E+00,  1.00000E+00,  1.00000E+00,  1.00000E+00,  1.00000E+00,  1.00000E+00,  1.00000E+00,  1.00000E+00,  1.00000E+00,  1.00000E+00,  1.00000E+00,  1.00000E+00,  1.00000E+00,  1.00000E+00,  1.00000E+00,  1.00000E+00,  1.00000E+00,  1.00000E+00,  1.00000E+00,  1.00000E+00,  1.00000E+00,  1.00000E+00,  1.00000E+00,  1.00000E+00,  1.00000E+00,  1.00000E+00,  1.00000E+00,  1.00000E+00,  1.00000E+00,  1.00000E+00,  1.00000E+00,  1.00000E+00,  1.00000E+00
  1.00069E+00,  1.00604E+00,  1.02801E+00,  1.11140E+00,  1.48321E+00,  3.43789E+00,  1.46783E+01,  7.88662E+01,  4.09802E+02,  1.83407E+03,  6.67274E+03,  1.91977E+04,  4.33700E+04,  7.74816E+04,  1.11234E+05,  1.31048E+05,  1.29672E+05,  1.10317E+05,  8.25200E+04,  5.54129E+04,  3.40361E+04,  1.94435E+04,  1.04818E+04,  5.40015E+03,  2.68783E+03,  1.30457E+03,  6.22419E+02,  2.93977E+02,  1.38358E+02,  6.53301E+01,  3.12094E+01,  1.52682E+01,  7.79476E+00,  4.26909E+00,  2.59154E+00,  1.78502E+00,  1.39268E+00,  1.19933E+00,  1.10274E+00,  1.05378E+00,  1.02860E+00,  1.01545E+00,  1.00848E+00,  1.00473E+00,  1.00268E+00,  1.00154E+00,  1.00090E+00,  1.00053E+00,  1.00032E+00,  1.00019E+00,  1.00012E+00,  1.00008E+00,  1.00005E+00,  1.00003E+00,  1.00002E+00,  1.00001E+00,  1.00001E+00,  1.00001E+00,  1.00000E+00,  1.00000E+00,  1.00000E+00,  1.00000E+00,  1.00000E+00,  1.00000E+00,  1.00000E+00,  1.00000E+00,  1.00000E+00,  1.00000E+00,  1.00000E+00,  1.00000E+00,  1.00000E+00,  1.00000E+00,  1.00000E+00,  1.00000E+00,  1.00000E+00,  1.00000E+00,  1.00000E+00,  1.00000E+00,  1.00000E+00,  1.00000E+00,  1.00000E+00,  1.00000E+00,  1.00000E+00,  1.00000E+00,  1.00000E+00,  1.00000E+00,  1.00000E+00,  1.00000E+00,  1.00000E+00,  1.00000E+00,  1.00000E+00,  1.00000E+00,  1.00000E+00,  1.00000E+00,  1.00000E+00,  1.00000E+00,  1.00000E+00,  1.00000E+00,  1.00000E+00,  1.00000E+00,  1.00000E+00
  1.00062E+00,  1.00560E+00,  1.02605E+00,  1.10240E+00,  1.43437E+00,  3.13576E+00,  1.27123E+01,  6.66263E+01,  3.43102E+02,  1.53743E+03,  5.64465E+03,  1.64881E+04,  3.79844E+04,  6.93990E+04,  1.02053E+05,  1.23232E+05,  1.24961E+05,  1.08871E+05,  8.33117E+04,  5.71576E+04,  3.58179E+04,  2.08440E+04,  1.14299E+04,  5.98106E+03,  3.01941E+03,  1.48438E+03,  7.16393E+02,  3.41825E+02,  1.62296E+02,  7.71780E+01,  3.70422E+01,  1.81369E+01,  9.20930E+00,  4.97037E+00,  2.94189E+00,  1.96172E+00,  1.48277E+00,  1.24582E+00,  1.12704E+00,  1.06666E+00,  1.03552E+00,  1.01922E+00,  1.01056E+00,  1.00590E+00,  1.00334E+00,  1.00192E+00,  1.00112E+00,  1.00067E+00,  1.00040E+00,  1.00024E+00,  1.00015E+00,  1.00009E+00,  1.00006E+00,  1.00004E+00,  1.00002E+00,  1.00002E+00,  1.00001E+00,  1.00001E+00,  1.00000E+00,  1.00000E+00,  1.00000E+00,  1.00000E+00,  1.00000E+00,  1.00000E+00,  1.00000E+00,  1.00000E+00,  1.00000E+00,  1.00000E+00,  1.00000E+00,  1.00000E+00,  1.00000E+00,  1.00000E+00,  1.00000E+00,  1.00000E+00,  1.00000E+00,  1.00000E+00,  1.00000E+00,  1.00000E+00,  1.00000E+00,  1.00000E+00,  1.00000E+00,  1.00000E+00,  1.00000E+00,  1.00000E+00,  1.00000E+00,  1.00000E+00,  1.00000E+00,  1.00000E+00,  1.00000E+00,  1.00000E+00,  1.00000E+00,  1.00000E+00,  1.00000E+00,  1.00000E+00,  1.00000E+00,  1.00000E+00,  1.00000E+00,  1.00000E+00,  1.00000E+00,  1.00000E+00,  1.00000E+00
  1.00057E+00,  1.00520E+00,  1.02428E+00,  1.09440E+00,  1.39208E+00,  2.88043E+00,  1.10831E+01,  5.66029E+01,  2.88648E+02,  1.29388E+03,  4.78911E+03,  1.41880E+04,  3.32958E+04,  6.21499E+04,  9.35293E+04,  1.15659E+05,  1.20101E+05,  1.07088E+05,  8.37862E+04,  5.87016E+04,  3.75143E+04,  2.22321E+04,  1.23971E+04,  6.58744E+03,  3.37233E+03,  1.67900E+03,  8.19599E+02,  3.95053E+02,  1.89230E+02,  9.06434E+01,  4.37305E+01,  2.14524E+01,  1.08556E+01,  5.79163E+00,  3.35442E+00,  2.17078E+00,  1.58982E+00,  1.30127E+00,  1.15611E+00,  1.08210E+00,  1.04383E+00,  1.02376E+00,  1.01308E+00,  1.00731E+00,  1.00415E+00,  1.00239E+00,  1.00139E+00,  1.00083E+00,  1.00050E+00,  1.00030E+00,  1.00019E+00,  1.00012E+00,  1.00007E+00,  1.00005E+00,  1.00003E+00,  1.00002E+00,  1.00001E+00,  1.00001E+00,  1.00001E+00,  1.00000E+00,  1.00000E+00,  1.00000E+00,  1.00000E+00,  1.00000E+00,  1.00000E+00,  1.00000E+00,  1.00000E+00,  1.00000E+00,  1.00000E+00,  1.00000E+00,  1.00000E+00,  1.00000E+00,  1.00000E+00,  1.00000E+00,  1.00000E+00,  1.00000E+00,  1.00000E+00,  1.00000E+00,  1.00000E+00,  1.00000E+00,  1.00000E+00,  1.00000E+00,  1.00000E+00,  1.00000E+00,  1.00000E+00,  1.00000E+00,  1.00000E+00,  1.00000E+00,  1.00000E+00,  1.00000E+00,  1.00000E+00,  1.00000E+00,  1.00000E+00,  1.00000E+00,  1.00000E+00,  1.00000E+00,  1.00000E+00,  1.00000E+00,  1.00000E+00,  1.00000E+00,  1.00000E+00
  1.00052E+00,  1.00483E+00,  1.02267E+00,  1.08727E+00,  1.35527E+00,  2.66345E+00,  9.72505E+00,  4.83491E+01,  2.43975E+02,  1.09312E+03,  4.07516E+03,  1.22323E+04,  2.92131E+04,  5.56563E+04,  8.56385E+04,  1.08365E+05,  1.15149E+05,  1.05012E+05,  8.39600E+04,  6.00424E+04,  3.91159E+04,  2.35991E+04,  1.33780E+04,  7.21696E+03,  3.74589E+03,  1.88847E+03,  9.32312E+02,  4.53934E+02,  2.19364E+02,  1.05860E+02,  5.13562E+01,  2.52626E+01,  1.27608E+01,  6.74792E+00,  3.83742E+00,  2.41674E+00,  1.71629E+00,  1.36702E+00,  1.19070E+00,  1.10053E+00,  1.05378E+00,  1.02920E+00,  1.01610E+00,  1.00901E+00,  1.00511E+00,  1.00295E+00,  1.00172E+00,  1.00102E+00,  1.00061E+00,  1.00037E+00,  1.00023E+00,  1.00014E+00,  1.00009E+00,  1.00006E+00,  1.00004E+00,  1.00003E+00,  1.00002E+00,  1.00001E+00,  1.00001E+00,  1.00001E+00,  1.00000E+00,  1.00000E+00,  1.00000E+00,  1.00000E+00,  1.00000E+00,  1.00000E+00,  1.00000E+00,  1.00000E+00,  1.00000E+00,  1.00000E+00,  1.00000E+00,  1.00000E+00,  1.00000E+00,  1.00000E+00,  1.00000E+00,  1.00000E+00,  1.00000E+00,  1.00000E+00,  1.00000E+00,  1.00000E+00,  1.00000E+00,  1.00000E+00,  1.00000E+00,  1.00000E+00,  1.00000E+00,  1.00000E+00,  1.00000E+00,  1.00000E+00,  1.00000E+00,  1.00000E+00,  1.00000E+00,  1.00000E+00,  1.00000E+00,  1.00000E+00,  1.00000E+00,  1.00000E+00,  1.00000E+00,  1.00000E+00,  1.00000E+00,  1.00000E+00,  1.00000E+00
  1.00047E+00,  1.00449E+00,  1.02119E+00,  1.08089E+00,  1.32309E+00,  2.47808E+00,  8.58682E+00,  4.15164E+01,  2.07152E+02,  9.27000E+02,  3.47769E+03,  1.05668E+04,  2.56566E+04,  4.98453E+04,  7.83532E+04,  1.01374E+05,  1.10155E+05,  1.02685E+05,  8.38516E+04,  6.11799E+04,  4.06150E+04,  2.49371E+04,  1.43676E+04,  7.86704E+03,  4.13924E+03,  2.11274E+03,  1.05476E+03,  5.18723E+02,  2.52897E+02,  1.22964E+02,  6.00037E+01,  2.96174E+01,  1.49536E+01,  7.85540E+00,  4.39986E+00,  2.70454E+00,  1.86491E+00,  1.44458E+00,  1.23164E+00,  1.12240E+00,  1.06562E+00,  1.03569E+00,  1.01970E+00,  1.01104E+00,  1.00627E+00,  1.00362E+00,  1.00212E+00,  1.00126E+00,  1.00076E+00,  1.00046E+00,  1.00028E+00,  1.00018E+00,  1.00011E+00,  1.00007E+00,  1.00005E+00,  1.00003E+00,  1.00002E+00,  1.00001E+00,  1.00001E+00,  1.00001E+00,  1.00000E+00,  1.00000E+00,  1.00000E+00,  1.00000E+00,  1.00000E+00,  1.00000E+00,  1.00000E+00,  1.00000E+00,  1.00000E+00,  1.00000E+00,  1.00000E+00,  1.00000E+00,  1.00000E+00,  1.00000E+00,  1.00000E+00,  1.00000E+00,  1.00000E+00,  1.00000E+00,  1.00000E+00,  1.00000E+00,  1.00000E+00,  1.00000E+00,  1.00000E+00,  1.00000E+00,  1.00000E+00,  1.00000E+00,  1.00000E+00,  1.00000E+00,  1.00000E+00,  1.00000E+00,  1.00000E+00,  1.00000E+00,  1.00000E+00,  1.00000E+00,  1.00000E+00,  1.00000E+00,  1.00000E+00,  1.00000E+00,  1.00000E+00,  1.00000E+00,  1.00000E+00
  1.00043E+00,  1.00418E+00,  1.01985E+00,  1.07515E+00,  1.29482E+00,  2.31893E+00,  7.62779E+00,  3.58313E+01,  1.76661E+02,  7.89017E+02,  2.97629E+03,  9.14596E+03,  2.25570E+04,  4.46493E+04,  7.16422E+04,  9.47039E+04,  1.05163E+05,  1.00145E+05,  8.34808E+04,  6.21162E+04,  4.20052E+04,  2.62387E+04,  1.53604E+04,  8.53498E+03,  4.55137E+03,  2.35168E+03,  1.18711E+03,  5.89648E+02,  2.90022E+02,  1.42088E+02,  6.97591E+01,  3.45690E+01,  1.74644E+01,  9.13131E+00,  5.05139E+00,  3.03955E+00,  2.03866E+00,  1.53559E+00,  1.27984E+00,  1.14823E+00,  1.07963E+00,  1.04339E+00,  1.02399E+00,  1.01346E+00,  1.00766E+00,  1.00442E+00,  1.00259E+00,  1.00154E+00,  1.00092E+00,  1.00056E+00,  1.00035E+00,  1.00022E+00,  1.00014E+00,  1.00009E+00,  1.00006E+00,  1.00004E+00,  1.00003E+00,  1.00002E+00,  1.00001E+00,  1.00001E+00,  1.00001E+00,  1.00000E+00,  1.00000E+00,  1.00000E+00,  1.00000E+00,  1.00000E+00,  1.00000E+00,  1.00000E+00,  1.00000E+00,  1.00000E+00,  1.00000E+00,  1.00000E+00,  1.00000E+00,  1.00000E+00,  1.00000E+00,  1.00000E+00,  1.00000E+00,  1.00000E+00,  1.00000E+00,  1.00000E+00,  1.00000E+00,  1.00000E+00,  1.00000E+00,  1.00000E+00,  1.00000E+00,  1.00000E+00,  1.00000E+00,  1.00000E+00,  1.00000E+00,  1.00000E+00,  1.00000E+00,  1.00000E+00,  1.00000E+00,  1.00000E+00,  1.00000E+00,  1.00000E+00,  1.00000E+00,  1.00000E+00,  1.00000E+00,  1.00000E+00,  1.00000E+00
  1.00039E+00,  1.00390E+00,  1.01861E+00,  1.06998E+00,  1.26990E+00,  2.18162E+00,  6.81569E+00,  3.10777E+01,  1.51300E+02,  6.73983E+02,  2.55434E+03,  7.93178E+03,  1.98538E+04,  4.00059E+04,  6.54726E+04,  8.83640E+04,  1.00209E+05,  9.74305E+04,  8.28683E+04,  6.28554E+04,  4.32813E+04,  2.74970E+04,  1.63515E+04,  9.21793E+03,  4.98112E+03,  2.60500E+03,  1.32948E+03,  6.66917E+02,  3.30922E+02,  1.63368E+02,  8.07101E+01,  4.01711E+01,  2.03248E+01,  1.05940E+01,  5.80242E+00,  3.42761E+00,  2.24079E+00,  1.64187E+00,  1.33631E+00,  1.17858E+00,  1.09614E+00,  1.05249E+00,  1.02906E+00,  1.01632E+00,  1.00930E+00,  1.00537E+00,  1.00315E+00,  1.00187E+00,  1.00113E+00,  1.00069E+00,  1.00042E+00,  1.00027E+00,  1.00017E+00,  1.00011E+00,  1.00007E+00,  1.00005E+00,  1.00003E+00,  1.00002E+00,  1.00001E+00,  1.00001E+00,  1.00001E+00,  1.00000E+00,  1.00000E+00,  1.00000E+00,  1.00000E+00,  1.00000E+00,  1.00000E+00,  1.00000E+00,  1.00000E+00,  1.00000E+00,  1.00000E+00,  1.00000E+00,  1.00000E+00,  1.00000E+00,  1.00000E+00,  1.00000E+00,  1.00000E+00,  1.00000E+00,  1.00000E+00,  1.00000E+00,  1.00000E+00,  1.00000E+00,  1.00000E+00,  1.00000E+00,  1.00000E+00,  1.00000E+00,  1.00000E+00,  1.00000E+00,  1.00000E+00,  1.00000E+00,  1.00000E+00,  1.00000E+00,  1.00000E+00,  1.00000E+00,  1.00000E+00,  1.00000E+00,  1.00000E+00,  1.00000E+00,  1.00000E+00,  1.00000E+00,  1.00000E+00
  1.00036E+00,  1.00364E+00,  1.01748E+00,  1.06530E+00,  1.24783E+00,  2.06263E+00,  6.12469E+00,  2.70843E+01,  1.30116E+02,  5.77734E+02,  2.19829E+03,  6.89235E+03,  1.74948E+04,  3.58581E+04,  5.98106E+04,  8.23589E+04,  9.53252E+04,  9.45758E+04,  8.20353E+04,  6.34029E+04,  4.44400E+04,  2.87059E+04,  1.73358E+04,  9.91298E+03,  5.42718E+03,  2.87237E+03,  1.48193E+03,  7.50705E+02,  3.75771E+02,  1.86936E+02,  9.29452E+01,  4.64793E+01,  2.35683E+01,  1.22628E+01,  6.66403E+00,  3.87498E+00,  2.47482E+00,  1.76539E+00,  1.40217E+00,  1.21408E+00,  1.11550E+00,  1.06317E+00,  1.03503E+00,  1.01970E+00,  1.01124E+00,  1.00650E+00,  1.00381E+00,  1.00226E+00,  1.00136E+00,  1.00083E+00,  1.00051E+00,  1.00032E+00,  1.00020E+00,  1.00013E+00,  1.00008E+00,  1.00006E+00,  1.00004E+00,  1.00002E+00,  1.00002E+00,  1.00001E+00,  1.00001E+00,  1.00001E+00,  1.00000E+00,  1.00000E+00,  1.00000E+00,  1.00000E+00,  1.00000E+00,  1.00000E+00,  1.00000E+00,  1.00000E+00,  1.00000E+00,  1.00000E+00,  1.00000E+00,  1.00000E+00,  1.00000E+00,  1.00000E+00,  1.00000E+00,  1.00000E+00,  1.00000E+00,  1.00000E+00,  1.00000E+00,  1.00000E+00,  1.00000E+00,  1.00000E+00,  1.00000E+00,  1.00000E+00,  1.00000E+00,  1.00000E+00,  1.00000E+00,  1.00000E+00,  1.00000E+00,  1.00000E+00,  1.00000E+00,  1.00000E+00,  1.00000E+00,  1.00000E+00,  1.00000E+00,  1.00000E+00,  1.00000E+00,  1.00000E+00,  1.00000E+00
  1.00033E+00,  1.00339E+00,  1.01643E+00,  1.06105E+00,  1.22821E+00,  1.95906E+00,  5.53402E+00,  2.37142E+01,  1.12347E+02,  4.96920E+02,  1.89703E+03,  6.00093E+03,  1.54343E+04,  3.21540E+04,  5.46220E+04,  7.66881E+04,  9.05383E+04,  9.16127E+04,  8.10031E+04,  6.37659E+04,  4.54787E+04,  2.98600E+04,  1.83085E+04,  1.06171E+04,  5.88815E+03,  3.15333E+03,  1.64444E+03,  8.41162E+02,  4.24732E+02,  2.12918E+02,  1.06553E+02,  5.35503E+01,  2.72295E+01,  1.41582E+01,  7.64801E+00,  4.38839E+00,  2.74457E+00,  1.90831E+00,  1.47863E+00,  1.25542E+00,  1.13810E+00,  1.07568E+00,  1.04204E+00,  1.02367E+00,  1.01352E+00,  1.00782E+00,  1.00459E+00,  1.00273E+00,  1.00165E+00,  1.00100E+00,  1.00062E+00,  1.00039E+00,  1.00025E+00,  1.00016E+00,  1.00010E+00,  1.00007E+00,  1.00004E+00,  1.00003E+00,  1.00002E+00,  1.00001E+00,  1.00001E+00,  1.00001E+00,  1.00000E+00,  1.00000E+00,  1.00000E+00,  1.00000E+00,  1.00000E+00,  1.00000E+00,  1.00000E+00,  1.00000E+00,  1.00000E+00,  1.00000E+00,  1.00000E+00,  1.00000E+00,  1.00000E+00,  1.00000E+00,  1.00000E+00,  1.00000E+00,  1.00000E+00,  1.00000E+00,  1.00000E+00,  1.00000E+00,  1.00000E+00,  1.00000E+00,  1.00000E+00,  1.00000E+00,  1.00000E+00,  1.00000E+00,  1.00000E+00,  1.00000E+00,  1.00000E+00,  1.00000E+00,  1.00000E+00,  1.00000E+00,  1.00000E+00,  1.00000E+00,  1.00000E+00,  1.00000E+00,  1.00000E+00,  1.00000E+00,  1.00000E+00
  1.00030E+00,  1.00317E+00,  1.01547E+00,  1.05719E+00,  1.21072E+00,  1.86853E+00,  5.02690E+00,  2.08578E+01,  9.73830E+01,  4.28831E+02,  1.64143E+03,  5.23506E+03,  1.36332E+04,  2.88466E+04,  4.98734E+04,  7.13475E+04,  8.58694E+04,  8.85706E+04,  7.97926E+04,  6.39525E+04,  4.63964E+04,  3.09546E+04,  1.92652E+04,  1.13274E+04,  6.36251E+03,  3.44732E+03,  1.81696E+03,  9.38406E+02,  4.77954E+02,  2.41441E+02,  1.21623E+02,  6.14422E+01,  3.13440E+01,  1.63016E+01,  8.76685E+00,  4.97504E+00,  3.05413E+00,  2.07297E+00,  1.56701E+00,  1.30334E+00,  1.16437E+00,  1.09024E+00,  1.05021E+00,  1.02832E+00,  1.01619E+00,  1.00938E+00,  1.00551E+00,  1.00328E+00,  1.00198E+00,  1.00121E+00,  1.00075E+00,  1.00047E+00,  1.00030E+00,  1.00019E+00,  1.00012E+00,  1.00008E+00,  1.00005E+00,  1.00004E+00,  1.00002E+00,  1.00002E+00,  1.00001E+00,  1.00001E+00,  1.00001E+00,  1.00000E+00,  1.00000E+00,  1.00000E+00,  1.00000E+00,  1.00000E+00,  1.00000E+00,  1.00000E+00,  1.00000E+00,  1.00000E+00,  1.00000E+00,  1.00000E+00,  1.00000E+00,  1.00000E+00,  1.00000E+00,  1.00000E+00,  1.00000E+00,  1.00000E+00,  1.00000E+00,  1.00000E+00,  1.00000E+00,  1.00000E+00,  1.00000E+00,  1.00000E+00,  1.00000E+00,  1.00000E+00,  1.00000E+00,  1.00000E+00,  1.00000E+00,  1.00000E+00,  1.00000E+00,  1.00000E+00,  1.00000E+00,  1.00000E+00,  1.00000E+00,  1.00000E+00,  1.00000E+00,  1.00000E+00,  1.00000E+00
  1.00027E+00,  1.00297E+00,  1.01457E+00,  1.05366E+00,  1.19506E+00,  1.78911E+00,  4.58965E+00,  1.84265E+01,  8.47316E+01,  3.71271E+02,  1.42401E+03,  4.57585E+03,  1.20573E+04,  2.58936E+04,  4.55321E+04,  6.63300E+04,  8.13357E+04,  8.54756E+04,  7.84246E+04,  6.39717E+04,  4.71930E+04,  3.19855E+04,  2.02015E+04,  1.20408E+04,  6.84868E+03,  3.75372E+03,  1.99937E+03,  1.04252E+03,  5.35570E+02,  2.72624E+02,  1.38243E+02,  7.02135E+01,  3.59489E+01,  1.87153E+01,  1.00337E+01,  5.64257E+00,  3.40792E+00,  2.26187E+00,  1.66876E+00,  1.35868E+00,  1.19479E+00,  1.10715E+00,  1.05972E+00,  1.03373E+00,  1.01930E+00,  1.01120E+00,  1.00658E+00,  1.00392E+00,  1.00236E+00,  1.00144E+00,  1.00089E+00,  1.00056E+00,  1.00035E+00,  1.00023E+00,  1.00015E+00,  1.00010E+00,  1.00006E+00,  1.00004E+00,  1.00003E+00,  1.00002E+00,  1.00001E+00,  1.00001E+00,  1.00001E+00,  1.00000E+00,  1.00000E+00,  1.00000E+00,  1.00000E+00,  1.00000E+00,  1.00000E+00,  1.00000E+00,  1.00000E+00,  1.00000E+00,  1.00000E+00,  1.00000E+00,  1.00000E+00,  1.00000E+00,  1.00000E+00,  1.00000E+00,  1.00000E+00,  1.00000E+00,  1.00000E+00,  1.00000E+00,  1.00000E+00,  1.00000E+00,  1.00000E+00,  1.00000E+00,  1.00000E+00,  1.00000E+00,  1.00000E+00,  1.00000E+00,  1.00000E+00,  1.00000E+00,  1.00000E+00,  1.00000E+00,  1.00000E+00,  1.00000E+00,  1.00000E+00,  1.00000E+00,  1.00000E+00,  1.00000E+00,  1.00000E+00
  1.00025E+00,  1.00278E+00,  1.01375E+00,  1.05044E+00,  1.18100E+00,  1.71915E+00,  4.21114E+00,  1.63487E+01,  7.39952E+01,  3.22452E+02,  1.23857E+03,  4.00741E+03,  1.06770E+04,  2.32568E+04,  4.15669E+04,  6.16259E+04,  7.69505E+04,  8.23516E+04,  7.69188E+04,  6.38333E+04,  4.78696E+04,  3.29496E+04,  2.11133E+04,  1.27543E+04,  7.34498E+03,  4.07183E+03,  2.19149E+03,  1.15356E+03,  5.97701E+02,  3.06580E+02,  1.56498E+02,  7.99233E+01,  4.10819E+01,  2.14224E+01,  1.14625E+01,  6.39910E+00,  3.81063E+00,  2.47773E+00,  1.78543E+00,  1.42233E+00,  1.22987E+00,  1.12670E+00,  1.07073E+00,  1.04001E+00,  1.02293E+00,  1.01331E+00,  1.00783E+00,  1.00467E+00,  1.00282E+00,  1.00172E+00,  1.00107E+00,  1.00067E+00,  1.00042E+00,  1.00027E+00,  1.00018E+00,  1.00012E+00,  1.00008E+00,  1.00005E+00,  1.00003E+00,  1.00002E+00,  1.00002E+00,  1.00001E+00,  1.00001E+00,  1.00001E+00,  1.00000E+00,  1.00000E+00,  1.00000E+00,  1.00000E+00,  1.00000E+00,  1.00000E+00,  1.00000E+00,  1.00000E+00,  1.00000E+00,  1.00000E+00,  1.00000E+00,  1.00000E+00,  1.00000E+00,  1.00000E+00,  1.00000E+00,  1.00000E+00,  1.00000E+00,  1.00000E+00,  1.00000E+00,  1.00000E+00,  1.00000E+00,  1.00000E+00,  1.00000E+00,  1.00000E+00,  1.00000E+00,  1.00000E+00,  1.00000E+00,  1.00000E+00,  1.00000E+00,  1.00000E+00,  1.00000E+00,  1.00000E+00,  1.00000E+00,  1.00000E+00,  1.00000E+00,  1.00000E+00,  1.00000E+00
  1.00023E+00,  1.00260E+00,  1.01298E+00,  1.04748E+00,  1.16833E+00,  1.65732E+00,  3.88220E+00,  1.45661E+01,  6.48505E+01,  2.80914E+02,  1.08002E+03,  3.51633E+03,  9.46689E+03,  2.09019E+04,  3.79480E+04,  5.72240E+04,  7.27237E+04,  7.92196E+04,  7.52944E+04,  6.35474E+04,  4.84280E+04,  3.38442E+04,  2.19972E+04,  1.34652E+04,  7.84973E+03,  4.40085E+03,  2.39308E+03,  1.27154E+03,  6.64447E+02,  3.43417E+02,  1.76475E+02,  9.06311E+01,  4.67816E+01,  2.44470E+01,  1.30677E+01,  7.25320E+00,  4.26726E+00,  2.72345E+00,  1.91869E+00,  1.49526E+00,  1.27017E+00,  1.14920E+00,  1.08344E+00,  1.04726E+00,  1.02712E+00,  1.01576E+00,  1.00928E+00,  1.00554E+00,  1.00334E+00,  1.00204E+00,  1.00127E+00,  1.00079E+00,  1.00050E+00,  1.00032E+00,  1.00021E+00,  1.00014E+00,  1.00009E+00,  1.00006E+00,  1.00004E+00,  1.00003E+00,  1.00002E+00,  1.00001E+00,  1.00001E+00,  1.00001E+00,  1.00000E+00,  1.00000E+00,  1.00000E+00,  1.00000E+00,  1.00000E+00,  1.00000E+00,  1.00000E+00,  1.00000E+00,  1.00000E+00,  1.00000E+00,  1.00000E+00,  1.00000E+00,  1.00000E+00,  1.00000E+00,  1.00000E+00,  1.00000E+00,  1.00000E+00,  1.00000E+00,  1.00000E+00,  1.00000E+00,  1.00000E+00,  1.00000E+00,  1.00000E+00,  1.00000E+00,  1.00000E+00,  1.00000E+00,  1.00000E+00,  1.00000E+00,  1.00000E+00,  1.00000E+00,  1.00000E+00,  1.00000E+00,  1.00000E+00,  1.00000E+00,  1.00000E+00,  1.00000E+00,  1.00000E+00
  1.00021E+00,  1.00244E+00,  1.01227E+00,  1.04476E+00,  1.15689E+00,  1.60248E+00,  3.59528E+00,  1.30309E+01,  5.70339E+01,  2.45463E+02,  9.44100E+02,  3.09133E+03,  8.40479E+03,  1.87982E+04,  3.46473E+04,  5.31119E+04,  6.86623E+04,  7.60979E+04,  7.35694E+04,  6.31246E+04,  4.88708E+04,  3.46672E+04,  2.28497E+04,  1.41705E+04,  8.36117E+03,  4.73996E+03,  2.60386E+03,  1.39645E+03,  7.35893E+02,  3.83233E+02,  1.98255E+02,  1.02396E+02,  5.30873E+01,  2.78138E+01,  1.48643E+01,  8.21389E+00,  4.78314E+00,  3.00213E+00,  2.07036E+00,  1.57851E+00,  1.31630E+00,  1.17503E+00,  1.09805E+00,  1.05563E+00,  1.03196E+00,  1.01860E+00,  1.01096E+00,  1.00654E+00,  1.00395E+00,  1.00242E+00,  1.00150E+00,  1.00094E+00,  1.00060E+00,  1.00038E+00,  1.00025E+00,  1.00016E+00,  1.00011E+00,  1.00007E+00,  1.00005E+00,  1.00003E+00,  1.00002E+00,  1.00002E+00,  1.00001E+00,  1.00001E+00,  1.00001E+00,  1.00000E+00,  1.00000E+00,  1.00000E+00,  1.00000E+00,  1.00000E+00,  1.00000E+00,  1.00000E+00,  1.00000E+00,  1.00000E+00,  1.00000E+00,  1.00000E+00,  1.00000E+00,  1.00000E+00,  1.00000E+00,  1.00000E+00,  1.00000E+00,  1.00000E+00,  1.00000E+00,  1.00000E+00,  1.00000E+00,  1.00000E+00,  1.00000E+00,  1.00000E+00,  1.00000E+00,  1.00000E+00,  1.00000E+00,  1.00000E+00,  1.00000E+00,  1.00000E+00,  1.00000E+00,  1.00000E+00,  1.00000E+00,  1.00000E+00,  1.00000E+00,  1.00000E+00,  1.00000E+00
  1.00020E+00,  1.00229E+00,  1.01161E+00,  1.04226E+00,  1.14652E+00,  1.55368E+00,  3.34411E+00,  1.17041E+01,  5.03297E+01,  2.15113E+02,  8.27299E+02,  2.72282E+03,  7.47158E+03,  1.69184E+04,  3.16382E+04,  4.92761E+04,  6.47708E+04,  7.30027E+04,  7.17609E+04,  6.25756E+04,  4.92013E+04,  3.54172E+04,  2.36678E+04,  1.48676E+04,  8.87755E+03,  5.08825E+03,  2.82350E+03,  1.52825E+03,  8.12106E+02,  4.26119E+02,  2.21918E+02,  1.15277E+02,  6.00388E+01,  3.15483E+01,  1.68681E+01,  9.29063E+00,  5.36387E+00,  3.31708E+00,  2.24236E+00,  1.67322E+00,  1.36893E+00,  1.20456E+00,  1.11480E+00,  1.06522E+00,  1.03752E+00,  1.02186E+00,  1.01289E+00,  1.00770E+00,  1.00466E+00,  1.00285E+00,  1.00177E+00,  1.00111E+00,  1.00070E+00,  1.00045E+00,  1.00029E+00,  1.00019E+00,  1.00013E+00,  1.00009E+00,  1.00006E+00,  1.00004E+00,  1.00003E+00,  1.00002E+00,  1.00001E+00,  1.00001E+00,  1.00001E+00,  1.00000E+00,  1.00000E+00,  1.00000E+00,  1.00000E+00,  1.00000E+00,  1.00000E+00,  1.00000E+00,  1.00000E+00,  1.00000E+00,  1.00000E+00,  1.00000E+00,  1.00000E+00,  1.00000E+00,  1.00000E+00,  1.00000E+00,  1.00000E+00,  1.00000E+00,  1.00000E+00,  1.00000E+00,  1.00000E+00,  1.00000E+00,  1.00000E+00,  1.00000E+00,  1.00000E+00,  1.00000E+00,  1.00000E+00,  1.00000E+00,  1.00000E+00,  1.00000E+00,  1.00000E+00,  1.00000E+00,  1.00000E+00,  1.00000E+00,  1.00000E+00,  1.00000E+00,  1.00000E+00
  1.00018E+00,  1.00215E+00,  1.01099E+00,  1.03995E+00,  1.13710E+00,  1.51011E+00,  3.12348E+00,  1.05534E+01,  4.45604E+01,  1.89054E+02,  7.26681E+02,  2.40272E+03,  6.65070E+03,  1.52379E+04,  2.88963E+04,  4.57028E+04,  6.10514E+04,  6.99479E+04,  6.98845E+04,  6.19111E+04,  4.94236E+04,  3.60936E+04,  2.44489E+04,  1.55539E+04,  9.39712E+03,  5.44479E+03,  3.05161E+03,  1.66684E+03,  8.93134E+02,  4.72158E+02,  2.47540E+02,  1.29331E+02,  6.76759E+01,  3.56765E+01,  1.90952E+01,  1.04933E+01,  6.01537E+00,  3.67179E+00,  2.43675E+00,  1.78058E+00,  1.42875E+00,  1.23821E+00,  1.13392E+00,  1.07621E+00,  1.04390E+00,  1.02560E+00,  1.01512E+00,  1.00904E+00,  1.00547E+00,  1.00335E+00,  1.00208E+00,  1.00130E+00,  1.00083E+00,  1.00053E+00,  1.00034E+00,  1.00023E+00,  1.00015E+00,  1.00010E+00,  1.00007E+00,  1.00005E+00,  1.00003E+00,  1.00002E+00,  1.00002E+00,  1.00001E+00,  1.00001E+00,  1.00001E+00,  1.00000E+00,  1.00000E+00,  1.00000E+00,  1.00000E+00,  1.00000E+00,  1.00000E+00,  1.00000E+00,  1.00000E+00,  1.00000E+00,  1.00000E+00,  1.00000E+00,  1.00000E+00,  1.00000E+00,  1.00000E+00,  1.00000E+00,  1.00000E+00,  1.00000E+00,  1.00000E+00,  1.00000E+00,  1.00000E+00,  1.00000E+00,  1.00000E+00,  1.00000E+00,  1.00000E+00,  1.00000E+00,  1.00000E+00,  1.00000E+00,  1.00000E+00,  1.00000E+00,  1.00000E+00,  1.00000E+00,  1.00000E+00,  1.00000E+00,  1.00000E+00,  1.00000E+00
  1.00017E+00,  1.00202E+00,  1.01041E+00,  1.03781E+00,  1.12853E+00,  1.47111E+00,  2.92905E+00,  9.55204E+00,  3.95796E+01,  1.66614E+02,  6.39796E+02,  2.12417E+03,  5.92779E+03,  1.37349E+04,  2.63984E+04,  4.23779E+04,  5.75047E+04,  6.69454E+04,  6.79552E+04,  6.11417E+04,  4.95418E+04,  3.66959E+04,  2.51908E+04,  1.62271E+04,  9.91812E+03,  5.80858E+03,  3.28777E+03,  1.81213E+03,  9.79004E+02,  5.21421E+02,  2.75193E+02,  1.44616E+02,  7.60388E+01,  4.02247E+01,  2.15626E+01,  1.18322E+01,  6.74387E+00,  4.06997E+00,  2.65574E+00,  1.90191E+00,  1.49654E+00,  1.27643E+00,  1.15569E+00,  1.08873E+00,  1.05119E+00,  1.02989E+00,  1.01767E+00,  1.01057E+00,  1.00640E+00,  1.00392E+00,  1.00243E+00,  1.00153E+00,  1.00097E+00,  1.00062E+00,  1.00040E+00,  1.00026E+00,  1.00018E+00,  1.00012E+00,  1.00008E+00,  1.00005E+00,  1.00004E+00,  1.00003E+00,  1.00002E+00,  1.00001E+00,  1.00001E+00,  1.00001E+00,  1.00000E+00,  1.00000E+00,  1.00000E+00,  1.00000E+00,  1.00000E+00,  1.00000E+00,  1.00000E+00,  1.00000E+00,  1.00000E+00,  1.00000E+00,  1.00000E+00,  1.00000E+00,  1.00000E+00,  1.00000E+00,  1.00000E+00,  1.00000E+00,  1.00000E+00,  1.00000E+00,  1.00000E+00,  1.00000E+00,  1.00000E+00,  1.00000E+00,  1.00000E+00,  1.00000E+00,  1.00000E+00,  1.00000E+00,  1.00000E+00,  1.00000E+00,  1.00000E+00,  1.00000E+00,  1.00000E+00,  1.00000E+00,  1.00000E+00,  1.00000E+00,  1.00000E+00
  1.00015E+00,  1.00189E+00,  1.00987E+00,  1.03583E+00,  1.12070E+00,  1.43608E+00,  2.75715E+00,  8.67779E+00,  3.52661E+01,  1.47238E+02,  5.64592E+02,  1.88134E+03,  5.29041E+03,  1.23901E+04,  2.41234E+04,  3.92874E+04,  5.41294E+04,  6.40049E+04,  6.59864E+04,  6.02778E+04,  4.95609E+04,  3.72245E+04,  2.58914E+04,  1.68847E+04,  1.04388E+04,  6.17863E+03,  3.53150E+03,  1.96396E+03,  1.06973E+03,  5.73972E+02,  3.04945E+02,  1.61188E+02,  8.51676E+01,  4.52199E+01,  2.42873E+01,  1.33180E+01,  7.55586E+00,  4.51555E+00,  2.90164E+00,  2.03857E+00,  1.57311E+00,  1.31972E+00,  1.18039E+00,  1.10298E+00,  1.05948E+00,  1.03477E+00,  1.02057E+00,  1.01232E+00,  1.00747E+00,  1.00458E+00,  1.00284E+00,  1.00178E+00,  1.00113E+00,  1.00073E+00,  1.00047E+00,  1.00031E+00,  1.00021E+00,  1.00014E+00,  1.00009E+00,  1.00006E+00,  1.00004E+00,  1.00003E+00,  1.00002E+00,  1.00002E+00,  1.00001E+00,  1.00001E+00,  1.00001E+00,  1.00000E+00,  1.00000E+00,  1.00000E+00,  1.00000E+00,  1.00000E+00,  1.00000E+00,  1.00000E+00,  1.00000E+00,  1.00000E+00,  1.00000E+00,  1.00000E+00,  1.00000E+00,  1.00000E+00,  1.00000E+00,  1.00000E+00,  1.00000E+00,  1.00000E+00,  1.00000E+00,  1.00000E+00,  1.00000E+00,  1.00000E+00,  1.00000E+00,  1.00000E+00,  1.00000E+00,  1.00000E+00,  1.00000E+00,  1.00000E+00,  1.00000E+00,  1.00000E+00,  1.00000E+00,  1.00000E+00,  1.00000E+00,  1.00000E+00,  1.00000E+00
  1.00014E+00,  1.00178E+00,  1.00937E+00,  1.03399E+00,  1.11353E+00,  1.40455E+00,  2.60473E+00,  7.91212E+00,  3.15193E+01,  1.30460E+02,  4.99349E+02,  1.66927E+03,  4.72777E+03,  1.11860E+04,  2.20517E+04,  3.64171E+04,  5.09232E+04,  6.11348E+04,  6.39905E+04,  5.93295E+04,  4.94858E+04,  3.76801E+04,  2.65493E+04,  1.75248E+04,  1.09576E+04,  6.55389E+03,  3.78231E+03,  2.12216E+03,  1.16529E+03,  6.29861E+02,  3.36858E+02,  1.79099E+02,  9.51021E+01,  5.06893E+01,  2.72870E+01,  1.49619E+01,  8.45815E+00,  5.01262E+00,  3.17693E+00,  2.19205E+00,  1.65934E+00,  1.36859E+00,  1.20835E+00,  1.11912E+00,  1.06891E+00,  1.04033E+00,  1.02389E+00,  1.01432E+00,  1.00868E+00,  1.00533E+00,  1.00331E+00,  1.00208E+00,  1.00132E+00,  1.00085E+00,  1.00055E+00,  1.00036E+00,  1.00024E+00,  1.00016E+00,  1.00011E+00,  1.00007E+00,  1.00005E+00,  1.00004E+00,  1.00002E+00,  1.00002E+00,  1.00001E+00,  1.00001E+00,  1.00001E+00,  1.00000E+00,  1.00000E+00,  1.00000E+00,  1.00000E+00,  1.00000E+00,  1.00000E+00,  1.00000E+00,  1.00000E+00,  1.00000E+00,  1.00000E+00,  1.00000E+00,  1.00000E+00,  1.00000E+00,  1.00000E+00,  1.00000E+00,  1.00000E+00,  1.00000E+00,  1.00000E+00,  1.00000E+00,  1.00000E+00,  1.00000E+00,  1.00000E+00,  1.00000E+00,  1.00000E+00,  1.00000E+00,  1.00000E+00,  1.00000E+00,  1.00000E+00,  1.00000E+00,  1.00000E+00,  1.00000E+00,  1.00000E+00,  1.00000E+00,  1.00000E+00
  1.00013E+00,  1.00168E+00,  1.00890E+00,  1.03228E+00,  1.10696E+00,  1.37608E+00,  2.46916E+00,  7.23952E+00,  2.82550E+01,  1.15893E+02,  4.42620E+02,  1.48374E+03,  4.23052E+03,  1.01074E+04,  2.01652E+04,  3.37537E+04,  4.78827E+04,  5.83416E+04,  6.19787E+04,  5.83067E+04,  4.93220E+04,  3.80637E+04,  2.71630E+04,  1.81454E+04,  1.14728E+04,  6.93333E+03,  4.03967E+03,  2.28653E+03,  1.26567E+03,  6.89131E+02,  3.70991E+02,  1.98402E+02,  1.05882E+02,  5.66601E+01,  3.05796E+01,  1.67751E+01,  9.45782E+00,  5.56550E+00,  3.48421E+00,  2.36390E+00,  1.75616E+00,  1.42359E+00,  1.23988E+00,  1.13737E+00,  1.07957E+00,  1.04663E+00,  1.02765E+00,  1.01659E+00,  1.01007E+00,  1.00618E+00,  1.00384E+00,  1.00241E+00,  1.00153E+00,  1.00098E+00,  1.00064E+00,  1.00042E+00,  1.00028E+00,  1.00019E+00,  1.00013E+00,  1.00009E+00,  1.00006E+00,  1.00004E+00,  1.00003E+00,  1.00002E+00,  1.00001E+00,  1.00001E+00,  1.00001E+00,  1.00001E+00,  1.00000E+00,  1.00000E+00,  1.00000E+00,  1.00000E+00,  1.00000E+00,  1.00000E+00,  1.00000E+00,  1.00000E+00,  1.00000E+00,  1.00000E+00,  1.00000E+00,  1.00000E+00,  1.00000E+00,  1.00000E+00,  1.00000E+00,  1.00000E+00,  1.00000E+00,  1.00000E+00,  1.00000E+00,  1.00000E+00,  1.00000E+00,  1.00000E+00,  1.00000E+00,  1.00000E+00,  1.00000E+00,  1.00000E+00,  1.00000E+00,  1.00000E+00,  1.00000E+00,  1.00000E+00,  1.00000E+00,  1.00000E+00,  1.00000E+00
  1.00012E+00,  1.00158E+00,  1.00845E+00,  1.03069E+00,  1.10092E+00,  1.35031E+00,  2.34826E+00,  6.64695E+00,  2.54031E+01,  1.03213E+02,  3.93183E+02,  1.32114E+03,  3.79052E+03,  9.14053E+03,  1.84474E+04,  3.12837E+04,  4.50038E+04,  5.56306E+04,  5.99612E+04,  5.72187E+04,  4.90748E+04,  3.83769E+04,  2.77316E+04,  1.87447E+04,  1.19828E+04,  7.31589E+03,  4.30301E+03,  2.45684E+03,  1.37081E+03,  7.51810E+02,  4.07396E+02,  2.19147E+02,  1.17545E+02,  6.31600E+01,  3.41836E+01,  1.87696E+01,  1.05622E+01,  6.17871E+00,  3.82621E+00,  2.55578E+00,  1.86457E+00,  1.48533E+00,  1.27535E+00,  1.15794E+00,  1.09162E+00,  1.05376E+00,  1.03191E+00,  1.01916E+00,  1.01164E+00,  1.00715E+00,  1.00444E+00,  1.00279E+00,  1.00177E+00,  1.00114E+00,  1.00074E+00,  1.00049E+00,  1.00032E+00,  1.00022E+00,  1.00015E+00,  1.00010E+00,  1.00007E+00,  1.00005E+00,  1.00003E+00,  1.00002E+00,  1.00002E+00,  1.00001E+00,  1.00001E+00,  1.00001E+00,  1.00000E+00,  1.00000E+00,  1.00000E+00,  1.00000E+00,  1.00000E+00,  1.00000E+00,  1.00000E+00,  1.00000E+00,  1.00000E+00,  1.00000E+00,  1.00000E+00,  1.00000E+00,  1.00000E+00,  1.00000E+00,  1.00000E+00,  1.00000E+00,  1.00000E+00,  1.00000E+00,  1.00000E+00,  1.00000E+00,  1.00000E+00,  1.00000E+00,  1.00000E+00,  1.00000E+00,  1.00000E+00,  1.00000E+00,  1.00000E+00,  1.00000E+00,  1.00000E+00,  1.00000E+00,  1.00000E+00,  1.00000E+00,  1.00000E+00
  1.00011E+00,  1.00149E+00,  1.00804E+00,  1.02920E+00,  1.09536E+00,  1.32693E+00,  2.24014E+00,  6.12342E+00,  2.29046E+01,  9.21480E+01,  3.50007E+02,  1.17839E+03,  3.40070E+03,  8.27327E+03,  1.68830E+04,  2.89946E+04,  4.22814E+04,  5.30059E+04,  5.79471E+04,  5.60745E+04,  4.87498E+04,  3.86213E+04,  2.82546E+04,  1.93212E+04,  1.24861E+04,  7.70052E+03,  4.57174E+03,  2.63283E+03,  1.48064E+03,  8.17917E+02,  4.46118E+02,  2.41380E+02,  1.30130E+02,  7.02162E+01,  3.81175E+01,  2.09572E+01,  1.17789E+01,  6.85695E+00,  4.20583E+00,  2.76943E+00,  1.98562E+00,  1.55445E+00,  1.31515E+00,  1.18107E+00,  1.10519E+00,  1.06180E+00,  1.03672E+00,  1.02207E+00,  1.01341E+00,  1.00825E+00,  1.00513E+00,  1.00322E+00,  1.00205E+00,  1.00132E+00,  1.00086E+00,  1.00056E+00,  1.00037E+00,  1.00025E+00,  1.00017E+00,  1.00012E+00,  1.00008E+00,  1.00006E+00,  1.00004E+00,  1.00003E+00,  1.00002E+00,  1.00001E+00,  1.00001E+00,  1.00001E+00,  1.00001E+00,  1.00000E+00,  1.00000E+00,  1.00000E+00,  1.00000E+00,  1.00000E+00,  1.00000E+00,  1.00000E+00,  1.00000E+00,  1.00000E+00,  1.00000E+00,  1.00000E+00,  1.00000E+00,  1.00000E+00,  1.00000E+00,  1.00000E+00,  1.00000E+00,  1.00000E+00,  1.00000E+00,  1.00000E+00,  1.00000E+00,  1.00000E+00,  1.00000E+00,  1.00000E+00,  1.00000E+00,  1.00000E+00,  1.00000E+00,  1.00000E+00,  1.00000E+00,  1.00000E+00,  1.00000E+00,  1.00000E+00,  1.00000E+00
  1.00010E+00,  1.00140E+00,  1.00765E+00,  1.02781E+00,  1.09022E+00,  1.30567E+00,  2.14319E+00,  5.65961E+00,  2.07098E+01,  8.24679E+01,  3.12218E+02,  1.05286E+03,  3.05493E+03,  7.49483E+03,  1.54582E+04,  2.68742E+04,  3.97103E+04,  5.04702E+04,  5.59444E+04,  5.48824E+04,  4.83526E+04,  3.87991E+04,  2.87314E+04,  1.98734E+04,  1.29813E+04,  8.08618E+03,  4.84526E+03,  2.81423E+03,  1.59509E+03,  8.87460E+02,  4.87199E+02,  2.65146E+02,  1.43674E+02,  7.78562E+01,  4.24001E+01,  2.33505E+01,  1.31158E+01,  7.60513E+00,  4.62607E+00,  3.00669E+00,  2.12043E+00,  1.63162E+00,  1.35968E+00,  1.20700E+00,  1.12042E+00,  1.07084E+00,  1.04214E+00,  1.02535E+00,  1.01542E+00,  1.00949E+00,  1.00590E+00,  1.00371E+00,  1.00236E+00,  1.00152E+00,  1.00099E+00,  1.00065E+00,  1.00043E+00,  1.00029E+00,  1.00019E+00,  1.00013E+00,  1.00009E+00,  1.00006E+00,  1.00004E+00,  1.00003E+00,  1.00002E+00,  1.00002E+00,  1.00001E+00,  1.00001E+00,  1.00001E+00,  1.00000E+00,  1.00000E+00,  1.00000E+00,  1.00000E+00,  1.00000E+00,  1.00000E+00,  1.00000E+00,  1.00000E+00,  1.00000E+00,  1.00000E+00,  1.00000E+00,  1.00000E+00,  1.00000E+00,  1.00000E+00,  1.00000E+00,  1.00000E+00,  1.00000E+00,  1.00000E+00,  1.00000E+00,  1.00000E+00,  1.00000E+00,  1.00000E+00,  1.00000E+00,  1.00000E+00,  1.00000E+00,  1.00000E+00,  1.00000E+00,  1.00000E+00,  1.00000E+00,  1.00000E+00,  1.00000E+00,  1.00000E+00
  1.00009E+00,  1.00132E+00,  1.00728E+00,  1.02651E+00,  1.08547E+00,  1.28629E+00,  2.05605E+00,  5.24763E+00,  1.87768E+01,  7.39791E+01,  2.79075E+02,  9.42272E+02,  2.74785E+03,  6.79561E+03,  1.41604E+04,  2.49108E+04,  3.72848E+04,  4.80256E+04,  5.39602E+04,  5.36505E+04,  4.78887E+04,  3.89126E+04,  2.91620E+04,  2.04001E+04,  1.34670E+04,  8.47183E+03,  5.12296E+03,  3.00074E+03,  1.71404E+03,  9.60434E+02,  5.30673E+02,  2.90486E+02,  1.58212E+02,  8.61070E+01,  4.70502E+01,  2.59618E+01,  1.45810E+01,  8.42832E+00,  5.09008E+00,  3.26949E+00,  2.27018E+00,  1.71755E+00,  1.40939E+00,  1.23599E+00,  1.13750E+00,  1.08098E+00,  1.04823E+00,  1.02904E+00,  1.01768E+00,  1.01089E+00,  1.00678E+00,  1.00427E+00,  1.00271E+00,  1.00174E+00,  1.00113E+00,  1.00074E+00,  1.00049E+00,  1.00033E+00,  1.00022E+00,  1.00015E+00,  1.00011E+00,  1.00007E+00,  1.00005E+00,  1.00004E+00,  1.00003E+00,  1.00002E+00,  1.00001E+00,  1.00001E+00,  1.00001E+00,  1.00001E+00,  1.00000E+00,  1.00000E+00,  1.00000E+00,  1.00000E+00,  1.00000E+00,  1.00000E+00,  1.00000E+00,  1.00000E+00,  1.00000E+00,  1.00000E+00,  1.00000E+00,  1.00000E+00,  1.00000E+00,  1.00000E+00,  1.00000E+00,  1.00000E+00,  1.00000E+00,  1.00000E+00,  1.00000E+00,  1.00000E+00,  1.00000E+00,  1.00000E+00,  1.00000E+00,  1.00000E+00,  1.00000E+00,  1.00000E+00,  1.00000E+00,  1.00000E+00,  1.00000E+00,  1.00000E+00,  1.00000E+00
  1.00009E+00,  1.00125E+00,  1.00694E+00,  1.02529E+00,  1.08108E+00,  1.26859E+00,  1.97753E+00,  4.88075E+00,  1.70700E+01,  6.65174E+01,  2.49948E+02,  8.44696E+02,  2.47479E+03,  6.16708E+03,  1.29779E+04,  2.30934E+04,  3.49988E+04,  4.56731E+04,  5.20009E+04,  5.23862E+04,  4.73636E+04,  3.89642E+04,  2.95464E+04,  2.09003E+04,  1.39420E+04,  8.85647E+03,  5.40419E+03,  3.19203E+03,  1.83739E+03,  1.03682E+03,  5.76566E+02,  3.17438E+02,  1.73780E+02,  9.49954E+01,  5.20870E+01,  2.88041E+01,  1.61827E+01,  9.33180E+00,  5.60115E+00,  3.55987E+00,  2.43611E+00,  1.81302E+00,  1.46473E+00,  1.26835E+00,  1.15658E+00,  1.09234E+00,  1.05505E+00,  1.03318E+00,  1.02022E+00,  1.01246E+00,  1.00776E+00,  1.00489E+00,  1.00311E+00,  1.00200E+00,  1.00130E+00,  1.00085E+00,  1.00057E+00,  1.00038E+00,  1.00026E+00,  1.00017E+00,  1.00012E+00,  1.00008E+00,  1.00006E+00,  1.00004E+00,  1.00003E+00,  1.00002E+00,  1.00002E+00,  1.00001E+00,  1.00001E+00,  1.00001E+00,  1.00000E+00,  1.00000E+00,  1.00000E+00,  1.00000E+00,  1.00000E+00,  1.00000E+00,  1.00000E+00,  1.00000E+00,  1.00000E+00,  1.00000E+00,  1.00000E+00,  1.00000E+00,  1.00000E+00,  1.00000E+00,  1.00000E+00,  1.00000E+00,  1.00000E+00,  1.00000E+00,  1.00000E+00,  1.00000E+00,  1.00000E+00,  1.00000E+00,  1.00000E+00,  1.00000E+00,  1.00000E+00,  1.00000E+00,  1.00000E+00,  1.00000E+00,  1.00000E+00,  1.00000E+00,  1.00000E+00
  1.00008E+00,  1.00118E+00,  1.00661E+00,  1.02414E+00,  1.07699E+00,  1.25238E+00,  1.90661E+00,  4.55323E+00,  1.55593E+01,  5.99435E+01,  2.24297E+02,  7.58455E+02,  2.23170E+03,  5.60168E+03,  1.19003E+04,  2.14118E+04,  3.28462E+04,  4.34130E+04,  5.00717E+04,  5.10965E+04,  4.67828E+04,  3.89567E+04,  2.98851E+04,  2.13730E+04,  1.44050E+04,  9.23911E+03,  5.68833E+03,  3.38777E+03,  1.96498E+03,  1.11660E+03,  6.24900E+02,  3.46037E+02,  1.90411E+02,  1.04548E+02,  5.75294E+01,  3.18903E+01,  1.79295E+01,  1.03210E+01,  6.16268E+00,  3.87993E+00,  2.61953E+00,  1.91881E+00,  1.52620E+00,  1.30435E+00,  1.17785E+00,  1.10503E+00,  1.06269E+00,  1.03782E+00,  1.02307E+00,  1.01422E+00,  1.00887E+00,  1.00559E+00,  1.00356E+00,  1.00229E+00,  1.00149E+00,  1.00098E+00,  1.00065E+00,  1.00043E+00,  1.00029E+00,  1.00020E+00,  1.00014E+00,  1.00010E+00,  1.00007E+00,  1.00005E+00,  1.00003E+00,  1.00002E+00,  1.00002E+00,  1.00001E+00,  1.00001E+00,  1.00001E+00,  1.00001E+00,  1.00000E+00,  1.00000E+00,  1.00000E+00,  1.00000E+00,  1.00000E+00,  1.00000E+00,  1.00000E+00,  1.00000E+00,  1.00000E+00,  1.00000E+00,  1.00000E+00,  1.00000E+00,  1.00000E+00,  1.00000E+00,  1.00000E+00,  1.00000E+00,  1.00000E+00,  1.00000E+00,  1.00000E+00,  1.00000E+00,  1.00000E+00,  1.00000E+00,  1.00000E+00,  1.00000E+00,  1.00000E+00,  1.00000E+00,  1.00000E+00,  1.00000E+00,  1.00000E+00,  1.00000E+00
  1.00008E+00,  1.00111E+00,  1.00630E+00,  1.02307E+00,  1.07320E+00,  1.23752E+00,  1.84241E+00,  4.26014E+00,  1.42190E+01,  5.41389E+01,  2.01664E+02,  6.82110E+02,  2.01502E+03,  5.09267E+03,  1.09179E+04,  1.98560E+04,  3.08210E+04,  4.12451E+04,  4.81773E+04,  4.97877E+04,  4.61515E+04,  3.88928E+04,  3.01786E+04,  2.18176E+04,  1.48550E+04,  9.61879E+03,  5.97472E+03,  3.58761E+03,  2.09667E+03,  1.19973E+03,  6.75689E+02,  3.76314E+02,  2.08135E+02,  1.14790E+02,  6.33963E+01,  3.52334E+01,  1.98300E+01,  1.14015E+01,  6.77823E+00,  4.23190E+00,  2.82181E+00,  2.03578E+00,  1.59432E+00,  1.34434E+00,  1.20152E+00,  1.11916E+00,  1.07121E+00,  1.04301E+00,  1.02625E+00,  1.01620E+00,  1.01010E+00,  1.00637E+00,  1.00406E+00,  1.00261E+00,  1.00170E+00,  1.00112E+00,  1.00074E+00,  1.00050E+00,  1.00034E+00,  1.00023E+00,  1.00016E+00,  1.00011E+00,  1.00008E+00,  1.00005E+00,  1.00004E+00,  1.00003E+00,  1.00002E+00,  1.00001E+00,  1.00001E+00,  1.00001E+00,  1.00001E+00,  1.00000E+00,  1.00000E+00,  1.00000E+00,  1.00000E+00,  1.00000E+00,  1.00000E+00,  1.00000E+00,  1.00000E+00,  1.00000E+00,  1.00000E+00,  1.00000E+00,  1.00000E+00,  1.00000E+00,  1.00000E+00,  1.00000E+00,  1.00000E+00,  1.00000E+00,  1.00000E+00,  1.00000E+00,  1.00000E+00,  1.00000E+00,  1.00000E+00,  1.00000E+00,  1.00000E+00,  1.00000E+00,  1.00000E+00,  1.00000E+00,  1.00000E+00,  1.00000E+00,  1.00000E+00
  1.00007E+00,  1.00105E+00,  1.00601E+00,  1.02206E+00,  1.06967E+00,  1.22386E+00,  1.78417E+00,  3.99727E+00,  1.30271E+01,  4.90024E+01,  1.81655E+02,  6.14416E+02,  1.82164E+03,  4.63407E+03,  1.00221E+04,  1.84169E+04,  2.89170E+04,  3.91685E+04,  4.63217E+04,  4.84659E+04,  4.54749E+04,  3.87753E+04,  3.04276E+04,  2.22335E+04,  1.52910E+04,  9.99459E+03,  6.26272E+03,  3.79119E+03,  2.23230E+03,  1.28616E+03,  7.28939E+02,  4.08297E+02,  2.26984E+02,  1.25747E+02,  6.97068E+01,  3.88468E+01,  2.18932E+01,  1.25791E+01,  7.45146E+00,  4.61808E+00,  3.04438E+00,  2.16482E+00,  1.66964E+00,  1.38864E+00,  1.22779E+00,  1.13487E+00,  1.08069E+00,  1.04878E+00,  1.02981E+00,  1.01841E+00,  1.01149E+00,  1.00724E+00,  1.00462E+00,  1.00297E+00,  1.00193E+00,  1.00127E+00,  1.00084E+00,  1.00056E+00,  1.00038E+00,  1.00026E+00,  1.00018E+00,  1.00012E+00,  1.00009E+00,  1.00006E+00,  1.00004E+00,  1.00003E+00,  1.00002E+00,  1.00002E+00,  1.00001E+00,  1.00001E+00,  1.00001E+00,  1.00001E+00,  1.00000E+00,  1.00000E+00,  1.00000E+00,  1.00000E+00,  1.00000E+00,  1.00000E+00,  1.00000E+00,  1.00000E+00,  1.00000E+00,  1.00000E+00,  1.00000E+00,  1.00000E+00,  1.00000E+00,  1.00000E+00,  1.00000E+00,  1.00000E+00,  1.00000E+00,  1.00000E+00,  1.00000E+00,  1.00000E+00,  1.00000E+00,  1.00000E+00,  1.00000E+00,  1.00000E+00,  1.00000E+00,  1.00000E+00,  1.00000E+00,  1.00000E+00,  1.00000E+00
  1.00006E+00,  1.00099E+00,  1.00574E+00,  1.02111E+00,  1.06638E+00,  1.21128E+00,  1.73122E+00,  3.76095E+00,  1.19648E+01,  4.44474E+01,  1.63932E+02,  5.54298E+02,  1.64886E+03,  4.22056E+03,  9.20491E+03,  1.70859E+04,  2.71280E+04,  3.71819E+04,  4.45081E+04,  4.71364E+04,  4.47577E+04,  3.86073E+04,  3.06331E+04,  2.26202E+04,  1.57120E+04,  1.03656E+04,  6.55171E+03,  3.99812E+03,  2.37168E+03,  1.37583E+03,  7.84652E+02,  4.42008E+02,  2.46984E+02,  1.37444E+02,  7.64794E+01,  4.27436E+01,  2.41280E+01,  1.38596E+01,  8.18615E+00,  5.04086E+00,  3.28875E+00,  2.30685E+00,  1.75274E+00,  1.43761E+00,  1.25688E+00,  1.15230E+00,  1.09123E+00,  1.05521E+00,  1.03377E+00,  1.02087E+00,  1.01303E+00,  1.00822E+00,  1.00524E+00,  1.00338E+00,  1.00220E+00,  1.00144E+00,  1.00096E+00,  1.00064E+00,  1.00043E+00,  1.00030E+00,  1.00020E+00,  1.00014E+00,  1.00010E+00,  1.00007E+00,  1.00005E+00,  1.00004E+00,  1.00003E+00,  1.00002E+00,  1.00001E+00,  1.00001E+00,  1.00001E+00,  1.00001E+00,  1.00000E+00,  1.00000E+00,  1.00000E+00,  1.00000E+00,  1.00000E+00,  1.00000E+00,  1.00000E+00,  1.00000E+00,  1.00000E+00,  1.00000E+00,  1.00000E+00,  1.00000E+00,  1.00000E+00,  1.00000E+00,  1.00000E+00,  1.00000E+00,  1.00000E+00,  1.00000E+00,  1.00000E+00,  1.00000E+00,  1.00000E+00,  1.00000E+00,  1.00000E+00,  1.00000E+00,  1.00000E+00,  1.00000E+00,  1.00000E+00,  1.00000E+00,  1.00000E+00
  1.00006E+00,  1.00094E+00,  1.00548E+00,  1.02021E+00,  1.06330E+00,  1.19967E+00,  1.68299E+00,  3.54806E+00,  1.10159E+01,  4.03997E+01,  1.48204E+02,  5.00826E+02,  1.49428E+03,  3.84741E+03,  8.45917E+03,  1.58551E+04,  2.54481E+04,  3.52836E+04,  4.27392E+04,  4.58042E+04,  4.40049E+04,  3.83916E+04,  3.07960E+04,  2.29776E+04,  1.61172E+04,  1.07311E+04,  6.84103E+03,  4.20802E+03,  2.51463E+03,  1.46867E+03,  8.42820E+02,  4.77469E+02,  2.68162E+02,  1.49903E+02,  8.37327E+01,  4.69373E+01,  2.65434E+01,  1.52492E+01,  8.98622E+00,  5.50274E+00,  3.55648E+00,  2.46287E+00,  1.84423E+00,  1.49165E+00,  1.28904E+00,  1.17160E+00,  1.10291E+00,  1.06235E+00,  1.03816E+00,  1.02360E+00,  1.01475E+00,  1.00931E+00,  1.00594E+00,  1.00383E+00,  1.00249E+00,  1.00164E+00,  1.00109E+00,  1.00073E+00,  1.00049E+00,  1.00034E+00,  1.00023E+00,  1.00016E+00,  1.00011E+00,  1.00008E+00,  1.00006E+00,  1.00004E+00,  1.00003E+00,  1.00002E+00,  1.00002E+00,  1.00001E+00,  1.00001E+00,  1.00001E+00,  1.00000E+00,  1.00000E+00,  1.00000E+00,  1.00000E+00,  1.00000E+00,  1.00000E+00,  1.00000E+00,  1.00000E+00,  1.00000E+00,  1.00000E+00,  1.00000E+00,  1.00000E+00,  1.00000E+00,  1.00000E+00,  1.00000E+00,  1.00000E+00,  1.00000E+00,  1.00000E+00,  1.00000E+00,  1.00000E+00,  1.00000E+00,  1.00000E+00,  1.00000E+00,  1.00000E+00,  1.00000E+00,  1.00000E+00,  1.00000E+00,  1.00000E+00,  1.00000E+00
  1.00006E+00,  1.00089E+00,  1.00524E+00,  1.01936E+00,  1.06043E+00,  1.18895E+00,  1.63897E+00,  3.35587E+00,  1.01665E+01,  3.67956E+01,  1.34223E+02,  4.53191E+02,  1.35584E+03,  3.51040E+03,  7.77835E+03,  1.47168E+04,  2.38714E+04,  3.34718E+04,  4.10172E+04,  4.44738E+04,  4.32208E+04,  3.81314E+04,  3.09176E+04,  2.33055E+04,  1.65060E+04,  1.10901E+04,  7.13008E+03,  4.42050E+03,  2.66094E+03,  1.56461E+03,  9.03430E+02,  5.14694E+02,  2.90542E+02,  1.63149E+02,  9.14849E+01,  5.14411E+01,  2.91489E+01,  1.67539E+01,  9.85567E+00,  6.00627E+00,  3.84919E+00,  2.63389E+00,  1.94475E+00,  1.55114E+00,  1.32452E+00,  1.19293E+00,  1.11584E+00,  1.07025E+00,  1.04304E+00,  1.02664E+00,  1.01666E+00,  1.01053E+00,  1.00672E+00,  1.00433E+00,  1.00282E+00,  1.00185E+00,  1.00123E+00,  1.00082E+00,  1.00056E+00,  1.00038E+00,  1.00026E+00,  1.00018E+00,  1.00013E+00,  1.00009E+00,  1.00006E+00,  1.00005E+00,  1.00003E+00,  1.00002E+00,  1.00002E+00,  1.00001E+00,  1.00001E+00,  1.00001E+00,  1.00001E+00,  1.00000E+00,  1.00000E+00,  1.00000E+00,  1.00000E+00,  1.00000E+00,  1.00000E+00,  1.00000E+00,  1.00000E+00,  1.00000E+00,  1.00000E+00,  1.00000E+00,  1.00000E+00,  1.00000E+00,  1.00000E+00,  1.00000E+00,  1.00000E+00,  1.00000E+00,  1.00000E+00,  1.00000E+00,  1.00000E+00,  1.00000E+00,  1.00000E+00,  1.00000E+00,  1.00000E+00,  1.00000E+00,  1.00000E+00,  1.00000E+00,  1.00000E+00
  1.00005E+00,  1.00084E+00,  1.00500E+00,  1.01856E+00,  1.05773E+00,  1.17903E+00,  1.59871E+00,  3.18200E+00,  9.40468E+00,  3.35801E+01,  1.21771E+02,  4.10693E+02,  1.23170E+03,  3.20578E+03,  7.15655E+03,  1.36641E+04,  2.23923E+04,  3.17441E+04,  3.93436E+04,  4.31493E+04,  4.24097E+04,  3.78296E+04,  3.09992E+04,  2.36039E+04,  1.68776E+04,  1.14419E+04,  7.41823E+03,  4.63517E+03,  2.81040E+03,  1.66355E+03,  9.66462E+02,  5.53694E+02,  3.14146E+02,  1.77201E+02,  9.97538E+01,  5.62683E+01,  3.19536E+01,  1.83801E+01,  1.07986E+01,  6.55412E+00,  4.16859E+00,  2.82098E+00,  2.05498E+00,  1.61650E+00,  1.36357E+00,  1.21644E+00,  1.13011E+00,  1.07900E+00,  1.04844E+00,  1.03001E+00,  1.01878E+00,  1.01187E+00,  1.00758E+00,  1.00489E+00,  1.00318E+00,  1.00209E+00,  1.00139E+00,  1.00093E+00,  1.00063E+00,  1.00043E+00,  1.00030E+00,  1.00021E+00,  1.00014E+00,  1.00010E+00,  1.00007E+00,  1.00005E+00,  1.00004E+00,  1.00003E+00,  1.00002E+00,  1.00001E+00,  1.00001E+00,  1.00001E+00,  1.00001E+00,  1.00000E+00,  1.00000E+00,  1.00000E+00,  1.00000E+00,  1.00000E+00,  1.00000E+00,  1.00000E+00,  1.00000E+00,  1.00000E+00,  1.00000E+00,  1.00000E+00,  1.00000E+00,  1.00000E+00,  1.00000E+00,  1.00000E+00,  1.00000E+00,  1.00000E+00,  1.00000E+00,  1.00000E+00,  1.00000E+00,  1.00000E+00,  1.00000E+00,  1.00000E+00,  1.00000E+00,  1.00000E+00,  1.00000E+00,  1.00000E+00,  1.00000E+00
  1.00005E+00,  1.00079E+00,  1.00478E+00,  1.01780E+00,  1.05521E+00,  1.16983E+00,  1.56182E+00,  3.02441E+00,  8.71997E+00,  3.07057E+01,  1.10662E+02,  3.72720E+02,  1.12025E+03,  2.93022E+03,  6.58838E+03,  1.26906E+04,  2.10052E+04,  3.00982E+04,  3.77197E+04,  4.18343E+04,  4.15759E+04,  3.74891E+04,  3.10421E+04,  2.38730E+04,  1.72316E+04,  1.17859E+04,  7.70489E+03,  4.85162E+03,  2.96279E+03,  1.76539E+03,  1.03189E+03,  5.94477E+02,  3.38992E+02,  1.92082E+02,  1.08557E+02,  6.14322E+01,  3.49670E+01,  2.01341E+01,  1.18193E+01,  7.14903E+00,  4.51642E+00,  3.02525E+00,  2.17560E+00,  1.68819E+00,  1.40647E+00,  1.24232E+00,  1.14585E+00,  1.08864E+00,  1.05441E+00,  1.03374E+00,  1.02113E+00,  1.01336E+00,  1.00854E+00,  1.00551E+00,  1.00359E+00,  1.00236E+00,  1.00157E+00,  1.00105E+00,  1.00071E+00,  1.00049E+00,  1.00033E+00,  1.00023E+00,  1.00016E+00,  1.00011E+00,  1.00008E+00,  1.00006E+00,  1.00004E+00,  1.00003E+00,  1.00002E+00,  1.00002E+00,  1.00001E+00,  1.00001E+00,  1.00001E+00,  1.00001E+00,  1.00000E+00,  1.00000E+00,  1.00000E+00,  1.00000E+00,  1.00000E+00,  1.00000E+00,  1.00000E+00,  1.00000E+00,  1.00000E+00,  1.00000E+00,  1.00000E+00,  1.00000E+00,  1.00000E+00,  1.00000E+00,  1.00000E+00,  1.00000E+00,  1.00000E+00,  1.00000E+00,  1.00000E+00,  1.00000E+00,  1.00000E+00,  1.00000E+00,  1.00000E+00,  1.00000E+00,  1.00000E+00,  1.00000E+00,  1.00000E+00
  1.00004E+00,  1.00075E+00,  1.00458E+00,  1.01709E+00,  1.05284E+00,  1.16129E+00,  1.52797E+00,  2.88129E+00,  8.10337E+00,  2.81315E+01,  1.00735E+02,  3.38742E+02,  1.02007E+03,  2.68073E+03,  6.06899E+03,  1.17902E+04,  1.97049E+04,  2.85315E+04,  3.61464E+04,  4.05321E+04,  4.07230E+04,  3.71129E+04,  3.10478E+04,  2.41128E+04,  1.75674E+04,  1.21214E+04,  7.98949E+03,  5.06946E+03,  3.11788E+03,  1.87004E+03,  1.09968E+03,  6.37046E+02,  3.65098E+02,  2.07810E+02,  1.17911E+02,  6.69457E+01,  3.81984E+01,  2.20224E+01,  1.29221E+01,  7.79382E+00,  4.89451E+00,  3.24787E+00,  2.30737E+00,  1.76666E+00,  1.45353E+00,  1.27075E+00,  1.16316E+00,  1.09927E+00,  1.06100E+00,  1.03785E+00,  1.02372E+00,  1.01501E+00,  1.00960E+00,  1.00619E+00,  1.00404E+00,  1.00266E+00,  1.00176E+00,  1.00118E+00,  1.00080E+00,  1.00055E+00,  1.00038E+00,  1.00026E+00,  1.00018E+00,  1.00013E+00,  1.00009E+00,  1.00007E+00,  1.00005E+00,  1.00003E+00,  1.00003E+00,  1.00002E+00,  1.00001E+00,  1.00001E+00,  1.00001E+00,  1.00001E+00,  1.00000E+00,  1.00000E+00,  1.00000E+00,  1.00000E+00,  1.00000E+00,  1.00000E+00,  1.00000E+00,  1.00000E+00,  1.00000E+00,  1.00000E+00,  1.00000E+00,  1.00000E+00,  1.00000E+00,  1.00000E+00,  1.00000E+00,  1.00000E+00,  1.00000E+00,  1.00000E+00,  1.00000E+00,  1.00000E+00,  1.00000E+00,  1.00000E+00,  1.00000E+00,  1.00000E+00,  1.00000E+00,  1.00000E+00,  1.00000E+00
  1.00004E+00,  1.00071E+00,  1.00438E+00,  1.01641E+00,  1.05061E+00,  1.15335E+00,  1.49685E+00,  2.75107E+00,  7.54707E+00,  2.58220E+01,  9.18478E+01,  3.08294E+02,  9.29932E+02,  2.45466E+03,  5.59395E+03,  1.09573E+04,  1.84862E+04,  2.70412E+04,  3.46242E+04,  3.92456E+04,  3.98546E+04,  3.67038E+04,  3.10179E+04,  2.43239E+04,  1.78848E+04,  1.24477E+04,  8.27146E+03,  5.28828E+03,  3.27543E+03,  1.97736E+03,  1.16979E+03,  6.81400E+02,  3.92478E+02,  2.24404E+02,  1.27832E+02,  7.28219E+01,  4.16573E+01,  2.40516E+01,  1.41113E+01,  8.49139E+00,  5.30472E+00,  3.49003E+00,  2.45104E+00,  1.85240E+00,  1.50504E+00,  1.30192E+00,  1.18217E+00,  1.11096E+00,  1.06824E+00,  1.04238E+00,  1.02658E+00,  1.01683E+00,  1.01077E+00,  1.00695E+00,  1.00453E+00,  1.00298E+00,  1.00198E+00,  1.00133E+00,  1.00090E+00,  1.00061E+00,  1.00042E+00,  1.00029E+00,  1.00021E+00,  1.00015E+00,  1.00010E+00,  1.00007E+00,  1.00005E+00,  1.00004E+00,  1.00003E+00,  1.00002E+00,  1.00002E+00,  1.00001E+00,  1.00001E+00,  1.00001E+00,  1.00001E+00,  1.00000E+00,  1.00000E+00,  1.00000E+00,  1.00000E+00,  1.00000E+00,  1.00000E+00,  1.00000E+00,  1.00000E+00,  1.00000E+00,  1.00000E+00,  1.00000E+00,  1.00000E+00,  1.00000E+00,  1.00000E+00,  1.00000E+00,  1.00000E+00,  1.00000E+00,  1.00000E+00,  1.00000E+00,  1.00000E+00,  1.00000E+00,  1.00000E+00,  1.00000E+00,  1.00000E+00,  1.00000E+00,  1.00000E+00
  1.00004E+00,  1.00067E+00,  1.00419E+00,  1.01576E+00,  1.04851E+00,  1.14595E+00,  1.46818E+00,  2.63238E+00,  7.04424E+00,  2.37461E+01,  8.38798E+01,  2.80971E+02,  8.48724E+02,  2.24964E+03,  5.15926E+03,  1.01868E+04,  1.73445E+04,  2.56247E+04,  3.31532E+04,  3.79772E+04,  3.89742E+04,  3.62647E+04,  3.09538E+04,  2.45066E+04,  1.81833E+04,  1.27643E+04,  8.55025E+03,  5.50769E+03,  3.43520E+03,  2.08726E+03,  1.24218E+03,  7.27534E+02,  4.21146E+02,  2.41881E+02,  1.38337E+02,  7.90734E+01,  4.53532E+01,  2.62283E+01,  1.53915E+01,  9.24471E+00,  5.74899E+00,  3.75298E+00,  2.60741E+00,  1.94592E+00,  1.56133E+00,  1.33604E+00,  1.20301E+00,  1.12380E+00,  1.07621E+00,  1.04737E+00,  1.02973E+00,  1.01884E+00,  1.01206E+00,  1.00779E+00,  1.00508E+00,  1.00334E+00,  1.00222E+00,  1.00149E+00,  1.00101E+00,  1.00069E+00,  1.00047E+00,  1.00033E+00,  1.00023E+00,  1.00016E+00,  1.00012E+00,  1.00008E+00,  1.00006E+00,  1.00004E+00,  1.00003E+00,  1.00002E+00,  1.00002E+00,  1.00001E+00,  1.00001E+00,  1.00001E+00,  1.00001E+00,  1.00000E+00,  1.00000E+00,  1.00000E+00,  1.00000E+00,  1.00000E+00,  1.00000E+00,  1.00000E+00,  1.00000E+00,  1.00000E+00,  1.00000E+00,  1.00000E+00,  1.00000E+00,  1.00000E+00,  1.00000E+00,  1.00000E+00,  1.00000E+00,  1.00000E+00,  1.00000E+00,  1.00000E+00,  1.00000E+00,  1.00000E+00,  1.00000E+00,  1.00000E+00,  1.00000E+00,  1.00000E+00,  1.00000E+00
  1.00004E+00,  1.00064E+00,  1.00401E+00,  1.01515E+00,  1.04653E+00,  1.13906E+00,  1.44175E+00,  2.52401E+00,  6.58892E+00,  2.18770E+01,  7.67239E+01,  2.56418E+02,  7.75483E+02,  2.06356E+03,  4.76130E+03,  9.47380E+03,  1.62749E+04,  2.42791E+04,  3.17333E+04,  3.67292E+04,  3.80849E+04,  3.57983E+04,  3.08573E+04,  2.46614E+04,  1.84629E+04,  1.30707E+04,  8.82537E+03,  5.72729E+03,  3.59694E+03,  2.19958E+03,  1.31679E+03,  7.75437E+02,  4.51109E+02,  2.60255E+02,  1.49441E+02,  8.57129E+01,  4.92953E+01,  2.85592E+01,  1.67672E+01,  1.00568E+01,  6.22932E+00,  4.03802E+00,  2.77731E+00,  2.04775E+00,  1.62274E+00,  1.37333E+00,  1.22582E+00,  1.13786E+00,  1.08495E+00,  1.05285E+00,  1.03319E+00,  1.02105E+00,  1.01348E+00,  1.00871E+00,  1.00568E+00,  1.00374E+00,  1.00249E+00,  1.00167E+00,  1.00113E+00,  1.00077E+00,  1.00053E+00,  1.00037E+00,  1.00026E+00,  1.00018E+00,  1.00013E+00,  1.00009E+00,  1.00007E+00,  1.00005E+00,  1.00004E+00,  1.00003E+00,  1.00002E+00,  1.00001E+00,  1.00001E+00,  1.00001E+00,  1.00001E+00,  1.00000E+00,  1.00000E+00,  1.00000E+00,  1.00000E+00,  1.00000E+00,  1.00000E+00,  1.00000E+00,  1.00000E+00,  1.00000E+00,  1.00000E+00,  1.00000E+00,  1.00000E+00,  1.00000E+00,  1.00000E+00,  1.00000E+00,  1.00000E+00,  1.00000E+00,  1.00000E+00,  1.00000E+00,  1.00000E+00,  1.00000E+00,  1.00000E+00,  1.00000E+00,  1.00000E+00,  1.00000E+00,  1.00000E+00
  1.00003E+00,  1.00061E+00,  1.00385E+00,  1.01457E+00,  1.04467E+00,  1.13261E+00,  1.41732E+00,  2.42489E+00,  6.17591E+00,  2.01912E+01,  7.02874E+01,  2.34324E+02,  7.09351E+02,  1.89453E+03,  4.39676E+03,  8.81400E+03,  1.52732E+04,  2.30016E+04,  3.03643E+04,  3.55036E+04,  3.71895E+04,  3.53071E+04,  3.07299E+04,  2.47889E+04,  1.87233E+04,  1.33664E+04,  9.09630E+03,  5.94670E+03,  3.76042E+03,  2.31421E+03,  1.39357E+03,  8.25097E+02,  4.82375E+02,  2.79542E+02,  1.61158E+02,  9.27525E+01,  5.34932E+01,  3.10509E+01,  1.82430E+01,  1.09308E+01,  6.74776E+00,  4.34647E+00,  2.96160E+00,  2.15843E+00,  1.68961E+00,  1.41401E+00,  1.25074E+00,  1.15324E+00,  1.09453E+00,  1.05886E+00,  1.03700E+00,  1.02348E+00,  1.01504E+00,  1.00973E+00,  1.00635E+00,  1.00418E+00,  1.00278E+00,  1.00187E+00,  1.00126E+00,  1.00086E+00,  1.00059E+00,  1.00041E+00,  1.00029E+00,  1.00020E+00,  1.00015E+00,  1.00010E+00,  1.00008E+00,  1.00005E+00,  1.00004E+00,  1.00003E+00,  1.00002E+00,  1.00002E+00,  1.00001E+00,  1.00001E+00,  1.00001E+00,  1.00001E+00,  1.00000E+00,  1.00000E+00,  1.00000E+00,  1.00000E+00,  1.00000E+00,  1.00000E+00,  1.00000E+00,  1.00000E+00,  1.00000E+00,  1.00000E+00,  1.00000E+00,  1.00000E+00,  1.00000E+00,  1.00000E+00,  1.00000E+00,  1.00000E+00,  1.00000E+00,  1.00000E+00,  1.00000E+00,  1.00000E+00,  1.00000E+00,  1.00000E+00,  1.00000E+00,  1.00000E+00,  1.00000E+00
  1.00003E+00,  1.00058E+00,  1.00369E+00,  1.01402E+00,  1.04290E+00,  1.12659E+00,  1.39472E+00,  2.33409E+00,  5.80063E+00,  1.86683E+01,  6.44889E+01,  2.14415E+02,  6.49574E+02,  1.74085E+03,  4.06267E+03,  8.20325E+03,  1.43352E+04,  2.17895E+04,  2.90457E+04,  3.43018E+04,  3.62908E+04,  3.47938E+04,  3.05734E+04,  2.48898E+04,  1.89645E+04,  1.36510E+04,  9.36258E+03,  6.16554E+03,  3.92537E+03,  2.43100E+03,  1.47246E+03,  8.76496E+02,  5.14949E+02,  2.99754E+02,  1.73501E+02,  1.00204E+02,  5.79559E+01,  3.37103E+01,  1.98237E+01,  1.18699E+01,  7.30641E+00,  4.67971E+00,  3.16117E+00,  2.27854E+00,  1.76232E+00,  1.45831E+00,  1.27793E+00,  1.17005E+00,  1.10500E+00,  1.06544E+00,  1.04116E+00,  1.02614E+00,  1.01675E+00,  1.01084E+00,  1.00708E+00,  1.00467E+00,  1.00310E+00,  1.00208E+00,  1.00141E+00,  1.00096E+00,  1.00066E+00,  1.00046E+00,  1.00032E+00,  1.00023E+00,  1.00016E+00,  1.00012E+00,  1.00008E+00,  1.00006E+00,  1.00004E+00,  1.00003E+00,  1.00002E+00,  1.00002E+00,  1.00001E+00,  1.00001E+00,  1.00001E+00,  1.00001E+00,  1.00000E+00,  1.00000E+00,  1.00000E+00,  1.00000E+00,  1.00000E+00,  1.00000E+00,  1.00000E+00,  1.00000E+00,  1.00000E+00,  1.00000E+00,  1.00000E+00,  1.00000E+00,  1.00000E+00,  1.00000E+00,  1.00000E+00,  1.00000E+00,  1.00000E+00,  1.00000E+00,  1.00000E+00,  1.00000E+00,  1.00000E+00,  1.00000E+00,  1.00000E+00,  1.00000E+00,  1.00000E+00
  1.00003E+00,  1.00055E+00,  1.00353E+00,  1.01349E+00,  1.04124E+00,  1.12095E+00,  1.37378E+00,  2.25076E+00,  5.45907E+00,  1.72902E+01,  5.92574E+01,  1.96452E+02,  5.95481E+02,  1.60101E+03,  3.75632E+03,  7.63779E+03,  1.34568E+04,  2.06398E+04,  2.77767E+04,  3.31253E+04,  3.53913E+04,  3.42608E+04,  3.03893E+04,  2.49647E+04,  1.91865E+04,  1.39242E+04,  9.62377E+03,  6.38343E+03,  4.09153E+03,  2.54980E+03,  1.55338E+03,  9.29611E+02,  5.48832E+02,  3.20901E+02,  1.86485E+02,  1.08080E+02,  6.26928E+01,  3.65439E+01,  2.15139E+01,  1.28773E+01,  7.90742E+00,  5.03916E+00,  3.37695E+00,  2.40869E+00,  1.84126E+00,  1.50649E+00,  1.30754E+00,  1.18838E+00,  1.11644E+00,  1.07263E+00,  1.04572E+00,  1.02905E+00,  1.01863E+00,  1.01206E+00,  1.00788E+00,  1.00520E+00,  1.00346E+00,  1.00232E+00,  1.00157E+00,  1.00107E+00,  1.00074E+00,  1.00051E+00,  1.00036E+00,  1.00025E+00,  1.00018E+00,  1.00013E+00,  1.00009E+00,  1.00007E+00,  1.00005E+00,  1.00004E+00,  1.00003E+00,  1.00002E+00,  1.00002E+00,  1.00001E+00,  1.00001E+00,  1.00001E+00,  1.00001E+00,  1.00000E+00,  1.00000E+00,  1.00000E+00,  1.00000E+00,  1.00000E+00,  1.00000E+00,  1.00000E+00,  1.00000E+00,  1.00000E+00,  1.00000E+00,  1.00000E+00,  1.00000E+00,  1.00000E+00,  1.00000E+00,  1.00000E+00,  1.00000E+00,  1.00000E+00,  1.00000E+00,  1.00000E+00,  1.00000E+00,  1.00000E+00,  1.00000E+00,  1.00000E+00,  1.00000E+00
  1.00003E+00,  1.00052E+00,  1.00339E+00,  1.01299E+00,  1.03966E+00,  1.11566E+00,  1.35435E+00,  2.17418E+00,  5.14771E+00,  1.60412E+01,  5.45304E+01,  1.80224E+02,  5.46478E+02,  1.47367E+03,  3.47525E+03,  7.11412E+03,  1.26344E+04,  1.95499E+04,  2.65565E+04,  3.19753E+04,  3.44932E+04,  3.37104E+04,  3.01793E+04,  2.50145E+04,  1.93893E+04,  1.41856E+04,  9.87945E+03,  6.60001E+03,  4.25867E+03,  2.67047E+03,  1.63627E+03,  9.84419E+02,  5.84024E+02,  3.42995E+02,  2.00120E+02,  1.16390E+02,  6.77128E+01,  3.95587E+01,  2.33185E+01,  1.39563E+01,  8.55300E+00,  5.42627E+00,  3.60988E+00,  2.54948E+00,  1.92682E+00,  1.55880E+00,  1.33974E+00,  1.20834E+00,  1.12890E+00,  1.08048E+00,  1.05070E+00,  1.03224E+00,  1.02069E+00,  1.01340E+00,  1.00876E+00,  1.00578E+00,  1.00384E+00,  1.00258E+00,  1.00175E+00,  1.00119E+00,  1.00082E+00,  1.00057E+00,  1.00040E+00,  1.00028E+00,  1.00020E+00,  1.00014E+00,  1.00010E+00,  1.00008E+00,  1.00006E+00,  1.00004E+00,  1.00003E+00,  1.00002E+00,  1.00002E+00,  1.00001E+00,  1.00001E+00,  1.00001E+00,  1.00001E+00,  1.00000E+00,  1.00000E+00,  1.00000E+00,  1.00000E+00,  1.00000E+00,  1.00000E+00,  1.00000E+00,  1.00000E+00,  1.00000E+00,  1.00000E+00,  1.00000E+00,  1.00000E+00,  1.00000E+00,  1.00000E+00,  1.00000E+00,  1.00000E+00,  1.00000E+00,  1.00000E+00,  1.00000E+00,  1.00000E+00,  1.00000E+00,  1.00000E+00,  1.00000E+00,  1.00000E+00
  1.00003E+00,  1.00049E+00,  1.00325E+00,  1.01252E+00,  1.03817E+00,  1.11070E+00,  1.33629E+00,  2.10370E+00,  4.86342E+00,  1.49075E+01,  5.02530E+01,  1.65543E+02,  5.02040E+02,  1.35761E+03,  3.21722E+03,  6.62903E+03,  1.18645E+04,  1.85170E+04,  2.53843E+04,  3.08526E+04,  3.35985E+04,  3.31448E+04,  2.99451E+04,  2.50399E+04,  1.95731E+04,  1.44350E+04,  1.01292E+04,  6.81494E+03,  4.42652E+03,  2.79285E+03,  1.72105E+03,  1.04089E+03,  6.20521E+02,  3.66042E+02,  2.14419E+02,  1.25146E+02,  7.30248E+01,  4.27612E+01,  2.52422E+01,  1.51102E+01,  9.24541E+00,  5.84254E+00,  3.86095E+00,  2.70156E+00,  2.01941E+00,  1.61551E+00,  1.37470E+00,  1.23005E+00,  1.14248E+00,  1.08903E+00,  1.05614E+00,  1.03572E+00,  1.02294E+00,  1.01486E+00,  1.00972E+00,  1.00641E+00,  1.00427E+00,  1.00287E+00,  1.00194E+00,  1.00133E+00,  1.00091E+00,  1.00064E+00,  1.00044E+00,  1.00031E+00,  1.00022E+00,  1.00016E+00,  1.00012E+00,  1.00008E+00,  1.00006E+00,  1.00005E+00,  1.00003E+00,  1.00003E+00,  1.00002E+00,  1.00001E+00,  1.00001E+00,  1.00001E+00,  1.00001E+00,  1.00001E+00,  1.00000E+00,  1.00000E+00,  1.00000E+00,  1.00000E+00,  1.00000E+00,  1.00000E+00,  1.00000E+00,  1.00000E+00,  1.00000E+00,  1.00000E+00,  1.00000E+00,  1.00000E+00,  1.00000E+00,  1.00000E+00,  1.00000E+00,  1.00000E+00,  1.00000E+00,  1.00000E+00,  1.00000E+00,  1.00000E+00,  1.00000E+00,  1.00000E+00,  1.00000E+00
  1.00002E+00,  1.00047E+00,  1.00312E+00,  1.01206E+00,  1.03676E+00,  1.10604E+00,  1.31949E+00,  2.03872E+00,  4.60346E+00,  1.38768E+01,  4.63771E+01,  1.52245E+02,  4.61697E+02,  1.25175E+03,  2.98023E+03,  6.17955E+03,  1.11436E+04,  1.75385E+04,  2.42588E+04,  2.97580E+04,  3.27093E+04,  3.25662E+04,  2.96883E+04,  2.50418E+04,  1.97381E+04,  1.46722E+04,  1.03728E+04,  7.02786E+03,  4.59483E+03,  2.91680E+03,  1.80763E+03,  1.09899E+03,  6.58317E+02,  3.90049E+02,  2.29393E+02,  1.34359E+02,  7.86376E+01,  4.61582E+01,  2.72900E+01,  1.63424E+01,  9.98693E+00,  6.28952E+00,  4.13117E+00,  2.86559E+00,  2.11948E+00,  1.67691E+00,  1.41261E+00,  1.25362E+00,  1.15724E+00,  1.09835E+00,  1.06206E+00,  1.03952E+00,  1.02539E+00,  1.01646E+00,  1.01077E+00,  1.00711E+00,  1.00473E+00,  1.00318E+00,  1.00215E+00,  1.00147E+00,  1.00101E+00,  1.00071E+00,  1.00049E+00,  1.00035E+00,  1.00025E+00,  1.00018E+00,  1.00013E+00,  1.00009E+00,  1.00007E+00,  1.00005E+00,  1.00004E+00,  1.00003E+00,  1.00002E+00,  1.00002E+00,  1.00001E+00,  1.00001E+00,  1.00001E+00,  1.00001E+00,  1.00000E+00,  1.00000E+00,  1.00000E+00,  1.00000E+00,  1.00000E+00,  1.00000E+00,  1.00000E+00,  1.00000E+00,  1.00000E+00,  1.00000E+00,  1.00000E+00,  1.00000E+00,  1.00000E+00,  1.00000E+00,  1.00000E+00,  1.00000E+00,  1.00000E+00,  1.00000E+00,  1.00000E+00,  1.00000E+00,  1.00000E+00,  1.00000E+00,  1.00000E+00
  1.00002E+00,  1.00044E+00,  1.00299E+00,  1.01163E+00,  1.03541E+00,  1.10165E+00,  1.30383E+00,  1.97875E+00,  4.36538E+00,  1.29385E+01,  4.28600E+01,  1.40186E+02,  4.25034E+02,  1.15510E+03,  2.76243E+03,  5.76294E+03,  1.04687E+04,  1.66119E+04,  2.31790E+04,  2.86919E+04,  3.18272E+04,  3.19766E+04,  2.94104E+04,  2.50211E+04,  1.98845E+04,  1.48969E+04,  1.06097E+04,  7.23846E+03,  4.76336E+03,  3.04214E+03,  1.89593E+03,  1.15868E+03,  6.97404E+02,  4.15021E+02,  2.45050E+02,  1.44038E+02,  8.45598E+01,  4.97564E+01,  2.94666E+01,  1.76564E+01,  1.07799E+01,  6.76876E+00,  4.42159E+00,  3.04226E+00,  2.22746E+00,  1.74328E+00,  1.45365E+00,  1.27917E+00,  1.17326E+00,  1.10847E+00,  1.06850E+00,  1.04365E+00,  1.02806E+00,  1.01821E+00,  1.01192E+00,  1.00787E+00,  1.00524E+00,  1.00352E+00,  1.00239E+00,  1.00163E+00,  1.00112E+00,  1.00078E+00,  1.00055E+00,  1.00039E+00,  1.00027E+00,  1.00020E+00,  1.00014E+00,  1.00010E+00,  1.00008E+00,  1.00006E+00,  1.00004E+00,  1.00003E+00,  1.00002E+00,  1.00002E+00,  1.00001E+00,  1.00001E+00,  1.00001E+00,  1.00001E+00,  1.00000E+00,  1.00000E+00,  1.00000E+00,  1.00000E+00,  1.00000E+00,  1.00000E+00,  1.00000E+00,  1.00000E+00,  1.00000E+00,  1.00000E+00,  1.00000E+00,  1.00000E+00,  1.00000E+00,  1.00000E+00,  1.00000E+00,  1.00000E+00,  1.00000E+00,  1.00000E+00,  1.00000E+00,  1.00000E+00,  1.00000E+00,  1.00000E+00,  1.00000E+00
  1.00002E+00,  1.00042E+00,  1.00287E+00,  1.01122E+00,  1.03414E+00,  1.09752E+00,  1.28923E+00,  1.92331E+00,  4.14704E+00,  1.20829E+01,  3.96641E+01,  1.29237E+02,  3.91680E+02,  1.06680E+03,  2.56215E+03,  5.37669E+03,  9.83684E+03,  1.57345E+04,  2.21437E+04,  2.76549E+04,  3.09537E+04,  3.13779E+04,  2.91131E+04,  2.49786E+04,  2.00125E+04,  1.51091E+04,  1.08397E+04,  7.44641E+03,  4.93186E+03,  3.16871E+03,  1.98587E+03,  1.21993E+03,  7.37770E+02,  4.40961E+02,  2.61399E+02,  1.54192E+02,  9.07997E+01,  5.35622E+01,  3.17769E+01,  1.90554E+01,  1.16267E+01,  7.28188E+00,  4.73327E+00,  3.23227E+00,  2.34383E+00,  1.81492E+00,  1.49803E+00,  1.30683E+00,  1.19063E+00,  1.11945E+00,  1.07550E+00,  1.04815E+00,  1.03097E+00,  1.02010E+00,  1.01316E+00,  1.00870E+00,  1.00579E+00,  1.00389E+00,  1.00264E+00,  1.00180E+00,  1.00124E+00,  1.00086E+00,  1.00061E+00,  1.00043E+00,  1.00030E+00,  1.00022E+00,  1.00016E+00,  1.00011E+00,  1.00008E+00,  1.00006E+00,  1.00005E+00,  1.00003E+00,  1.00003E+00,  1.00002E+00,  1.00001E+00,  1.00001E+00,  1.00001E+00,  1.00001E+00,  1.00001E+00,  1.00000E+00,  1.00000E+00,  1.00000E+00,  1.00000E+00,  1.00000E+00,  1.00000E+00,  1.00000E+00,  1.00000E+00,  1.00000E+00,  1.00000E+00,  1.00000E+00,  1.00000E+00,  1.00000E+00,  1.00000E+00,  1.00000E+00,  1.00000E+00,  1.00000E+00,  1.00000E+00,  1.00000E+00,  1.00000E+00,  1.00000E+00,  1.00000E+00
  1.00002E+00,  1.00040E+00,  1.00276E+00,  1.01082E+00,  1.03292E+00,  1.09363E+00,  1.27559E+00,  1.87199E+00,  3.94650E+00,  1.13018E+01,  3.67563E+01,  1.19282E+02,  3.61307E+02,  9.86054E+02,  2.37787E+03,  5.01845E+03,  9.24521E+03,  1.49040E+04,  2.11516E+04,  2.66470E+04,  3.00902E+04,  3.07718E+04,  2.87978E+04,  2.49153E+04,  2.01224E+04,  1.53086E+04,  1.10626E+04,  7.65142E+03,  5.10007E+03,  3.29637E+03,  2.07734E+03,  1.28268E+03,  7.79402E+02,  4.67871E+02,  2.78448E+02,  1.64832E+02,  9.73653E+01,  5.75823E+01,  3.42259E+01,  2.05432E+01,  1.25298E+01,  7.83051E+00,  5.06732E+00,  3.43635E+00,  2.46905E+00,  1.89215E+00,  1.54594E+00,  1.33675E+00,  1.20943E+00,  1.13136E+00,  1.08310E+00,  1.05303E+00,  1.03414E+00,  1.02217E+00,  1.01452E+00,  1.00960E+00,  1.00640E+00,  1.00430E+00,  1.00292E+00,  1.00199E+00,  1.00137E+00,  1.00096E+00,  1.00067E+00,  1.00047E+00,  1.00034E+00,  1.00024E+00,  1.00017E+00,  1.00013E+00,  1.00009E+00,  1.00007E+00,  1.00005E+00,  1.00004E+00,  1.00003E+00,  1.00002E+00,  1.00002E+00,  1.00001E+00,  1.00001E+00,  1.00001E+00,  1.00001E+00,  1.00000E+00,  1.00000E+00,  1.00000E+00,  1.00000E+00,  1.00000E+00,  1.00000E+00,  1.00000E+00,  1.00000E+00,  1.00000E+00,  1.00000E+00,  1.00000E+00,  1.00000E+00,  1.00000E+00,  1.00000E+00,  1.00000E+00,  1.00000E+00,  1.00000E+00,  1.00000E+00,  1.00000E+00,  1.00000E+00,  1.00000E+00,  1.00000E+00
  1.00002E+00,  1.00038E+00,  1.00265E+00,  1.01045E+00,  1.03177E+00,  1.08995E+00,  1.26284E+00,  1.82443E+00,  3.76207E+00,  1.05875E+01,  3.41071E+01,  1.10223E+02,  3.33620E+02,  9.12164E+02,  2.20823E+03,  4.68610E+03,  8.69122E+03,  1.41181E+04,  2.02014E+04,  2.56684E+04,  2.92379E+04,  3.01600E+04,  2.84660E+04,  2.48320E+04,  2.02147E+04,  1.54954E+04,  1.12780E+04,  7.85319E+03,  5.26778E+03,  3.42494E+03,  2.17026E+03,  1.34690E+03,  8.22284E+02,  4.95750E+02,  2.96203E+02,  1.75964E+02,  1.04265E+02,  6.18229E+01,  3.68183E+01,  2.21231E+01,  1.34916E+01,  8.41634E+00,  5.42486E+00,  3.65525E+00,  2.60363E+00,  1.97531E+00,  1.59761E+00,  1.36905E+00,  1.22976E+00,  1.14424E+00,  1.09133E+00,  1.05832E+00,  1.03757E+00,  1.02441E+00,  1.01600E+00,  1.01058E+00,  1.00705E+00,  1.00474E+00,  1.00322E+00,  1.00220E+00,  1.00152E+00,  1.00105E+00,  1.00074E+00,  1.00052E+00,  1.00037E+00,  1.00027E+00,  1.00019E+00,  1.00014E+00,  1.00010E+00,  1.00008E+00,  1.00006E+00,  1.00004E+00,  1.00003E+00,  1.00002E+00,  1.00002E+00,  1.00001E+00,  1.00001E+00,  1.00001E+00,  1.00001E+00,  1.00001E+00,  1.00000E+00,  1.00000E+00,  1.00000E+00,  1.00000E+00,  1.00000E+00,  1.00000E+00,  1.00000E+00,  1.00000E+00,  1.00000E+00,  1.00000E+00,  1.00000E+00,  1.00000E+00,  1.00000E+00,  1.00000E+00,  1.00000E+00,  1.00000E+00,  1.00000E+00,  1.00000E+00,  1.00000E+00,  1.00000E+00,  1.00000E+00
  1.00002E+00,  1.00036E+00,  1.00255E+00,  1.01008E+00,  1.03067E+00,  1.08648E+00,  1.25090E+00,  1.78029E+00,  3.59222E+00,  9.93367E+00,  3.16904E+01,  1.01967E+02,  3.08355E+02,  8.44490E+02,  2.05197E+03,  4.37766E+03,  8.17244E+03,  1.33745E+04,  1.92918E+04,  2.47192E+04,  2.83980E+04,  2.95441E+04,  2.81192E+04,  2.47298E+04,  2.02896E+04,  1.56695E+04,  1.14857E+04,  8.05146E+03,  5.43474E+03,  3.55426E+03,  2.26453E+03,  1.41254E+03,  8.66398E+02,  5.24597E+02,  3.14671E+02,  1.87598E+02,  1.11505E+02,  6.62905E+01,  3.95589E+01,  2.37986E+01,  1.45145E+01,  9.04106E+00,  5.80705E+00,  3.88974E+00,  2.74808E+00,  2.06471E+00,  1.65325E+00,  1.40389E+00,  1.25172E+00,  1.15818E+00,  1.10023E+00,  1.06406E+00,  1.04129E+00,  1.02685E+00,  1.01760E+00,  1.01164E+00,  1.00777E+00,  1.00523E+00,  1.00354E+00,  1.00242E+00,  1.00167E+00,  1.00116E+00,  1.00081E+00,  1.00057E+00,  1.00041E+00,  1.00029E+00,  1.00021E+00,  1.00015E+00,  1.00011E+00,  1.00008E+00,  1.00006E+00,  1.00005E+00,  1.00003E+00,  1.00003E+00,  1.00002E+00,  1.00002E+00,  1.00001E+00,  1.00001E+00,  1.00001E+00,  1.00001E+00,  1.00000E+00,  1.00000E+00,  1.00000E+00,  1.00000E+00,  1.00000E+00,  1.00000E+00,  1.00000E+00,  1.00000E+00,  1.00000E+00,  1.00000E+00,  1.00000E+00,  1.00000E+00,  1.00000E+00,  1.00000E+00,  1.00000E+00,  1.00000E+00,  1.00000E+00,  1.00000E+00,  1.00000E+00,  1.00000E+00,  1.00000E+00
  1.00002E+00,  1.00035E+00,  1.00245E+00,  1.00974E+00,  1.02963E+00,  1.08320E+00,  1.23970E+00,  1.73927E+00,  3.43559E+00,  9.33423E+00,  2.94831E+01,  9.44355E+01,  2.85279E+02,  7.82462E+02,  1.90795E+03,  4.09131E+03,  7.68657E+03,  1.26710E+04,  1.84214E+04,  2.37991E+04,  2.75713E+04,  2.89256E+04,  2.77587E+04,  2.46096E+04,  2.03477E+04,  1.58308E+04,  1.16856E+04,  8.24596E+03,  5.60073E+03,  3.68416E+03,  2.36005E+03,  1.47954E+03,  9.11723E+02,  5.54408E+02,  3.33856E+02,  1.99740E+02,  1.19094E+02,  7.09912E+01,  4.24527E+01,  2.55734E+01,  1.56012E+01,  9.70642E+00,  6.21506E+00,  4.14062E+00,  2.90292E+00,  2.16072E+00,  1.71309E+00,  1.44141E+00,  1.27540E+00,  1.17322E+00,  1.10986E+00,  1.07026E+00,  1.04532E+00,  1.02948E+00,  1.01934E+00,  1.01280E+00,  1.00854E+00,  1.00575E+00,  1.00390E+00,  1.00267E+00,  1.00184E+00,  1.00128E+00,  1.00090E+00,  1.00063E+00,  1.00045E+00,  1.00032E+00,  1.00023E+00,  1.00017E+00,  1.00012E+00,  1.00009E+00,  1.00007E+00,  1.00005E+00,  1.00004E+00,  1.00003E+00,  1.00002E+00,  1.00002E+00,  1.00001E+00,  1.00001E+00,  1.00001E+00,  1.00001E+00,  1.00000E+00,  1.00000E+00,  1.00000E+00,  1.00000E+00,  1.00000E+00,  1.00000E+00,  1.00000E+00,  1.00000E+00,  1.00000E+00,  1.00000E+00,  1.00000E+00,  1.00000E+00,  1.00000E+00,  1.00000E+00,  1.00000E+00,  1.00000E+00,  1.00000E+00,  1.00000E+00,  1.00000E+00,  1.00000E+00,  1.00000E+00
  1.00001E+00,  1.00033E+00,  1.00235E+00,  1.00941E+00,  1.02863E+00,  1.08009E+00,  1.22920E+00,  1.70111E+00,  3.29097E+00,  8.78399E+00,  2.74644E+01,  8.75572E+01,  2.64181E+02,  7.25562E+02,  1.77513E+03,  3.82536E+03,  7.23147E+03,  1.20056E+04,  1.75890E+04,  2.29080E+04,  2.67588E+04,  2.83059E+04,  2.73860E+04,  2.44723E+04,  2.03893E+04,  1.59795E+04,  1.18775E+04,  8.43645E+03,  5.76552E+03,  3.81449E+03,  2.45671E+03,  1.54785E+03,  9.58237E+02,  5.85178E+02,  3.53762E+02,  2.12397E+02,  1.27039E+02,  7.59311E+01,  4.55043E+01,  2.74509E+01,  1.67540E+01,  1.04142E+01,  6.65009E+00,  4.40870E+00,  3.06869E+00,  2.26368E+00,  1.77738E+00,  1.48178E+00,  1.30091E+00,  1.18945E+00,  1.12025E+00,  1.07697E+00,  1.04968E+00,  1.03234E+00,  1.02123E+00,  1.01405E+00,  1.00938E+00,  1.00631E+00,  1.00429E+00,  1.00293E+00,  1.00202E+00,  1.00141E+00,  1.00099E+00,  1.00070E+00,  1.00050E+00,  1.00035E+00,  1.00026E+00,  1.00019E+00,  1.00014E+00,  1.00010E+00,  1.00007E+00,  1.00006E+00,  1.00004E+00,  1.00003E+00,  1.00002E+00,  1.00002E+00,  1.00001E+00,  1.00001E+00,  1.00001E+00,  1.00001E+00,  1.00001E+00,  1.00000E+00,  1.00000E+00,  1.00000E+00,  1.00000E+00,  1.00000E+00,  1.00000E+00,  1.00000E+00,  1.00000E+00,  1.00000E+00,  1.00000E+00,  1.00000E+00,  1.00000E+00,  1.00000E+00,  1.00000E+00,  1.00000E+00,  1.00000E+00,  1.00000E+00,  1.00000E+00,  1.00000E+00,  1.00000E+00
  1.00001E+00,  1.00031E+00,  1.00226E+00,  1.00909E+00,  1.02768E+00,  1.07715E+00,  1.21934E+00,  1.66557E+00,  3.15727E+00,  8.27828E+00,  2.56162E+01,  8.12684E+01,  2.44874E+02,  6.73327E+02,  1.65257E+03,  3.57829E+03,  6.80514E+03,  1.13762E+04,  1.67932E+04,  2.20455E+04,  2.59610E+04,  2.76862E+04,  2.70022E+04,  2.43188E+04,  2.04149E+04,  1.61156E+04,  1.20612E+04,  8.62271E+03,  5.92890E+03,  3.94509E+03,  2.55441E+03,  1.61741E+03,  1.00591E+03,  6.16902E+02,  3.74390E+02,  2.25575E+02,  1.35346E+02,  8.11161E+01,  4.87184E+01,  2.94347E+01,  1.79757E+01,  1.11661E+01,  7.11338E+00,  4.69479E+00,  3.24596E+00,  2.37399E+00,  1.84635E+00,  1.52516E+00,  1.32835E+00,  1.20692E+00,  1.13146E+00,  1.08420E+00,  1.05438E+00,  1.03542E+00,  1.02326E+00,  1.01541E+00,  1.01029E+00,  1.00693E+00,  1.00470E+00,  1.00322E+00,  1.00222E+00,  1.00154E+00,  1.00108E+00,  1.00076E+00,  1.00054E+00,  1.00039E+00,  1.00028E+00,  1.00020E+00,  1.00015E+00,  1.00011E+00,  1.00008E+00,  1.00006E+00,  1.00005E+00,  1.00003E+00,  1.00003E+00,  1.00002E+00,  1.00002E+00,  1.00001E+00,  1.00001E+00,  1.00001E+00,  1.00001E+00,  1.00000E+00,  1.00000E+00,  1.00000E+00,  1.00000E+00,  1.00000E+00,  1.00000E+00,  1.00000E+00,  1.00000E+00,  1.00000E+00,  1.00000E+00,  1.00000E+00,  1.00000E+00,  1.00000E+00,  1.00000E+00,  1.00000E+00,  1.00000E+00,  1.00000E+00,  1.00000E+00,  1.00000E+00,  1.00000E+00
  1.00001E+00,  1.00030E+00,  1.00218E+00,  1.00879E+00,  1.02677E+00,  1.07435E+00,  1.21006E+00,  1.63243E+00,  3.03351E+00,  7.81292E+00,  2.39218E+01,  7.55122E+01,  2.27188E+02,  6.25336E+02,  1.53942E+03,  3.34865E+03,  6.40570E+03,  1.07810E+04,  1.60325E+04,  2.12113E+04,  2.51786E+04,  2.70677E+04,  2.66086E+04,  2.41500E+04,  2.04250E+04,  1.62391E+04,  1.22366E+04,  8.80453E+03,  6.09067E+03,  4.07578E+03,  2.65305E+03,  1.68817E+03,  1.05473E+03,  6.49570E+02,  3.95744E+02,  2.39281E+02,  1.44022E+02,  8.65519E+01,  5.20999E+01,  3.15283E+01,  1.92687E+01,  1.19640E+01,  7.60617E+00,  4.99977E+00,  3.43529E+00,  2.49201E+00,  1.92028E+00,  1.57171E+00,  1.35784E+00,  1.22573E+00,  1.14353E+00,  1.09200E+00,  1.05946E+00,  1.03875E+00,  1.02547E+00,  1.01687E+00,  1.01127E+00,  1.00759E+00,  1.00516E+00,  1.00353E+00,  1.00244E+00,  1.00169E+00,  1.00119E+00,  1.00084E+00,  1.00060E+00,  1.00043E+00,  1.00031E+00,  1.00022E+00,  1.00016E+00,  1.00012E+00,  1.00009E+00,  1.00007E+00,  1.00005E+00,  1.00004E+00,  1.00003E+00,  1.00002E+00,  1.00002E+00,  1.00001E+00,  1.00001E+00,  1.00001E+00,  1.00001E+00,  1.00000E+00,  1.00000E+00,  1.00000E+00,  1.00000E+00,  1.00000E+00,  1.00000E+00,  1.00000E+00,  1.00000E+00,  1.00000E+00,  1.00000E+00,  1.00000E+00,  1.00000E+00,  1.00000E+00,  1.00000E+00,  1.00000E+00,  1.00000E+00,  1.00000E+00,  1.00000E+00,  1.00000E+00,  1.00000E+00
  1.00001E+00,  1.00028E+00,  1.00210E+00,  1.00850E+00,  1.02590E+00,  1.07171E+00,  1.20133E+00,  1.60149E+00,  2.91883E+00,  7.38418E+00,  2.23668E+01,  7.02380E+01,  2.10972E+02,  5.81211E+02,  1.43489E+03,  3.13514E+03,  6.03139E+03,  1.02181E+04,  1.53058E+04,  2.04051E+04,  2.44122E+04,  2.64514E+04,  2.62065E+04,  2.39670E+04,  2.04201E+04,  1.63504E+04,  1.24035E+04,  8.98170E+03,  6.25062E+03,  4.20642E+03,  2.75253E+03,  1.76006E+03,  1.10465E+03,  6.83173E+02,  4.17822E+02,  2.53518E+02,  1.53072E+02,  9.22442E+01,  5.56531E+01,  3.37353E+01,  2.06355E+01,  1.28098E+01,  8.12974E+00,  5.32449E+00,  3.63728E+00,  2.61814E+00,  1.99940E+00,  1.62161E+00,  1.38950E+00,  1.24593E+00,  1.15651E+00,  1.10041E+00,  1.06494E+00,  1.04235E+00,  1.02784E+00,  1.01846E+00,  1.01234E+00,  1.00831E+00,  1.00565E+00,  1.00387E+00,  1.00267E+00,  1.00186E+00,  1.00130E+00,  1.00092E+00,  1.00065E+00,  1.00047E+00,  1.00034E+00,  1.00025E+00,  1.00018E+00,  1.00013E+00,  1.00010E+00,  1.00007E+00,  1.00006E+00,  1.00004E+00,  1.00003E+00,  1.00002E+00,  1.00002E+00,  1.00001E+00,  1.00001E+00,  1.00001E+00,  1.00001E+00,  1.00001E+00,  1.00000E+00,  1.00000E+00,  1.00000E+00,  1.00000E+00,  1.00000E+00,  1.00000E+00,  1.00000E+00,  1.00000E+00,  1.00000E+00,  1.00000E+00,  1.00000E+00,  1.00000E+00,  1.00000E+00,  1.00000E+00,  1.00000E+00,  1.00000E+00,  1.00000E+00,  1.00000E+00,  1.00000E+00
  1.00001E+00,  1.00027E+00,  1.00202E+00,  1.00822E+00,  1.02507E+00,  1.06919E+00,  1.19311E+00,  1.57257E+00,  2.81242E+00,  6.98870E+00,  2.09381E+01,  6.54002E+01,  1.96090E+02,  5.40609E+02,  1.33826E+03,  2.93656E+03,  5.68057E+03,  9.68591E+03,  1.46117E+04,  1.96262E+04,  2.36621E+04,  2.58385E+04,  2.57968E+04,  2.37705E+04,  2.04007E+04,  1.64494E+04,  1.25620E+04,  9.15405E+03,  6.40857E+03,  4.33686E+03,  2.85273E+03,  1.83303E+03,  1.15564E+03,  7.17699E+02,  4.40625E+02,  2.68291E+02,  1.62502E+02,  9.81983E+01,  5.93827E+01,  3.60591E+01,  2.20789E+01,  1.37052E+01,  8.68537E+00,  5.66984E+00,  3.85252E+00,  2.75278E+00,  2.08401E+00,  1.67505E+00,  1.42344E+00,  1.26763E+00,  1.17047E+00,  1.10944E+00,  1.07083E+00,  1.04622E+00,  1.03040E+00,  1.02016E+00,  1.01348E+00,  1.00909E+00,  1.00618E+00,  1.00423E+00,  1.00292E+00,  1.00203E+00,  1.00142E+00,  1.00101E+00,  1.00072E+00,  1.00051E+00,  1.00037E+00,  1.00027E+00,  1.00020E+00,  1.00015E+00,  1.00011E+00,  1.00008E+00,  1.00006E+00,  1.00005E+00,  1.00003E+00,  1.00003E+00,  1.00002E+00,  1.00002E+00,  1.00001E+00,  1.00001E+00,  1.00001E+00,  1.00001E+00,  1.00000E+00,  1.00000E+00,  1.00000E+00,  1.00000E+00,  1.00000E+00,  1.00000E+00,  1.00000E+00,  1.00000E+00,  1.00000E+00,  1.00000E+00,  1.00000E+00,  1.00000E+00,  1.00000E+00,  1.00000E+00,  1.00000E+00,  1.00000E+00,  1.00000E+00,  1.00000E+00,  1.00000E+00
  1.00001E+00,  1.00026E+00,  1.00194E+00,  1.00795E+00,  1.02427E+00,  1.06680E+00,  1.18535E+00,  1.54552E+00,  2.71359E+00,  6.62349E+00,  1.96238E+01,  6.09583E+01,  1.82420E+02,  5.03221E+02,  1.24889E+03,  2.75178E+03,  5.35170E+03,  9.18264E+03,  1.39488E+04,  1.88742E+04,  2.29286E+04,  2.52297E+04,  2.53808E+04,  2.35615E+04,  2.03674E+04,  1.65364E+04,  1.27120E+04,  9.32141E+03,  6.56432E+03,  4.46693E+03,  2.95355E+03,  1.90699E+03,  1.20768E+03,  7.53136E+02,  4.64151E+02,  2.83603E+02,  1.72318E+02,  1.04420E+02,  6.32932E+01,  3.85033E+01,  2.36015E+01,  1.46521E+01,  9.27438E+00,  6.03673E+00,  4.08164E+00,  2.89636E+00,  2.17438E+00,  1.73221E+00,  1.45980E+00,  1.29089E+00,  1.18545E+00,  1.11915E+00,  1.07717E+00,  1.05038E+00,  1.03316E+00,  1.02200E+00,  1.01472E+00,  1.00992E+00,  1.00675E+00,  1.00462E+00,  1.00319E+00,  1.00222E+00,  1.00156E+00,  1.00110E+00,  1.00078E+00,  1.00056E+00,  1.00040E+00,  1.00029E+00,  1.00022E+00,  1.00016E+00,  1.00012E+00,  1.00009E+00,  1.00007E+00,  1.00005E+00,  1.00004E+00,  1.00003E+00,  1.00002E+00,  1.00002E+00,  1.00001E+00,  1.00001E+00,  1.00001E+00,  1.00001E+00,  1.00001E+00,  1.00000E+00,  1.00000E+00,  1.00000E+00,  1.00000E+00,  1.00000E+00,  1.00000E+00,  1.00000E+00,  1.00000E+00,  1.00000E+00,  1.00000E+00,  1.00000E+00,  1.00000E+00,  1.00000E+00,  1.00000E+00,  1.00000E+00,  1.00000E+00,  1.00000E+00,  1.00000E+00
  1.00001E+00,  1.00025E+00,  1.00187E+00,  1.00770E+00,  1.02351E+00,  1.06452E+00,  1.17803E+00,  1.52018E+00,  2.62168E+00,  6.28585E+00,  1.84137E+01,  5.68756E+01,  1.69853E+02,  4.68767E+02,  1.16619E+03,  2.57978E+03,  5.04336E+03,  8.70678E+03,  1.33161E+04,  1.81486E+04,  2.22120E+04,  2.46259E+04,  2.49594E+04,  2.33408E+04,  2.03205E+04,  1.66115E+04,  1.28534E+04,  9.48363E+03,  6.71771E+03,  4.59649E+03,  3.05488E+03,  1.98191E+03,  1.26073E+03,  7.89470E+02,  4.88397E+02,  2.99457E+02,  1.82525E+02,  1.10913E+02,  6.73888E+01,  4.10712E+01,  2.52057E+01,  1.56525E+01,  9.89810E+00,  6.42608E+00,  4.32525E+00,  3.04930E+00,  2.27079E+00,  1.79328E+00,  1.49869E+00,  1.31581E+00,  1.20151E+00,  1.12958E+00,  1.08398E+00,  1.05486E+00,  1.03613E+00,  1.02398E+00,  1.01605E+00,  1.01083E+00,  1.00736E+00,  1.00504E+00,  1.00348E+00,  1.00242E+00,  1.00170E+00,  1.00120E+00,  1.00085E+00,  1.00061E+00,  1.00044E+00,  1.00032E+00,  1.00024E+00,  1.00017E+00,  1.00013E+00,  1.00010E+00,  1.00007E+00,  1.00005E+00,  1.00004E+00,  1.00003E+00,  1.00002E+00,  1.00002E+00,  1.00001E+00,  1.00001E+00,  1.00001E+00,  1.00001E+00,  1.00001E+00,  1.00000E+00,  1.00000E+00,  1.00000E+00,  1.00000E+00,  1.00000E+00,  1.00000E+00,  1.00000E+00,  1.00000E+00,  1.00000E+00,  1.00000E+00,  1.00000E+00,  1.00000E+00,  1.00000E+00,  1.00000E+00,  1.00000E+00,  1.00000E+00,  1.00000E+00,  1.00000E+00
  1.00001E+00,  1.00024E+00,  1.00180E+00,  1.00745E+00,  1.02278E+00,  1.06236E+00,  1.17111E+00,  1.49643E+00,  2.53613E+00,  5.97336E+00,  1.72980E+01,  5.31194E+01,  1.58288E+02,  4.36993E+02,  1.08961E+03,  2.41962E+03,  4.75420E+03,  8.25682E+03,  1.27122E+04,  1.74487E+04,  2.15125E+04,  2.40279E+04,  2.45336E+04,  2.31092E+04,  2.02609E+04,  1.66751E+04,  1.29862E+04,  9.64057E+03,  6.86856E+03,  4.72538E+03,  3.15662E+03,  2.05769E+03,  1.31475E+03,  8.26686E+02,  5.13359E+02,  3.15856E+02,  1.93126E+02,  1.17683E+02,  7.16739E+01,  4.37665E+01,  2.68942E+01,  1.67082E+01,  1.05579E+01,  6.83882E+00,  4.58402E+00,  3.21204E+00,  2.37355E+00,  1.85847E+00,  1.54027E+00,  1.34247E+00,  1.21872E+00,  1.14075E+00,  1.09129E+00,  1.05968E+00,  1.03932E+00,  1.02612E+00,  1.01748E+00,  1.01180E+00,  1.00802E+00,  1.00550E+00,  1.00380E+00,  1.00264E+00,  1.00185E+00,  1.00131E+00,  1.00093E+00,  1.00067E+00,  1.00048E+00,  1.00035E+00,  1.00026E+00,  1.00019E+00,  1.00014E+00,  1.00010E+00,  1.00008E+00,  1.00006E+00,  1.00005E+00,  1.00003E+00,  1.00003E+00,  1.00002E+00,  1.00002E+00,  1.00001E+00,  1.00001E+00,  1.00001E+00,  1.00001E+00,  1.00000E+00,  1.00000E+00,  1.00000E+00,  1.00000E+00,  1.00000E+00,  1.00000E+00,  1.00000E+00,  1.00000E+00,  1.00000E+00,  1.00000E+00,  1.00000E+00,  1.00000E+00,  1.00000E+00,  1.00000E+00,  1.00000E+00,  1.00000E+00,  1.00000E+00,  1.00000E+00
  1.00001E+00,  1.00022E+00,  1.00173E+00,  1.00721E+00,  1.02209E+00,  1.06029E+00,  1.16457E+00,  1.47414E+00,  2.45640E+00,  5.68382E+00,  1.62686E+01,  4.96601E+01,  1.47637E+02,  4.07669E+02,  1.01866E+03,  2.27041E+03,  4.48297E+03,  7.83135E+03,  1.21359E+04,  1.67739E+04,  2.08302E+04,  2.34363E+04,  2.41043E+04,  2.28677E+04,  2.01888E+04,  1.67273E+04,  1.31104E+04,  9.79212E+03,  7.01672E+03,  4.85348E+03,  3.25866E+03,  2.13428E+03,  1.36971E+03,  8.64765E+02,  5.39034E+02,  3.32802E+02,  2.04127E+02,  1.24735E+02,  7.61526E+01,  4.65923E+01,  2.86696E+01,  1.78211E+01,  1.12551E+01,  7.27591E+00,  4.85858E+00,  3.38503E+00,  2.48295E+00,  1.92798E+00,  1.58465E+00,  1.37097E+00,  1.23713E+00,  1.15273E+00,  1.09912E+00,  1.06484E+00,  1.04275E+00,  1.02840E+00,  1.01902E+00,  1.01284E+00,  1.00874E+00,  1.00599E+00,  1.00414E+00,  1.00288E+00,  1.00202E+00,  1.00143E+00,  1.00102E+00,  1.00073E+00,  1.00053E+00,  1.00038E+00,  1.00028E+00,  1.00021E+00,  1.00015E+00,  1.00011E+00,  1.00009E+00,  1.00006E+00,  1.00005E+00,  1.00004E+00,  1.00003E+00,  1.00002E+00,  1.00002E+00,  1.00001E+00,  1.00001E+00,  1.00001E+00,  1.00001E+00,  1.00001E+00,  1.00000E+00,  1.00000E+00,  1.00000E+00,  1.00000E+00,  1.00000E+00,  1.00000E+00,  1.00000E+00,  1.00000E+00,  1.00000E+00,  1.00000E+00,  1.00000E+00,  1.00000E+00,  1.00000E+00,  1.00000E+00,  1.00000E+00,  1.00000E+00,  1.00000E+00
  1.00001E+00,  1.00021E+00,  1.00167E+00,  1.00699E+00,  1.02142E+00,  1.05833E+00,  1.15838E+00,  1.45320E+00,  2.38203E+00,  5.41527E+00,  1.53175E+01,  4.64712E+01,  1.37820E+02,  3.80586E+02,  9.52894E+02,  2.13135E+03,  4.22850E+03,  7.42903E+03,  1.15860E+04,  1.61236E+04,  2.01651E+04,  2.28519E+04,  2.36723E+04,  2.26169E+04,  2.01049E+04,  1.67684E+04,  1.32261E+04,  9.93817E+03,  7.16205E+03,  4.98064E+03,  3.36089E+03,  2.21161E+03,  1.42556E+03,  9.03691E+02,  5.65415E+02,  3.50294E+02,  2.15530E+02,  1.32073E+02,  8.08289E+01,  4.95522E+01,  3.05346E+01,  1.89932E+01,  1.19910E+01,  7.73832E+00,  5.14962E+00,  3.56872E+00,  2.59932E+00,  2.00202E+00,  1.63199E+00,  1.40141E+00,  1.25682E+00,  1.16554E+00,  1.10752E+00,  1.07037E+00,  1.04642E+00,  1.03086E+00,  1.02068E+00,  1.01396E+00,  1.00950E+00,  1.00652E+00,  1.00450E+00,  1.00314E+00,  1.00220E+00,  1.00155E+00,  1.00111E+00,  1.00079E+00,  1.00057E+00,  1.00042E+00,  1.00030E+00,  1.00022E+00,  1.00017E+00,  1.00012E+00,  1.00009E+00,  1.00007E+00,  1.00005E+00,  1.00004E+00,  1.00003E+00,  1.00002E+00,  1.00002E+00,  1.00001E+00,  1.00001E+00,  1.00001E+00,  1.00001E+00,  1.00001E+00,  1.00000E+00,  1.00000E+00,  1.00000E+00,  1.00000E+00,  1.00000E+00,  1.00000E+00,  1.00000E+00,  1.00000E+00,  1.00000E+00,  1.00000E+00,  1.00000E+00,  1.00000E+00,  1.00000E+00,  1.00000E+00,  1.00000E+00,  1.00000E+00,  1.00000E+00
  1.00001E+00,  1.00020E+00,  1.00161E+00,  1.00677E+00,  1.02077E+00,  1.05645E+00,  1.15252E+00,  1.43351E+00,  2.31259E+00,  5.16593E+00,  1.44381E+01,  4.35288E+01,  1.28762E+02,  3.55555E+02,  8.91889E+02,  2.00171E+03,  3.98970E+03,  7.04859E+03,  1.10615E+04,  1.54972E+04,  1.95173E+04,  2.22750E+04,  2.32386E+04,  2.23578E+04,  2.00098E+04,  1.67987E+04,  1.33333E+04,  1.00786E+04,  7.30439E+03,  5.10672E+03,  3.46322E+03,  2.28961E+03,  1.48227E+03,  9.43444E+02,  5.92495E+02,  3.68333E+02,  2.27338E+02,  1.39700E+02,  8.57068E+01,  5.26492E+01,  3.24915E+01,  2.02263E+01,  1.27672E+01,  8.22702E+00,  5.45782E+00,  3.76359E+00,  2.72296E+00,  2.08080E+00,  1.68244E+00,  1.43389E+00,  1.27784E+00,  1.17923E+00,  1.11650E+00,  1.07630E+00,  1.05036E+00,  1.03350E+00,  1.02245E+00,  1.01517E+00,  1.01033E+00,  1.00708E+00,  1.00490E+00,  1.00341E+00,  1.00239E+00,  1.00169E+00,  1.00120E+00,  1.00086E+00,  1.00062E+00,  1.00045E+00,  1.00033E+00,  1.00024E+00,  1.00018E+00,  1.00013E+00,  1.00010E+00,  1.00008E+00,  1.00006E+00,  1.00004E+00,  1.00003E+00,  1.00003E+00,  1.00002E+00,  1.00002E+00,  1.00001E+00,  1.00001E+00,  1.00001E+00,  1.00001E+00,  1.00000E+00,  1.00000E+00,  1.00000E+00,  1.00000E+00,  1.00000E+00,  1.00000E+00,  1.00000E+00,  1.00000E+00,  1.00000E+00,  1.00000E+00,  1.00000E+00,  1.00000E+00,  1.00000E+00,  1.00000E+00,  1.00000E+00,  1.00000E+00,  1.00000E+00
  1.00001E+00,  1.00020E+00,  1.00155E+00,  1.00656E+00,  1.02016E+00,  1.05466E+00,  1.14696E+00,  1.41498E+00,  2.24768E+00,  4.93419E+00,  1.36241E+01,  4.08112E+01,  1.20398E+02,  3.32404E+02,  8.35271E+02,  1.88079E+03,  3.76556E+03,  6.68880E+03,  1.05613E+04,  1.48940E+04,  1.88866E+04,  2.17062E+04,  2.28038E+04,  2.20909E+04,  1.99040E+04,  1.68184E+04,  1.34320E+04,  1.02134E+04,  7.44362E+03,  5.23159E+03,  3.56553E+03,  2.36820E+03,  1.53980E+03,  9.84002E+02,  6.20267E+02,  3.86919E+02,  2.39556E+02,  1.47622E+02,  9.07901E+01,  5.58869E+01,  3.45431E+01,  2.15224E+01,  1.35849E+01,  8.74302E+00,  5.78387E+00,  3.97012E+00,  2.85422E+00,  2.16456E+00,  1.73614E+00,  1.46850E+00,  1.30028E+00,  1.19386E+00,  1.12610E+00,  1.08264E+00,  1.05458E+00,  1.03632E+00,  1.02436E+00,  1.01646E+00,  1.01121E+00,  1.00769E+00,  1.00532E+00,  1.00370E+00,  1.00260E+00,  1.00184E+00,  1.00131E+00,  1.00094E+00,  1.00068E+00,  1.00049E+00,  1.00036E+00,  1.00027E+00,  1.00020E+00,  1.00015E+00,  1.00011E+00,  1.00008E+00,  1.00006E+00,  1.00005E+00,  1.00004E+00,  1.00003E+00,  1.00002E+00,  1.00002E+00,  1.00001E+00,  1.00001E+00,  1.00001E+00,  1.00001E+00,  1.00001E+00,  1.00000E+00,  1.00000E+00,  1.00000E+00,  1.00000E+00,  1.00000E+00,  1.00000E+00,  1.00000E+00,  1.00000E+00,  1.00000E+00,  1.00000E+00,  1.00000E+00,  1.00000E+00,  1.00000E+00,  1.00000E+00,  1.00000E+00,  1.00000E+00
  1.00001E+00,  1.00019E+00,  1.00150E+00,  1.00636E+00,  1.01956E+00,  1.05294E+00,  1.14168E+00,  1.39753E+00,  2.18695E+00,  4.71859E+00,  1.28700E+01,  3.82991E+01,  1.12670E+02,  3.10977E+02,  7.82697E+02,  1.76796E+03,  3.55512E+03,  6.34854E+03,  1.00842E+04,  1.43133E+04,  1.82731E+04,  2.11460E+04,  2.23687E+04,  2.18171E+04,  1.97880E+04,  1.68278E+04,  1.35223E+04,  1.03425E+04,  7.57961E+03,  5.35513E+03,  3.66772E+03,  2.44733E+03,  1.59809E+03,  1.02534E+03,  6.48722E+02,  4.06050E+02,  2.52185E+02,  1.55841E+02,  9.60825E+01,  5.92681E+01,  3.66919E+01,  2.28834E+01,  1.44456E+01,  9.28731E+00,  6.12847E+00,  4.18880E+00,  2.99342E+00,  2.25353E+00,  1.79326E+00,  1.50536E+00,  1.32419E+00,  1.20948E+00,  1.13635E+00,  1.08942E+00,  1.05909E+00,  1.03934E+00,  1.02640E+00,  1.01785E+00,  1.01216E+00,  1.00834E+00,  1.00577E+00,  1.00402E+00,  1.00282E+00,  1.00199E+00,  1.00142E+00,  1.00102E+00,  1.00074E+00,  1.00053E+00,  1.00039E+00,  1.00029E+00,  1.00021E+00,  1.00016E+00,  1.00012E+00,  1.00009E+00,  1.00007E+00,  1.00005E+00,  1.00004E+00,  1.00003E+00,  1.00002E+00,  1.00002E+00,  1.00001E+00,  1.00001E+00,  1.00001E+00,  1.00001E+00,  1.00001E+00,  1.00000E+00,  1.00000E+00,  1.00000E+00,  1.00000E+00,  1.00000E+00,  1.00000E+00,  1.00000E+00,  1.00000E+00,  1.00000E+00,  1.00000E+00,  1.00000E+00,  1.00000E+00,  1.00000E+00,  1.00000E+00,  1.00000E+00,  1.00000E+00
  1.00001E+00,  1.00018E+00,  1.00144E+00,  1.00616E+00,  1.01899E+00,  1.05131E+00,  1.13667E+00,  1.38108E+00,  2.13007E+00,  4.51781E+00,  1.21705E+01,  3.59747E+01,  1.05522E+02,  2.91131E+02,  7.33849E+02,  1.66263E+03,  3.35750E+03,  6.02671E+03,  9.62928E+03,  1.37545E+04,  1.76766E+04,  2.05947E+04,  2.19339E+04,  2.15370E+04,  1.96623E+04,  1.68272E+04,  1.36043E+04,  1.04657E+04,  7.71226E+03,  5.47722E+03,  3.76971E+03,  2.52691E+03,  1.65712E+03,  1.06745E+03,  6.77851E+02,  4.25725E+02,  2.65226E+02,  1.64361E+02,  1.01587E+02,  6.27962E+01,  3.89404E+01,  2.43112E+01,  1.53508E+01,  9.86091E+00,  6.49235E+00,  4.42012E+00,  3.14092E+00,  2.34793E+00,  1.85395E+00,  1.54457E+00,  1.34967E+00,  1.22612E+00,  1.14729E+00,  1.09666E+00,  1.06391E+00,  1.04257E+00,  1.02858E+00,  1.01933E+00,  1.01317E+00,  1.00904E+00,  1.00626E+00,  1.00436E+00,  1.00306E+00,  1.00216E+00,  1.00154E+00,  1.00110E+00,  1.00080E+00,  1.00058E+00,  1.00042E+00,  1.00031E+00,  1.00023E+00,  1.00017E+00,  1.00013E+00,  1.00010E+00,  1.00007E+00,  1.00006E+00,  1.00004E+00,  1.00003E+00,  1.00003E+00,  1.00002E+00,  1.00002E+00,  1.00001E+00,  1.00001E+00,  1.00001E+00,  1.00001E+00,  1.00001E+00,  1.00000E+00,  1.00000E+00,  1.00000E+00,  1.00000E+00,  1.00000E+00,  1.00000E+00,  1.00000E+00,  1.00000E+00,  1.00000E+00,  1.00000E+00,  1.00000E+00,  1.00000E+00,  1.00000E+00,  1.00000E+00,  1.00000E+00
  1.00001E+00,  1.00017E+00,  1.00139E+00,  1.00597E+00,  1.01845E+00,  1.04974E+00,  1.13191E+00,  1.36556E+00,  2.07676E+00,  4.33066E+00,  1.15212E+01,  3.38221E+01,  9.89054E+01,  2.72737E+02,  6.88438E+02,  1.56427E+03,  3.17187E+03,  5.72228E+03,  9.19552E+03,  1.32170E+04,  1.70969E+04,  2.00526E+04,  2.15001E+04,  2.12513E+04,  1.95275E+04,  1.68169E+04,  1.36782E+04,  1.05832E+04,  7.84145E+03,  5.59774E+03,  3.87137E+03,  2.60687E+03,  1.71683E+03,  1.11029E+03,  7.07644E+02,  4.45940E+02,  2.78683E+02,  1.73185E+02,  1.07308E+02,  6.64742E+01,  4.12910E+01,  2.58078E+01,  1.63017E+01,  1.04649E+01,  6.87624E+00,  4.66459E+00,  3.29705E+00,  2.44801E+00,  1.91838E+00,  1.58625E+00,  1.37677E+00,  1.24385E+00,  1.15896E+00,  1.10438E+00,  1.06906E+00,  1.04603E+00,  1.03091E+00,  1.02091E+00,  1.01426E+00,  1.00979E+00,  1.00678E+00,  1.00472E+00,  1.00332E+00,  1.00234E+00,  1.00167E+00,  1.00120E+00,  1.00086E+00,  1.00063E+00,  1.00046E+00,  1.00034E+00,  1.00025E+00,  1.00019E+00,  1.00014E+00,  1.00011E+00,  1.00008E+00,  1.00006E+00,  1.00005E+00,  1.00004E+00,  1.00003E+00,  1.00002E+00,  1.00002E+00,  1.00001E+00,  1.00001E+00,  1.00001E+00,  1.00001E+00,  1.00001E+00,  1.00000E+00,  1.00000E+00,  1.00000E+00,  1.00000E+00,  1.00000E+00,  1.00000E+00,  1.00000E+00,  1.00000E+00,  1.00000E+00,  1.00000E+00,  1.00000E+00,  1.00000E+00,  1.00000E+00,  1.00000E+00,  1.00000E+00
  1.00001E+00,  1.00016E+00,  1.00134E+00,  1.00579E+00,  1.01792E+00,  1.04824E+00,  1.12739E+00,  1.35090E+00,  2.02674E+00,  4.15605E+00,  1.09179E+01,  3.18268E+01,  9.27764E+01,  2.55678E+02,  6.46199E+02,  1.47238E+03,  2.99745E+03,  5.43431E+03,  8.78197E+03,  1.26999E+04,  1.65338E+04,  1.95201E+04,  2.10678E+04,  2.09607E+04,  1.93841E+04,  1.67973E+04,  1.37439E+04,  1.06947E+04,  7.96709E+03,  5.71658E+03,  3.97263E+03,  2.68716E+03,  1.77718E+03,  1.15384E+03,  7.38088E+02,  4.66694E+02,  2.92554E+02,  1.82316E+02,  1.13248E+02,  7.03049E+01,  4.37462E+01,  2.73751E+01,  1.72999E+01,  1.11002E+01,  7.28087E+00,  4.92273E+00,  3.46219E+00,  2.55402E+00,  1.98671E+00,  1.63051E+00,  1.40559E+00,  1.26271E+00,  1.17138E+00,  1.11262E+00,  1.07455E+00,  1.04971E+00,  1.03340E+00,  1.02261E+00,  1.01542E+00,  1.01059E+00,  1.00733E+00,  1.00511E+00,  1.00359E+00,  1.00254E+00,  1.00181E+00,  1.00130E+00,  1.00094E+00,  1.00068E+00,  1.00050E+00,  1.00037E+00,  1.00027E+00,  1.00020E+00,  1.00015E+00,  1.00011E+00,  1.00009E+00,  1.00007E+00,  1.00005E+00,  1.00004E+00,  1.00003E+00,  1.00002E+00,  1.00002E+00,  1.00001E+00,  1.00001E+00,  1.00001E+00,  1.00001E+00,  1.00001E+00,  1.00000E+00,  1.00000E+00,  1.00000E+00,  1.00000E+00,  1.00000E+00,  1.00000E+00,  1.00000E+00,  1.00000E+00,  1.00000E+00,  1.00000E+00,  1.00000E+00,  1.00000E+00,  1.00000E+00,  1.00000E+00,  1.00000E+00
  1.00001E+00,  1.00016E+00,  1.00129E+00,  1.00562E+00,  1.01741E+00,  1.04681E+00,  1.12308E+00,  1.33705E+00,  1.97978E+00,  3.99299E+00,  1.03569E+01,  2.99759E+01,  8.70945E+01,  2.39845E+02,  6.06889E+02,  1.38650E+03,  2.83354E+03,  5.16185E+03,  8.38771E+03,  1.22027E+04,  1.59871E+04,  1.89973E+04,  2.06376E+04,  2.06658E+04,  1.92326E+04,  1.67686E+04,  1.38016E+04,  1.08004E+04,  8.08909E+03,  5.83363E+03,  4.07338E+03,  2.76768E+03,  1.83813E+03,  1.19808E+03,  7.69172E+02,  4.87982E+02,  3.06842E+02,  1.91756E+02,  1.19411E+02,  7.42914E+01,  4.63085E+01,  2.90149E+01,  1.83468E+01,  1.17680E+01,  7.70698E+00,  5.19508E+00,  3.63670E+00,  2.66621E+00,  2.05913E+00,  1.67747E+00,  1.43620E+00,  1.28278E+00,  1.18461E+00,  1.12139E+00,  1.08040E+00,  1.05365E+00,  1.03606E+00,  1.02442E+00,  1.01666E+00,  1.01145E+00,  1.00793E+00,  1.00553E+00,  1.00388E+00,  1.00275E+00,  1.00196E+00,  1.00140E+00,  1.00101E+00,  1.00074E+00,  1.00054E+00,  1.00040E+00,  1.00029E+00,  1.00022E+00,  1.00016E+00,  1.00012E+00,  1.00009E+00,  1.00007E+00,  1.00006E+00,  1.00004E+00,  1.00003E+00,  1.00003E+00,  1.00002E+00,  1.00002E+00,  1.00001E+00,  1.00001E+00,  1.00001E+00,  1.00001E+00,  1.00001E+00,  1.00000E+00,  1.00000E+00,  1.00000E+00,  1.00000E+00,  1.00000E+00,  1.00000E+00,  1.00000E+00,  1.00000E+00,  1.00000E+00,  1.00000E+00,  1.00000E+00,  1.00000E+00,  1.00000E+00,  1.00000E+00
  1.00001E+00,  1.00015E+00,  1.00125E+00,  1.00545E+00,  1.01692E+00,  1.04543E+00,  1.11898E+00,  1.32394E+00,  1.93563E+00,  3.84058E+00,  9.83462E+00,  2.82573E+01,  8.18229E+01,  2.25141E+02,  5.70284E+02,  1.30619E+03,  2.67944E+03,  4.90405E+03,  8.01187E+03,  1.17248E+04,  1.54566E+04,  1.84845E+04,  2.02100E+04,  2.03671E+04,  1.90736E+04,  1.67312E+04,  1.38516E+04,  1.09003E+04,  8.20738E+03,  5.94879E+03,  4.17353E+03,  2.84839E+03,  1.89962E+03,  1.24298E+03,  8.00883E+02,  5.09799E+02,  3.21546E+02,  2.01508E+02,  1.25798E+02,  7.84364E+01,  4.89802E+01,  3.07292E+01,  1.94438E+01,  1.24692E+01,  8.15534E+00,  5.48216E+00,  3.82094E+00,  2.78484E+00,  2.13581E+00,  1.72726E+00,  1.46869E+00,  1.30409E+00,  1.19867E+00,  1.13072E+00,  1.08664E+00,  1.05784E+00,  1.03889E+00,  1.02635E+00,  1.01798E+00,  1.01236E+00,  1.00856E+00,  1.00597E+00,  1.00419E+00,  1.00297E+00,  1.00211E+00,  1.00152E+00,  1.00109E+00,  1.00080E+00,  1.00058E+00,  1.00043E+00,  1.00032E+00,  1.00024E+00,  1.00018E+00,  1.00013E+00,  1.00010E+00,  1.00008E+00,  1.00006E+00,  1.00005E+00,  1.00004E+00,  1.00003E+00,  1.00002E+00,  1.00002E+00,  1.00001E+00,  1.00001E+00,  1.00001E+00,  1.00001E+00,  1.00001E+00,  1.00000E+00,  1.00000E+00,  1.00000E+00,  1.00000E+00,  1.00000E+00,  1.00000E+00,  1.00000E+00,  1.00000E+00,  1.00000E+00,  1.00000E+00,  1.00000E+00,  1.00000E+00,  1.00000E+00,  1.00000E+00
  1.00000E+00,  1.00014E+00,  1.00121E+00,  1.00529E+00,  1.01645E+00,  1.04411E+00,  1.11507E+00,  1.31153E+00,  1.89411E+00,  3.69800E+00,  9.34809E+00,  2.66603E+01,  7.69282E+01,  2.11476E+02,  5.36179E+02,  1.23108E+03,  2.53454E+03,  4.66010E+03,  7.65360E+03,  1.12654E+04,  1.49420E+04,  1.79817E+04,  1.97854E+04,  2.00652E+04,  1.89074E+04,  1.66853E+04,  1.38938E+04,  1.09942E+04,  8.32188E+03,  6.06197E+03,  4.27300E+03,  2.92919E+03,  1.96162E+03,  1.28851E+03,  8.33207E+02,  5.32141E+02,  3.36667E+02,  2.11573E+02,  1.32413E+02,  8.27426E+01,  5.17637E+01,  3.25198E+01,  2.05924E+01,  1.32050E+01,  8.62671E+00,  5.78451E+00,  4.01531E+00,  2.91017E+00,  2.21693E+00,  1.77999E+00,  1.50314E+00,  1.32671E+00,  1.21361E+00,  1.14065E+00,  1.09327E+00,  1.06230E+00,  1.04192E+00,  1.02841E+00,  1.01939E+00,  1.01334E+00,  1.00924E+00,  1.00644E+00,  1.00453E+00,  1.00320E+00,  1.00228E+00,  1.00164E+00,  1.00118E+00,  1.00086E+00,  1.00063E+00,  1.00046E+00,  1.00034E+00,  1.00026E+00,  1.00019E+00,  1.00014E+00,  1.00011E+00,  1.00008E+00,  1.00006E+00,  1.00005E+00,  1.00004E+00,  1.00003E+00,  1.00002E+00,  1.00002E+00,  1.00001E+00,  1.00001E+00,  1.00001E+00,  1.00001E+00,  1.00001E+00,  1.00000E+00,  1.00000E+00,  1.00000E+00,  1.00000E+00,  1.00000E+00,  1.00000E+00,  1.00000E+00,  1.00000E+00,  1.00000E+00,  1.00000E+00,  1.00000E+00,  1.00000E+00,  1.00000E+00,  1.00000E+00
  1.00000E+00,  1.00014E+00,  1.00116E+00,  1.00513E+00,  1.01600E+00,  1.04284E+00,  1.11134E+00,  1.29978E+00,  1.85502E+00,  3.56449E+00,  8.89443E+00,  2.51751E+01,  7.23802E+01,  1.98769E+02,  5.04388E+02,  1.16078E+03,  2.39825E+03,  4.42921E+03,  7.31208E+03,  1.08240E+04,  1.44430E+04,  1.74892E+04,  1.93643E+04,  1.97607E+04,  1.87346E+04,  1.66314E+04,  1.39285E+04,  1.10823E+04,  8.43253E+03,  6.17306E+03,  4.37169E+03,  3.01004E+03,  2.02407E+03,  1.33465E+03,  8.66130E+02,  5.55002E+02,  3.52202E+02,  2.21954E+02,  1.39259E+02,  8.72126E+01,  5.46612E+01,  3.43886E+01,  2.17940E+01,  1.39764E+01,  9.12187E+00,  6.10269E+00,  4.22019E+00,  3.04248E+00,  2.30269E+00,  1.83581E+00,  1.53964E+00,  1.35071E+00,  1.22948E+00,  1.15120E+00,  1.10033E+00,  1.06705E+00,  1.04513E+00,  1.03060E+00,  1.02090E+00,  1.01438E+00,  1.00996E+00,  1.00695E+00,  1.00488E+00,  1.00346E+00,  1.00246E+00,  1.00177E+00,  1.00128E+00,  1.00093E+00,  1.00068E+00,  1.00050E+00,  1.00037E+00,  1.00028E+00,  1.00021E+00,  1.00016E+00,  1.00012E+00,  1.00009E+00,  1.00007E+00,  1.00005E+00,  1.00004E+00,  1.00003E+00,  1.00003E+00,  1.00002E+00,  1.00002E+00,  1.00001E+00,  1.00001E+00,  1.00001E+00,  1.00001E+00,  1.00001E+00,  1.00000E+00,  1.00000E+00,  1.00000E+00,  1.00000E+00,  1.00000E+00,  1.00000E+00,  1.00000E+00,  1.00000E+00,  1.00000E+00,  1.00000E+00,  1.00000E+00,  1.00000E+00,  1.00000E+00
  1.00000E+00,  1.00013E+00,  1.00112E+00,  1.00498E+00,  1.01556E+00,  1.04163E+00,  1.10779E+00,  1.28864E+00,  1.81820E+00,  3.43939E+00,  8.47106E+00,  2.37927E+01,  6.81512E+01,  1.86944E+02,  4.74736E+02,  1.09498E+03,  2.27002E+03,  4.21066E+03,  6.98654E+03,  1.03999E+04,  1.39594E+04,  1.70070E+04,  1.89470E+04,  1.94540E+04,  1.85557E+04,  1.65697E+04,  1.39558E+04,  1.11646E+04,  8.53928E+03,  6.28200E+03,  4.46952E+03,  3.09085E+03,  2.08692E+03,  1.38136E+03,  8.99637E+02,  5.78375E+02,  3.68152E+02,  2.32651E+02,  1.46338E+02,  9.18491E+01,  5.76752E+01,  3.63375E+01,  2.30499E+01,  1.47844E+01,  9.64159E+00,  6.43725E+00,  4.43598E+00,  3.18204E+00,  2.39327E+00,  1.89484E+00,  1.57829E+00,  1.37615E+00,  1.24631E+00,  1.16239E+00,  1.10782E+00,  1.07210E+00,  1.04856E+00,  1.03294E+00,  1.02250E+00,  1.01548E+00,  1.01073E+00,  1.00749E+00,  1.00526E+00,  1.00373E+00,  1.00266E+00,  1.00191E+00,  1.00138E+00,  1.00100E+00,  1.00073E+00,  1.00054E+00,  1.00040E+00,  1.00030E+00,  1.00022E+00,  1.00017E+00,  1.00013E+00,  1.00010E+00,  1.00007E+00,  1.00006E+00,  1.00004E+00,  1.00003E+00,  1.00003E+00,  1.00002E+00,  1.00002E+00,  1.00001E+00,  1.00001E+00,  1.00001E+00,  1.00001E+00,  1.00001E+00,  1.00000E+00,  1.00000E+00,  1.00000E+00,  1.00000E+00,  1.00000E+00,  1.00000E+00,  1.00000E+00,  1.00000E+00,  1.00000E+00,  1.00000E+00,  1.00000E+00,  1.00000E+00,  1.00000E+00
  1.00000E+00,  1.00012E+00,  1.00109E+00,  1.00484E+00,  1.01514E+00,  1.04046E+00,  1.10439E+00,  1.27807E+00,  1.78347E+00,  3.32205E+00,  8.07565E+00,  2.25050E+01,  6.42158E+01,  1.75933E+02,  4.47065E+02,  1.03335E+03,  2.14934E+03,  4.00376E+03,  6.67624E+03,  9.99249E+03,  1.34908E+04,  1.65352E+04,  1.85339E+04,  1.91457E+04,  1.83710E+04,  1.65005E+04,  1.39759E+04,  1.12411E+04,  8.64208E+03,  6.38869E+03,  4.56641E+03,  3.17156E+03,  2.15014E+03,  1.42862E+03,  9.33710E+02,  6.02254E+02,  3.84515E+02,  2.43666E+02,  1.53652E+02,  9.66543E+01,  6.08076E+01,  3.83683E+01,  2.43618E+01,  1.56302E+01,  1.01867E+01,  6.78877E+00,  4.66306E+00,  3.32913E+00,  2.48886E+00,  1.95722E+00,  1.61918E+00,  1.40308E+00,  1.26414E+00,  1.17428E+00,  1.11578E+00,  1.07746E+00,  1.05219E+00,  1.03542E+00,  1.02421E+00,  1.01666E+00,  1.01155E+00,  1.00806E+00,  1.00567E+00,  1.00401E+00,  1.00286E+00,  1.00205E+00,  1.00148E+00,  1.00108E+00,  1.00079E+00,  1.00058E+00,  1.00043E+00,  1.00032E+00,  1.00024E+00,  1.00018E+00,  1.00014E+00,  1.00011E+00,  1.00008E+00,  1.00006E+00,  1.00005E+00,  1.00004E+00,  1.00003E+00,  1.00002E+00,  1.00002E+00,  1.00001E+00,  1.00001E+00,  1.00001E+00,  1.00001E+00,  1.00001E+00,  1.00000E+00,  1.00000E+00,  1.00000E+00,  1.00000E+00,  1.00000E+00,  1.00000E+00,  1.00000E+00,  1.00000E+00,  1.00000E+00,  1.00000E+00,  1.00000E+00,  1.00000E+00,  1.00000E+00
  1.00000E+00,  1.00012E+00,  1.00105E+00,  1.00470E+00,  1.01473E+00,  1.03934E+00,  1.10115E+00,  1.26804E+00,  1.75070E+00,  3.21191E+00,  7.70603E+00,  2.13046E+01,  6.05511E+01,  1.65674E+02,  4.21230E+02,  9.75601E+02,  2.03574E+03,  3.80785E+03,  6.38045E+03,  9.60121E+03,  1.30369E+04,  1.60738E+04,  1.81253E+04,  1.88363E+04,  1.81811E+04,  1.64242E+04,  1.39889E+04,  1.13119E+04,  8.74089E+03,  6.49307E+03,  4.66228E+03,  3.25211E+03,  2.21366E+03,  1.47639E+03,  9.68335E+02,  6.26631E+02,  4.01287E+02,  2.55000E+02,  1.61203E+02,  1.01631E+02,  6.40608E+01,  4.04827E+01,  2.57309E+01,  1.65149E+01,  1.07579E+01,  7.15780E+00,  4.90186E+00,  3.48404E+00,  2.58968E+00,  2.02309E+00,  1.66240E+00,  1.43158E+00,  1.28304E+00,  1.18687E+00,  1.12423E+00,  1.08316E+00,  1.05606E+00,  1.03806E+00,  1.02602E+00,  1.01792E+00,  1.01243E+00,  1.00868E+00,  1.00610E+00,  1.00432E+00,  1.00308E+00,  1.00221E+00,  1.00160E+00,  1.00116E+00,  1.00085E+00,  1.00063E+00,  1.00046E+00,  1.00035E+00,  1.00026E+00,  1.00020E+00,  1.00015E+00,  1.00011E+00,  1.00009E+00,  1.00007E+00,  1.00005E+00,  1.00004E+00,  1.00003E+00,  1.00002E+00,  1.00002E+00,  1.00002E+00,  1.00001E+00,  1.00001E+00,  1.00001E+00,  1.00001E+00,  1.00001E+00,  1.00000E+00,  1.00000E+00,  1.00000E+00,  1.00000E+00,  1.00000E+00,  1.00000E+00,  1.00000E+00,  1.00000E+00,  1.00000E+00,  1.00000E+00,  1.00000E+00,  1.00000E+00
  1.00000E+00,  1.00011E+00,  1.00101E+00,  1.00456E+00,  1.01434E+00,  1.03826E+00,  1.09805E+00,  1.25850E+00,  1.71975E+00,  3.10845E+00,  7.36026E+00,  2.01846E+01,  5.71360E+01,  1.56109E+02,  3.97095E+02,  9.21474E+02,  1.92877E+03,  3.62234E+03,  6.09850E+03,  9.22545E+03,  1.25973E+04,  1.56228E+04,  1.77215E+04,  1.85260E+04,  1.79864E+04,  1.63412E+04,  1.39950E+04,  1.13769E+04,  8.83567E+03,  6.59505E+03,  4.75704E+03,  3.33243E+03,  2.27746E+03,  1.52465E+03,  1.00349E+03,  6.51499E+02,  4.18468E+02,  2.66653E+02,  1.68993E+02,  1.06780E+02,  6.74368E+01,  4.26827E+01,  2.71587E+01,  1.74394E+01,  1.13560E+01,  7.54494E+00,  5.15279E+00,  3.64706E+00,  2.69592E+00,  2.09258E+00,  1.70806E+00,  1.46172E+00,  1.30303E+00,  1.20021E+00,  1.13318E+00,  1.08920E+00,  1.06016E+00,  1.04086E+00,  1.02795E+00,  1.01925E+00,  1.01335E+00,  1.00933E+00,  1.00656E+00,  1.00465E+00,  1.00331E+00,  1.00238E+00,  1.00172E+00,  1.00125E+00,  1.00091E+00,  1.00067E+00,  1.00050E+00,  1.00037E+00,  1.00028E+00,  1.00021E+00,  1.00016E+00,  1.00012E+00,  1.00009E+00,  1.00007E+00,  1.00006E+00,  1.00004E+00,  1.00003E+00,  1.00003E+00,  1.00002E+00,  1.00002E+00,  1.00001E+00,  1.00001E+00,  1.00001E+00,  1.00001E+00,  1.00001E+00,  1.00000E+00,  1.00000E+00,  1.00000E+00,  1.00000E+00,  1.00000E+00,  1.00000E+00,  1.00000E+00,  1.00000E+00,  1.00000E+00,  1.00000E+00,  1.00000E+00,  1.00000E+00
  1.00000E+00,  1.00011E+00,  1.00098E+00,  1.00443E+00,  1.01396E+00,  1.03722E+00,  1.09508E+00,  1.24944E+00,  1.69050E+00,  3.01119E+00,  7.03654E+00,  1.91390E+01,  5.39514E+01,  1.47186E+02,  3.74537E+02,  8.70719E+02,  1.82800E+03,  3.44663E+03,  5.82973E+03,  8.86465E+03,  1.21719E+04,  1.51823E+04,  1.73228E+04,  1.82154E+04,  1.77872E+04,  1.62516E+04,  1.39945E+04,  1.14363E+04,  8.92641E+03,  6.69458E+03,  4.85064E+03,  3.41246E+03,  2.34147E+03,  1.57337E+03,  1.03917E+03,  6.76847E+02,  4.36055E+02,  2.78625E+02,  1.77023E+02,  1.12106E+02,  7.09376E+01,  4.49698E+01,  2.86466E+01,  1.84049E+01,  1.19819E+01,  7.95076E+00,  5.41625E+00,  3.81848E+00,  2.80779E+00,  2.16585E+00,  1.75625E+00,  1.49357E+00,  1.32418E+00,  1.21433E+00,  1.14266E+00,  1.09560E+00,  1.06451E+00,  1.04384E+00,  1.03000E+00,  1.02067E+00,  1.01434E+00,  1.01002E+00,  1.00705E+00,  1.00499E+00,  1.00356E+00,  1.00256E+00,  1.00185E+00,  1.00134E+00,  1.00098E+00,  1.00072E+00,  1.00054E+00,  1.00040E+00,  1.00030E+00,  1.00023E+00,  1.00017E+00,  1.00013E+00,  1.00010E+00,  1.00008E+00,  1.00006E+00,  1.00005E+00,  1.00004E+00,  1.00003E+00,  1.00002E+00,  1.00002E+00,  1.00001E+00,  1.00001E+00,  1.00001E+00,  1.00001E+00,  1.00001E+00,  1.00000E+00,  1.00000E+00,  1.00000E+00,  1.00000E+00,  1.00000E+00,  1.00000E+00,  1.00000E+00,  1.00000E+00,  1.00000E+00,  1.00000E+00,  1.00000E+00,  1.00000E+00
  1.00000E+00,  1.00010E+00,  1.00095E+00,  1.00431E+00,  1.01360E+00,  1.03622E+00,  1.09224E+00,  1.24081E+00,  1.66284E+00,  2.91968E+00,  6.73323E+00,  1.81620E+01,  5.09795E+01,  1.38857E+02,  3.53442E+02,  8.23105E+02,  1.73307E+03,  3.28018E+03,  5.57352E+03,  8.51824E+03,  1.17601E+04,  1.47520E+04,  1.69293E+04,  1.79049E+04,  1.75841E+04,  1.61559E+04,  1.39875E+04,  1.14901E+04,  9.01309E+03,  6.79160E+03,  4.94299E+03,  3.49212E+03,  2.40564E+03,  1.62250E+03,  1.07534E+03,  7.02668E+02,  4.54043E+02,  2.90917E+02,  1.85296E+02,  1.17608E+02,  7.45652E+01,  4.73458E+01,  3.01960E+01,  1.94125E+01,  1.26364E+01,  8.37585E+00,  5.69269E+00,  3.99862E+00,  2.92550E+00,  2.24305E+00,  1.80708E+00,  1.52719E+00,  1.34654E+00,  1.22927E+00,  1.15270E+00,  1.10239E+00,  1.06913E+00,  1.04699E+00,  1.03217E+00,  1.02217E+00,  1.01539E+00,  1.01076E+00,  1.00757E+00,  1.00536E+00,  1.00382E+00,  1.00274E+00,  1.00198E+00,  1.00144E+00,  1.00106E+00,  1.00078E+00,  1.00058E+00,  1.00043E+00,  1.00032E+00,  1.00024E+00,  1.00018E+00,  1.00014E+00,  1.00011E+00,  1.00008E+00,  1.00006E+00,  1.00005E+00,  1.00004E+00,  1.00003E+00,  1.00002E+00,  1.00002E+00,  1.00002E+00,  1.00001E+00,  1.00001E+00,  1.00001E+00,  1.00001E+00,  1.00001E+00,  1.00000E+00,  1.00000E+00,  1.00000E+00,  1.00000E+00,  1.00000E+00,  1.00000E+00,  1.00000E+00,  1.00000E+00,  1.00000E+00,  1.00000E+00,  1.00000E+00
  1.00000E+00,  1.00010E+00,  1.00091E+00,  1.00419E+00,  1.01324E+00,  1.03526E+00,  1.08952E+00,  1.23260E+00,  1.63666E+00,  2.83351E+00,  6.44883E+00,  1.72485E+01,  4.82044E+01,  1.31078E+02,  3.33706E+02,  7.78421E+02,  1.64359E+03,  3.12248E+03,  5.32927E+03,  8.18570E+03,  1.13617E+04,  1.43321E+04,  1.65414E+04,  1.75947E+04,  1.73773E+04,  1.60543E+04,  1.39741E+04,  1.15384E+04,  9.09569E+03,  6.88605E+03,  5.03404E+03,  3.57137E+03,  2.46995E+03,  1.67203E+03,  1.11199E+03,  7.28952E+02,  4.72429E+02,  3.03527E+02,  1.93812E+02,  1.23290E+02,  7.83216E+01,  4.98125E+01,  3.18082E+01,  2.04632E+01,  1.33202E+01,  8.82082E+00,  5.98252E+00,  4.18776E+00,  3.04927E+00,  2.32432E+00,  1.86066E+00,  1.56267E+00,  1.37014E+00,  1.24506E+00,  1.16332E+00,  1.10957E+00,  1.07401E+00,  1.05034E+00,  1.03447E+00,  1.02377E+00,  1.01650E+00,  1.01154E+00,  1.00812E+00,  1.00575E+00,  1.00410E+00,  1.00295E+00,  1.00213E+00,  1.00155E+00,  1.00113E+00,  1.00083E+00,  1.00062E+00,  1.00046E+00,  1.00035E+00,  1.00026E+00,  1.00020E+00,  1.00015E+00,  1.00012E+00,  1.00009E+00,  1.00007E+00,  1.00005E+00,  1.00004E+00,  1.00003E+00,  1.00003E+00,  1.00002E+00,  1.00002E+00,  1.00001E+00,  1.00001E+00,  1.00001E+00,  1.00001E+00,  1.00001E+00,  1.00000E+00,  1.00000E+00,  1.00000E+00,  1.00000E+00,  1.00000E+00,  1.00000E+00,  1.00000E+00,  1.00000E+00,  1.00000E+00,  1.00000E+00,  1.00000E+00
  1.00000E+00,  1.00010E+00,  1.00088E+00,  1.00407E+00,  1.01290E+00,  1.03434E+00,  1.08691E+00,  1.22478E+00,  1.61187E+00,  2.75233E+00,  6.18196E+00,  1.63937E+01,  4.56112E+01,  1.23807E+02,  3.15230E+02,  7.36468E+02,  1.55924E+03,  2.97304E+03,  5.09641E+03,  7.86648E+03,  1.09764E+04,  1.39225E+04,  1.61591E+04,  1.72853E+04,  1.71673E+04,  1.59471E+04,  1.39546E+04,  1.15813E+04,  9.17422E+03,  6.97788E+03,  5.12370E+03,  3.65014E+03,  2.53432E+03,  1.72192E+03,  1.14910E+03,  7.55689E+02,  4.91209E+02,  3.16456E+02,  2.02572E+02,  1.29153E+02,  8.22085E+01,  5.23715E+01,  3.34847E+01,  2.15581E+01,  1.40341E+01,  9.28625E+00,  6.28618E+00,  4.38623E+00,  3.17933E+00,  2.40982E+00,  1.91709E+00,  1.60007E+00,  1.39506E+00,  1.26174E+00,  1.17454E+00,  1.11717E+00,  1.07919E+00,  1.05388E+00,  1.03691E+00,  1.02546E+00,  1.01768E+00,  1.01236E+00,  1.00870E+00,  1.00617E+00,  1.00440E+00,  1.00316E+00,  1.00228E+00,  1.00166E+00,  1.00122E+00,  1.00090E+00,  1.00066E+00,  1.00049E+00,  1.00037E+00,  1.00028E+00,  1.00021E+00,  1.00016E+00,  1.00012E+00,  1.00010E+00,  1.00007E+00,  1.00006E+00,  1.00005E+00,  1.00004E+00,  1.00003E+00,  1.00002E+00,  1.00002E+00,  1.00001E+00,  1.00001E+00,  1.00001E+00,  1.00001E+00,  1.00001E+00,  1.00000E+00,  1.00000E+00,  1.00000E+00,  1.00000E+00,  1.00000E+00,  1.00000E+00,  1.00000E+00,  1.00000E+00,  1.00000E+00,  1.00000E+00,  1.00000E+00
  1.00000E+00,  1.00009E+00,  1.00085E+00,  1.00395E+00,  1.01257E+00,  1.03344E+00,  1.08441E+00,  1.21733E+00,  1.58837E+00,  2.67578E+00,  5.93136E+00,  1.55933E+01,  4.31863E+01,  1.17008E+02,  2.97926E+02,  6.97064E+02,  1.47969E+03,  2.83141E+03,  4.87440E+03,  7.56009E+03,  1.06037E+04,  1.35229E+04,  1.57827E+04,  1.69769E+04,  1.69543E+04,  1.58347E+04,  1.39292E+04,  1.16188E+04,  9.24866E+03,  7.06704E+03,  5.21193E+03,  3.72838E+03,  2.59873E+03,  1.77213E+03,  1.18665E+03,  7.82868E+02,  5.10379E+02,  3.29702E+02,  2.11578E+02,  1.35199E+02,  8.62278E+01,  5.50244E+01,  3.52268E+01,  2.26984E+01,  1.47791E+01,  9.77275E+00,  6.60410E+00,  4.59434E+00,  3.31589E+00,  2.49971E+00,  1.97648E+00,  1.63948E+00,  1.42133E+00,  1.27934E+00,  1.18640E+00,  1.12520E+00,  1.08466E+00,  1.05763E+00,  1.03950E+00,  1.02725E+00,  1.01893E+00,  1.01324E+00,  1.00933E+00,  1.00661E+00,  1.00472E+00,  1.00339E+00,  1.00245E+00,  1.00178E+00,  1.00130E+00,  1.00096E+00,  1.00071E+00,  1.00053E+00,  1.00040E+00,  1.00030E+00,  1.00023E+00,  1.00017E+00,  1.00013E+00,  1.00010E+00,  1.00008E+00,  1.00006E+00,  1.00005E+00,  1.00004E+00,  1.00003E+00,  1.00002E+00,  1.00002E+00,  1.00002E+00,  1.00001E+00,  1.00001E+00,  1.00001E+00,  1.00001E+00,  1.00001E+00,  1.00000E+00,  1.00000E+00,  1.00000E+00,  1.00000E+00,  1.00000E+00,  1.00000E+00,  1.00000E+00,  1.00000E+00,  1.00000E+00,  1.00000E+00
  1.00000E+00,  1.00009E+00,  1.00083E+00,  1.00384E+00,  1.01225E+00,  1.03258E+00,  1.08202E+00,  1.21022E+00,  1.56608E+00,  2.60354E+00,  5.69587E+00,  1.48433E+01,  4.09175E+01,  1.10646E+02,  2.81712E+02,  6.60040E+02,  1.40466E+03,  2.69714E+03,  4.66272E+03,  7.26602E+03,  1.02434E+04,  1.31335E+04,  1.54122E+04,  1.66699E+04,  1.67388E+04,  1.57173E+04,  1.38980E+04,  1.16511E+04,  9.31903E+03,  7.15350E+03,  5.29867E+03,  3.80602E+03,  2.66312E+03,  1.82264E+03,  1.22462E+03,  8.10478E+02,  5.29933E+02,  3.43265E+02,  2.20830E+02,  1.41428E+02,  9.03811E+01,  5.77727E+01,  3.70358E+01,  2.38849E+01,  1.55558E+01,  1.02809E+01,  6.93675E+00,  4.81240E+00,  3.45918E+00,  2.59415E+00,  2.03895E+00,  1.68098E+00,  1.44902E+00,  1.29791E+00,  1.19892E+00,  1.13369E+00,  1.09044E+00,  1.06160E+00,  1.04223E+00,  1.02915E+00,  1.02026E+00,  1.01417E+00,  1.00998E+00,  1.00708E+00,  1.00505E+00,  1.00363E+00,  1.00262E+00,  1.00191E+00,  1.00140E+00,  1.00103E+00,  1.00076E+00,  1.00057E+00,  1.00043E+00,  1.00032E+00,  1.00024E+00,  1.00019E+00,  1.00014E+00,  1.00011E+00,  1.00008E+00,  1.00007E+00,  1.00005E+00,  1.00004E+00,  1.00003E+00,  1.00003E+00,  1.00002E+00,  1.00002E+00,  1.00001E+00,  1.00001E+00,  1.00001E+00,  1.00001E+00,  1.00001E+00,  1.00000E+00,  1.00000E+00,  1.00000E+00,  1.00000E+00,  1.00000E+00,  1.00000E+00,  1.00000E+00,  1.00000E+00,  1.00000E+00,  1.00000E+00
  1.00000E+00,  1.00008E+00,  1.00080E+00,  1.00374E+00,  1.01194E+00,  1.03175E+00,  1.07972E+00,  1.20344E+00,  1.54493E+00,  2.53534E+00,  5.47443E+00,  1.41401E+01,  3.87933E+01,  1.04690E+02,  2.66511E+02,  6.25237E+02,  1.33386E+03,  2.56985E+03,  4.46088E+03,  6.98380E+03,  9.89510E+03,  1.27539E+04,  1.50479E+04,  1.63646E+04,  1.65211E+04,  1.55953E+04,  1.38613E+04,  1.16782E+04,  9.38535E+03,  7.23722E+03,  5.38386E+03,  3.88301E+03,  2.72745E+03,  1.87341E+03,  1.26299E+03,  8.38508E+02,  5.49867E+02,  3.57141E+02,  2.30328E+02,  1.47844E+02,  9.46702E+01,  6.06182E+01,  3.89131E+01,  2.51189E+01,  1.63652E+01,  1.08114E+01,  7.28455E+00,  5.04075E+00,  3.60943E+00,  2.69331E+00,  2.10462E+00,  1.72465E+00,  1.47819E+00,  1.31749E+00,  1.21213E+00,  1.14265E+00,  1.09655E+00,  1.06579E+00,  1.04513E+00,  1.03116E+00,  1.02166E+00,  1.01516E+00,  1.01068E+00,  1.00757E+00,  1.00541E+00,  1.00388E+00,  1.00281E+00,  1.00204E+00,  1.00150E+00,  1.00110E+00,  1.00082E+00,  1.00061E+00,  1.00046E+00,  1.00034E+00,  1.00026E+00,  1.00020E+00,  1.00015E+00,  1.00012E+00,  1.00009E+00,  1.00007E+00,  1.00006E+00,  1.00004E+00,  1.00003E+00,  1.00003E+00,  1.00002E+00,  1.00002E+00,  1.00001E+00,  1.00001E+00,  1.00001E+00,  1.00001E+00,  1.00001E+00,  1.00000E+00,  1.00000E+00,  1.00000E+00,  1.00000E+00,  1.00000E+00,  1.00000E+00,  1.00000E+00,  1.00000E+00,  1.00000E+00,  1.00000E+00
  1.00000E+00,  1.00008E+00,  1.00077E+00,  1.00364E+00,  1.01164E+00,  1.03095E+00,  1.07751E+00,  1.19696E+00,  1.52485E+00,  2.47089E+00,  5.26604E+00,  1.34803E+01,  3.68032E+01,  9.91101E+01,  2.52253E+02,  5.92509E+02,  1.26703E+03,  2.44913E+03,  4.26841E+03,  6.71296E+03,  9.55847E+03,  1.23842E+04,  1.46897E+04,  1.60611E+04,  1.63015E+04,  1.54688E+04,  1.38193E+04,  1.17003E+04,  9.44762E+03,  7.31817E+03,  5.46744E+03,  3.95930E+03,  2.79168E+03,  1.92442E+03,  1.30174E+03,  8.66946E+02,  5.70175E+02,  3.71331E+02,  2.40073E+02,  1.54446E+02,  9.90964E+01,  6.35621E+01,  4.08599E+01,  2.64013E+01,  1.72080E+01,  1.13648E+01,  7.64797E+00,  5.27971E+00,  3.76688E+00,  2.79735E+00,  2.17360E+00,  1.77056E+00,  1.50889E+00,  1.33811E+00,  1.22605E+00,  1.15210E+00,  1.10301E+00,  1.07022E+00,  1.04818E+00,  1.03329E+00,  1.02315E+00,  1.01620E+00,  1.01142E+00,  1.00810E+00,  1.00578E+00,  1.00415E+00,  1.00300E+00,  1.00219E+00,  1.00160E+00,  1.00118E+00,  1.00087E+00,  1.00065E+00,  1.00049E+00,  1.00037E+00,  1.00028E+00,  1.00021E+00,  1.00016E+00,  1.00013E+00,  1.00010E+00,  1.00008E+00,  1.00006E+00,  1.00005E+00,  1.00004E+00,  1.00003E+00,  1.00002E+00,  1.00002E+00,  1.00001E+00,  1.00001E+00,  1.00001E+00,  1.00001E+00,  1.00001E+00,  1.00001E+00,  1.00000E+00,  1.00000E+00,  1.00000E+00,  1.00000E+00,  1.00000E+00,  1.00000E+00,  1.00000E+00,  1.00000E+00,  1.00000E+00
  1.00000E+00,  1.00008E+00,  1.00075E+00,  1.00354E+00,  1.01135E+00,  1.03018E+00,  1.07538E+00,  1.19077E+00,  1.50576E+00,  2.40996E+00,  5.06980E+00,  1.28607E+01,  3.49375E+01,  9.38804E+01,  2.38873E+02,  5.61721E+02,  1.20393E+03,  2.33463E+03,  4.08485E+03,  6.45306E+03,  9.23318E+03,  1.20241E+04,  1.43378E+04,  1.57597E+04,  1.60803E+04,  1.53383E+04,  1.37720E+04,  1.17174E+04,  9.50588E+03,  7.39632E+03,  5.54938E+03,  4.03484E+03,  2.85575E+03,  1.97562E+03,  1.34085E+03,  8.95780E+02,  5.90850E+02,  3.85831E+02,  2.50065E+02,  1.61237E+02,  1.03661E+02,  6.66061E+01,  4.28775E+01,  2.77332E+01,  1.80851E+01,  1.19417E+01,  8.02745E+00,  5.52961E+00,  3.93177E+00,  2.90644E+00,  2.24601E+00,  1.81882E+00,  1.54118E+00,  1.35982E+00,  1.24072E+00,  1.16206E+00,  1.10981E+00,  1.07489E+00,  1.05141E+00,  1.03553E+00,  1.02472E+00,  1.01731E+00,  1.01220E+00,  1.00865E+00,  1.00618E+00,  1.00444E+00,  1.00321E+00,  1.00234E+00,  1.00171E+00,  1.00126E+00,  1.00093E+00,  1.00070E+00,  1.00052E+00,  1.00039E+00,  1.00030E+00,  1.00023E+00,  1.00017E+00,  1.00013E+00,  1.00010E+00,  1.00008E+00,  1.00006E+00,  1.00005E+00,  1.00004E+00,  1.00003E+00,  1.00002E+00,  1.00002E+00,  1.00002E+00,  1.00001E+00,  1.00001E+00,  1.00001E+00,  1.00001E+00,  1.00001E+00,  1.00000E+00,  1.00000E+00,  1.00000E+00,  1.00000E+00,  1.00000E+00,  1.00000E+00,  1.00000E+00,  1.00000E+00,  1.00000E+00
  1.00000E+00,  1.00007E+00,  1.00072E+00,  1.00344E+00,  1.01107E+00,  1.02943E+00,  1.07335E+00,  1.18485E+00,  1.48762E+00,  2.35230E+00,  4.88489E+00,  1.22786E+01,  3.31875E+01,  8.89758E+01,  2.26311E+02,  5.32745E+02,  1.14434E+03,  2.22600E+03,  3.90978E+03,  6.20366E+03,  8.91889E+03,  1.16735E+04,  1.39922E+04,  1.54607E+04,  1.58577E+04,  1.52039E+04,  1.37199E+04,  1.17296E+04,  9.56015E+03,  7.47165E+03,  5.62961E+03,  4.10957E+03,  2.91963E+03,  2.02698E+03,  1.38029E+03,  9.24997E+02,  6.11887E+02,  4.00640E+02,  2.60303E+02,  1.68216E+02,  1.08367E+02,  6.97514E+01,  4.49672E+01,  2.91156E+01,  1.89972E+01,  1.25427E+01,  8.42347E+00,  5.79079E+00,  4.10434E+00,  3.02075E+00,  2.32198E+00,  1.86949E+00,  1.57512E+00,  1.38267E+00,  1.25617E+00,  1.17257E+00,  1.11699E+00,  1.07983E+00,  1.05482E+00,  1.03790E+00,  1.02637E+00,  1.01847E+00,  1.01302E+00,  1.00924E+00,  1.00660E+00,  1.00474E+00,  1.00343E+00,  1.00250E+00,  1.00183E+00,  1.00135E+00,  1.00100E+00,  1.00074E+00,  1.00056E+00,  1.00042E+00,  1.00032E+00,  1.00024E+00,  1.00019E+00,  1.00014E+00,  1.00011E+00,  1.00009E+00,  1.00007E+00,  1.00005E+00,  1.00004E+00,  1.00003E+00,  1.00003E+00,  1.00002E+00,  1.00002E+00,  1.00001E+00,  1.00001E+00,  1.00001E+00,  1.00001E+00,  1.00001E+00,  1.00000E+00,  1.00000E+00,  1.00000E+00,  1.00000E+00,  1.00000E+00,  1.00000E+00,  1.00000E+00,  1.00000E+00,  1.00000E+00
  1.00000E+00,  1.00007E+00,  1.00070E+00,  1.00335E+00,  1.01080E+00,  1.02871E+00,  1.07138E+00,  1.17919E+00,  1.47035E+00,  2.29772E+00,  4.71054E+00,  1.17314E+01,  3.15449E+01,  8.43736E+01,  2.14511E+02,  5.05465E+02,  1.08805E+03,  2.12293E+03,  3.74279E+03,  5.96434E+03,  8.61528E+03,  1.13323E+04,  1.36530E+04,  1.51643E+04,  1.56342E+04,  1.50660E+04,  1.36629E+04,  1.17371E+04,  9.61046E+03,  7.54414E+03,  5.70811E+03,  4.18345E+03,  2.98328E+03,  2.07848E+03,  1.42005E+03,  9.54584E+02,  6.33279E+02,  4.15754E+02,  2.70789E+02,  1.75385E+02,  1.13213E+02,  7.29996E+01,  4.71303E+01,  3.05496E+01,  1.99451E+01,  1.31685E+01,  8.83647E+00,  6.06359E+00,  4.28483E+00,  3.14046E+00,  2.40163E+00,  1.92268E+00,  1.61079E+00,  1.40669E+00,  1.27243E+00,  1.18363E+00,  1.12455E+00,  1.08503E+00,  1.05842E+00,  1.04040E+00,  1.02812E+00,  1.01970E+00,  1.01390E+00,  1.00986E+00,  1.00704E+00,  1.00506E+00,  1.00366E+00,  1.00267E+00,  1.00195E+00,  1.00144E+00,  1.00107E+00,  1.00079E+00,  1.00060E+00,  1.00045E+00,  1.00034E+00,  1.00026E+00,  1.00020E+00,  1.00015E+00,  1.00012E+00,  1.00009E+00,  1.00007E+00,  1.00006E+00,  1.00004E+00,  1.00004E+00,  1.00003E+00,  1.00002E+00,  1.00002E+00,  1.00001E+00,  1.00001E+00,  1.00001E+00,  1.00001E+00,  1.00001E+00,  1.00001E+00,  1.00000E+00,  1.00000E+00,  1.00000E+00,  1.00000E+00,  1.00000E+00,  1.00000E+00,  1.00000E+00,  1.00000E+00
  1.00000E+00,  1.00007E+00,  1.00068E+00,  1.00326E+00,  1.01054E+00,  1.02801E+00,  1.06950E+00,  1.17377E+00,  1.45392E+00,  2.24601E+00,  4.54603E+00,  1.12166E+01,  3.00023E+01,  8.00529E+01,  2.03421E+02,  4.79771E+02,  1.03485E+03,  2.02512E+03,  3.58349E+03,  5.73470E+03,  8.32203E+03,  1.10004E+04,  1.33202E+04,  1.48706E+04,  1.54098E+04,  1.49247E+04,  1.36014E+04,  1.17400E+04,  9.65685E+03,  7.61378E+03,  5.78482E+03,  4.25643E+03,  3.04664E+03,  2.13009E+03,  1.46009E+03,  9.84528E+02,  6.55018E+02,  4.31172E+02,  2.81520E+02,  1.82744E+02,  1.18202E+02,  7.63519E+01,  4.93678E+01,  3.20361E+01,  2.09298E+01,  1.38196E+01,  9.26693E+00,  6.34834E+00,  4.47349E+00,  3.26575E+00,  2.48509E+00,  1.97846E+00,  1.64823E+00,  1.43193E+00,  1.28953E+00,  1.19527E+00,  1.13252E+00,  1.09051E+00,  1.06221E+00,  1.04304E+00,  1.02997E+00,  1.02101E+00,  1.01482E+00,  1.01052E+00,  1.00751E+00,  1.00540E+00,  1.00391E+00,  1.00285E+00,  1.00208E+00,  1.00154E+00,  1.00114E+00,  1.00085E+00,  1.00064E+00,  1.00048E+00,  1.00036E+00,  1.00028E+00,  1.00021E+00,  1.00016E+00,  1.00013E+00,  1.00010E+00,  1.00008E+00,  1.00006E+00,  1.00005E+00,  1.00004E+00,  1.00003E+00,  1.00002E+00,  1.00002E+00,  1.00002E+00,  1.00001E+00,  1.00001E+00,  1.00001E+00,  1.00001E+00,  1.00001E+00,  1.00000E+00,  1.00000E+00,  1.00000E+00,  1.00000E+00,  1.00000E+00,  1.00000E+00,  1.00000E+00,  1.00000E+00
  1.00000E+00,  1.00007E+00,  1.00066E+00,  1.00317E+00,  1.01028E+00,  1.02734E+00,  1.06768E+00,  1.16859E+00,  1.43826E+00,  2.19699E+00,  4.39072E+00,  1.07319E+01,  2.85526E+01,  7.59942E+01,  1.92995E+02,  4.55561E+02,  9.84570E+02,  1.93227E+03,  3.43152E+03,  5.51436E+03,  8.03882E+03,  1.06774E+04,  1.29939E+04,  1.45798E+04,  1.51850E+04,  1.47803E+04,  1.35356E+04,  1.17383E+04,  9.69937E+03,  7.68056E+03,  5.85972E+03,  4.32846E+03,  3.10970E+03,  2.18176E+03,  1.50041E+03,  1.01482E+03,  6.77098E+02,  4.46888E+02,  2.92496E+02,  1.90295E+02,  1.23335E+02,  7.98096E+01,  5.16811E+01,  3.35763E+01,  2.19519E+01,  1.44968E+01,  9.71530E+00,  6.64540E+00,  4.67058E+00,  3.39681E+00,  2.57248E+00,  2.03695E+00,  1.68752E+00,  1.45844E+00,  1.30750E+00,  1.20751E+00,  1.14090E+00,  1.09628E+00,  1.06621E+00,  1.04582E+00,  1.03192E+00,  1.02238E+00,  1.01579E+00,  1.01121E+00,  1.00801E+00,  1.00576E+00,  1.00417E+00,  1.00303E+00,  1.00222E+00,  1.00164E+00,  1.00121E+00,  1.00090E+00,  1.00068E+00,  1.00051E+00,  1.00039E+00,  1.00030E+00,  1.00023E+00,  1.00017E+00,  1.00014E+00,  1.00011E+00,  1.00008E+00,  1.00006E+00,  1.00005E+00,  1.00004E+00,  1.00003E+00,  1.00003E+00,  1.00002E+00,  1.00002E+00,  1.00001E+00,  1.00001E+00,  1.00001E+00,  1.00001E+00,  1.00001E+00,  1.00000E+00,  1.00000E+00,  1.00000E+00,  1.00000E+00,  1.00000E+00,  1.00000E+00,  1.00000E+00,  1.00000E+00
  1.00000E+00,  1.00006E+00,  1.00063E+00,  1.00308E+00,  1.01004E+00,  1.02668E+00,  1.06593E+00,  1.16362E+00,  1.42334E+00,  2.15050E+00,  4.24398E+00,  1.02755E+01,  2.71895E+01,  7.21795E+01,  1.83187E+02,  4.32741E+02,  9.37023E+02,  1.84411E+03,  3.28652E+03,  5.30293E+03,  7.76533E+03,  1.03634E+04,  1.26740E+04,  1.42921E+04,  1.49598E+04,  1.46331E+04,  1.34655E+04,  1.17322E+04,  9.73805E+03,  7.74447E+03,  5.93277E+03,  4.39951E+03,  3.17239E+03,  2.23347E+03,  1.54098E+03,  1.04543E+03,  6.99511E+02,  4.62901E+02,  3.03717E+02,  1.98038E+02,  1.28613E+02,  8.33739E+01,  5.40713E+01,  3.51710E+01,  2.30123E+01,  1.52005E+01,  1.01821E+01,  6.95510E+00,  4.87634E+00,  3.53380E+00,  2.66395E+00,  2.09822E+00,  1.72872E+00,  1.48627E+00,  1.32638E+00,  1.22038E+00,  1.14972E+00,  1.10236E+00,  1.07042E+00,  1.04876E+00,  1.03397E+00,  1.02382E+00,  1.01681E+00,  1.01194E+00,  1.00854E+00,  1.00614E+00,  1.00444E+00,  1.00323E+00,  1.00237E+00,  1.00175E+00,  1.00129E+00,  1.00096E+00,  1.00072E+00,  1.00055E+00,  1.00041E+00,  1.00032E+00,  1.00024E+00,  1.00019E+00,  1.00014E+00,  1.00011E+00,  1.00009E+00,  1.00007E+00,  1.00005E+00,  1.00004E+00,  1.00003E+00,  1.00003E+00,  1.00002E+00,  1.00002E+00,  1.00001E+00,  1.00001E+00,  1.00001E+00,  1.00001E+00,  1.00001E+00,  1.00001E+00,  1.00000E+00,  1.00000E+00,  1.00000E+00,  1.00000E+00,  1.00000E+00,  1.00000E+00,  1.00000E+00
  1.00000E+00,  1.00006E+00,  1.00061E+00,  1.00300E+00,  1.00980E+00,  1.02605E+00,  1.06424E+00,  1.15885E+00,  1.40911E+00,  2.10637E+00,  4.10528E+00,  9.84524E+00,  2.59071E+01,  6.85924E+01,  1.73957E+02,  4.11223E+02,  8.92051E+02,  1.76039E+03,  3.14816E+03,  5.10005E+03,  7.50127E+03,  1.00581E+04,  1.23605E+04,  1.40076E+04,  1.47346E+04,  1.44833E+04,  1.33914E+04,  1.17219E+04,  9.77294E+03,  7.80550E+03,  6.00394E+03,  4.46954E+03,  3.23468E+03,  2.28519E+03,  1.58177E+03,  1.07636E+03,  7.22249E+02,  4.79207E+02,  3.15181E+02,  2.05972E+02,  1.34037E+02,  8.70460E+01,  5.65394E+01,  3.68212E+01,  2.41118E+01,  1.59316E+01,  1.06677E+01,  7.27781E+00,  5.09104E+00,  3.67693E+00,  2.75961E+00,  2.16237E+00,  1.77191E+00,  1.51546E+00,  1.34620E+00,  1.23390E+00,  1.15900E+00,  1.10875E+00,  1.07485E+00,  1.05184E+00,  1.03614E+00,  1.02535E+00,  1.01790E+00,  1.01271E+00,  1.00909E+00,  1.00654E+00,  1.00473E+00,  1.00345E+00,  1.00252E+00,  1.00186E+00,  1.00138E+00,  1.00103E+00,  1.00077E+00,  1.00058E+00,  1.00044E+00,  1.00034E+00,  1.00026E+00,  1.00020E+00,  1.00015E+00,  1.00012E+00,  1.00009E+00,  1.00007E+00,  1.00006E+00,  1.00005E+00,  1.00004E+00,  1.00003E+00,  1.00002E+00,  1.00002E+00,  1.00002E+00,  1.00001E+00,  1.00001E+00,  1.00001E+00,  1.00001E+00,  1.00001E+00,  1.00000E+00,  1.00000E+00,  1.00000E+00,  1.00000E+00,  1.00000E+00,  1.00000E+00,  1.00000E+00
  1.00000E+00,  1.00006E+00,  1.00059E+00,  1.00292E+00,  1.00956E+00,  1.02544E+00,  1.06262E+00,  1.15428E+00,  1.39554E+00,  2.06446E+00,  3.97408E+00,  9.43953E+00,  2.46998E+01,  6.52175E+01,  1.65267E+02,  3.90925E+02,  8.49502E+02,  1.68088E+03,  3.01611E+03,  4.90538E+03,  7.24633E+03,  9.76127E+03,  1.20534E+04,  1.37264E+04,  1.45096E+04,  1.43312E+04,  1.33136E+04,  1.17073E+04,  9.80410E+03,  7.86367E+03,  6.07320E+03,  4.53849E+03,  3.29654E+03,  2.33688E+03,  1.62277E+03,  1.10760E+03,  7.45304E+02,  4.95801E+02,  3.26887E+02,  2.14099E+02,  1.39607E+02,  9.08269E+01,  5.90867E+01,  3.85280E+01,  2.52511E+01,  1.66904E+01,  1.11727E+01,  7.61387E+00,  5.31493E+00,  3.82637E+00,  2.85962E+00,  2.22951E+00,  1.81714E+00,  1.54606E+00,  1.36699E+00,  1.24810E+00,  1.16874E+00,  1.11547E+00,  1.07951E+00,  1.05509E+00,  1.03842E+00,  1.02696E+00,  1.01904E+00,  1.01353E+00,  1.00967E+00,  1.00696E+00,  1.00504E+00,  1.00367E+00,  1.00269E+00,  1.00198E+00,  1.00147E+00,  1.00109E+00,  1.00082E+00,  1.00062E+00,  1.00047E+00,  1.00036E+00,  1.00027E+00,  1.00021E+00,  1.00016E+00,  1.00013E+00,  1.00010E+00,  1.00008E+00,  1.00006E+00,  1.00005E+00,  1.00004E+00,  1.00003E+00,  1.00002E+00,  1.00002E+00,  1.00002E+00,  1.00001E+00,  1.00001E+00,  1.00001E+00,  1.00001E+00,  1.00001E+00,  1.00000E+00,  1.00000E+00,  1.00000E+00,  1.00000E+00,  1.00000E+00,  1.00000E+00,  1.00000E+00
  1.00000E+00,  1.00006E+00,  1.00058E+00,  1.00285E+00,  1.00934E+00,  1.02485E+00,  1.06105E+00,  1.14990E+00,  1.38258E+00,  2.02465E+00,  3.84992E+00,  9.05669E+00,  2.35628E+01,  6.20406E+01,  1.57081E+02,  3.71771E+02,  8.09234E+02,  1.60534E+03,  2.89008E+03,  4.71858E+03,  7.00023E+03,  9.47283E+03,  1.17528E+04,  1.34487E+04,  1.42849E+04,  1.41769E+04,  1.32320E+04,  1.16887E+04,  9.83157E+03,  7.91897E+03,  6.14052E+03,  4.60634E+03,  3.35793E+03,  2.38852E+03,  1.66395E+03,  1.13912E+03,  7.68667E+02,  5.12680E+02,  3.38834E+02,  2.22417E+02,  1.45326E+02,  9.47179E+01,  6.17141E+01,  4.02922E+01,  2.64311E+01,  1.74778E+01,  1.16975E+01,  7.96365E+00,  5.54829E+00,  3.98233E+00,  2.96411E+00,  2.29973E+00,  1.86450E+00,  1.57813E+00,  1.38880E+00,  1.26300E+00,  1.17897E+00,  1.12253E+00,  1.08441E+00,  1.05851E+00,  1.04082E+00,  1.02865E+00,  1.02024E+00,  1.01438E+00,  1.01029E+00,  1.00740E+00,  1.00536E+00,  1.00390E+00,  1.00286E+00,  1.00211E+00,  1.00156E+00,  1.00117E+00,  1.00087E+00,  1.00066E+00,  1.00050E+00,  1.00038E+00,  1.00029E+00,  1.00022E+00,  1.00017E+00,  1.00014E+00,  1.00011E+00,  1.00008E+00,  1.00007E+00,  1.00005E+00,  1.00004E+00,  1.00003E+00,  1.00003E+00,  1.00002E+00,  1.00002E+00,  1.00001E+00,  1.00001E+00,  1.00001E+00,  1.00001E+00,  1.00001E+00,  1.00001E+00,  1.00000E+00,  1.00000E+00,  1.00000E+00,  1.00000E+00,  1.00000E+00,  1.00000E+00
  1.00000E+00,  1.00005E+00,  1.00056E+00,  1.00277E+00,  1.00912E+00,  1.02428E+00,  1.05954E+00,  1.14569E+00,  1.37020E+00,  1.98679E+00,  3.73233E+00,  8.69523E+00,  2.24912E+01,  5.90485E+01,  1.49367E+02,  3.53688E+02,  7.71113E+02,  1.53356E+03,  2.76978E+03,  4.53933E+03,  6.76267E+03,  9.19256E+03,  1.14585E+04,  1.31746E+04,  1.40607E+04,  1.40206E+04,  1.31471E+04,  1.16662E+04,  9.85543E+03,  7.97142E+03,  6.20588E+03,  4.67306E+03,  3.41881E+03,  2.44007E+03,  1.70529E+03,  1.17091E+03,  7.92330E+02,  5.29839E+02,  3.51020E+02,  2.30928E+02,  1.51192E+02,  9.87198E+01,  6.44227E+01,  4.21147E+01,  2.76525E+01,  1.82942E+01,  1.22425E+01,  8.32749E+00,  5.79136E+00,  4.14498E+00,  3.07321E+00,  2.37313E+00,  1.91405E+00,  1.61171E+00,  1.41166E+00,  1.27864E+00,  1.18971E+00,  1.12995E+00,  1.08956E+00,  1.06211E+00,  1.04334E+00,  1.03043E+00,  1.02150E+00,  1.01528E+00,  1.01093E+00,  1.00787E+00,  1.00570E+00,  1.00415E+00,  1.00304E+00,  1.00224E+00,  1.00166E+00,  1.00124E+00,  1.00093E+00,  1.00070E+00,  1.00053E+00,  1.00040E+00,  1.00031E+00,  1.00024E+00,  1.00018E+00,  1.00014E+00,  1.00011E+00,  1.00009E+00,  1.00007E+00,  1.00006E+00,  1.00004E+00,  1.00004E+00,  1.00003E+00,  1.00002E+00,  1.00002E+00,  1.00001E+00,  1.00001E+00,  1.00001E+00,  1.00001E+00,  1.00001E+00,  1.00001E+00,  1.00000E+00,  1.00000E+00,  1.00000E+00,  1.00000E+00,  1.00000E+00,  1.00000E+00
  1.00000E+00,  1.00005E+00,  1.00054E+00,  1.00270E+00,  1.00891E+00,  1.02372E+00,  1.05808E+00,  1.14165E+00,  1.35837E+00,  1.95078E+00,  3.62091E+00,  8.35376E+00,  2.14808E+01,  5.62291E+01,  1.42094E+02,  3.36611E+02,  7.35014E+02,  1.46533E+03,  2.65494E+03,  4.36731E+03,  6.53337E+03,  8.92030E+03,  1.11705E+04,  1.29041E+04,  1.38373E+04,  1.38627E+04,  1.30589E+04,  1.16398E+04,  9.87572E+03,  8.02101E+03,  6.26927E+03,  4.73860E+03,  3.47915E+03,  2.49151E+03,  1.74677E+03,  1.20296E+03,  8.16284E+02,  5.47274E+02,  3.63443E+02,  2.39631E+02,  1.57207E+02,  1.02834E+02,  6.72134E+01,  4.39966E+01,  2.89161E+01,  1.91404E+01,  1.28083E+01,  8.70576E+00,  6.04442E+00,  4.31454E+00,  3.18708E+00,  2.44981E+00,  1.96587E+00,  1.64686E+00,  1.43561E+00,  1.29502E+00,  1.20098E+00,  1.13774E+00,  1.09497E+00,  1.06589E+00,  1.04599E+00,  1.03230E+00,  1.02283E+00,  1.01623E+00,  1.01161E+00,  1.00836E+00,  1.00605E+00,  1.00441E+00,  1.00323E+00,  1.00238E+00,  1.00177E+00,  1.00132E+00,  1.00099E+00,  1.00074E+00,  1.00056E+00,  1.00043E+00,  1.00033E+00,  1.00025E+00,  1.00020E+00,  1.00015E+00,  1.00012E+00,  1.00009E+00,  1.00007E+00,  1.00006E+00,  1.00005E+00,  1.00004E+00,  1.00003E+00,  1.00002E+00,  1.00002E+00,  1.00002E+00,  1.00001E+00,  1.00001E+00,  1.00001E+00,  1.00001E+00,  1.00001E+00,  1.00000E+00,  1.00000E+00,  1.00000E+00,  1.00000E+00,  1.00000E+00,  1.00000E+00
  1.00000E+00,  1.00005E+00,  1.00052E+00,  1.00263E+00,  1.00870E+00,  1.02318E+00,  1.05668E+00,  1.13777E+00,  1.34706E+00,  1.91650E+00,  3.51528E+00,  8.03100E+00,  2.05276E+01,  5.35711E+01,  1.35234E+02,  3.20478E+02,  7.00819E+02,  1.40048E+03,  2.54528E+03,  4.20224E+03,  6.31207E+03,  8.65585E+03,  1.08889E+04,  1.26373E+04,  1.36148E+04,  1.37032E+04,  1.29675E+04,  1.16097E+04,  9.89250E+03,  8.06778E+03,  6.33066E+03,  4.80293E+03,  3.53891E+03,  2.54281E+03,  1.78836E+03,  1.23525E+03,  8.40520E+02,  5.64979E+02,  3.76101E+02,  2.48526E+02,  1.63372E+02,  1.07060E+02,  7.00874E+01,  4.59386E+01,  3.02227E+01,  2.00168E+01,  1.33954E+01,  9.09881E+00,  6.30774E+00,  4.49120E+00,  3.30584E+00,  2.52989E+00,  2.02003E+00,  1.68364E+00,  1.46068E+00,  1.31219E+00,  1.21280E+00,  1.14591E+00,  1.10065E+00,  1.06985E+00,  1.04878E+00,  1.03427E+00,  1.02423E+00,  1.01723E+00,  1.01233E+00,  1.00888E+00,  1.00643E+00,  1.00469E+00,  1.00343E+00,  1.00253E+00,  1.00188E+00,  1.00140E+00,  1.00105E+00,  1.00079E+00,  1.00060E+00,  1.00046E+00,  1.00035E+00,  1.00027E+00,  1.00021E+00,  1.00016E+00,  1.00013E+00,  1.00010E+00,  1.00008E+00,  1.00006E+00,  1.00005E+00,  1.00004E+00,  1.00003E+00,  1.00003E+00,  1.00002E+00,  1.00002E+00,  1.00001E+00,  1.00001E+00,  1.00001E+00,  1.00001E+00,  1.00001E+00,  1.00001E+00,  1.00000E+00,  1.00000E+00,  1.00000E+00,  1.00000E+00,  1.00000E+00
  1.00000E+00,  1.00005E+00,  1.00051E+00,  1.00256E+00,  1.00850E+00,  1.02266E+00,  1.05532E+00,  1.13404E+00,  1.33624E+00,  1.88386E+00,  3.41508E+00,  7.72574E+00,  1.96278E+01,  5.10641E+01,  1.28761E+02,  3.05231E+02,  6.68419E+02,  1.33881E+03,  2.44057E+03,  4.04383E+03,  6.09850E+03,  8.39904E+03,  1.06134E+04,  1.23744E+04,  1.33933E+04,  1.35423E+04,  1.28733E+04,  1.15761E+04,  9.90585E+03,  8.11172E+03,  6.39005E+03,  4.86604E+03,  3.59806E+03,  2.59393E+03,  1.83004E+03,  1.26777E+03,  8.65029E+02,  5.82950E+02,  3.88992E+02,  2.57611E+02,  1.69686E+02,  1.11401E+02,  7.30454E+01,  4.79417E+01,  3.15729E+01,  2.09242E+01,  1.40042E+01,  9.50702E+00,  6.58158E+00,  4.67515E+00,  3.42966E+00,  2.61345E+00,  2.07662E+00,  1.72209E+00,  1.48692E+00,  1.33017E+00,  1.22518E+00,  1.15447E+00,  1.10661E+00,  1.07402E+00,  1.05170E+00,  1.03634E+00,  1.02570E+00,  1.01828E+00,  1.01309E+00,  1.00942E+00,  1.00683E+00,  1.00498E+00,  1.00365E+00,  1.00269E+00,  1.00199E+00,  1.00149E+00,  1.00112E+00,  1.00084E+00,  1.00064E+00,  1.00049E+00,  1.00037E+00,  1.00029E+00,  1.00022E+00,  1.00017E+00,  1.00013E+00,  1.00011E+00,  1.00008E+00,  1.00007E+00,  1.00005E+00,  1.00004E+00,  1.00003E+00,  1.00003E+00,  1.00002E+00,  1.00002E+00,  1.00001E+00,  1.00001E+00,  1.00001E+00,  1.00001E+00,  1.00001E+00,  1.00001E+00,  1.00000E+00,  1.00000E+00,  1.00000E+00,  1.00000E+00,  1.00000E+00
  1.00000E+00,  1.00005E+00,  1.00049E+00,  1.00250E+00,  1.00831E+00,  1.02216E+00,  1.05400E+00,  1.13045E+00,  1.32588E+00,  1.85276E+00,  3.31998E+00,  7.43689E+00,  1.87780E+01,  4.86982E+01,  1.22651E+02,  2.90816E+02,  6.37711E+02,  1.28017E+03,  2.34057E+03,  3.89180E+03,  5.89239E+03,  8.14968E+03,  1.03441E+04,  1.21154E+04,  1.31731E+04,  1.33803E+04,  1.27763E+04,  1.15390E+04,  9.91583E+03,  8.15287E+03,  6.44741E+03,  4.92788E+03,  3.65657E+03,  2.64485E+03,  1.87179E+03,  1.30051E+03,  8.89800E+02,  6.01181E+02,  4.02113E+02,  2.66887E+02,  1.76151E+02,  1.15855E+02,  7.60884E+01,  5.00067E+01,  3.29675E+01,  2.18632E+01,  1.46352E+01,  9.93075E+00,  6.86623E+00,  4.86660E+00,  3.55868E+00,  2.70062E+00,  2.13569E+00,  1.76227E+00,  1.51436E+00,  1.34900E+00,  1.23815E+00,  1.16345E+00,  1.11285E+00,  1.07839E+00,  1.05478E+00,  1.03851E+00,  1.02724E+00,  1.01938E+00,  1.01388E+00,  1.01000E+00,  1.00724E+00,  1.00528E+00,  1.00387E+00,  1.00285E+00,  1.00212E+00,  1.00158E+00,  1.00118E+00,  1.00089E+00,  1.00068E+00,  1.00052E+00,  1.00039E+00,  1.00030E+00,  1.00024E+00,  1.00018E+00,  1.00014E+00,  1.00011E+00,  1.00009E+00,  1.00007E+00,  1.00006E+00,  1.00004E+00,  1.00004E+00,  1.00003E+00,  1.00002E+00,  1.00002E+00,  1.00002E+00,  1.00001E+00,  1.00001E+00,  1.00001E+00,  1.00001E+00,  1.00001E+00,  1.00000E+00,  1.00000E+00,  1.00000E+00,  1.00000E+00,  1.00000E+00
  1.00000E+00,  1.00004E+00,  1.00048E+00,  1.00243E+00,  1.00812E+00,  1.02167E+00,  1.05273E+00,  1.12700E+00,  1.31597E+00,  1.82311E+00,  3.22967E+00,  7.16341E+00,  1.79750E+01,  4.64645E+01,  1.16880E+02,  2.77182E+02,  6.08596E+02,  1.22438E+03,  2.24505E+03,  3.74588E+03,  5.69350E+03,  7.90760E+03,  1.00809E+04,  1.18602E+04,  1.29542E+04,  1.32173E+04,  1.26766E+04,  1.14986E+04,  9.92251E+03,  8.19124E+03,  6.50274E+03,  4.98844E+03,  3.71441E+03,  2.69554E+03,  1.91360E+03,  1.33343E+03,  9.14825E+02,  6.19668E+02,  4.15463E+02,  2.76353E+02,  1.82766E+02,  1.20425E+02,  7.92173E+01,  5.21345E+01,  3.44074E+01,  2.28342E+01,  1.52888E+01,  1.03704E+01,  7.16196E+00,  5.06575E+00,  3.69305E+00,  2.79150E+00,  2.19735E+00,  1.80425E+00,  1.54305E+00,  1.36869E+00,  1.25172E+00,  1.17286E+00,  1.11940E+00,  1.08297E+00,  1.05800E+00,  1.04079E+00,  1.02886E+00,  1.02054E+00,  1.01471E+00,  1.01060E+00,  1.00768E+00,  1.00560E+00,  1.00411E+00,  1.00303E+00,  1.00225E+00,  1.00167E+00,  1.00126E+00,  1.00095E+00,  1.00072E+00,  1.00055E+00,  1.00042E+00,  1.00032E+00,  1.00025E+00,  1.00019E+00,  1.00015E+00,  1.00012E+00,  1.00009E+00,  1.00007E+00,  1.00006E+00,  1.00005E+00,  1.00004E+00,  1.00003E+00,  1.00002E+00,  1.00002E+00,  1.00002E+00,  1.00001E+00,  1.00001E+00,  1.00001E+00,  1.00001E+00,  1.00001E+00,  1.00001E+00,  1.00000E+00,  1.00000E+00,  1.00000E+00,  1.00000E+00
  1.00000E+00,  1.00004E+00,  1.00046E+00,  1.00237E+00,  1.00793E+00,  1.02119E+00,  1.05150E+00,  1.12367E+00,  1.30647E+00,  1.79483E+00,  3.14386E+00,  6.90435E+00,  1.72159E+01,  4.43546E+01,  1.11427E+02,  2.64283E+02,  5.80985E+02,  1.17130E+03,  2.15380E+03,  3.60583E+03,  5.50159E+03,  7.67261E+03,  9.82372E+03,  1.16090E+04,  1.27367E+04,  1.30535E+04,  1.25746E+04,  1.14550E+04,  9.92595E+03,  8.22687E+03,  6.55604E+03,  5.04768E+03,  3.77155E+03,  2.74598E+03,  1.95543E+03,  1.36654E+03,  9.40093E+02,  6.38403E+02,  4.29038E+02,  2.86008E+02,  1.89532E+02,  1.25111E+02,  8.24328E+01,  5.43258E+01,  3.58931E+01,  2.38380E+01,  1.59655E+01,  1.08262E+01,  7.46904E+00,  5.27282E+00,  3.83291E+00,  2.88620E+00,  2.26166E+00,  1.84807E+00,  1.57302E+00,  1.38928E+00,  1.26593E+00,  1.18271E+00,  1.12626E+00,  1.08777E+00,  1.06138E+00,  1.04318E+00,  1.03056E+00,  1.02176E+00,  1.01559E+00,  1.01123E+00,  1.00814E+00,  1.00593E+00,  1.00435E+00,  1.00321E+00,  1.00238E+00,  1.00178E+00,  1.00133E+00,  1.00100E+00,  1.00076E+00,  1.00058E+00,  1.00044E+00,  1.00034E+00,  1.00026E+00,  1.00021E+00,  1.00016E+00,  1.00013E+00,  1.00010E+00,  1.00008E+00,  1.00006E+00,  1.00005E+00,  1.00004E+00,  1.00003E+00,  1.00003E+00,  1.00002E+00,  1.00002E+00,  1.00001E+00,  1.00001E+00,  1.00001E+00,  1.00001E+00,  1.00001E+00,  1.00001E+00,  1.00000E+00,  1.00000E+00,  1.00000E+00,  1.00000E+00
  1.00000E+00,  1.00004E+00,  1.00045E+00,  1.00231E+00,  1.00775E+00,  1.02073E+00,  1.05032E+00,  1.12047E+00,  1.29736E+00,  1.76784E+00,  3.06229E+00,  6.65882E+00,  1.64979E+01,  4.23607E+01,  1.06273E+02,  2.52075E+02,  5.54793E+02,  1.12079E+03,  2.06662E+03,  3.47141E+03,  5.31641E+03,  7.44454E+03,  9.57248E+03,  1.13619E+04,  1.25209E+04,  1.28890E+04,  1.24702E+04,  1.14083E+04,  9.92623E+03,  8.25976E+03,  6.60729E+03,  5.10559E+03,  3.82796E+03,  2.79614E+03,  1.99727E+03,  1.39981E+03,  9.65594E+02,  6.57383E+02,  4.42835E+02,  2.95851E+02,  1.96448E+02,  1.29913E+02,  8.57358E+01,  5.65814E+01,  3.74254E+01,  2.48752E+01,  1.66659E+01,  1.12987E+01,  7.78776E+00,  5.48800E+00,  3.97843E+00,  2.98484E+00,  2.32871E+00,  1.89380E+00,  1.60433E+00,  1.41079E+00,  1.28079E+00,  1.19301E+00,  1.13344E+00,  1.09280E+00,  1.06492E+00,  1.04569E+00,  1.03235E+00,  1.02304E+00,  1.01650E+00,  1.01189E+00,  1.00862E+00,  1.00629E+00,  1.00461E+00,  1.00340E+00,  1.00252E+00,  1.00188E+00,  1.00141E+00,  1.00106E+00,  1.00081E+00,  1.00061E+00,  1.00047E+00,  1.00036E+00,  1.00028E+00,  1.00022E+00,  1.00017E+00,  1.00013E+00,  1.00011E+00,  1.00008E+00,  1.00007E+00,  1.00005E+00,  1.00004E+00,  1.00003E+00,  1.00003E+00,  1.00002E+00,  1.00002E+00,  1.00001E+00,  1.00001E+00,  1.00001E+00,  1.00001E+00,  1.00001E+00,  1.00001E+00,  1.00000E+00,  1.00000E+00,  1.00000E+00,  1.00000E+00
  1.00000E+00,  1.00004E+00,  1.00043E+00,  1.00225E+00,  1.00758E+00,  1.02028E+00,  1.04917E+00,  1.11739E+00,  1.28863E+00,  1.74208E+00,  2.98470E+00,  6.42600E+00,  1.58183E+01,  4.04756E+01,  1.01399E+02,  2.40516E+02,  5.29938E+02,  1.07271E+03,  1.98332E+03,  3.34237E+03,  5.13773E+03,  7.22322E+03,  9.32712E+03,  1.11187E+04,  1.23067E+04,  1.27241E+04,  1.23638E+04,  1.13586E+04,  9.92341E+03,  8.28997E+03,  6.65650E+03,  5.16214E+03,  3.88361E+03,  2.84598E+03,  2.03909E+03,  1.43324E+03,  9.91319E+02,  6.76600E+02,  4.56852E+02,  3.05881E+02,  2.03515E+02,  1.34832E+02,  8.91270E+01,  5.89022E+01,  3.90050E+01,  2.59462E+01,  1.73904E+01,  1.17881E+01,  8.11838E+00,  5.71151E+00,  4.12976E+00,  3.08752E+00,  2.39857E+00,  1.94149E+00,  1.63701E+00,  1.43328E+00,  1.29632E+00,  1.20379E+00,  1.14096E+00,  1.09807E+00,  1.06863E+00,  1.04832E+00,  1.03422E+00,  1.02438E+00,  1.01747E+00,  1.01259E+00,  1.00913E+00,  1.00666E+00,  1.00488E+00,  1.00360E+00,  1.00267E+00,  1.00199E+00,  1.00150E+00,  1.00113E+00,  1.00085E+00,  1.00065E+00,  1.00050E+00,  1.00038E+00,  1.00030E+00,  1.00023E+00,  1.00018E+00,  1.00014E+00,  1.00011E+00,  1.00009E+00,  1.00007E+00,  1.00006E+00,  1.00005E+00,  1.00004E+00,  1.00003E+00,  1.00002E+00,  1.00002E+00,  1.00002E+00,  1.00001E+00,  1.00001E+00,  1.00001E+00,  1.00001E+00,  1.00001E+00,  1.00001E+00,  1.00000E+00,  1.00000E+00,  1.00000E+00
  1.00000E+00,  1.00004E+00,  1.00042E+00,  1.00219E+00,  1.00741E+00,  1.01984E+00,  1.04806E+00,  1.11442E+00,  1.28025E+00,  1.71747E+00,  2.91087E+00,  6.20510E+00,  1.51750E+01,  3.86924E+01,  9.67879E+01,  2.29568E+02,  5.06347E+02,  1.02694E+03,  1.90370E+03,  3.21849E+03,  4.96533E+03,  7.00846E+03,  9.08753E+03,  1.08796E+04,  1.20944E+04,  1.25587E+04,  1.22553E+04,  1.13060E+04,  9.91758E+03,  8.31750E+03,  6.70366E+03,  5.21733E+03,  3.93848E+03,  2.89549E+03,  2.08087E+03,  1.46680E+03,  1.01726E+03,  6.96049E+02,  4.71085E+02,  3.16096E+02,  2.10733E+02,  1.39869E+02,  9.26071E+01,  6.12888E+01,  4.06325E+01,  2.70517E+01,  1.81394E+01,  1.22949E+01,  8.46120E+00,  5.94355E+00,  4.28705E+00,  3.19436E+00,  2.47134E+00,  1.99121E+00,  1.67110E+00,  1.45675E+00,  1.31255E+00,  1.21506E+00,  1.14883E+00,  1.10359E+00,  1.07252E+00,  1.05107E+00,  1.03618E+00,  1.02578E+00,  1.01848E+00,  1.01332E+00,  1.00966E+00,  1.00705E+00,  1.00517E+00,  1.00381E+00,  1.00283E+00,  1.00211E+00,  1.00158E+00,  1.00119E+00,  1.00091E+00,  1.00069E+00,  1.00053E+00,  1.00041E+00,  1.00031E+00,  1.00024E+00,  1.00019E+00,  1.00015E+00,  1.00012E+00,  1.00009E+00,  1.00007E+00,  1.00006E+00,  1.00005E+00,  1.00004E+00,  1.00003E+00,  1.00003E+00,  1.00002E+00,  1.00002E+00,  1.00001E+00,  1.00001E+00,  1.00001E+00,  1.00001E+00,  1.00001E+00,  1.00001E+00,  1.00000E+00,  1.00000E+00,  1.00000E+00
  1.00000E+00,  1.00004E+00,  1.00041E+00,  1.00214E+00,  1.00725E+00,  1.01942E+00,  1.04698E+00,  1.11155E+00,  1.27221E+00,  1.69395E+00,  2.84058E+00,  5.99543E+00,  1.45655E+01,  3.70050E+01,  9.24242E+01,  2.19195E+02,  4.83948E+02,  9.83345E+02,  1.82761E+03,  3.09957E+03,  4.79899E+03,  6.80010E+03,  8.85365E+03,  1.06446E+04,  1.18840E+04,  1.23932E+04,  1.21450E+04,  1.12507E+04,  9.90880E+03,  8.34241E+03,  6.74877E+03,  5.27112E+03,  3.99254E+03,  2.94464E+03,  2.12260E+03,  1.50047E+03,  1.04340E+03,  7.15723E+02,  4.85532E+02,  3.26496E+02,  2.18101E+02,  1.45023E+02,  9.61767E+01,  6.37420E+01,  4.23087E+01,  2.81923E+01,  1.89134E+01,  1.28194E+01,  8.81649E+00,  6.18435E+00,  4.45046E+00,  3.30548E+00,  2.54710E+00,  2.04302E+00,  1.70666E+00,  1.48125E+00,  1.32950E+00,  1.22684E+00,  1.15705E+00,  1.10936E+00,  1.07659E+00,  1.05395E+00,  1.03823E+00,  1.02725E+00,  1.01954E+00,  1.01409E+00,  1.01022E+00,  1.00746E+00,  1.00547E+00,  1.00404E+00,  1.00299E+00,  1.00223E+00,  1.00168E+00,  1.00126E+00,  1.00096E+00,  1.00073E+00,  1.00056E+00,  1.00043E+00,  1.00033E+00,  1.00026E+00,  1.00020E+00,  1.00016E+00,  1.00013E+00,  1.00010E+00,  1.00008E+00,  1.00006E+00,  1.00005E+00,  1.00004E+00,  1.00003E+00,  1.00003E+00,  1.00002E+00,  1.00002E+00,  1.00001E+00,  1.00001E+00,  1.00001E+00,  1.00001E+00,  1.00001E+00,  1.00001E+00,  1.00000E+00,  1.00000E+00,  1.00000E+00
  1.00000E+00,  1.00003E+00,  1.00040E+00,  1.00209E+00,  1.00709E+00,  1.01901E+00,  1.04594E+00,  1.10879E+00,  1.26449E+00,  1.67146E+00,  2.77362E+00,  5.79630E+00,  1.39879E+01,  3.54074E+01,  8.82928E+01,  2.09364E+02,  4.62675E+02,  9.41825E+02,  1.75486E+03,  2.98539E+03,  4.63851E+03,  6.59796E+03,  8.62537E+03,  1.04136E+04,  1.16755E+04,  1.22276E+04,  1.20330E+04,  1.11928E+04,  9.89716E+03,  8.36472E+03,  6.79185E+03,  5.32350E+03,  4.04577E+03,  2.99341E+03,  2.16425E+03,  1.53426E+03,  1.06973E+03,  7.35615E+02,  5.00188E+02,  3.37078E+02,  2.25619E+02,  1.50295E+02,  9.98366E+01,  6.62624E+01,  4.40341E+01,  2.93684E+01,  1.97129E+01,  1.33620E+01,  9.18453E+00,  6.43410E+00,  4.62015E+00,  3.42100E+00,  2.62593E+00,  2.09698E+00,  1.74372E+00,  1.50680E+00,  1.34719E+00,  1.23915E+00,  1.16565E+00,  1.11539E+00,  1.08085E+00,  1.05697E+00,  1.04038E+00,  1.02879E+00,  1.02065E+00,  1.01489E+00,  1.01080E+00,  1.00788E+00,  1.00578E+00,  1.00427E+00,  1.00317E+00,  1.00236E+00,  1.00177E+00,  1.00134E+00,  1.00101E+00,  1.00077E+00,  1.00059E+00,  1.00046E+00,  1.00035E+00,  1.00027E+00,  1.00021E+00,  1.00017E+00,  1.00013E+00,  1.00010E+00,  1.00008E+00,  1.00007E+00,  1.00005E+00,  1.00004E+00,  1.00003E+00,  1.00003E+00,  1.00002E+00,  1.00002E+00,  1.00002E+00,  1.00001E+00,  1.00001E+00,  1.00001E+00,  1.00001E+00,  1.00001E+00,  1.00001E+00,  1.00000E+00,  1.00000E+00
  1.00000E+00,  1.00003E+00,  1.00038E+00,  1.00203E+00,  1.00693E+00,  1.01861E+00,  1.04493E+00,  1.10612E+00,  1.25707E+00,  1.64995E+00,  2.70981E+00,  5.60710E+00,  1.34403E+01,  3.38942E+01,  8.43796E+01,  2.00042E+02,  4.42465E+02,  9.02270E+02,  1.68531E+03,  2.87576E+03,  4.48367E+03,  6.40189E+03,  8.40261E+03,  1.01867E+04,  1.14692E+04,  1.20620E+04,  1.19195E+04,  1.11324E+04,  9.88272E+03,  8.38446E+03,  6.83289E+03,  5.37447E+03,  4.09815E+03,  3.04177E+03,  2.20580E+03,  1.56812E+03,  1.09624E+03,  7.55720E+02,  5.15050E+02,  3.47841E+02,  2.33286E+02,  1.55686E+02,  1.03587E+02,  6.88508E+01,  4.58095E+01,  3.05808E+01,  2.05383E+01,  1.39230E+01,  9.56562E+00,  6.69304E+00,  4.79629E+00,  3.54103E+00,  2.70793E+00,  2.15316E+00,  1.78234E+00,  1.53345E+00,  1.36565E+00,  1.25200E+00,  1.17463E+00,  1.12170E+00,  1.08530E+00,  1.06013E+00,  1.04264E+00,  1.03041E+00,  1.02181E+00,  1.01573E+00,  1.01142E+00,  1.00833E+00,  1.00611E+00,  1.00451E+00,  1.00335E+00,  1.00250E+00,  1.00187E+00,  1.00141E+00,  1.00107E+00,  1.00082E+00,  1.00063E+00,  1.00048E+00,  1.00037E+00,  1.00029E+00,  1.00023E+00,  1.00018E+00,  1.00014E+00,  1.00011E+00,  1.00009E+00,  1.00007E+00,  1.00006E+00,  1.00005E+00,  1.00004E+00,  1.00003E+00,  1.00002E+00,  1.00002E+00,  1.00002E+00,  1.00001E+00,  1.00001E+00,  1.00001E+00,  1.00001E+00,  1.00001E+00,  1.00001E+00,  1.00000E+00,  1.00000E+00
  1.00000E+00,  1.00003E+00,  1.00037E+00,  1.00198E+00,  1.00678E+00,  1.01822E+00,  1.04395E+00,  1.10355E+00,  1.24995E+00,  1.62936E+00,  2.64898E+00,  5.42725E+00,  1.29208E+01,  3.24603E+01,  8.06717E+01,  1.91201E+02,  4.23260E+02,  8.64577E+02,  1.61879E+03,  2.77048E+03,  4.33428E+03,  6.21170E+03,  8.18527E+03,  9.96389E+03,  1.12650E+04,  1.18966E+04,  1.18045E+04,  1.10696E+04,  9.86556E+03,  8.40168E+03,  6.87190E+03,  5.42401E+03,  4.14966E+03,  3.08970E+03,  2.24724E+03,  1.60207E+03,  1.12293E+03,  7.76031E+02,  5.30114E+02,  3.58784E+02,  2.41103E+02,  1.61195E+02,  1.07429E+02,  7.15078E+01,  4.76355E+01,  3.18299E+01,  2.13902E+01,  1.45029E+01,  9.96003E+00,  6.96137E+00,  4.97903E+00,  3.66569E+00,  2.79317E+00,  2.21162E+00,  1.82256E+00,  1.56123E+00,  1.38491E+00,  1.26540E+00,  1.18401E+00,  1.12829E+00,  1.08995E+00,  1.06343E+00,  1.04499E+00,  1.03209E+00,  1.02303E+00,  1.01662E+00,  1.01206E+00,  1.00880E+00,  1.00646E+00,  1.00477E+00,  1.00354E+00,  1.00264E+00,  1.00198E+00,  1.00149E+00,  1.00113E+00,  1.00086E+00,  1.00066E+00,  1.00051E+00,  1.00039E+00,  1.00031E+00,  1.00024E+00,  1.00019E+00,  1.00015E+00,  1.00012E+00,  1.00009E+00,  1.00007E+00,  1.00006E+00,  1.00005E+00,  1.00004E+00,  1.00003E+00,  1.00003E+00,  1.00002E+00,  1.00002E+00,  1.00001E+00,  1.00001E+00,  1.00001E+00,  1.00001E+00,  1.00001E+00,  1.00001E+00,  1.00000E+00,  1.00000E+00
  1.00000E+00,  1.00003E+00,  1.00036E+00,  1.00193E+00,  1.00663E+00,  1.01784E+00,  1.04300E+00,  1.10107E+00,  1.24309E+00,  1.60965E+00,  2.59094E+00,  5.25620E+00,  1.24277E+01,  3.11010E+01,  7.71570E+01,  1.82813E+02,  4.05005E+02,  8.28652E+02,  1.55518E+03,  2.66939E+03,  4.19014E+03,  6.02725E+03,  7.97326E+03,  9.74511E+03,  1.10630E+04,  1.17315E+04,  1.16882E+04,  1.10044E+04,  9.84576E+03,  8.41642E+03,  6.90889E+03,  5.47210E+03,  4.20027E+03,  3.13719E+03,  2.28853E+03,  1.63607E+03,  1.14977E+03,  7.96540E+02,  5.45377E+02,  3.69905E+02,  2.49069E+02,  1.66824E+02,  1.11363E+02,  7.42340E+01,  4.95126E+01,  3.31163E+01,  2.22689E+01,  1.51019E+01,  1.03680E+01,  7.23931E+00,  5.16853E+00,  3.79511E+00,  2.88176E+00,  2.27242E+00,  1.86443E+00,  1.59016E+00,  1.40499E+00,  1.27939E+00,  1.19380E+00,  1.13518E+00,  1.09482E+00,  1.06689E+00,  1.04745E+00,  1.03386E+00,  1.02430E+00,  1.01754E+00,  1.01273E+00,  1.00929E+00,  1.00682E+00,  1.00504E+00,  1.00374E+00,  1.00279E+00,  1.00209E+00,  1.00158E+00,  1.00120E+00,  1.00091E+00,  1.00070E+00,  1.00054E+00,  1.00042E+00,  1.00032E+00,  1.00025E+00,  1.00020E+00,  1.00016E+00,  1.00012E+00,  1.00010E+00,  1.00008E+00,  1.00006E+00,  1.00005E+00,  1.00004E+00,  1.00003E+00,  1.00003E+00,  1.00002E+00,  1.00002E+00,  1.00001E+00,  1.00001E+00,  1.00001E+00,  1.00001E+00,  1.00001E+00,  1.00001E+00,  1.00000E+00,  1.00000E+00
  1.00000E+00,  1.00003E+00,  1.00035E+00,  1.00189E+00,  1.00649E+00,  1.01748E+00,  1.04208E+00,  1.09867E+00,  1.23650E+00,  1.59077E+00,  2.53556E+00,  5.09344E+00,  1.19596E+01,  2.98119E+01,  7.38240E+01,  1.74852E+02,  3.87648E+02,  7.94404E+02,  1.49434E+03,  2.57230E+03,  4.05108E+03,  5.84838E+03,  7.76648E+03,  9.53037E+03,  1.08633E+04,  1.15667E+04,  1.15708E+04,  1.09371E+04,  9.82339E+03,  8.42871E+03,  6.94387E+03,  5.51874E+03,  4.24997E+03,  3.18419E+03,  2.32967E+03,  1.67011E+03,  1.17677E+03,  8.17241E+02,  5.60834E+02,  3.81201E+02,  2.57183E+02,  1.72571E+02,  1.15389E+02,  7.70299E+01,  5.14415E+01,  3.44405E+01,  2.31748E+01,  1.57205E+01,  1.07899E+01,  7.52707E+00,  5.36497E+00,  3.92941E+00,  2.97378E+00,  2.33564E+00,  1.90800E+00,  1.62029E+00,  1.42591E+00,  1.29398E+00,  1.20401E+00,  1.14236E+00,  1.09990E+00,  1.07049E+00,  1.05003E+00,  1.03571E+00,  1.02563E+00,  1.01850E+00,  1.01343E+00,  1.00981E+00,  1.00720E+00,  1.00532E+00,  1.00395E+00,  1.00295E+00,  1.00221E+00,  1.00167E+00,  1.00126E+00,  1.00096E+00,  1.00074E+00,  1.00057E+00,  1.00044E+00,  1.00034E+00,  1.00027E+00,  1.00021E+00,  1.00016E+00,  1.00013E+00,  1.00010E+00,  1.00008E+00,  1.00007E+00,  1.00005E+00,  1.00004E+00,  1.00003E+00,  1.00003E+00,  1.00002E+00,  1.00002E+00,  1.00002E+00,  1.00001E+00,  1.00001E+00,  1.00001E+00,  1.00001E+00,  1.00001E+00,  1.00001E+00,  1.00000E+00
  1.00000E+00,  1.00003E+00,  1.00034E+00,  1.00184E+00,  1.00635E+00,  1.01712E+00,  1.04118E+00,  1.09635E+00,  1.23016E+00,  1.57268E+00,  2.48268E+00,  4.93851E+00,  1.15149E+01,  2.85887E+01,  7.06621E+01,  1.67293E+02,  3.71140E+02,  7.61747E+02,  1.43612E+03,  2.47904E+03,  3.91690E+03,  5.67492E+03,  7.56484E+03,  9.31966E+03,  1.06659E+04,  1.14025E+04,  1.14522E+04,  1.08677E+04,  9.79853E+03,  8.43861E+03,  6.97686E+03,  5.56393E+03,  4.29874E+03,  3.23071E+03,  2.37063E+03,  1.70417E+03,  1.20390E+03,  8.38127E+02,  5.76481E+02,  3.92671E+02,  2.65443E+02,  1.78437E+02,  1.19508E+02,  7.98963E+01,  5.34227E+01,  3.58030E+01,  2.41086E+01,  1.63589E+01,  1.12260E+01,  7.82489E+00,  5.56850E+00,  4.06871E+00,  3.06931E+00,  2.40133E+00,  1.95331E+00,  1.65166E+00,  1.44770E+00,  1.30918E+00,  1.21467E+00,  1.14986E+00,  1.10520E+00,  1.07426E+00,  1.05272E+00,  1.03764E+00,  1.02703E+00,  1.01951E+00,  1.01417E+00,  1.01035E+00,  1.00760E+00,  1.00561E+00,  1.00417E+00,  1.00311E+00,  1.00233E+00,  1.00176E+00,  1.00133E+00,  1.00102E+00,  1.00078E+00,  1.00060E+00,  1.00046E+00,  1.00036E+00,  1.00028E+00,  1.00022E+00,  1.00017E+00,  1.00014E+00,  1.00011E+00,  1.00009E+00,  1.00007E+00,  1.00006E+00,  1.00005E+00,  1.00004E+00,  1.00003E+00,  1.00002E+00,  1.00002E+00,  1.00002E+00,  1.00001E+00,  1.00001E+00,  1.00001E+00,  1.00001E+00,  1.00001E+00,  1.00001E+00,  1.00000E+00
  1.00000E+00,  1.00003E+00,  1.00033E+00,  1.00180E+00,  1.00622E+00,  1.01677E+00,  1.04032E+00,  1.09411E+00,  1.22406E+00,  1.55534E+00,  2.43217E+00,  4.79096E+00,  1.10923E+01,  2.74277E+01,  6.76615E+01,  1.60114E+02,  3.55436E+02,  7.30601E+02,  1.38043E+03,  2.38947E+03,  3.78745E+03,  5.50672E+03,  7.36824E+03,  9.11294E+03,  1.04709E+04,  1.12389E+04,  1.13328E+04,  1.07964E+04,  9.77125E+03,  8.44614E+03,  7.00786E+03,  5.60764E+03,  4.34656E+03,  3.27671E+03,  2.41140E+03,  1.73825E+03,  1.23116E+03,  8.59190E+02,  5.92315E+02,  4.04312E+02,  2.73851E+02,  1.84422E+02,  1.23719E+02,  8.28335E+01,  5.54568E+01,  3.72044E+01,  2.50705E+01,  1.70177E+01,  1.16766E+01,  8.13297E+00,  5.77930E+00,  4.21314E+00,  3.16847E+00,  2.46958E+00,  2.00042E+00,  1.68429E+00,  1.47039E+00,  1.32502E+00,  1.22577E+00,  1.15768E+00,  1.11073E+00,  1.07820E+00,  1.05553E+00,  1.03966E+00,  1.02848E+00,  1.02057E+00,  1.01494E+00,  1.01091E+00,  1.00801E+00,  1.00592E+00,  1.00439E+00,  1.00328E+00,  1.00246E+00,  1.00186E+00,  1.00141E+00,  1.00107E+00,  1.00082E+00,  1.00063E+00,  1.00049E+00,  1.00038E+00,  1.00030E+00,  1.00023E+00,  1.00018E+00,  1.00015E+00,  1.00012E+00,  1.00009E+00,  1.00007E+00,  1.00006E+00,  1.00005E+00,  1.00004E+00,  1.00003E+00,  1.00003E+00,  1.00002E+00,  1.00002E+00,  1.00001E+00,  1.00001E+00,  1.00001E+00,  1.00001E+00,  1.00001E+00,  1.00001E+00,  1.00000E+00
  1.00000E+00,  1.00003E+00,  1.00032E+00,  1.00175E+00,  1.00608E+00,  1.01643E+00,  1.03948E+00,  1.09194E+00,  1.21818E+00,  1.53870E+00,  2.38390E+00,  4.65038E+00,  1.06905E+01,  2.63252E+01,  6.48128E+01,  1.53294E+02,  3.40491E+02,  7.00889E+02,  1.32712E+03,  2.30341E+03,  3.66254E+03,  5.34364E+03,  7.17658E+03,  8.91020E+03,  1.02783E+04,  1.10760E+04,  1.12125E+04,  1.07231E+04,  9.74164E+03,  8.45135E+03,  7.03690E+03,  5.64989E+03,  4.39342E+03,  3.32217E+03,  2.45195E+03,  1.77233E+03,  1.25853E+03,  8.80424E+02,  6.08330E+02,  4.16123E+02,  2.82403E+02,  1.90525E+02,  1.28024E+02,  8.58421E+01,  5.75444E+01,  3.86452E+01,  2.60611E+01,  1.76970E+01,  1.21419E+01,  8.45155E+00,  5.99753E+00,  4.36283E+00,  3.27133E+00,  2.54044E+00,  2.04938E+00,  1.71823E+00,  1.49400E+00,  1.34152E+00,  1.23734E+00,  1.16583E+00,  1.11650E+00,  1.08230E+00,  1.05846E+00,  1.04176E+00,  1.03000E+00,  1.02167E+00,  1.01574E+00,  1.01150E+00,  1.00845E+00,  1.00624E+00,  1.00463E+00,  1.00346E+00,  1.00260E+00,  1.00196E+00,  1.00149E+00,  1.00113E+00,  1.00087E+00,  1.00067E+00,  1.00052E+00,  1.00040E+00,  1.00031E+00,  1.00025E+00,  1.00019E+00,  1.00015E+00,  1.00012E+00,  1.00010E+00,  1.00008E+00,  1.00006E+00,  1.00005E+00,  1.00004E+00,  1.00003E+00,  1.00003E+00,  1.00002E+00,  1.00002E+00,  1.00002E+00,  1.00001E+00,  1.00001E+00,  1.00001E+00,  1.00001E+00,  1.00001E+00,  1.00001E+00
  1.00000E+00,  1.00003E+00,  1.00031E+00,  1.00171E+00,  1.00595E+00,  1.01610E+00,  1.03866E+00,  1.08984E+00,  1.21252E+00,  1.52274E+00,  2.33775E+00,  4.51637E+00,  1.03083E+01,  2.52779E+01,  6.21074E+01,  1.46812E+02,  3.26265E+02,  6.72540E+02,  1.27611E+03,  2.22074E+03,  3.54202E+03,  5.18552E+03,  6.98976E+03,  8.71141E+03,  1.00882E+04,  1.09138E+04,  1.10914E+04,  1.06481E+04,  9.70976E+03,  8.45429E+03,  7.06399E+03,  5.69067E+03,  4.43930E+03,  3.36709E+03,  2.49228E+03,  1.80639E+03,  1.28601E+03,  9.01820E+02,  6.24522E+02,  4.28100E+02,  2.91101E+02,  1.96747E+02,  1.32423E+02,  8.89225E+01,  5.96859E+01,  4.01258E+01,  2.70807E+01,  1.83973E+01,  1.26222E+01,  8.78083E+00,  6.22337E+00,  4.51789E+00,  3.37799E+00,  2.61398E+00,  2.10024E+00,  1.75351E+00,  1.51857E+00,  1.35869E+00,  1.24940E+00,  1.17433E+00,  1.12252E+00,  1.08658E+00,  1.06153E+00,  1.04396E+00,  1.03159E+00,  1.02283E+00,  1.01659E+00,  1.01212E+00,  1.00890E+00,  1.00658E+00,  1.00488E+00,  1.00365E+00,  1.00274E+00,  1.00206E+00,  1.00157E+00,  1.00119E+00,  1.00091E+00,  1.00070E+00,  1.00054E+00,  1.00042E+00,  1.00033E+00,  1.00026E+00,  1.00020E+00,  1.00016E+00,  1.00013E+00,  1.00010E+00,  1.00008E+00,  1.00007E+00,  1.00005E+00,  1.00004E+00,  1.00004E+00,  1.00003E+00,  1.00002E+00,  1.00002E+00,  1.00002E+00,  1.00001E+00,  1.00001E+00,  1.00001E+00,  1.00001E+00,  1.00001E+00,  1.00001E+00
  1.00000E+00,  1.00002E+00,  1.00030E+00,  1.00167E+00,  1.00583E+00,  1.01578E+00,  1.03787E+00,  1.08782E+00,  1.20706E+00,  1.50742E+00,  2.29361E+00,  4.38858E+00,  9.94470E+00,  2.42825E+01,  5.95370E+01,  1.40650E+02,  3.12720E+02,  6.45484E+02,  1.22727E+03,  2.14131E+03,  3.42573E+03,  5.03223E+03,  6.80769E+03,  8.51652E+03,  9.90064E+03,  1.07525E+04,  1.09698E+04,  1.05715E+04,  9.67569E+03,  8.45501E+03,  7.08914E+03,  5.72997E+03,  4.48418E+03,  3.41144E+03,  2.53235E+03,  1.84042E+03,  1.31359E+03,  9.23372E+02,  6.40887E+02,  4.40241E+02,  2.99941E+02,  2.03088E+02,  1.36916E+02,  9.20753E+01,  6.18819E+01,  4.16467E+01,  2.81298E+01,  1.91190E+01,  1.31178E+01,  9.12104E+00,  6.45697E+00,  4.67846E+00,  3.48856E+00,  2.69029E+00,  2.15305E+00,  1.79018E+00,  1.54412E+00,  1.37656E+00,  1.26195E+00,  1.18318E+00,  1.12880E+00,  1.09105E+00,  1.06472E+00,  1.04626E+00,  1.03325E+00,  1.02403E+00,  1.01746E+00,  1.01276E+00,  1.00938E+00,  1.00693E+00,  1.00514E+00,  1.00384E+00,  1.00288E+00,  1.00218E+00,  1.00165E+00,  1.00126E+00,  1.00096E+00,  1.00074E+00,  1.00057E+00,  1.00045E+00,  1.00035E+00,  1.00027E+00,  1.00021E+00,  1.00017E+00,  1.00014E+00,  1.00011E+00,  1.00009E+00,  1.00007E+00,  1.00006E+00,  1.00005E+00,  1.00004E+00,  1.00003E+00,  1.00002E+00,  1.00002E+00,  1.00002E+00,  1.00001E+00,  1.00001E+00,  1.00001E+00,  1.00001E+00,  1.00001E+00,  1.00001E+00
  1.00000E+00,  1.00002E+00,  1.00029E+00,  1.00163E+00,  1.00571E+00,  1.01547E+00,  1.03710E+00,  1.08585E+00,  1.20180E+00,  1.49271E+00,  2.25138E+00,  4.26667E+00,  9.59853E+00,  2.33362E+01,  5.70940E+01,  1.34790E+02,  2.99820E+02,  6.19657E+02,  1.18051E+03,  2.06499E+03,  3.31352E+03,  4.88362E+03,  6.63026E+03,  8.32551E+03,  9.71558E+03,  1.05922E+04,  1.08476E+04,  1.04932E+04,  9.63951E+03,  8.45354E+03,  7.11238E+03,  5.76780E+03,  4.52807E+03,  3.45520E+03,  2.57216E+03,  1.87440E+03,  1.34125E+03,  9.45072E+02,  6.57421E+02,  4.52545E+02,  3.08925E+02,  2.09547E+02,  1.41503E+02,  9.53008E+01,  6.41329E+01,  4.32085E+01,  2.92088E+01,  1.98623E+01,  1.36290E+01,  9.47240E+00,  6.69851E+00,  4.84467E+00,  3.60312E+00,  2.76943E+00,  2.20786E+00,  1.82826E+00,  1.57067E+00,  1.39515E+00,  1.27501E+00,  1.19240E+00,  1.13533E+00,  1.09570E+00,  1.06805E+00,  1.04866E+00,  1.03498E+00,  1.02529E+00,  1.01838E+00,  1.01343E+00,  1.00987E+00,  1.00729E+00,  1.00542E+00,  1.00405E+00,  1.00304E+00,  1.00229E+00,  1.00174E+00,  1.00132E+00,  1.00101E+00,  1.00078E+00,  1.00060E+00,  1.00047E+00,  1.00037E+00,  1.00029E+00,  1.00023E+00,  1.00018E+00,  1.00014E+00,  1.00011E+00,  1.00009E+00,  1.00007E+00,  1.00006E+00,  1.00005E+00,  1.00004E+00,  1.00003E+00,  1.00003E+00,  1.00002E+00,  1.00002E+00,  1.00001E+00,  1.00001E+00,  1.00001E+00,  1.00001E+00,  1.00001E+00,  1.00001E+00
  1.00000E+00,  1.00002E+00,  1.00028E+00,  1.00159E+00,  1.00559E+00,  1.01517E+00,  1.03635E+00,  1.08395E+00,  1.19673E+00,  1.47858E+00,  2.21095E+00,  4.15031E+00,  9.26885E+00,  2.24361E+01,  5.47713E+01,  1.29215E+02,  2.87531E+02,  5.94998E+02,  1.13573E+03,  1.99164E+03,  3.20525E+03,  4.73956E+03,  6.45737E+03,  8.13834E+03,  9.53306E+03,  1.04328E+04,  1.07250E+04,  1.04135E+04,  9.60128E+03,  8.44994E+03,  7.13373E+03,  5.80415E+03,  4.57094E+03,  3.49835E+03,  2.61169E+03,  1.90832E+03,  1.36898E+03,  9.66913E+02,  6.74117E+02,  4.65007E+02,  3.18049E+02,  2.16123E+02,  1.46184E+02,  9.85995E+01,  6.64393E+01,  4.48115E+01,  3.03181E+01,  2.06277E+01,  1.41562E+01,  9.83514E+00,  6.94816E+00,  5.01665E+00,  3.72177E+00,  2.85147E+00,  2.26474E+00,  1.86781E+00,  1.59827E+00,  1.41447E+00,  1.28860E+00,  1.20200E+00,  1.14214E+00,  1.10056E+00,  1.07152E+00,  1.05115E+00,  1.03679E+00,  1.02660E+00,  1.01934E+00,  1.01414E+00,  1.01039E+00,  1.00768E+00,  1.00570E+00,  1.00426E+00,  1.00320E+00,  1.00241E+00,  1.00183E+00,  1.00140E+00,  1.00107E+00,  1.00082E+00,  1.00064E+00,  1.00049E+00,  1.00039E+00,  1.00030E+00,  1.00024E+00,  1.00019E+00,  1.00015E+00,  1.00012E+00,  1.00010E+00,  1.00008E+00,  1.00006E+00,  1.00005E+00,  1.00004E+00,  1.00003E+00,  1.00003E+00,  1.00002E+00,  1.00002E+00,  1.00002E+00,  1.00001E+00,  1.00001E+00,  1.00001E+00,  1.00001E+00,  1.00001E+00
  1.00000E+00,  1.00002E+00,  1.00028E+00,  1.00155E+00,  1.00547E+00,  1.01487E+00,  1.03562E+00,  1.08211E+00,  1.19184E+00,  1.46500E+00,  2.17224E+00,  4.03920E+00,  8.95474E+00,  2.15797E+01,  5.25621E+01,  1.23910E+02,  2.75820E+02,  5.71449E+02,  1.09285E+03,  1.92114E+03,  3.10076E+03,  4.59990E+03,  6.28894E+03,  7.95497E+03,  9.35313E+03,  1.02746E+04,  1.06021E+04,  1.03324E+04,  9.56110E+03,  8.44426E+03,  7.15320E+03,  5.83903E+03,  4.61278E+03,  3.54089E+03,  2.65092E+03,  1.94216E+03,  1.39678E+03,  9.88886E+02,  6.90972E+02,  4.77626E+02,  3.27313E+02,  2.22817E+02,  1.50959E+02,  1.01972E+02,  6.88016E+01,  4.64563E+01,  3.14582E+01,  2.14154E+01,  1.46994E+01,  1.02095E+01,  7.20610E+00,  5.19452E+00,  3.84462E+00,  2.93648E+00,  2.32372E+00,  1.90886E+00,  1.62693E+00,  1.43456E+00,  1.30274E+00,  1.21199E+00,  1.14923E+00,  1.10561E+00,  1.07514E+00,  1.05376E+00,  1.03867E+00,  1.02797E+00,  1.02034E+00,  1.01487E+00,  1.01093E+00,  1.00808E+00,  1.00600E+00,  1.00448E+00,  1.00337E+00,  1.00254E+00,  1.00193E+00,  1.00147E+00,  1.00112E+00,  1.00087E+00,  1.00067E+00,  1.00052E+00,  1.00041E+00,  1.00032E+00,  1.00025E+00,  1.00020E+00,  1.00016E+00,  1.00013E+00,  1.00010E+00,  1.00008E+00,  1.00007E+00,  1.00005E+00,  1.00004E+00,  1.00004E+00,  1.00003E+00,  1.00002E+00,  1.00002E+00,  1.00002E+00,  1.00001E+00,  1.00001E+00,  1.00001E+00,  1.00001E+00,  1.00001E+00
  1.00000E+00,  1.00002E+00,  1.00027E+00,  1.00151E+00,  1.00536E+00,  1.01458E+00,  1.03491E+00,  1.08033E+00,  1.18712E+00,  1.45194E+00,  2.13515E+00,  3.93308E+00,  8.65536E+00,  2.07645E+01,  5.04602E+01,  1.18860E+02,  2.64658E+02,  5.48956E+02,  1.05177E+03,  1.85338E+03,  2.99993E+03,  4.46453E+03,  6.12485E+03,  7.77535E+03,  9.17578E+03,  1.01175E+04,  1.04789E+04,  1.02499E+04,  9.51901E+03,  8.43653E+03,  7.17083E+03,  5.87244E+03,  4.65360E+03,  3.58280E+03,  2.68983E+03,  1.97592E+03,  1.42462E+03,  1.01099E+03,  7.07981E+02,  4.90399E+02,  3.36715E+02,  2.29628E+02,  1.55828E+02,  1.05418E+02,  7.12202E+01,  4.81433E+01,  3.26294E+01,  2.22259E+01,  1.52591E+01,  1.05956E+01,  7.47249E+00,  5.37843E+00,  3.97175E+00,  3.02455E+00,  2.38488E+00,  1.95145E+00,  1.65669E+00,  1.45543E+00,  1.31743E+00,  1.22238E+00,  1.15660E+00,  1.11087E+00,  1.07891E+00,  1.05647E+00,  1.04063E+00,  1.02939E+00,  1.02138E+00,  1.01563E+00,  1.01149E+00,  1.00850E+00,  1.00631E+00,  1.00472E+00,  1.00354E+00,  1.00267E+00,  1.00203E+00,  1.00155E+00,  1.00118E+00,  1.00091E+00,  1.00070E+00,  1.00055E+00,  1.00043E+00,  1.00034E+00,  1.00026E+00,  1.00021E+00,  1.00017E+00,  1.00013E+00,  1.00011E+00,  1.00009E+00,  1.00007E+00,  1.00006E+00,  1.00005E+00,  1.00004E+00,  1.00003E+00,  1.00002E+00,  1.00002E+00,  1.00002E+00,  1.00001E+00,  1.00001E+00,  1.00001E+00,  1.00001E+00,  1.00001E+00
  1.00000E+00,  1.00002E+00,  1.00026E+00,  1.00148E+00,  1.00525E+00,  1.01430E+00,  1.03422E+00,  1.07860E+00,  1.18256E+00,  1.43939E+00,  2.09960E+00,  3.83166E+00,  8.36990E+00,  1.99883E+01,  4.84597E+01,  1.14051E+02,  2.54015E+02,  5.27465E+02,  1.01241E+03,  1.78825E+03,  2.90262E+03,  4.33331E+03,  5.96502E+03,  7.59944E+03,  9.00104E+03,  9.96154E+03,  1.03556E+04,  1.01663E+04,  9.47511E+03,  8.42682E+03,  7.18663E+03,  5.90438E+03,  4.69336E+03,  3.62406E+03,  2.72842E+03,  2.00957E+03,  1.45251E+03,  1.03320E+03,  7.25138E+02,  5.03322E+02,  3.46254E+02,  2.36555E+02,  1.60793E+02,  1.08938E+02,  7.36956E+01,  4.98728E+01,  3.38321E+01,  2.30594E+01,  1.58356E+01,  1.09938E+01,  7.74751E+00,  5.56849E+00,  4.10328E+00,  3.11574E+00,  2.44825E+00,  1.99563E+00,  1.68758E+00,  1.47711E+00,  1.33270E+00,  1.23318E+00,  1.16427E+00,  1.11634E+00,  1.08284E+00,  1.05930E+00,  1.04267E+00,  1.03088E+00,  1.02246E+00,  1.01643E+00,  1.01208E+00,  1.00893E+00,  1.00664E+00,  1.00496E+00,  1.00372E+00,  1.00281E+00,  1.00213E+00,  1.00163E+00,  1.00125E+00,  1.00096E+00,  1.00074E+00,  1.00058E+00,  1.00045E+00,  1.00035E+00,  1.00028E+00,  1.00022E+00,  1.00017E+00,  1.00014E+00,  1.00011E+00,  1.00009E+00,  1.00007E+00,  1.00006E+00,  1.00005E+00,  1.00004E+00,  1.00003E+00,  1.00003E+00,  1.00002E+00,  1.00002E+00,  1.00001E+00,  1.00001E+00,  1.00001E+00,  1.00001E+00,  1.00001E+00
  1.00000E+00,  1.00002E+00,  1.00025E+00,  1.00144E+00,  1.00514E+00,  1.01402E+00,  1.03356E+00,  1.07692E+00,  1.17815E+00,  1.42731E+00,  2.06552E+00,  3.73470E+00,  8.09760E+00,  1.92489E+01,  4.65549E+01,  1.09471E+02,  2.43866E+02,  5.06928E+02,  9.74705E+02,  1.72563E+03,  2.80871E+03,  4.20612E+03,  5.80935E+03,  7.42719E+03,  8.82891E+03,  9.80689E+03,  1.02322E+04,  1.00815E+04,  9.42945E+03,  8.41516E+03,  7.20063E+03,  5.93486E+03,  4.73208E+03,  3.66465E+03,  2.76666E+03,  2.04311E+03,  1.48042E+03,  1.05553E+03,  7.42439E+02,  5.16392E+02,  3.55928E+02,  2.43597E+02,  1.65851E+02,  1.12532E+02,  7.62281E+01,  5.16454E+01,  3.50667E+01,  2.39164E+01,  1.64290E+01,  1.14043E+01,  8.03133E+00,  5.76485E+00,  4.23930E+00,  3.21013E+00,  2.51391E+00,  2.04143E+00,  1.71963E+00,  1.49962E+00,  1.34856E+00,  1.24441E+00,  1.17225E+00,  1.12204E+00,  1.08692E+00,  1.06224E+00,  1.04480E+00,  1.03243E+00,  1.02360E+00,  1.01726E+00,  1.01270E+00,  1.00939E+00,  1.00698E+00,  1.00521E+00,  1.00391E+00,  1.00295E+00,  1.00224E+00,  1.00171E+00,  1.00131E+00,  1.00101E+00,  1.00078E+00,  1.00061E+00,  1.00047E+00,  1.00037E+00,  1.00029E+00,  1.00023E+00,  1.00018E+00,  1.00015E+00,  1.00012E+00,  1.00009E+00,  1.00008E+00,  1.00006E+00,  1.00005E+00,  1.00004E+00,  1.00003E+00,  1.00003E+00,  1.00002E+00,  1.00002E+00,  1.00002E+00,  1.00001E+00,  1.00001E+00,  1.00001E+00,  1.00001E+00
  1.00000E+00,  1.00002E+00,  1.00025E+00,  1.00141E+00,  1.00504E+00,  1.01376E+00,  1.03290E+00,  1.07530E+00,  1.17390E+00,  1.41568E+00,  2.03283E+00,  3.64198E+00,  7.83776E+00,  1.85442E+01,  4.47407E+01,  1.05107E+02,  2.34184E+02,  4.87299E+02,  9.38566E+02,  1.66542E+03,  2.71807E+03,  4.08284E+03,  5.65775E+03,  7.25856E+03,  8.65940E+03,  9.65356E+03,  1.01088E+04,  9.99572E+03,  9.38211E+03,  8.40161E+03,  7.21286E+03,  5.96389E+03,  4.76975E+03,  3.70458E+03,  2.80454E+03,  2.07651E+03,  1.50836E+03,  1.07796E+03,  7.59878E+02,  5.29607E+02,  3.65736E+02,  2.50755E+02,  1.71004E+02,  1.16201E+02,  7.88181E+01,  5.34615E+01,  3.63336E+01,  2.47970E+01,  1.70397E+01,  1.18272E+01,  8.32412E+00,  5.96764E+00,  4.37991E+00,  3.30780E+00,  2.58191E+00,  2.08889E+00,  1.75287E+00,  1.52297E+00,  1.36504E+00,  1.25607E+00,  1.18055E+00,  1.12796E+00,  1.09117E+00,  1.06530E+00,  1.04702E+00,  1.03404E+00,  1.02478E+00,  1.01813E+00,  1.01334E+00,  1.00986E+00,  1.00733E+00,  1.00548E+00,  1.00411E+00,  1.00311E+00,  1.00236E+00,  1.00180E+00,  1.00138E+00,  1.00106E+00,  1.00082E+00,  1.00064E+00,  1.00050E+00,  1.00039E+00,  1.00031E+00,  1.00024E+00,  1.00019E+00,  1.00015E+00,  1.00012E+00,  1.00010E+00,  1.00008E+00,  1.00006E+00,  1.00005E+00,  1.00004E+00,  1.00004E+00,  1.00003E+00,  1.00002E+00,  1.00002E+00,  1.00002E+00,  1.00001E+00,  1.00001E+00,  1.00001E+00,  1.00001E+00
  1.00000E+00,  1.00002E+00,  1.00024E+00,  1.00138E+00,  1.00493E+00,  1.01350E+00,  1.03227E+00,  1.07372E+00,  1.16979E+00,  1.40449E+00,  2.00146E+00,  3.55327E+00,  7.58970E+00,  1.78725E+01,  4.30122E+01,  1.00948E+02,  2.24945E+02,  4.68533E+02,  9.03926E+02,  1.60752E+03,  2.63059E+03,  3.96335E+03,  5.51011E+03,  7.09349E+03,  8.49252E+03,  9.50158E+03,  9.98547E+03,  9.90895E+03,  9.33316E+03,  8.38621E+03,  7.22334E+03,  5.99147E+03,  4.80635E+03,  3.74382E+03,  2.84205E+03,  2.10978E+03,  1.53630E+03,  1.10048E+03,  7.77450E+02,  5.42964E+02,  3.75677E+02,  2.58027E+02,  1.76251E+02,  1.19945E+02,  8.14659E+01,  5.53213E+01,  3.76332E+01,  2.57017E+01,  1.76679E+01,  1.22628E+01,  8.62606E+00,  6.17699E+00,  4.52521E+00,  3.40882E+00,  2.65230E+00,  2.13807E+00,  1.78733E+00,  1.54721E+00,  1.38214E+00,  1.26819E+00,  1.18917E+00,  1.13412E+00,  1.09559E+00,  1.06849E+00,  1.04933E+00,  1.03572E+00,  1.02600E+00,  1.01903E+00,  1.01400E+00,  1.01036E+00,  1.00770E+00,  1.00575E+00,  1.00432E+00,  1.00326E+00,  1.00247E+00,  1.00189E+00,  1.00145E+00,  1.00111E+00,  1.00086E+00,  1.00067E+00,  1.00052E+00,  1.00041E+00,  1.00032E+00,  1.00025E+00,  1.00020E+00,  1.00016E+00,  1.00013E+00,  1.00010E+00,  1.00008E+00,  1.00007E+00,  1.00006E+00,  1.00005E+00,  1.00004E+00,  1.00003E+00,  1.00003E+00,  1.00002E+00,  1.00002E+00,  1.00001E+00,  1.00001E+00,  1.00001E+00,  1.00001E+00
  1.00000E+00,  1.00002E+00,  1.00023E+00,  1.00134E+00,  1.00483E+00,  1.01324E+00,  1.03165E+00,  1.07219E+00,  1.16582E+00,  1.39371E+00,  1.97136E+00,  3.46836E+00,  7.35281E+00,  1.72319E+01,  4.13647E+01,  9.69831E+01,  2.16127E+02,  4.50588E+02,  8.70717E+02,  1.55184E+03,  2.54615E+03,  3.84753E+03,  5.36635E+03,  6.93194E+03,  8.32825E+03,  9.35100E+03,  9.86229E+03,  9.82129E+03,  9.28267E+03,  8.36901E+03,  7.23209E+03,  6.01762E+03,  4.84188E+03,  3.78236E+03,  2.87917E+03,  2.14289E+03,  1.56425E+03,  1.12309E+03,  7.95150E+02,  5.56459E+02,  3.85747E+02,  2.65413E+02,  1.81592E+02,  1.23764E+02,  8.41720E+01,  5.72254E+01,  3.89658E+01,  2.66308E+01,  1.83139E+01,  1.27114E+01,  8.93733E+00,  6.39304E+00,  4.67532E+00,  3.51328E+00,  2.72514E+00,  2.18900E+00,  1.82305E+00,  1.57234E+00,  1.39989E+00,  1.28077E+00,  1.19813E+00,  1.14052E+00,  1.10019E+00,  1.07180E+00,  1.05173E+00,  1.03747E+00,  1.02728E+00,  1.01997E+00,  1.01470E+00,  1.01087E+00,  1.00808E+00,  1.00604E+00,  1.00454E+00,  1.00343E+00,  1.00260E+00,  1.00198E+00,  1.00152E+00,  1.00117E+00,  1.00090E+00,  1.00070E+00,  1.00055E+00,  1.00043E+00,  1.00034E+00,  1.00027E+00,  1.00021E+00,  1.00017E+00,  1.00014E+00,  1.00011E+00,  1.00009E+00,  1.00007E+00,  1.00006E+00,  1.00005E+00,  1.00004E+00,  1.00003E+00,  1.00003E+00,  1.00002E+00,  1.00002E+00,  1.00002E+00,  1.00001E+00,  1.00001E+00,  1.00001E+00
  1.00000E+00,  1.00002E+00,  1.00023E+00,  1.00131E+00,  1.00474E+00,  1.01299E+00,  1.03105E+00,  1.07071E+00,  1.16197E+00,  1.38332E+00,  1.94245E+00,  3.38706E+00,  7.12650E+00,  1.66208E+01,  3.97940E+01,  9.32016E+01,  2.07709E+02,  4.33426E+02,  8.38877E+02,  1.49829E+03,  2.46464E+03,  3.73527E+03,  5.22638E+03,  6.77385E+03,  8.16661E+03,  9.20187E+03,  9.73932E+03,  9.73282E+03,  9.23070E+03,  8.35006E+03,  7.23915E+03,  6.04233E+03,  4.87635E+03,  3.82019E+03,  2.91590E+03,  2.17583E+03,  1.59218E+03,  1.14578E+03,  8.12973E+02,  5.70088E+02,  3.95946E+02,  2.72911E+02,  1.87027E+02,  1.27658E+02,  8.69365E+01,  5.91740E+01,  4.03319E+01,  2.75846E+01,  1.89781E+01,  1.31731E+01,  9.25809E+00,  6.61592E+00,  4.83032E+00,  3.62124E+00,  2.80050E+00,  2.24173E+00,  1.86005E+00,  1.59839E+00,  1.41830E+00,  1.29383E+00,  1.20743E+00,  1.14718E+00,  1.10496E+00,  1.07525E+00,  1.05423E+00,  1.03929E+00,  1.02861E+00,  1.02095E+00,  1.01542E+00,  1.01141E+00,  1.00848E+00,  1.00634E+00,  1.00476E+00,  1.00360E+00,  1.00273E+00,  1.00208E+00,  1.00159E+00,  1.00123E+00,  1.00095E+00,  1.00074E+00,  1.00058E+00,  1.00045E+00,  1.00036E+00,  1.00028E+00,  1.00022E+00,  1.00018E+00,  1.00014E+00,  1.00011E+00,  1.00009E+00,  1.00007E+00,  1.00006E+00,  1.00005E+00,  1.00004E+00,  1.00003E+00,  1.00003E+00,  1.00002E+00,  1.00002E+00,  1.00002E+00,  1.00001E+00,  1.00001E+00,  1.00001E+00
  1.00000E+00,  1.00002E+00,  1.00022E+00,  1.00128E+00,  1.00464E+00,  1.01275E+00,  1.03047E+00,  1.06927E+00,  1.15826E+00,  1.37331E+00,  1.91468E+00,  3.30920E+00,  6.91021E+00,  1.60377E+01,  3.82960E+01,  8.95942E+01,  1.99671E+02,  4.17007E+02,  8.08342E+02,  1.44678E+03,  2.38596E+03,  3.62646E+03,  5.09011E+03,  6.61917E+03,  8.00757E+03,  9.05423E+03,  9.61664E+03,  9.64361E+03,  9.17732E+03,  8.32941E+03,  7.24454E+03,  6.06563E+03,  4.90975E+03,  3.85731E+03,  2.95221E+03,  2.20859E+03,  1.62008E+03,  1.16854E+03,  8.30913E+02,  5.83850E+02,  4.06272E+02,  2.80522E+02,  1.92555E+02,  1.31627E+02,  8.97598E+01,  6.11676E+01,  4.17316E+01,  2.85634E+01,  1.96606E+01,  1.36482E+01,  9.58852E+00,  6.84576E+00,  4.99033E+00,  3.73279E+00,  2.87842E+00,  2.29630E+00,  1.89838E+00,  1.62539E+00,  1.43739E+00,  1.30738E+00,  1.21708E+00,  1.15408E+00,  1.10993E+00,  1.07883E+00,  1.05683E+00,  1.04118E+00,  1.03000E+00,  1.02197E+00,  1.01617E+00,  1.01196E+00,  1.00890E+00,  1.00665E+00,  1.00500E+00,  1.00377E+00,  1.00286E+00,  1.00218E+00,  1.00167E+00,  1.00129E+00,  1.00100E+00,  1.00077E+00,  1.00060E+00,  1.00047E+00,  1.00037E+00,  1.00030E+00,  1.00023E+00,  1.00019E+00,  1.00015E+00,  1.00012E+00,  1.00010E+00,  1.00008E+00,  1.00006E+00,  1.00005E+00,  1.00004E+00,  1.00004E+00,  1.00003E+00,  1.00002E+00,  1.00002E+00,  1.00002E+00,  1.00001E+00,  1.00001E+00,  1.00001E+00
  1.00000E+00,  1.00002E+00,  1.00021E+00,  1.00125E+00,  1.00455E+00,  1.01251E+00,  1.02990E+00,  1.06787E+00,  1.15466E+00,  1.36365E+00,  1.88799E+00,  3.23459E+00,  6.70343E+00,  1.54809E+01,  3.68667E+01,  8.61519E+01,  1.91992E+02,  4.01298E+02,  7.79056E+02,  1.39723E+03,  2.31000E+03,  3.52100E+03,  4.95744E+03,  6.46785E+03,  7.85115E+03,  8.90809E+03,  9.49429E+03,  9.55374E+03,  9.12260E+03,  8.30711E+03,  7.24829E+03,  6.08752E+03,  4.94207E+03,  3.89370E+03,  2.98809E+03,  2.24116E+03,  1.64796E+03,  1.19136E+03,  8.48965E+02,  5.97739E+02,  4.16722E+02,  2.88243E+02,  1.98177E+02,  1.35672E+02,  9.26422E+01,  6.32064E+01,  4.31655E+01,  2.95675E+01,  2.03617E+01,  1.41368E+01,  9.92879E+00,  7.08271E+00,  5.15546E+00,  3.84802E+00,  2.95898E+00,  2.35276E+00,  1.93805E+00,  1.65336E+00,  1.45718E+00,  1.32143E+00,  1.22710E+00,  1.16126E+00,  1.11509E+00,  1.08256E+00,  1.05953E+00,  1.04315E+00,  1.03144E+00,  1.02303E+00,  1.01695E+00,  1.01255E+00,  1.00933E+00,  1.00698E+00,  1.00524E+00,  1.00396E+00,  1.00300E+00,  1.00229E+00,  1.00176E+00,  1.00135E+00,  1.00105E+00,  1.00081E+00,  1.00063E+00,  1.00050E+00,  1.00039E+00,  1.00031E+00,  1.00025E+00,  1.00020E+00,  1.00016E+00,  1.00013E+00,  1.00010E+00,  1.00008E+00,  1.00007E+00,  1.00005E+00,  1.00004E+00,  1.00004E+00,  1.00003E+00,  1.00003E+00,  1.00002E+00,  1.00002E+00,  1.00001E+00,  1.00001E+00,  1.00001E+00
  1.00000E+00,  1.00002E+00,  1.00021E+00,  1.00122E+00,  1.00446E+00,  1.01228E+00,  1.02934E+00,  1.06651E+00,  1.15118E+00,  1.35435E+00,  1.86234E+00,  3.16307E+00,  6.50566E+00,  1.49492E+01,  3.55028E+01,  8.28662E+01,  1.84656E+02,  3.86263E+02,  7.50961E+02,  1.34955E+03,  2.23666E+03,  3.41879E+03,  4.82829E+03,  6.31984E+03,  7.69732E+03,  8.76350E+03,  9.37235E+03,  9.46327E+03,  9.06660E+03,  8.28321E+03,  7.25044E+03,  6.10801E+03,  4.97331E+03,  3.92935E+03,  3.02355E+03,  2.27353E+03,  1.67579E+03,  1.21424E+03,  8.67124E+02,  6.11753E+02,  4.27295E+02,  2.96074E+02,  2.03891E+02,  1.39792E+02,  9.55839E+01,  6.52907E+01,  4.46337E+01,  3.05973E+01,  2.10817E+01,  1.46393E+01,  1.02791E+01,  7.32690E+00,  5.32579E+00,  3.96699E+00,  3.04223E+00,  2.41115E+00,  1.97912E+00,  1.68234E+00,  1.47769E+00,  1.33600E+00,  1.23749E+00,  1.16870E+00,  1.12044E+00,  1.08642E+00,  1.06234E+00,  1.04520E+00,  1.03294E+00,  1.02413E+00,  1.01777E+00,  1.01315E+00,  1.00978E+00,  1.00732E+00,  1.00550E+00,  1.00415E+00,  1.00315E+00,  1.00240E+00,  1.00184E+00,  1.00142E+00,  1.00110E+00,  1.00085E+00,  1.00067E+00,  1.00052E+00,  1.00041E+00,  1.00032E+00,  1.00026E+00,  1.00021E+00,  1.00016E+00,  1.00013E+00,  1.00011E+00,  1.00009E+00,  1.00007E+00,  1.00006E+00,  1.00005E+00,  1.00004E+00,  1.00003E+00,  1.00003E+00,  1.00002E+00,  1.00002E+00,  1.00002E+00,  1.00001E+00,  1.00001E+00
  1.00000E+00,  1.00001E+00,  1.00020E+00,  1.00120E+00,  1.00437E+00,  1.01206E+00,  1.02880E+00,  1.06519E+00,  1.14781E+00,  1.34537E+00,  1.83768E+00,  3.09450E+00,  6.31645E+00,  1.44413E+01,  3.42006E+01,  7.97291E+01,  1.77645E+02,  3.71871E+02,  7.24006E+02,  1.30368E+03,  2.16585E+03,  3.31972E+03,  4.70258E+03,  6.17507E+03,  7.54607E+03,  8.62049E+03,  9.25086E+03,  9.37227E+03,  9.00937E+03,  8.25775E+03,  7.25100E+03,  6.12711E+03,  5.00348E+03,  3.96426E+03,  3.05855E+03,  2.30568E+03,  1.70357E+03,  1.23717E+03,  8.85384E+02,  6.25887E+02,  4.37988E+02,  3.04015E+02,  2.09699E+02,  1.43987E+02,  9.85850E+01,  6.74210E+01,  4.61368E+01,  3.16530E+01,  2.18208E+01,  1.51557E+01,  1.06396E+01,  7.57847E+00,  5.50145E+00,  4.08979E+00,  3.12823E+00,  2.47151E+00,  2.02161E+00,  1.71233E+00,  1.49893E+00,  1.35111E+00,  1.24827E+00,  1.17642E+00,  1.12600E+00,  1.09044E+00,  1.06525E+00,  1.04732E+00,  1.03449E+00,  1.02527E+00,  1.01861E+00,  1.01378E+00,  1.01025E+00,  1.00767E+00,  1.00576E+00,  1.00435E+00,  1.00330E+00,  1.00252E+00,  1.00193E+00,  1.00149E+00,  1.00115E+00,  1.00089E+00,  1.00070E+00,  1.00055E+00,  1.00043E+00,  1.00034E+00,  1.00027E+00,  1.00022E+00,  1.00017E+00,  1.00014E+00,  1.00011E+00,  1.00009E+00,  1.00007E+00,  1.00006E+00,  1.00005E+00,  1.00004E+00,  1.00003E+00,  1.00003E+00,  1.00002E+00,  1.00002E+00,  1.00002E+00,  1.00001E+00,  1.00001E+00
  1.00000E+00,  1.00001E+00,  1.00020E+00,  1.00117E+00,  1.00428E+00,  1.01184E+00,  1.02828E+00,  1.06391E+00,  1.14455E+00,  1.33670E+00,  1.81395E+00,  3.02872E+00,  6.13535E+00,  1.39559E+01,  3.29571E+01,  7.67329E+01,  1.70944E+02,  3.58092E+02,  6.98140E+02,  1.25953E+03,  2.09749E+03,  3.22370E+03,  4.58021E+03,  6.03350E+03,  7.39740E+03,  8.47908E+03,  9.12989E+03,  9.28081E+03,  8.95099E+03,  8.23078E+03,  7.25002E+03,  6.14485E+03,  5.03257E+03,  3.99842E+03,  3.09310E+03,  2.33761E+03,  1.73129E+03,  1.26014E+03,  9.03739E+02,  6.40140E+02,  4.48800E+02,  3.12063E+02,  2.15598E+02,  1.48258E+02,  1.01646E+02,  6.95975E+01,  4.76748E+01,  3.27349E+01,  2.25794E+01,  1.56864E+01,  1.10104E+01,  7.83755E+00,  5.68253E+00,  4.21650E+00,  3.21705E+00,  2.53390E+00,  2.06555E+00,  1.74337E+00,  1.52094E+00,  1.36676E+00,  1.25945E+00,  1.18443E+00,  1.13176E+00,  1.09461E+00,  1.06828E+00,  1.04953E+00,  1.03611E+00,  1.02647E+00,  1.01950E+00,  1.01443E+00,  1.01074E+00,  1.00803E+00,  1.00604E+00,  1.00456E+00,  1.00346E+00,  1.00264E+00,  1.00202E+00,  1.00156E+00,  1.00121E+00,  1.00094E+00,  1.00073E+00,  1.00057E+00,  1.00045E+00,  1.00036E+00,  1.00028E+00,  1.00023E+00,  1.00018E+00,  1.00015E+00,  1.00012E+00,  1.00009E+00,  1.00008E+00,  1.00006E+00,  1.00005E+00,  1.00004E+00,  1.00003E+00,  1.00003E+00,  1.00002E+00,  1.00002E+00,  1.00002E+00,  1.00001E+00,  1.00001E+00
  1.00000E+00,  1.00001E+00,  1.00019E+00,  1.00114E+00,  1.00420E+00,  1.01162E+00,  1.02776E+00,  1.06266E+00,  1.14139E+00,  1.32833E+00,  1.79112E+00,  2.96560E+00,  5.96197E+00,  1.34919E+01,  3.17692E+01,  7.38705E+01,  1.64536E+02,  3.44896E+02,  6.73314E+02,  1.21704E+03,  2.03147E+03,  3.13063E+03,  4.46111E+03,  5.89507E+03,  7.25127E+03,  8.33929E+03,  9.00947E+03,  9.18895E+03,  8.89151E+03,  8.20235E+03,  7.24751E+03,  6.16123E+03,  5.06060E+03,  4.03182E+03,  3.12717E+03,  2.36930E+03,  1.75893E+03,  1.28314E+03,  9.22184E+02,  6.54506E+02,  4.59728E+02,  3.20218E+02,  2.21589E+02,  1.52604E+02,  1.04767E+02,  7.18204E+01,  4.92483E+01,  3.38433E+01,  2.33576E+01,  1.62315E+01,  1.13918E+01,  8.10428E+00,  5.86915E+00,  4.34721E+00,  3.30874E+00,  2.59837E+00,  2.11099E+00,  1.77549E+00,  1.54372E+00,  1.38297E+00,  1.27103E+00,  1.19274E+00,  1.13775E+00,  1.09894E+00,  1.07142E+00,  1.05182E+00,  1.03779E+00,  1.02770E+00,  1.02041E+00,  1.01511E+00,  1.01125E+00,  1.00841E+00,  1.00632E+00,  1.00478E+00,  1.00363E+00,  1.00277E+00,  1.00212E+00,  1.00163E+00,  1.00126E+00,  1.00098E+00,  1.00077E+00,  1.00060E+00,  1.00047E+00,  1.00037E+00,  1.00030E+00,  1.00024E+00,  1.00019E+00,  1.00015E+00,  1.00012E+00,  1.00010E+00,  1.00008E+00,  1.00007E+00,  1.00005E+00,  1.00004E+00,  1.00004E+00,  1.00003E+00,  1.00003E+00,  1.00002E+00,  1.00002E+00,  1.00001E+00,  1.00001E+00
  1.00000E+00,  1.00001E+00,  1.00018E+00,  1.00112E+00,  1.00412E+00,  1.01141E+00,  1.02726E+00,  1.06145E+00,  1.13832E+00,  1.32025E+00,  1.76914E+00,  2.90502E+00,  5.79592E+00,  1.30481E+01,  3.06341E+01,  7.11352E+01,  1.58407E+02,  3.32257E+02,  6.49484E+02,  1.17614E+03,  1.96772E+03,  3.04042E+03,  4.34519E+03,  5.75973E+03,  7.10769E+03,  8.20113E+03,  8.88967E+03,  9.09674E+03,  8.83100E+03,  8.17250E+03,  7.24351E+03,  6.17626E+03,  5.08754E+03,  4.06446E+03,  3.16077E+03,  2.40074E+03,  1.78649E+03,  1.30616E+03,  9.40714E+02,  6.68982E+02,  4.70770E+02,  3.28478E+02,  2.27671E+02,  1.57025E+02,  1.07948E+02,  7.40901E+01,  5.08574E+01,  3.49786E+01,  2.41557E+01,  1.67913E+01,  1.17839E+01,  8.37880E+00,  6.06141E+00,  4.48199E+00,  3.40338E+00,  2.66495E+00,  2.15795E+00,  1.80872E+00,  1.56729E+00,  1.39976E+00,  1.28303E+00,  1.20135E+00,  1.14395E+00,  1.10343E+00,  1.07468E+00,  1.05420E+00,  1.03954E+00,  1.02899E+00,  1.02136E+00,  1.01582E+00,  1.01178E+00,  1.00881E+00,  1.00662E+00,  1.00500E+00,  1.00380E+00,  1.00290E+00,  1.00222E+00,  1.00171E+00,  1.00132E+00,  1.00103E+00,  1.00080E+00,  1.00063E+00,  1.00050E+00,  1.00039E+00,  1.00031E+00,  1.00025E+00,  1.00020E+00,  1.00016E+00,  1.00013E+00,  1.00010E+00,  1.00008E+00,  1.00007E+00,  1.00006E+00,  1.00005E+00,  1.00004E+00,  1.00003E+00,  1.00003E+00,  1.00002E+00,  1.00002E+00,  1.00002E+00,  1.00001E+00
  1.00000E+00,  1.00001E+00,  1.00018E+00,  1.00109E+00,  1.00404E+00,  1.01121E+00,  1.02677E+00,  1.06027E+00,  1.13535E+00,  1.31245E+00,  1.74798E+00,  2.84684E+00,  5.63683E+00,  1.26236E+01,  2.95490E+01,  6.85205E+01,  1.52545E+02,  3.20148E+02,  6.26605E+02,  1.13677E+03,  1.90615E+03,  2.95298E+03,  4.23238E+03,  5.62742E+03,  6.96662E+03,  8.06464E+03,  8.77051E+03,  9.00426E+03,  8.76950E+03,  8.14129E+03,  7.23806E+03,  6.18997E+03,  5.11342E+03,  4.09633E+03,  3.19389E+03,  2.43192E+03,  1.81396E+03,  1.32920E+03,  9.59323E+02,  6.83565E+02,  4.81924E+02,  3.36843E+02,  2.33844E+02,  1.61522E+02,  1.11189E+02,  7.64067E+01,  5.25024E+01,  3.61409E+01,  2.49740E+01,  1.73660E+01,  1.21869E+01,  8.66124E+00,  6.25941E+00,  4.62093E+00,  3.50101E+00,  2.73370E+00,  2.20648E+00,  1.84307E+00,  1.59168E+00,  1.41714E+00,  1.29546E+00,  1.21027E+00,  1.15038E+00,  1.10808E+00,  1.07807E+00,  1.05667E+00,  1.04135E+00,  1.03032E+00,  1.02235E+00,  1.01656E+00,  1.01232E+00,  1.00922E+00,  1.00693E+00,  1.00524E+00,  1.00398E+00,  1.00303E+00,  1.00233E+00,  1.00179E+00,  1.00139E+00,  1.00108E+00,  1.00084E+00,  1.00066E+00,  1.00052E+00,  1.00041E+00,  1.00033E+00,  1.00026E+00,  1.00021E+00,  1.00017E+00,  1.00013E+00,  1.00011E+00,  1.00009E+00,  1.00007E+00,  1.00006E+00,  1.00005E+00,  1.00004E+00,  1.00003E+00,  1.00003E+00,  1.00002E+00,  1.00002E+00,  1.00002E+00,  1.00001E+00
  1.00000E+00,  1.00001E+00,  1.00017E+00,  1.00107E+00,  1.00396E+00,  1.01101E+00,  1.02630E+00,  1.05912E+00,  1.13247E+00,  1.30490E+00,  1.72760E+00,  2.79097E+00,  5.48436E+00,  1.22174E+01,  2.85116E+01,  6.60205E+01,  1.46935E+02,  3.08545E+02,  6.04636E+02,  1.09887E+03,  1.84669E+03,  2.86822E+03,  4.12259E+03,  5.49808E+03,  6.82804E+03,  7.92982E+03,  8.65206E+03,  8.91155E+03,  8.70708E+03,  8.10876E+03,  7.23118E+03,  6.20237E+03,  5.13824E+03,  4.12742E+03,  3.22650E+03,  2.46283E+03,  1.84133E+03,  1.35226E+03,  9.78005E+02,  6.98250E+02,  4.93187E+02,  3.45310E+02,  2.40108E+02,  1.66093E+02,  1.14490E+02,  7.87706E+01,  5.41837E+01,  3.73306E+01,  2.58127E+01,  1.79557E+01,  1.26009E+01,  8.95175E+00,  6.46328E+00,  4.76410E+00,  3.60172E+00,  2.80466E+00,  2.25661E+00,  1.87857E+00,  1.61691E+00,  1.43512E+00,  1.30833E+00,  1.21952E+00,  1.15705E+00,  1.11291E+00,  1.08158E+00,  1.05924E+00,  1.04323E+00,  1.03171E+00,  1.02338E+00,  1.01732E+00,  1.01289E+00,  1.00965E+00,  1.00726E+00,  1.00548E+00,  1.00416E+00,  1.00318E+00,  1.00243E+00,  1.00187E+00,  1.00145E+00,  1.00113E+00,  1.00088E+00,  1.00069E+00,  1.00054E+00,  1.00043E+00,  1.00034E+00,  1.00027E+00,  1.00022E+00,  1.00017E+00,  1.00014E+00,  1.00011E+00,  1.00009E+00,  1.00008E+00,  1.00006E+00,  1.00005E+00,  1.00004E+00,  1.00003E+00,  1.00003E+00,  1.00002E+00,  1.00002E+00,  1.00002E+00,  1.00001E+00
  1.00000E+00,  1.00001E+00,  1.00017E+00,  1.00104E+00,  1.00388E+00,  1.01081E+00,  1.02583E+00,  1.05800E+00,  1.12968E+00,  1.29761E+00,  1.70796E+00,  2.73728E+00,  5.33818E+00,  1.18286E+01,  2.75193E+01,  6.36294E+01,  1.41566E+02,  2.97424E+02,  5.83537E+02,  1.06237E+03,  1.78925E+03,  2.78607E+03,  4.01574E+03,  5.37166E+03,  6.69194E+03,  7.79669E+03,  8.53433E+03,  8.81867E+03,  8.64380E+03,  8.07495E+03,  7.22290E+03,  6.21347E+03,  5.16199E+03,  4.15774E+03,  3.25861E+03,  2.49347E+03,  1.86860E+03,  1.37531E+03,  9.96755E+02,  7.13034E+02,  5.04557E+02,  3.53879E+02,  2.46460E+02,  1.70740E+02,  1.17852E+02,  8.11819E+01,  5.59014E+01,  3.85479E+01,  2.66720E+01,  1.85607E+01,  1.30262E+01,  9.25045E+00,  6.67310E+00,  4.91161E+00,  3.70555E+00,  2.87789E+00,  2.30837E+00,  1.91526E+00,  1.64300E+00,  1.45373E+00,  1.32165E+00,  1.22909E+00,  1.16395E+00,  1.11791E+00,  1.08522E+00,  1.06190E+00,  1.04518E+00,  1.03315E+00,  1.02444E+00,  1.01811E+00,  1.01349E+00,  1.01009E+00,  1.00759E+00,  1.00574E+00,  1.00436E+00,  1.00332E+00,  1.00255E+00,  1.00196E+00,  1.00152E+00,  1.00118E+00,  1.00092E+00,  1.00072E+00,  1.00057E+00,  1.00045E+00,  1.00036E+00,  1.00028E+00,  1.00023E+00,  1.00018E+00,  1.00015E+00,  1.00012E+00,  1.00010E+00,  1.00008E+00,  1.00006E+00,  1.00005E+00,  1.00004E+00,  1.00004E+00,  1.00003E+00,  1.00003E+00,  1.00002E+00,  1.00002E+00,  1.00001E+00
  1.00000E+00,  1.00001E+00,  1.00017E+00,  1.00102E+00,  1.00381E+00,  1.01062E+00,  1.02538E+00,  1.05692E+00,  1.12697E+00,  1.29057E+00,  1.68903E+00,  2.68568E+00,  5.19799E+00,  1.14563E+01,  2.65699E+01,  6.13419E+01,  1.36427E+02,  2.86763E+02,  5.63271E+02,  1.02722E+03,  1.73377E+03,  2.70643E+03,  3.91177E+03,  5.24811E+03,  6.55829E+03,  7.66525E+03,  8.41739E+03,  8.72567E+03,  8.57970E+03,  8.03992E+03,  7.21326E+03,  6.22329E+03,  5.18469E+03,  4.18727E+03,  3.29021E+03,  2.52382E+03,  1.89574E+03,  1.39836E+03,  1.01557E+03,  7.27913E+02,  5.16032E+02,  3.62549E+02,  2.52901E+02,  1.75461E+02,  1.21274E+02,  8.36409E+01,  5.76560E+01,  3.97930E+01,  2.75522E+01,  1.91812E+01,  1.34628E+01,  9.55749E+00,  6.88900E+00,  5.06352E+00,  3.81257E+00,  2.95343E+00,  2.36181E+00,  1.95317E+00,  1.66996E+00,  1.47298E+00,  1.33543E+00,  1.23900E+00,  1.17111E+00,  1.12309E+00,  1.08899E+00,  1.06465E+00,  1.04721E+00,  1.03464E+00,  1.02554E+00,  1.01893E+00,  1.01410E+00,  1.01055E+00,  1.00794E+00,  1.00600E+00,  1.00456E+00,  1.00348E+00,  1.00266E+00,  1.00205E+00,  1.00159E+00,  1.00123E+00,  1.00096E+00,  1.00075E+00,  1.00059E+00,  1.00047E+00,  1.00037E+00,  1.00030E+00,  1.00024E+00,  1.00019E+00,  1.00015E+00,  1.00012E+00,  1.00010E+00,  1.00008E+00,  1.00007E+00,  1.00006E+00,  1.00005E+00,  1.00004E+00,  1.00003E+00,  1.00003E+00,  1.00002E+00,  1.00002E+00,  1.00002E+00
  1.00000E+00,  1.00001E+00,  1.00016E+00,  1.00100E+00,  1.00373E+00,  1.01043E+00,  1.02493E+00,  1.05586E+00,  1.12435E+00,  1.28375E+00,  1.67079E+00,  2.63606E+00,  5.06350E+00,  1.10997E+01,  2.56613E+01,  5.91529E+01,  1.31505E+02,  2.76541E+02,  5.43801E+02,  9.93368E+02,  1.68018E+03,  2.62924E+03,  3.81059E+03,  5.12737E+03,  6.42706E+03,  7.53552E+03,  8.30124E+03,  8.63260E+03,  8.51483E+03,  8.00370E+03,  7.20229E+03,  6.23185E+03,  5.20633E+03,  4.21603E+03,  3.32129E+03,  2.55387E+03,  1.92276E+03,  1.42140E+03,  1.03444E+03,  7.42883E+02,  5.27608E+02,  3.71317E+02,  2.59431E+02,  1.80256E+02,  1.24757E+02,  8.61477E+01,  5.94475E+01,  4.10664E+01,  2.84535E+01,  1.98174E+01,  1.39111E+01,  9.87300E+00,  7.11107E+00,  5.21992E+00,  3.92286E+00,  3.03133E+00,  2.41696E+00,  1.99231E+00,  1.69782E+00,  1.49288E+00,  1.34969E+00,  1.24926E+00,  1.17851E+00,  1.12846E+00,  1.09290E+00,  1.06751E+00,  1.04930E+00,  1.03619E+00,  1.02669E+00,  1.01978E+00,  1.01474E+00,  1.01103E+00,  1.00830E+00,  1.00627E+00,  1.00476E+00,  1.00363E+00,  1.00279E+00,  1.00215E+00,  1.00166E+00,  1.00129E+00,  1.00101E+00,  1.00079E+00,  1.00062E+00,  1.00049E+00,  1.00039E+00,  1.00031E+00,  1.00025E+00,  1.00020E+00,  1.00016E+00,  1.00013E+00,  1.00011E+00,  1.00009E+00,  1.00007E+00,  1.00006E+00,  1.00005E+00,  1.00004E+00,  1.00003E+00,  1.00003E+00,  1.00002E+00,  1.00002E+00,  1.00002E+00
  1.00000E+00,  1.00001E+00,  1.00016E+00,  1.00097E+00,  1.00366E+00,  1.01025E+00,  1.02450E+00,  1.05483E+00,  1.12179E+00,  1.27715E+00,  1.65319E+00,  2.58834E+00,  4.93444E+00,  1.07580E+01,  2.47915E+01,  5.70576E+01,  1.26791E+02,  2.66738E+02,  5.25093E+02,  9.60760E+02,  1.62840E+03,  2.55441E+03,  3.71214E+03,  5.00938E+03,  6.29824E+03,  7.40750E+03,  8.18595E+03,  8.53952E+03,  8.44926E+03,  7.96633E+03,  7.19001E+03,  6.23917E+03,  5.22693E+03,  4.24399E+03,  3.35184E+03,  2.58362E+03,  1.94964E+03,  1.44442E+03,  1.05336E+03,  7.57940E+02,  5.39285E+02,  3.80183E+02,  2.66048E+02,  1.85126E+02,  1.28301E+02,  8.87025E+01,  6.12762E+01,  4.23681E+01,  2.93762E+01,  2.04694E+01,  1.43710E+01,  1.01971E+01,  7.33943E+00,  5.38090E+00,  4.03647E+00,  3.11165E+00,  2.47385E+00,  2.03272E+00,  1.72661E+00,  1.51344E+00,  1.36444E+00,  1.25987E+00,  1.18618E+00,  1.13402E+00,  1.09695E+00,  1.07047E+00,  1.05148E+00,  1.03779E+00,  1.02788E+00,  1.02067E+00,  1.01540E+00,  1.01153E+00,  1.00867E+00,  1.00656E+00,  1.00498E+00,  1.00380E+00,  1.00291E+00,  1.00224E+00,  1.00174E+00,  1.00135E+00,  1.00105E+00,  1.00083E+00,  1.00065E+00,  1.00051E+00,  1.00041E+00,  1.00033E+00,  1.00026E+00,  1.00021E+00,  1.00017E+00,  1.00014E+00,  1.00011E+00,  1.00009E+00,  1.00007E+00,  1.00006E+00,  1.00005E+00,  1.00004E+00,  1.00003E+00,  1.00003E+00,  1.00002E+00,  1.00002E+00,  1.00002E+00
  1.00000E+00,  1.00001E+00,  1.00015E+00,  1.00095E+00,  1.00359E+00,  1.01007E+00,  1.02408E+00,  1.05383E+00,  1.11932E+00,  1.27077E+00,  1.63621E+00,  2.54243E+00,  4.81055E+00,  1.04305E+01,  2.39585E+01,  5.50515E+01,  1.22275E+02,  2.57335E+02,  5.07115E+02,  9.29347E+02,  1.57837E+03,  2.48186E+03,  3.61634E+03,  4.89410E+03,  6.17179E+03,  7.28120E+03,  8.07152E+03,  8.44646E+03,  8.38303E+03,  7.92787E+03,  7.17646E+03,  6.24526E+03,  5.24648E+03,  4.27116E+03,  3.38185E+03,  2.61305E+03,  1.97637E+03,  1.46741E+03,  1.07232E+03,  7.73081E+02,  5.51058E+02,  3.89144E+02,  2.72751E+02,  1.90070E+02,  1.31905E+02,  9.13055E+01,  6.31425E+01,  4.36984E+01,  3.03205E+01,  2.11376E+01,  1.48429E+01,  1.05300E+01,  7.57419E+00,  5.54654E+00,  4.15347E+00,  3.19442E+00,  2.53254E+00,  2.07443E+00,  1.75634E+00,  1.53470E+00,  1.37969E+00,  1.27085E+00,  1.19411E+00,  1.13978E+00,  1.10114E+00,  1.07354E+00,  1.05373E+00,  1.03946E+00,  1.02911E+00,  1.02159E+00,  1.01609E+00,  1.01204E+00,  1.00906E+00,  1.00685E+00,  1.00520E+00,  1.00397E+00,  1.00304E+00,  1.00235E+00,  1.00181E+00,  1.00141E+00,  1.00110E+00,  1.00086E+00,  1.00068E+00,  1.00054E+00,  1.00043E+00,  1.00034E+00,  1.00027E+00,  1.00022E+00,  1.00018E+00,  1.00014E+00,  1.00012E+00,  1.00009E+00,  1.00008E+00,  1.00006E+00,  1.00005E+00,  1.00004E+00,  1.00004E+00,  1.00003E+00,  1.00002E+00,  1.00002E+00,  1.00002E+00
  1.00000E+00,  1.00001E+00,  1.00015E+00,  1.00093E+00,  1.00352E+00,  1.00989E+00,  1.02366E+00,  1.05285E+00,  1.11691E+00,  1.26460E+00,  1.61982E+00,  2.49825E+00,  4.69158E+00,  1.01165E+01,  2.31607E+01,  5.31301E+01,  1.17948E+02,  2.48314E+02,  4.89834E+02,  8.99082E+02,  1.53004E+03,  2.41154E+03,  3.52312E+03,  4.78147E+03,  6.04768E+03,  7.15662E+03,  7.95800E+03,  8.35347E+03,  8.31618E+03,  7.88836E+03,  7.16168E+03,  6.25015E+03,  5.26501E+03,  4.29755E+03,  3.41132E+03,  2.64216E+03,  2.00296E+03,  1.49037E+03,  1.09133E+03,  7.88300E+02,  5.62925E+02,  3.98200E+02,  2.79541E+02,  1.95087E+02,  1.35569E+02,  9.39568E+01,  6.50464E+01,  4.50576E+01,  3.12865E+01,  2.18221E+01,  1.53268E+01,  1.08717E+01,  7.81546E+00,  5.71693E+00,  4.27393E+00,  3.27971E+00,  2.59305E+00,  2.11746E+00,  1.78703E+00,  1.55665E+00,  1.39545E+00,  1.28220E+00,  1.20232E+00,  1.14574E+00,  1.10549E+00,  1.07672E+00,  1.05607E+00,  1.04118E+00,  1.03039E+00,  1.02254E+00,  1.01680E+00,  1.01258E+00,  1.00947E+00,  1.00716E+00,  1.00544E+00,  1.00415E+00,  1.00318E+00,  1.00245E+00,  1.00190E+00,  1.00147E+00,  1.00115E+00,  1.00090E+00,  1.00071E+00,  1.00056E+00,  1.00045E+00,  1.00036E+00,  1.00028E+00,  1.00023E+00,  1.00018E+00,  1.00015E+00,  1.00012E+00,  1.00010E+00,  1.00008E+00,  1.00007E+00,  1.00005E+00,  1.00005E+00,  1.00004E+00,  1.00003E+00,  1.00003E+00,  1.00002E+00,  1.00002E+00
  1.00000E+00,  1.00001E+00,  1.00014E+00,  1.00091E+00,  1.00346E+00,  1.00972E+00,  1.02326E+00,  1.05190E+00,  1.11458E+00,  1.25861E+00,  1.60401E+00,  2.45572E+00,  4.57730E+00,  9.81540E+00,  2.23963E+01,  5.12895E+01,  1.13801E+02,  2.39657E+02,  4.73222E+02,  8.69920E+02,  1.48333E+03,  2.34336E+03,  3.43242E+03,  4.67143E+03,  5.92590E+03,  7.03376E+03,  7.84540E+03,  8.26060E+03,  8.24878E+03,  7.84783E+03,  7.14569E+03,  6.25384E+03,  5.28251E+03,  4.32314E+03,  3.44025E+03,  2.67094E+03,  2.02938E+03,  1.51328E+03,  1.11037E+03,  8.03595E+02,  5.74885E+02,  4.07349E+02,  2.86415E+02,  2.00178E+02,  1.39294E+02,  9.66566E+01,  6.69881E+01,  4.64459E+01,  3.22746E+01,  2.25230E+01,  1.58229E+01,  1.12225E+01,  8.06334E+00,  5.89216E+00,  4.39791E+00,  3.36757E+00,  2.65542E+00,  2.16185E+00,  1.81871E+00,  1.57933E+00,  1.41173E+00,  1.29394E+00,  1.21081E+00,  1.15191E+00,  1.10998E+00,  1.08001E+00,  1.05849E+00,  1.04297E+00,  1.03172E+00,  1.02353E+00,  1.01754E+00,  1.01313E+00,  1.00988E+00,  1.00747E+00,  1.00568E+00,  1.00433E+00,  1.00332E+00,  1.00256E+00,  1.00198E+00,  1.00154E+00,  1.00120E+00,  1.00094E+00,  1.00074E+00,  1.00059E+00,  1.00047E+00,  1.00037E+00,  1.00030E+00,  1.00024E+00,  1.00019E+00,  1.00016E+00,  1.00013E+00,  1.00010E+00,  1.00008E+00,  1.00007E+00,  1.00006E+00,  1.00005E+00,  1.00004E+00,  1.00003E+00,  1.00003E+00,  1.00002E+00,  1.00002E+00
  1.00000E+00,  1.00001E+00,  1.00014E+00,  1.00089E+00,  1.00339E+00,  1.00956E+00,  1.02287E+00,  1.05097E+00,  1.11231E+00,  1.25282E+00,  1.58874E+00,  2.41476E+00,  4.46750E+00,  9.52655E+00,  2.16636E+01,  4.95259E+01,  1.09824E+02,  2.31348E+02,  4.57250E+02,  8.41816E+02,  1.43819E+03,  2.27726E+03,  3.34417E+03,  4.56393E+03,  5.80641E+03,  6.91262E+03,  7.73376E+03,  8.16789E+03,  8.18085E+03,  7.80634E+03,  7.12852E+03,  6.25637E+03,  5.29899E+03,  4.34794E+03,  3.46862E+03,  2.69938E+03,  2.05563E+03,  1.53615E+03,  1.12944E+03,  8.18962E+02,  5.86933E+02,  4.16588E+02,  2.93373E+02,  2.05341E+02,  1.43079E+02,  9.94049E+01,  6.89680E+01,  4.78635E+01,  3.32849E+01,  2.32406E+01,  1.63315E+01,  1.15824E+01,  8.31794E+00,  6.07230E+00,  4.52548E+00,  3.45803E+00,  2.71970E+00,  2.20763E+00,  1.85139E+00,  1.60274E+00,  1.42855E+00,  1.30607E+00,  1.21959E+00,  1.15828E+00,  1.11463E+00,  1.08342E+00,  1.06099E+00,  1.04482E+00,  1.03309E+00,  1.02455E+00,  1.01830E+00,  1.01371E+00,  1.01032E+00,  1.00780E+00,  1.00593E+00,  1.00453E+00,  1.00347E+00,  1.00267E+00,  1.00207E+00,  1.00161E+00,  1.00125E+00,  1.00098E+00,  1.00077E+00,  1.00061E+00,  1.00049E+00,  1.00039E+00,  1.00031E+00,  1.00025E+00,  1.00020E+00,  1.00016E+00,  1.00013E+00,  1.00011E+00,  1.00009E+00,  1.00007E+00,  1.00006E+00,  1.00005E+00,  1.00004E+00,  1.00003E+00,  1.00003E+00,  1.00002E+00,  1.00002E+00
  1.00000E+00,  1.00001E+00,  1.00014E+00,  1.00087E+00,  1.00333E+00,  1.00939E+00,  1.02248E+00,  1.05007E+00,  1.11010E+00,  1.24721E+00,  1.57399E+00,  2.37530E+00,  4.36197E+00,  9.24936E+00,  2.09612E+01,  4.78355E+01,  1.06012E+02,  2.23372E+02,  4.41891E+02,  8.14729E+02,  1.39457E+03,  2.21317E+03,  3.25830E+03,  4.45893E+03,  5.68918E+03,  6.79320E+03,  7.62310E+03,  8.07537E+03,  8.11246E+03,  7.76392E+03,  7.11020E+03,  6.25774E+03,  5.31446E+03,  4.37195E+03,  3.49644E+03,  2.72748E+03,  2.08171E+03,  1.55897E+03,  1.14853E+03,  8.34395E+02,  5.99068E+02,  4.25917E+02,  3.00415E+02,  2.10577E+02,  1.46925E+02,  1.02202E+02,  7.09861E+01,  4.93107E+01,  3.43177E+01,  2.39751E+01,  1.68526E+01,  1.19516E+01,  8.57937E+00,  6.25744E+00,  4.65670E+00,  3.55117E+00,  2.78592E+00,  2.25482E+00,  1.88511E+00,  1.62690E+00,  1.44593E+00,  1.31860E+00,  1.22866E+00,  1.16488E+00,  1.11944E+00,  1.08694E+00,  1.06359E+00,  1.04673E+00,  1.03451E+00,  1.02561E+00,  1.01909E+00,  1.01430E+00,  1.01077E+00,  1.00814E+00,  1.00619E+00,  1.00472E+00,  1.00362E+00,  1.00279E+00,  1.00216E+00,  1.00168E+00,  1.00131E+00,  1.00103E+00,  1.00081E+00,  1.00064E+00,  1.00051E+00,  1.00040E+00,  1.00032E+00,  1.00026E+00,  1.00021E+00,  1.00017E+00,  1.00014E+00,  1.00011E+00,  1.00009E+00,  1.00008E+00,  1.00006E+00,  1.00005E+00,  1.00004E+00,  1.00004E+00,  1.00003E+00,  1.00002E+00,  1.00002E+00
  1.00000E+00,  1.00001E+00,  1.00013E+00,  1.00085E+00,  1.00326E+00,  1.00923E+00,  1.02211E+00,  1.04918E+00,  1.10796E+00,  1.24177E+00,  1.55974E+00,  2.33729E+00,  4.26051E+00,  8.98331E+00,  2.02876E+01,  4.62148E+01,  1.02355E+02,  2.15713E+02,  4.27119E+02,  7.88618E+02,  1.35240E+03,  2.15104E+03,  3.17475E+03,  4.35636E+03,  5.57418E+03,  6.67549E+03,  7.51343E+03,  7.98308E+03,  8.04363E+03,  7.72060E+03,  7.09078E+03,  6.25799E+03,  5.32893E+03,  4.39517E+03,  3.52369E+03,  2.75522E+03,  2.10761E+03,  1.58172E+03,  1.16764E+03,  8.49892E+02,  6.11287E+02,  4.35334E+02,  3.07539E+02,  2.15885E+02,  1.50831E+02,  1.05048E+02,  7.30427E+01,  5.07875E+01,  3.53731E+01,  2.47267E+01,  1.73865E+01,  1.23303E+01,  8.84774E+00,  6.44768E+00,  4.79165E+00,  3.64702E+00,  2.85413E+00,  2.30346E+00,  1.91989E+00,  1.65184E+00,  1.46386E+00,  1.33154E+00,  1.23804E+00,  1.17169E+00,  1.12442E+00,  1.09059E+00,  1.06627E+00,  1.04871E+00,  1.03598E+00,  1.02670E+00,  1.01991E+00,  1.01492E+00,  1.01123E+00,  1.00850E+00,  1.00646E+00,  1.00493E+00,  1.00378E+00,  1.00291E+00,  1.00225E+00,  1.00175E+00,  1.00137E+00,  1.00107E+00,  1.00084E+00,  1.00067E+00,  1.00053E+00,  1.00042E+00,  1.00034E+00,  1.00027E+00,  1.00022E+00,  1.00018E+00,  1.00014E+00,  1.00012E+00,  1.00010E+00,  1.00008E+00,  1.00006E+00,  1.00005E+00,  1.00004E+00,  1.00004E+00,  1.00003E+00,  1.00003E+00,  1.00002E+00
  1.00000E+00,  1.00001E+00,  1.00013E+00,  1.00083E+00,  1.00320E+00,  1.00907E+00,  1.02174E+00,  1.04832E+00,  1.10587E+00,  1.23650E+00,  1.54597E+00,  2.30065E+00,  4.16293E+00,  8.72785E+00,  1.96415E+01,  4.46607E+01,  9.88463E+01,  2.08358E+02,  4.12908E+02,  7.63447E+02,  1.31164E+03,  2.09079E+03,  3.09345E+03,  4.25619E+03,  5.46139E+03,  6.55950E+03,  7.40478E+03,  7.89106E+03,  7.97442E+03,  7.67644E+03,  7.07027E+03,  6.25712E+03,  5.34241E+03,  4.41759E+03,  3.55038E+03,  2.78261E+03,  2.13331E+03,  1.60440E+03,  1.18676E+03,  8.65449E+02,  6.23586E+02,  4.44837E+02,  3.14744E+02,  2.21264E+02,  1.54797E+02,  1.07942E+02,  7.51379E+01,  5.22943E+01,  3.64514E+01,  2.54955E+01,  1.79332E+01,  1.27185E+01,  9.12316E+00,  6.64309E+00,  4.93039E+00,  3.74564E+00,  2.92435E+00,  2.35357E+00,  1.95574E+00,  1.67756E+00,  1.48237E+00,  1.34491E+00,  1.24773E+00,  1.17874E+00,  1.12956E+00,  1.09436E+00,  1.06905E+00,  1.05077E+00,  1.03750E+00,  1.02784E+00,  1.02076E+00,  1.01556E+00,  1.01172E+00,  1.00886E+00,  1.00674E+00,  1.00514E+00,  1.00394E+00,  1.00304E+00,  1.00235E+00,  1.00183E+00,  1.00143E+00,  1.00112E+00,  1.00088E+00,  1.00070E+00,  1.00055E+00,  1.00044E+00,  1.00035E+00,  1.00028E+00,  1.00023E+00,  1.00018E+00,  1.00015E+00,  1.00012E+00,  1.00010E+00,  1.00008E+00,  1.00007E+00,  1.00006E+00,  1.00005E+00,  1.00004E+00,  1.00003E+00,  1.00003E+00,  1.00002E+00
  1.00000E+00,  1.00001E+00,  1.00013E+00,  1.00082E+00,  1.00314E+00,  1.00892E+00,  1.02138E+00,  1.04749E+00,  1.10384E+00,  1.23139E+00,  1.53266E+00,  2.26533E+00,  4.06906E+00,  8.48250E+00,  1.90216E+01,  4.31700E+01,  9.54799E+01,  2.01293E+02,  3.99237E+02,  7.39177E+02,  1.27224E+03,  2.03237E+03,  3.01436E+03,  4.15835E+03,  5.35076E+03,  6.44522E+03,  7.29717E+03,  7.79935E+03,  7.90486E+03,  7.63147E+03,  7.04870E+03,  6.25516E+03,  5.35491E+03,  4.43923E+03,  3.57650E+03,  2.80962E+03,  2.15881E+03,  1.62701E+03,  1.20589E+03,  8.81060E+02,  6.35963E+02,  4.54424E+02,  3.22029E+02,  2.26715E+02,  1.58824E+02,  1.10885E+02,  7.72718E+01,  5.38313E+01,  3.75527E+01,  2.62817E+01,  1.84930E+01,  1.31163E+01,  9.40573E+00,  6.84377E+00,  5.07298E+00,  3.84709E+00,  2.99664E+00,  2.40519E+00,  1.99269E+00,  1.70409E+00,  1.50147E+00,  1.35871E+00,  1.25773E+00,  1.18602E+00,  1.13488E+00,  1.09826E+00,  1.07192E+00,  1.05289E+00,  1.03908E+00,  1.02902E+00,  1.02164E+00,  1.01622E+00,  1.01222E+00,  1.00924E+00,  1.00702E+00,  1.00536E+00,  1.00411E+00,  1.00317E+00,  1.00245E+00,  1.00191E+00,  1.00149E+00,  1.00117E+00,  1.00092E+00,  1.00073E+00,  1.00058E+00,  1.00046E+00,  1.00037E+00,  1.00030E+00,  1.00024E+00,  1.00019E+00,  1.00016E+00,  1.00013E+00,  1.00010E+00,  1.00009E+00,  1.00007E+00,  1.00006E+00,  1.00005E+00,  1.00004E+00,  1.00003E+00,  1.00003E+00,  1.00002E+00
  1.00000E+00,  1.00001E+00,  1.00012E+00,  1.00080E+00,  1.00309E+00,  1.00877E+00,  1.02103E+00,  1.04667E+00,  1.10187E+00,  1.22644E+00,  1.51978E+00,  2.23126E+00,  3.97874E+00,  8.24680E+00,  1.84266E+01,  4.17397E+01,  9.22488E+01,  1.94506E+02,  3.86081E+02,  7.15775E+02,  1.23415E+03,  1.97572E+03,  2.93740E+03,  4.06280E+03,  5.24228E+03,  6.33264E+03,  7.19061E+03,  7.70797E+03,  7.83500E+03,  7.58573E+03,  7.02612E+03,  6.25213E+03,  5.36643E+03,  4.46008E+03,  3.60204E+03,  2.83627E+03,  2.18411E+03,  1.64954E+03,  1.22503E+03,  8.96723E+02,  6.48416E+02,  4.64093E+02,  3.29393E+02,  2.32236E+02,  1.62910E+02,  1.13878E+02,  7.94446E+01,  5.53985E+01,  3.86773E+01,  2.70855E+01,  1.90659E+01,  1.35240E+01,  9.69557E+00,  7.04979E+00,  5.21951E+00,  3.95141E+00,  3.07104E+00,  2.45835E+00,  2.03077E+00,  1.73144E+00,  1.52118E+00,  1.37296E+00,  1.26806E+00,  1.19354E+00,  1.14038E+00,  1.10229E+00,  1.07489E+00,  1.05509E+00,  1.04071E+00,  1.03023E+00,  1.02256E+00,  1.01691E+00,  1.01273E+00,  1.00964E+00,  1.00732E+00,  1.00559E+00,  1.00429E+00,  1.00331E+00,  1.00256E+00,  1.00199E+00,  1.00155E+00,  1.00122E+00,  1.00096E+00,  1.00076E+00,  1.00060E+00,  1.00048E+00,  1.00038E+00,  1.00031E+00,  1.00025E+00,  1.00020E+00,  1.00016E+00,  1.00013E+00,  1.00011E+00,  1.00009E+00,  1.00007E+00,  1.00006E+00,  1.00005E+00,  1.00004E+00,  1.00003E+00,  1.00003E+00,  1.00002E+00
  1.00000E+00,  1.00001E+00,  1.00012E+00,  1.00078E+00,  1.00303E+00,  1.00862E+00,  1.02069E+00,  1.04587E+00,  1.09995E+00,  1.22163E+00,  1.50733E+00,  2.19840E+00,  3.89180E+00,  8.02029E+00,  1.78554E+01,  4.03672E+01,  8.91470E+01,  1.87984E+02,  3.73420E+02,  6.93205E+02,  1.19732E+03,  1.92079E+03,  2.86252E+03,  3.96948E+03,  5.13591E+03,  6.22175E+03,  7.08512E+03,  7.61696E+03,  7.76487E+03,  7.53926E+03,  7.00255E+03,  6.24805E+03,  5.37700E+03,  4.48014E+03,  3.62701E+03,  2.86254E+03,  2.20920E+03,  1.67199E+03,  1.24416E+03,  9.12433E+02,  6.60942E+02,  4.73843E+02,  3.36836E+02,  2.37827E+02,  1.67055E+02,  1.16919E+02,  8.16565E+01,  5.69963E+01,  3.98253E+01,  2.79071E+01,  1.96522E+01,  1.39417E+01,  9.99278E+00,  7.26125E+00,  5.37002E+00,  4.05866E+00,  3.14757E+00,  2.51308E+00,  2.07000E+00,  1.75963E+00,  1.54150E+00,  1.38765E+00,  1.27873E+00,  1.20131E+00,  1.14606E+00,  1.10646E+00,  1.07796E+00,  1.05736E+00,  1.04240E+00,  1.03149E+00,  1.02350E+00,  1.01762E+00,  1.01327E+00,  1.01004E+00,  1.00763E+00,  1.00583E+00,  1.00447E+00,  1.00345E+00,  1.00267E+00,  1.00207E+00,  1.00162E+00,  1.00127E+00,  1.00100E+00,  1.00079E+00,  1.00063E+00,  1.00050E+00,  1.00040E+00,  1.00032E+00,  1.00026E+00,  1.00021E+00,  1.00017E+00,  1.00014E+00,  1.00011E+00,  1.00009E+00,  1.00008E+00,  1.00006E+00,  1.00005E+00,  1.00004E+00,  1.00004E+00,  1.00003E+00,  1.00003E+00
  1.00000E+00,  1.00001E+00,  1.00012E+00,  1.00076E+00,  1.00297E+00,  1.00848E+00,  1.02035E+00,  1.04509E+00,  1.09809E+00,  1.21697E+00,  1.49529E+00,  2.16669E+00,  3.80809E+00,  7.80257E+00,  1.73069E+01,  3.90496E+01,  8.61687E+01,  1.81715E+02,  3.61233E+02,  6.71436E+02,  1.16171E+03,  1.86752E+03,  2.78967E+03,  3.87836E+03,  5.03162E+03,  6.11254E+03,  6.98071E+03,  7.52635E+03,  7.69451E+03,  7.49209E+03,  6.97801E+03,  6.24294E+03,  5.38661E+03,  4.49943E+03,  3.65140E+03,  2.88842E+03,  2.23407E+03,  1.69433E+03,  1.26328E+03,  9.28186E+02,  6.73537E+02,  4.83672E+02,  3.44356E+02,  2.43487E+02,  1.71260E+02,  1.20009E+02,  8.39075E+01,  5.86246E+01,  4.09970E+01,  2.87466E+01,  2.02521E+01,  1.43694E+01,  1.02975E+01,  7.47823E+00,  5.52461E+00,  4.16889E+00,  3.22630E+00,  2.56942E+00,  2.11040E+00,  1.78869E+00,  1.56246E+00,  1.40281E+00,  1.28974E+00,  1.20933E+00,  1.15192E+00,  1.11077E+00,  1.08113E+00,  1.05971E+00,  1.04415E+00,  1.03279E+00,  1.02447E+00,  1.01835E+00,  1.01383E+00,  1.01046E+00,  1.00795E+00,  1.00608E+00,  1.00466E+00,  1.00359E+00,  1.00278E+00,  1.00216E+00,  1.00169E+00,  1.00132E+00,  1.00104E+00,  1.00082E+00,  1.00065E+00,  1.00052E+00,  1.00042E+00,  1.00033E+00,  1.00027E+00,  1.00022E+00,  1.00018E+00,  1.00014E+00,  1.00012E+00,  1.00010E+00,  1.00008E+00,  1.00007E+00,  1.00005E+00,  1.00005E+00,  1.00004E+00,  1.00003E+00,  1.00003E+00
  1.00000E+00,  1.00001E+00,  1.00011E+00,  1.00075E+00,  1.00292E+00,  1.00834E+00,  1.02002E+00,  1.04433E+00,  1.09627E+00,  1.21244E+00,  1.48364E+00,  2.13608E+00,  3.72747E+00,  7.59323E+00,  1.67801E+01,  3.77845E+01,  8.33082E+01,  1.75689E+02,  3.49500E+02,  6.50436E+02,  1.12727E+03,  1.81585E+03,  2.71878E+03,  3.78938E+03,  4.92938E+03,  6.00501E+03,  6.87740E+03,  7.43617E+03,  7.62396E+03,  7.44426E+03,  6.95255E+03,  6.23682E+03,  5.39528E+03,  4.51793E+03,  3.67520E+03,  2.91392E+03,  2.25871E+03,  1.71658E+03,  1.28238E+03,  9.43978E+02,  6.86198E+02,  4.93577E+02,  3.51951E+02,  2.49217E+02,  1.75524E+02,  1.23148E+02,  8.61977E+01,  6.02839E+01,  4.21924E+01,  2.96043E+01,  2.08656E+01,  1.48073E+01,  1.06097E+01,  7.70082E+00,  5.68332E+00,  4.28216E+00,  3.30725E+00,  2.62738E+00,  2.15200E+00,  1.81862E+00,  1.58406E+00,  1.41845E+00,  1.30109E+00,  1.21761E+00,  1.15798E+00,  1.11521E+00,  1.08441E+00,  1.06214E+00,  1.04595E+00,  1.03414E+00,  1.02548E+00,  1.01911E+00,  1.01440E+00,  1.01090E+00,  1.00829E+00,  1.00633E+00,  1.00486E+00,  1.00374E+00,  1.00290E+00,  1.00225E+00,  1.00176E+00,  1.00138E+00,  1.00109E+00,  1.00086E+00,  1.00068E+00,  1.00054E+00,  1.00043E+00,  1.00035E+00,  1.00028E+00,  1.00023E+00,  1.00018E+00,  1.00015E+00,  1.00012E+00,  1.00010E+00,  1.00008E+00,  1.00007E+00,  1.00006E+00,  1.00005E+00,  1.00004E+00,  1.00003E+00,  1.00003E+00
  1.00000E+00,  1.00001E+00,  1.00011E+00,  1.00073E+00,  1.00286E+00,  1.00820E+00,  1.01970E+00,  1.04359E+00,  1.09450E+00,  1.20805E+00,  1.47236E+00,  2.10654E+00,  3.64981E+00,  7.39189E+00,  1.62740E+01,  3.65695E+01,  8.05604E+01,  1.69896E+02,  3.38204E+02,  6.30177E+02,  1.09397E+03,  1.76575E+03,  2.64981E+03,  3.70249E+03,  4.82915E+03,  5.89914E+03,  6.77518E+03,  7.34644E+03,  7.55326E+03,  7.39580E+03,  6.92618E+03,  6.22971E+03,  5.40303E+03,  4.53566E+03,  3.69842E+03,  2.93902E+03,  2.28313E+03,  1.73872E+03,  1.30147E+03,  9.59806E+02,  6.98924E+02,  5.03558E+02,  3.59622E+02,  2.55015E+02,  1.79847E+02,  1.26336E+02,  8.85273E+01,  6.19740E+01,  4.34118E+01,  3.04803E+01,  2.14929E+01,  1.52556E+01,  1.09297E+01,  7.92910E+00,  5.84623E+00,  4.39852E+00,  3.39047E+00,  2.68701E+00,  2.19482E+00,  1.84945E+00,  1.60632E+00,  1.43457E+00,  1.31281E+00,  1.22615E+00,  1.16423E+00,  1.11981E+00,  1.08780E+00,  1.06464E+00,  1.04782E+00,  1.03553E+00,  1.02653E+00,  1.01990E+00,  1.01499E+00,  1.01135E+00,  1.00863E+00,  1.00659E+00,  1.00506E+00,  1.00390E+00,  1.00302E+00,  1.00235E+00,  1.00183E+00,  1.00144E+00,  1.00113E+00,  1.00089E+00,  1.00071E+00,  1.00057E+00,  1.00045E+00,  1.00036E+00,  1.00029E+00,  1.00024E+00,  1.00019E+00,  1.00016E+00,  1.00013E+00,  1.00011E+00,  1.00009E+00,  1.00007E+00,  1.00006E+00,  1.00005E+00,  1.00004E+00,  1.00003E+00,  1.00003E+00
  1.00000E+00,  1.00001E+00,  1.00011E+00,  1.00072E+00,  1.00281E+00,  1.00807E+00,  1.01938E+00,  1.04286E+00,  1.09278E+00,  1.20378E+00,  1.46143E+00,  2.07800E+00,  3.57497E+00,  7.19820E+00,  1.57875E+01,  3.54024E+01,  7.79201E+01,  1.64324E+02,  3.27325E+02,  6.10629E+02,  1.06176E+03,  1.71715E+03,  2.58271E+03,  3.61766E+03,  4.73091E+03,  5.79493E+03,  6.67408E+03,  7.25718E+03,  7.48243E+03,  7.34676E+03,  6.89895E+03,  6.22164E+03,  5.40986E+03,  4.55261E+03,  3.72106E+03,  2.96372E+03,  2.30730E+03,  1.76075E+03,  1.32053E+03,  9.75664E+02,  7.11711E+02,  5.13611E+02,  3.67366E+02,  2.60880E+02,  1.84229E+02,  1.29572E+02,  9.08963E+01,  6.36954E+01,  4.46553E+01,  3.13747E+01,  2.21341E+01,  1.57144E+01,  1.12575E+01,  8.16317E+00,  6.01341E+00,  4.51802E+00,  3.47601E+00,  2.74834E+00,  2.23889E+00,  1.88119E+00,  1.62925E+00,  1.45119E+00,  1.32489E+00,  1.23496E+00,  1.17068E+00,  1.12455E+00,  1.09130E+00,  1.06724E+00,  1.04974E+00,  1.03697E+00,  1.02761E+00,  1.02071E+00,  1.01561E+00,  1.01182E+00,  1.00899E+00,  1.00687E+00,  1.00527E+00,  1.00406E+00,  1.00314E+00,  1.00244E+00,  1.00191E+00,  1.00150E+00,  1.00118E+00,  1.00093E+00,  1.00074E+00,  1.00059E+00,  1.00047E+00,  1.00038E+00,  1.00030E+00,  1.00025E+00,  1.00020E+00,  1.00016E+00,  1.00013E+00,  1.00011E+00,  1.00009E+00,  1.00007E+00,  1.00006E+00,  1.00005E+00,  1.00004E+00,  1.00004E+00,  1.00003E+00
  1.00000E+00,  1.00001E+00,  1.00010E+00,  1.00070E+00,  1.00276E+00,  1.00793E+00,  1.01908E+00,  1.04216E+00,  1.09110E+00,  1.19964E+00,  1.45085E+00,  2.05044E+00,  3.50284E+00,  7.01181E+00,  1.53200E+01,  3.42810E+01,  7.53827E+01,  1.58965E+02,  3.16846E+02,  5.91765E+02,  1.03060E+03,  1.67001E+03,  2.51741E+03,  3.53483E+03,  4.63462E+03,  5.69236E+03,  6.57410E+03,  7.16843E+03,  7.41151E+03,  7.29716E+03,  6.87087E+03,  6.21261E+03,  5.41578E+03,  4.56880E+03,  3.74311E+03,  2.98802E+03,  2.33123E+03,  1.78266E+03,  1.33957E+03,  9.91550E+02,  7.24555E+02,  5.23736E+02,  3.75182E+02,  2.66813E+02,  1.88669E+02,  1.32858E+02,  9.33048E+01,  6.54479E+01,  4.59232E+01,  3.22878E+01,  2.27895E+01,  1.61837E+01,  1.15932E+01,  8.40310E+00,  6.18493E+00,  4.64072E+00,  3.56390E+00,  2.81140E+00,  2.28423E+00,  1.91387E+00,  1.65287E+00,  1.46831E+00,  1.33734E+00,  1.24405E+00,  1.17734E+00,  1.12945E+00,  1.09491E+00,  1.06991E+00,  1.05173E+00,  1.03846E+00,  1.02872E+00,  1.02155E+00,  1.01624E+00,  1.01230E+00,  1.00935E+00,  1.00715E+00,  1.00548E+00,  1.00423E+00,  1.00327E+00,  1.00254E+00,  1.00199E+00,  1.00156E+00,  1.00123E+00,  1.00097E+00,  1.00077E+00,  1.00061E+00,  1.00049E+00,  1.00039E+00,  1.00032E+00,  1.00026E+00,  1.00021E+00,  1.00017E+00,  1.00014E+00,  1.00011E+00,  1.00009E+00,  1.00008E+00,  1.00006E+00,  1.00005E+00,  1.00004E+00,  1.00004E+00,  1.00003E+00
  1.00000E+00,  1.00001E+00,  1.00010E+00,  1.00068E+00,  1.00271E+00,  1.00780E+00,  1.01877E+00,  1.04146E+00,  1.08946E+00,  1.19561E+00,  1.44061E+00,  2.02381E+00,  3.43329E+00,  6.83241E+00,  1.48704E+01,  3.32033E+01,  7.29436E+01,  1.53810E+02,  3.06752E+02,  5.73560E+02,  1.00046E+03,  1.62428E+03,  2.45388E+03,  3.45395E+03,  4.54025E+03,  5.59142E+03,  6.47525E+03,  7.08021E+03,  7.34053E+03,  7.24703E+03,  6.84197E+03,  6.20266E+03,  5.42081E+03,  4.58423E+03,  3.76457E+03,  3.01191E+03,  2.35492E+03,  1.80445E+03,  1.35857E+03,  1.00746E+03,  7.37455E+02,  5.33930E+02,  3.83070E+02,  2.72811E+02,  1.93167E+02,  1.36192E+02,  9.57528E+01,  6.72319E+01,  4.72154E+01,  3.32196E+01,  2.34591E+01,  1.66638E+01,  1.19369E+01,  8.64899E+00,  6.36086E+00,  4.76668E+00,  3.65418E+00,  2.87622E+00,  2.33087E+00,  1.94751E+00,  1.67719E+00,  1.48596E+00,  1.35018E+00,  1.25343E+00,  1.18421E+00,  1.13450E+00,  1.09864E+00,  1.07268E+00,  1.05379E+00,  1.04000E+00,  1.02988E+00,  1.02242E+00,  1.01690E+00,  1.01280E+00,  1.00973E+00,  1.00744E+00,  1.00571E+00,  1.00440E+00,  1.00341E+00,  1.00265E+00,  1.00207E+00,  1.00162E+00,  1.00128E+00,  1.00101E+00,  1.00080E+00,  1.00064E+00,  1.00051E+00,  1.00041E+00,  1.00033E+00,  1.00027E+00,  1.00022E+00,  1.00018E+00,  1.00014E+00,  1.00012E+00,  1.00010E+00,  1.00008E+00,  1.00007E+00,  1.00006E+00,  1.00005E+00,  1.00004E+00,  1.00003E+00
  1.00000E+00,  1.00001E+00,  1.00010E+00,  1.00067E+00,  1.00266E+00,  1.00768E+00,  1.01848E+00,  1.04079E+00,  1.08787E+00,  1.19170E+00,  1.43068E+00,  1.99807E+00,  3.36622E+00,  6.65968E+00,  1.44380E+01,  3.21672E+01,  7.05985E+01,  1.48850E+02,  2.97027E+02,  5.55987E+02,  9.71297E+02,  1.57992E+03,  2.39206E+03,  3.37500E+03,  4.44778E+03,  5.49209E+03,  6.37754E+03,  6.99253E+03,  7.26953E+03,  7.19642E+03,  6.81229E+03,  6.19180E+03,  5.42495E+03,  4.59889E+03,  3.78544E+03,  3.03539E+03,  2.37835E+03,  1.82611E+03,  1.37753E+03,  1.02339E+03,  7.50407E+02,  5.44190E+02,  3.91027E+02,  2.78876E+02,  1.97723E+02,  1.39574E+02,  9.82405E+01,  6.90474E+01,  4.85323E+01,  3.41703E+01,  2.41432E+01,  1.71548E+01,  1.22887E+01,  8.90092E+00,  6.54126E+00,  4.89594E+00,  3.74690E+00,  2.94284E+00,  2.37883E+00,  1.98212E+00,  1.70224E+00,  1.50413E+00,  1.36341E+00,  1.26309E+00,  1.19130E+00,  1.13971E+00,  1.10249E+00,  1.07553E+00,  1.05592E+00,  1.04158E+00,  1.03107E+00,  1.02332E+00,  1.01758E+00,  1.01331E+00,  1.01013E+00,  1.00774E+00,  1.00594E+00,  1.00458E+00,  1.00355E+00,  1.00276E+00,  1.00215E+00,  1.00169E+00,  1.00133E+00,  1.00105E+00,  1.00083E+00,  1.00066E+00,  1.00053E+00,  1.00043E+00,  1.00034E+00,  1.00028E+00,  1.00023E+00,  1.00018E+00,  1.00015E+00,  1.00012E+00,  1.00010E+00,  1.00008E+00,  1.00007E+00,  1.00006E+00,  1.00005E+00,  1.00004E+00,  1.00003E+00
  1.00000E+00,  1.00001E+00,  1.00010E+00,  1.00066E+00,  1.00261E+00,  1.00755E+00,  1.01819E+00,  1.04013E+00,  1.08632E+00,  1.18790E+00,  1.42106E+00,  1.97319E+00,  3.30153E+00,  6.49334E+00,  1.40221E+01,  3.11710E+01,  6.83434E+01,  1.44076E+02,  2.87656E+02,  5.39023E+02,  9.43084E+02,  1.53689E+03,  2.33191E+03,  3.29791E+03,  4.35716E+03,  5.39437E+03,  6.28096E+03,  6.90542E+03,  7.19853E+03,  7.14534E+03,  6.78185E+03,  6.18006E+03,  5.42823E+03,  4.61281E+03,  3.80573E+03,  3.05845E+03,  2.40152E+03,  1.84763E+03,  1.39645E+03,  1.03933E+03,  7.63409E+02,  5.54516E+02,  3.99053E+02,  2.85005E+02,  2.02336E+02,  1.43005E+02,  1.00768E+02,  7.08945E+01,  4.98740E+01,  3.51402E+01,  2.48417E+01,  1.76567E+01,  1.26487E+01,  9.15897E+00,  6.72620E+00,  5.02856E+00,  3.84210E+00,  3.01129E+00,  2.42814E+00,  2.01772E+00,  1.72801E+00,  1.52284E+00,  1.37704E+00,  1.27305E+00,  1.19860E+00,  1.14509E+00,  1.10646E+00,  1.07848E+00,  1.05811E+00,  1.04322E+00,  1.03230E+00,  1.02424E+00,  1.01828E+00,  1.01385E+00,  1.01053E+00,  1.00805E+00,  1.00618E+00,  1.00476E+00,  1.00369E+00,  1.00287E+00,  1.00224E+00,  1.00176E+00,  1.00138E+00,  1.00109E+00,  1.00087E+00,  1.00069E+00,  1.00055E+00,  1.00044E+00,  1.00036E+00,  1.00029E+00,  1.00024E+00,  1.00019E+00,  1.00016E+00,  1.00013E+00,  1.00011E+00,  1.00009E+00,  1.00007E+00,  1.00006E+00,  1.00005E+00,  1.00004E+00,  1.00004E+00
  1.00000E+00,  1.00001E+00,  1.00009E+00,  1.00064E+00,  1.00257E+00,  1.00743E+00,  1.01791E+00,  1.03948E+00,  1.08480E+00,  1.18421E+00,  1.41173E+00,  1.94913E+00,  3.23910E+00,  6.33311E+00,  1.36218E+01,  3.02129E+01,  6.61742E+01,  1.39481E+02,  2.78624E+02,  5.22645E+02,  9.15784E+02,  1.49515E+03,  2.27338E+03,  3.22265E+03,  4.26837E+03,  5.29823E+03,  6.18553E+03,  6.81890E+03,  7.12756E+03,  7.09384E+03,  6.75068E+03,  6.16745E+03,  5.43066E+03,  4.62597E+03,  3.82542E+03,  3.08110E+03,  2.42442E+03,  1.86902E+03,  1.41531E+03,  1.05528E+03,  7.76457E+02,  5.64905E+02,  4.07146E+02,  2.91198E+02,  2.07006E+02,  1.46485E+02,  1.03335E+02,  7.27734E+01,  5.12405E+01,  3.61293E+01,  2.55550E+01,  1.81697E+01,  1.30170E+01,  9.42324E+00,  6.91576E+00,  5.16460E+00,  3.93983E+00,  3.08160E+00,  2.47882E+00,  2.05434E+00,  1.75454E+00,  1.54211E+00,  1.39108E+00,  1.28332E+00,  1.20613E+00,  1.15063E+00,  1.11056E+00,  1.08152E+00,  1.06037E+00,  1.04492E+00,  1.03357E+00,  1.02520E+00,  1.01901E+00,  1.01440E+00,  1.01096E+00,  1.00837E+00,  1.00643E+00,  1.00496E+00,  1.00384E+00,  1.00298E+00,  1.00233E+00,  1.00183E+00,  1.00144E+00,  1.00114E+00,  1.00090E+00,  1.00072E+00,  1.00058E+00,  1.00046E+00,  1.00037E+00,  1.00030E+00,  1.00024E+00,  1.00020E+00,  1.00016E+00,  1.00013E+00,  1.00011E+00,  1.00009E+00,  1.00008E+00,  1.00006E+00,  1.00005E+00,  1.00004E+00,  1.00004E+00
  1.00000E+00,  1.00001E+00,  1.00009E+00,  1.00063E+00,  1.00252E+00,  1.00731E+00,  1.01763E+00,  1.03885E+00,  1.08333E+00,  1.18062E+00,  1.40269E+00,  1.92586E+00,  3.17885E+00,  6.17872E+00,  1.32366E+01,  2.92913E+01,  6.40873E+01,  1.35058E+02,  2.69918E+02,  5.06830E+02,  8.89366E+02,  1.45465E+03,  2.21643E+03,  3.14918E+03,  4.18138E+03,  5.20366E+03,  6.09124E+03,  6.73298E+03,  7.05664E+03,  7.04194E+03,  6.71881E+03,  6.15400E+03,  5.43224E+03,  4.63839E+03,  3.84452E+03,  3.10332E+03,  2.44706E+03,  1.89025E+03,  1.43413E+03,  1.07125E+03,  7.89548E+02,  5.75355E+02,  4.15306E+02,  2.97455E+02,  2.11733E+02,  1.50012E+02,  1.05941E+02,  7.46840E+01,  5.26321E+01,  3.71377E+01,  2.62830E+01,  1.86939E+01,  1.33938E+01,  9.69380E+00,  7.11001E+00,  5.30411E+00,  4.04013E+00,  3.15381E+00,  2.53090E+00,  2.09199E+00,  1.78182E+00,  1.56194E+00,  1.40554E+00,  1.29389E+00,  1.21389E+00,  1.15635E+00,  1.11479E+00,  1.08465E+00,  1.06271E+00,  1.04666E+00,  1.03488E+00,  1.02619E+00,  1.01975E+00,  1.01497E+00,  1.01139E+00,  1.00871E+00,  1.00668E+00,  1.00515E+00,  1.00399E+00,  1.00310E+00,  1.00242E+00,  1.00190E+00,  1.00150E+00,  1.00118E+00,  1.00094E+00,  1.00075E+00,  1.00060E+00,  1.00048E+00,  1.00039E+00,  1.00031E+00,  1.00025E+00,  1.00021E+00,  1.00017E+00,  1.00014E+00,  1.00011E+00,  1.00009E+00,  1.00008E+00,  1.00006E+00,  1.00005E+00,  1.00005E+00,  1.00004E+00
  1.00000E+00,  1.00001E+00,  1.00009E+00,  1.00062E+00,  1.00248E+00,  1.00719E+00,  1.01736E+00,  1.03824E+00,  1.08189E+00,  1.17712E+00,  1.39392E+00,  1.90335E+00,  3.12069E+00,  6.02993E+00,  1.28658E+01,  2.84045E+01,  6.20792E+01,  1.30798E+02,  2.61525E+02,  4.91558E+02,  8.63799E+02,  1.41535E+03,  2.16100E+03,  3.07745E+03,  4.09615E+03,  5.11065E+03,  5.99810E+03,  6.64769E+03,  6.98581E+03,  6.98967E+03,  6.68626E+03,  6.13972E+03,  5.43299E+03,  4.65008E+03,  3.86304E+03,  3.12512E+03,  2.46942E+03,  1.91134E+03,  1.45289E+03,  1.08721E+03,  8.02680E+02,  5.85863E+02,  4.23529E+02,  3.03774E+02,  2.16516E+02,  1.53588E+02,  1.08588E+02,  7.66267E+01,  5.40488E+01,  3.81657E+01,  2.70260E+01,  1.92294E+01,  1.37791E+01,  9.97074E+00,  7.30900E+00,  5.44714E+00,  4.14304E+00,  3.22795E+00,  2.58441E+00,  2.13070E+00,  1.80989E+00,  1.58235E+00,  1.42043E+00,  1.30478E+00,  1.22189E+00,  1.16224E+00,  1.11914E+00,  1.08789E+00,  1.06512E+00,  1.04847E+00,  1.03623E+00,  1.02721E+00,  1.02053E+00,  1.01555E+00,  1.01184E+00,  1.00905E+00,  1.00695E+00,  1.00536E+00,  1.00415E+00,  1.00323E+00,  1.00252E+00,  1.00198E+00,  1.00156E+00,  1.00123E+00,  1.00098E+00,  1.00078E+00,  1.00062E+00,  1.00050E+00,  1.00040E+00,  1.00033E+00,  1.00026E+00,  1.00022E+00,  1.00018E+00,  1.00014E+00,  1.00012E+00,  1.00010E+00,  1.00008E+00,  1.00007E+00,  1.00006E+00,  1.00005E+00,  1.00004E+00
  1.00000E+00,  1.00001E+00,  1.00009E+00,  1.00060E+00,  1.00243E+00,  1.00708E+00,  1.01709E+00,  1.03763E+00,  1.08048E+00,  1.17373E+00,  1.38541E+00,  1.88156E+00,  3.06453E+00,  5.88649E+00,  1.25087E+01,  2.75510E+01,  6.01465E+01,  1.26696E+02,  2.53432E+02,  4.76807E+02,  8.39053E+02,  1.37722E+03,  2.10707E+03,  3.00744E+03,  4.01265E+03,  5.01918E+03,  5.90611E+03,  6.56303E+03,  6.91510E+03,  6.93707E+03,  6.65307E+03,  6.12464E+03,  5.43292E+03,  4.66103E+03,  3.88097E+03,  3.14649E+03,  2.49150E+03,  1.93228E+03,  1.47158E+03,  1.10318E+03,  8.15849E+02,  5.96429E+02,  4.31816E+02,  3.10154E+02,  2.21355E+02,  1.57212E+02,  1.11274E+02,  7.86013E+01,  5.54909E+01,  3.92133E+01,  2.77841E+01,  1.97764E+01,  1.41731E+01,  1.02541E+01,  7.51282E+00,  5.59376E+00,  4.24860E+00,  3.30405E+00,  2.63938E+00,  2.17048E+00,  1.83875E+00,  1.60335E+00,  1.43575E+00,  1.31600E+00,  1.23012E+00,  1.16831E+00,  1.12363E+00,  1.09122E+00,  1.06760E+00,  1.05033E+00,  1.03763E+00,  1.02826E+00,  1.02132E+00,  1.01616E+00,  1.01230E+00,  1.00940E+00,  1.00722E+00,  1.00557E+00,  1.00431E+00,  1.00335E+00,  1.00262E+00,  1.00205E+00,  1.00162E+00,  1.00128E+00,  1.00102E+00,  1.00081E+00,  1.00065E+00,  1.00052E+00,  1.00042E+00,  1.00034E+00,  1.00027E+00,  1.00022E+00,  1.00018E+00,  1.00015E+00,  1.00012E+00,  1.00010E+00,  1.00008E+00,  1.00007E+00,  1.00006E+00,  1.00005E+00,  1.00004E+00
  1.00000E+00,  1.00000E+00,  1.00008E+00,  1.00059E+00,  1.00239E+00,  1.00697E+00,  1.01683E+00,  1.03704E+00,  1.07911E+00,  1.17042E+00,  1.37715E+00,  1.86048E+00,  3.01029E+00,  5.74819E+00,  1.21648E+01,  2.67295E+01,  5.82859E+01,  1.22745E+02,  2.45628E+02,  4.62559E+02,  8.15099E+02,  1.34021E+03,  2.05459E+03,  2.93908E+03,  3.93086E+03,  4.92923E+03,  5.81527E+03,  6.47903E+03,  6.84451E+03,  6.88415E+03,  6.61924E+03,  6.10878E+03,  5.43205E+03,  4.67127E+03,  3.89831E+03,  3.16743E+03,  2.51330E+03,  1.95305E+03,  1.49020E+03,  1.11914E+03,  8.29053E+02,  6.07049E+02,  4.40165E+02,  3.16596E+02,  2.26249E+02,  1.60883E+02,  1.14000E+02,  8.06080E+01,  5.69583E+01,  4.02807E+01,  2.85574E+01,  2.03350E+01,  1.45758E+01,  1.05441E+01,  7.72153E+00,  5.74402E+00,  4.35686E+00,  3.38215E+00,  2.69582E+00,  2.21135E+00,  1.86842E+00,  1.62495E+00,  1.45151E+00,  1.32754E+00,  1.23861E+00,  1.17456E+00,  1.12826E+00,  1.09466E+00,  1.07017E+00,  1.05224E+00,  1.03907E+00,  1.02935E+00,  1.02215E+00,  1.01679E+00,  1.01278E+00,  1.00977E+00,  1.00750E+00,  1.00579E+00,  1.00448E+00,  1.00349E+00,  1.00272E+00,  1.00214E+00,  1.00168E+00,  1.00133E+00,  1.00106E+00,  1.00084E+00,  1.00067E+00,  1.00054E+00,  1.00044E+00,  1.00035E+00,  1.00029E+00,  1.00023E+00,  1.00019E+00,  1.00016E+00,  1.00013E+00,  1.00011E+00,  1.00009E+00,  1.00007E+00,  1.00006E+00,  1.00005E+00,  1.00004E+00
  1.00000E+00,  1.00000E+00,  1.00008E+00,  1.00058E+00,  1.00235E+00,  1.00686E+00,  1.01658E+00,  1.03647E+00,  1.07778E+00,  1.16720E+00,  1.36914E+00,  1.84006E+00,  2.95788E+00,  5.61479E+00,  1.18335E+01,  2.59384E+01,  5.64945E+01,  1.18938E+02,  2.38101E+02,  4.48794E+02,  7.91911E+02,  1.30431E+03,  2.00352E+03,  2.87236E+03,  3.85074E+03,  4.84080E+03,  5.72558E+03,  6.39569E+03,  6.77409E+03,  6.83095E+03,  6.58482E+03,  6.09215E+03,  5.43039E+03,  4.68078E+03,  3.91507E+03,  3.18793E+03,  2.53481E+03,  1.97366E+03,  1.50876E+03,  1.13509E+03,  8.42289E+02,  6.17722E+02,  4.48575E+02,  3.23098E+02,  2.31198E+02,  1.64602E+02,  1.16765E+02,  8.26468E+01,  5.84512E+01,  4.13680E+01,  2.93461E+01,  2.09053E+01,  1.49873E+01,  1.08407E+01,  7.93519E+00,  5.89797E+00,  4.46786E+00,  3.46229E+00,  2.75377E+00,  2.25334E+00,  1.89892E+00,  1.64716E+00,  1.46773E+00,  1.33943E+00,  1.24734E+00,  1.18101E+00,  1.13303E+00,  1.09820E+00,  1.07281E+00,  1.05422E+00,  1.04056E+00,  1.03047E+00,  1.02300E+00,  1.01743E+00,  1.01327E+00,  1.01015E+00,  1.00779E+00,  1.00601E+00,  1.00466E+00,  1.00362E+00,  1.00283E+00,  1.00222E+00,  1.00175E+00,  1.00138E+00,  1.00110E+00,  1.00087E+00,  1.00070E+00,  1.00056E+00,  1.00045E+00,  1.00037E+00,  1.00030E+00,  1.00024E+00,  1.00020E+00,  1.00016E+00,  1.00013E+00,  1.00011E+00,  1.00009E+00,  1.00008E+00,  1.00006E+00,  1.00005E+00,  1.00004E+00
  1.00000E+00,  1.00000E+00,  1.00008E+00,  1.00057E+00,  1.00230E+00,  1.00675E+00,  1.01633E+00,  1.03590E+00,  1.07647E+00,  1.16407E+00,  1.36136E+00,  1.82029E+00,  2.90724E+00,  5.48611E+00,  1.15142E+01,  2.51766E+01,  5.47693E+01,  1.15269E+02,  2.30840E+02,  4.35495E+02,  7.69462E+02,  1.26946E+03,  1.95382E+03,  2.80722E+03,  3.77227E+03,  4.75385E+03,  5.63704E+03,  6.31303E+03,  6.70384E+03,  6.77749E+03,  6.54983E+03,  6.07479E+03,  5.42795E+03,  4.68959E+03,  3.93125E+03,  3.20801E+03,  2.55603E+03,  1.99410E+03,  1.52723E+03,  1.15103E+03,  8.55553E+02,  6.28445E+02,  4.57043E+02,  3.29658E+02,  2.36201E+02,  1.68368E+02,  1.19570E+02,  8.47179E+01,  5.99698E+01,  4.24753E+01,  3.01502E+01,  2.14874E+01,  1.54077E+01,  1.11440E+01,  8.15389E+00,  6.05566E+00,  4.58165E+00,  3.54449E+00,  2.81325E+00,  2.29646E+00,  1.93026E+00,  1.66999E+00,  1.48442E+00,  1.35166E+00,  1.25634E+00,  1.18764E+00,  1.13795E+00,  1.10185E+00,  1.07553E+00,  1.05626E+00,  1.04209E+00,  1.03163E+00,  1.02388E+00,  1.01810E+00,  1.01378E+00,  1.01054E+00,  1.00810E+00,  1.00624E+00,  1.00484E+00,  1.00376E+00,  1.00294E+00,  1.00231E+00,  1.00182E+00,  1.00144E+00,  1.00114E+00,  1.00091E+00,  1.00073E+00,  1.00058E+00,  1.00047E+00,  1.00038E+00,  1.00031E+00,  1.00025E+00,  1.00021E+00,  1.00017E+00,  1.00014E+00,  1.00011E+00,  1.00009E+00,  1.00008E+00,  1.00007E+00,  1.00005E+00,  1.00005E+00
  1.00000E+00,  1.00000E+00,  1.00008E+00,  1.00055E+00,  1.00226E+00,  1.00664E+00,  1.01608E+00,  1.03535E+00,  1.07520E+00,  1.16102E+00,  1.35381E+00,  1.80115E+00,  2.85830E+00,  5.36193E+00,  1.12065E+01,  2.44429E+01,  5.31075E+01,  1.11734E+02,  2.23834E+02,  4.22643E+02,  7.47725E+02,  1.23564E+03,  1.90545E+03,  2.74364E+03,  3.69541E+03,  4.66837E+03,  5.54964E+03,  6.23106E+03,  6.63380E+03,  6.72380E+03,  6.51429E+03,  6.05670E+03,  5.42475E+03,  4.69769E+03,  3.94684E+03,  3.22764E+03,  2.57696E+03,  2.01436E+03,  1.54563E+03,  1.16696E+03,  8.68843E+02,  6.39217E+02,  4.65569E+02,  3.36277E+02,  2.41258E+02,  1.72181E+02,  1.22414E+02,  8.68212E+01,  6.15141E+01,  4.36029E+01,  3.09698E+01,  2.20813E+01,  1.58372E+01,  1.14541E+01,  8.37768E+00,  6.21716E+00,  4.69827E+00,  3.62880E+00,  2.87429E+00,  2.34075E+00,  1.96246E+00,  1.69346E+00,  1.50158E+00,  1.36424E+00,  1.26559E+00,  1.19448E+00,  1.14301E+00,  1.10562E+00,  1.07834E+00,  1.05837E+00,  1.04367E+00,  1.03283E+00,  1.02478E+00,  1.01879E+00,  1.01431E+00,  1.01094E+00,  1.00841E+00,  1.00648E+00,  1.00502E+00,  1.00391E+00,  1.00305E+00,  1.00239E+00,  1.00189E+00,  1.00149E+00,  1.00118E+00,  1.00094E+00,  1.00075E+00,  1.00061E+00,  1.00049E+00,  1.00039E+00,  1.00032E+00,  1.00026E+00,  1.00021E+00,  1.00017E+00,  1.00014E+00,  1.00012E+00,  1.00010E+00,  1.00008E+00,  1.00007E+00,  1.00006E+00,  1.00005E+00
  1.00000E+00,  1.00000E+00,  1.00008E+00,  1.00054E+00,  1.00222E+00,  1.00654E+00,  1.01584E+00,  1.03481E+00,  1.07396E+00,  1.15806E+00,  1.34647E+00,  1.78260E+00,  2.81098E+00,  5.24208E+00,  1.09098E+01,  2.37359E+01,  5.15064E+01,  1.08326E+02,  2.17074E+02,  4.10223E+02,  7.26677E+02,  1.20281E+03,  1.85838E+03,  2.68157E+03,  3.62013E+03,  4.58436E+03,  5.46338E+03,  6.14980E+03,  6.56398E+03,  6.66990E+03,  6.47823E+03,  6.03791E+03,  5.42080E+03,  4.70510E+03,  3.96185E+03,  3.24684E+03,  2.59758E+03,  2.03445E+03,  1.56394E+03,  1.18286E+03,  8.82156E+02,  6.50034E+02,  4.74151E+02,  3.42953E+02,  2.46368E+02,  1.76041E+02,  1.25298E+02,  8.89568E+01,  6.30842E+01,  4.47507E+01,  3.18052E+01,  2.26874E+01,  1.62758E+01,  1.17712E+01,  8.60663E+00,  6.38252E+00,  4.81776E+00,  3.71524E+00,  2.93692E+00,  2.38621E+00,  1.99553E+00,  1.71759E+00,  1.51922E+00,  1.37718E+00,  1.27512E+00,  1.20151E+00,  1.14822E+00,  1.10949E+00,  1.08123E+00,  1.06053E+00,  1.04530E+00,  1.03406E+00,  1.02571E+00,  1.01950E+00,  1.01485E+00,  1.01136E+00,  1.00873E+00,  1.00673E+00,  1.00522E+00,  1.00406E+00,  1.00317E+00,  1.00249E+00,  1.00196E+00,  1.00155E+00,  1.00123E+00,  1.00098E+00,  1.00078E+00,  1.00063E+00,  1.00051E+00,  1.00041E+00,  1.00033E+00,  1.00027E+00,  1.00022E+00,  1.00018E+00,  1.00015E+00,  1.00012E+00,  1.00010E+00,  1.00008E+00,  1.00007E+00,  1.00006E+00,  1.00005E+00
  1.00000E+00,  1.00000E+00,  1.00007E+00,  1.00053E+00,  1.00219E+00,  1.00644E+00,  1.01561E+00,  1.03428E+00,  1.07275E+00,  1.15517E+00,  1.33935E+00,  1.76462E+00,  2.76522E+00,  5.12638E+00,  1.06238E+01,  2.30546E+01,  4.99636E+01,  1.05041E+02,  2.10550E+02,  3.98219E+02,  7.06294E+02,  1.17095E+03,  1.81256E+03,  2.62099E+03,  3.54641E+03,  4.50178E+03,  5.37826E+03,  6.06924E+03,  6.49441E+03,  6.61582E+03,  6.44166E+03,  6.01844E+03,  5.41612E+03,  4.71182E+03,  3.97629E+03,  3.26560E+03,  2.61791E+03,  2.05435E+03,  1.58216E+03,  1.19875E+03,  8.95489E+02,  6.60896E+02,  4.82788E+02,  3.49686E+02,  2.51531E+02,  1.79948E+02,  1.28222E+02,  9.11247E+01,  6.46802E+01,  4.59188E+01,  3.26564E+01,  2.33055E+01,  1.67237E+01,  1.20951E+01,  8.84082E+00,  6.55180E+00,  4.94018E+00,  3.80386E+00,  3.00116E+00,  2.43287E+00,  2.02950E+00,  1.74237E+00,  1.53736E+00,  1.39049E+00,  1.28492E+00,  1.20875E+00,  1.15359E+00,  1.11348E+00,  1.08421E+00,  1.06277E+00,  1.04698E+00,  1.03533E+00,  1.02667E+00,  1.02023E+00,  1.01541E+00,  1.01179E+00,  1.00906E+00,  1.00699E+00,  1.00541E+00,  1.00421E+00,  1.00329E+00,  1.00258E+00,  1.00203E+00,  1.00161E+00,  1.00128E+00,  1.00102E+00,  1.00081E+00,  1.00065E+00,  1.00053E+00,  1.00043E+00,  1.00035E+00,  1.00028E+00,  1.00023E+00,  1.00019E+00,  1.00015E+00,  1.00013E+00,  1.00011E+00,  1.00009E+00,  1.00007E+00,  1.00006E+00,  1.00005E+00
  1.00000E+00,  1.00000E+00,  1.00007E+00,  1.00052E+00,  1.00215E+00,  1.00634E+00,  1.01537E+00,  1.03376E+00,  1.07156E+00,  1.15235E+00,  1.33242E+00,  1.74720E+00,  2.72096E+00,  5.01466E+00,  1.03479E+01,  2.23979E+01,  4.84767E+01,  1.01872E+02,  2.04253E+02,  3.86615E+02,  6.86553E+02,  1.14001E+03,  1.76797E+03,  2.56184E+03,  3.47421E+03,  4.42061E+03,  5.29428E+03,  5.98941E+03,  6.42510E+03,  6.56158E+03,  6.40462E+03,  5.99830E+03,  5.41071E+03,  4.71786E+03,  3.99016E+03,  3.28392E+03,  2.63793E+03,  2.07407E+03,  1.60029E+03,  1.21460E+03,  9.08840E+02,  6.71800E+02,  4.91478E+02,  3.56474E+02,  2.56747E+02,  1.83901E+02,  1.31184E+02,  9.33250E+01,  6.63022E+01,  4.71075E+01,  3.35236E+01,  2.39359E+01,  1.71809E+01,  1.24262E+01,  9.08032E+00,  6.72504E+00,  5.06555E+00,  3.89468E+00,  3.06704E+00,  2.48075E+00,  2.06437E+00,  1.76783E+00,  1.55600E+00,  1.40418E+00,  1.29500E+00,  1.21620E+00,  1.15911E+00,  1.11759E+00,  1.08728E+00,  1.06507E+00,  1.04872E+00,  1.03663E+00,  1.02767E+00,  1.02099E+00,  1.01599E+00,  1.01223E+00,  1.00940E+00,  1.00725E+00,  1.00562E+00,  1.00437E+00,  1.00342E+00,  1.00268E+00,  1.00211E+00,  1.00167E+00,  1.00132E+00,  1.00106E+00,  1.00084E+00,  1.00068E+00,  1.00055E+00,  1.00044E+00,  1.00036E+00,  1.00029E+00,  1.00024E+00,  1.00020E+00,  1.00016E+00,  1.00013E+00,  1.00011E+00,  1.00009E+00,  1.00008E+00,  1.00006E+00,  1.00005E+00
  1.00000E+00,  1.00000E+00,  1.00007E+00,  1.00051E+00,  1.00211E+00,  1.00624E+00,  1.01515E+00,  1.03326E+00,  1.07040E+00,  1.14961E+00,  1.32570E+00,  1.73031E+00,  2.67815E+00,  4.90675E+00,  1.00818E+01,  2.17648E+01,  4.70433E+01,  9.88170E+01,  1.98174E+02,  3.75397E+02,  6.67432E+02,  1.10999E+03,  1.72457E+03,  2.50411E+03,  3.40350E+03,  4.34086E+03,  5.21143E+03,  5.91031E+03,  6.35606E+03,  6.50721E+03,  6.36713E+03,  5.97752E+03,  5.40460E+03,  4.72322E+03,  4.00345E+03,  3.30180E+03,  2.65765E+03,  2.09359E+03,  1.61832E+03,  1.23043E+03,  9.22204E+02,  6.82744E+02,  5.00220E+02,  3.63316E+02,  2.62014E+02,  1.87900E+02,  1.34186E+02,  9.55576E+01,  6.79503E+01,  4.83168E+01,  3.44068E+01,  2.45787E+01,  1.76475E+01,  1.27643E+01,  9.32518E+00,  6.90231E+00,  5.19394E+00,  3.98774E+00,  3.13460E+00,  2.52987E+00,  2.10016E+00,  1.79398E+00,  1.57515E+00,  1.41825E+00,  1.30536E+00,  1.22386E+00,  1.16479E+00,  1.12182E+00,  1.09044E+00,  1.06744E+00,  1.05050E+00,  1.03798E+00,  1.02869E+00,  1.02176E+00,  1.01658E+00,  1.01269E+00,  1.00975E+00,  1.00752E+00,  1.00583E+00,  1.00454E+00,  1.00354E+00,  1.00278E+00,  1.00219E+00,  1.00173E+00,  1.00137E+00,  1.00110E+00,  1.00088E+00,  1.00070E+00,  1.00057E+00,  1.00046E+00,  1.00037E+00,  1.00030E+00,  1.00025E+00,  1.00020E+00,  1.00017E+00,  1.00014E+00,  1.00011E+00,  1.00009E+00,  1.00008E+00,  1.00007E+00,  1.00006E+00
  1.00000E+00,  1.00000E+00,  1.00007E+00,  1.00050E+00,  1.00207E+00,  1.00614E+00,  1.01493E+00,  1.03276E+00,  1.06927E+00,  1.14693E+00,  1.31916E+00,  1.71393E+00,  2.63671E+00,  4.80251E+00,  9.82494E+00,  2.11543E+01,  4.56612E+01,  9.58697E+01,  1.92304E+02,  3.64550E+02,  6.48910E+02,  1.08084E+03,  1.68233E+03,  2.44776E+03,  3.33427E+03,  4.26248E+03,  5.12970E+03,  5.83195E+03,  6.28733E+03,  6.45273E+03,  6.32920E+03,  5.95611E+03,  5.39779E+03,  4.72793E+03,  4.01617E+03,  3.31923E+03,  2.67705E+03,  2.11293E+03,  1.63625E+03,  1.24622E+03,  9.35579E+02,  6.93725E+02,  5.09011E+02,  3.70212E+02,  2.67332E+02,  1.91945E+02,  1.37227E+02,  9.78227E+01,  6.96245E+01,  4.95468E+01,  3.53061E+01,  2.52339E+01,  1.81236E+01,  1.31097E+01,  9.57548E+00,  7.08366E+00,  5.32538E+00,  4.08309E+00,  3.20385E+00,  2.58026E+00,  2.13690E+00,  1.82083E+00,  1.59482E+00,  1.43270E+00,  1.31602E+00,  1.23174E+00,  1.17064E+00,  1.12618E+00,  1.09370E+00,  1.06988E+00,  1.05234E+00,  1.03937E+00,  1.02974E+00,  1.02257E+00,  1.01719E+00,  1.01316E+00,  1.01011E+00,  1.00780E+00,  1.00605E+00,  1.00471E+00,  1.00368E+00,  1.00288E+00,  1.00227E+00,  1.00180E+00,  1.00143E+00,  1.00114E+00,  1.00091E+00,  1.00073E+00,  1.00059E+00,  1.00048E+00,  1.00039E+00,  1.00031E+00,  1.00026E+00,  1.00021E+00,  1.00017E+00,  1.00014E+00,  1.00012E+00,  1.00010E+00,  1.00008E+00,  1.00007E+00,  1.00006E+00
  1.00000E+00,  1.00000E+00,  1.00007E+00,  1.00049E+00,  1.00204E+00,  1.00605E+00,  1.01471E+00,  1.03227E+00,  1.06817E+00,  1.14433E+00,  1.31280E+00,  1.69805E+00,  2.59661E+00,  4.70179E+00,  9.57709E+00,  2.05655E+01,  4.43284E+01,  9.30263E+01,  1.86636E+02,  3.54060E+02,  6.30966E+02,  1.05253E+03,  1.64121E+03,  2.39275E+03,  3.26647E+03,  4.18548E+03,  5.04910E+03,  5.75433E+03,  6.21891E+03,  6.39815E+03,  6.29087E+03,  5.93410E+03,  5.39030E+03,  4.73197E+03,  4.02833E+03,  3.33623E+03,  2.69614E+03,  2.13206E+03,  1.65408E+03,  1.26198E+03,  9.48963E+02,  7.04741E+02,  5.17852E+02,  3.77161E+02,  2.72701E+02,  1.96035E+02,  1.40307E+02,  1.00120E+02,  7.13249E+01,  5.07976E+01,  3.62217E+01,  2.59017E+01,  1.86093E+01,  1.34624E+01,  9.83128E+00,  7.26914E+00,  5.45991E+00,  4.18074E+00,  3.27483E+00,  2.63193E+00,  2.17460E+00,  1.84839E+00,  1.61503E+00,  1.44756E+00,  1.32697E+00,  1.23984E+00,  1.17666E+00,  1.13066E+00,  1.09705E+00,  1.07239E+00,  1.05423E+00,  1.04080E+00,  1.03083E+00,  1.02339E+00,  1.01783E+00,  1.01364E+00,  1.01049E+00,  1.00809E+00,  1.00627E+00,  1.00488E+00,  1.00381E+00,  1.00299E+00,  1.00236E+00,  1.00186E+00,  1.00148E+00,  1.00118E+00,  1.00094E+00,  1.00076E+00,  1.00061E+00,  1.00049E+00,  1.00040E+00,  1.00033E+00,  1.00027E+00,  1.00022E+00,  1.00018E+00,  1.00015E+00,  1.00012E+00,  1.00010E+00,  1.00008E+00,  1.00007E+00,  1.00006E+00
  1.00000E+00,  1.00000E+00,  1.00007E+00,  1.00048E+00,  1.00200E+00,  1.00595E+00,  1.01449E+00,  1.03180E+00,  1.06709E+00,  1.14179E+00,  1.30662E+00,  1.68263E+00,  2.55779E+00,  4.60444E+00,  9.33783E+00,  1.99975E+01,  4.30429E+01,  9.02826E+01,  1.81162E+02,  3.43916E+02,  6.13580E+02,  1.02505E+03,  1.60118E+03,  2.33906E+03,  3.20009E+03,  4.10982E+03,  4.96960E+03,  5.67747E+03,  6.15082E+03,  6.34351E+03,  6.25215E+03,  5.91151E+03,  5.38214E+03,  4.73537E+03,  4.03992E+03,  3.35278E+03,  2.71491E+03,  2.15099E+03,  1.67179E+03,  1.27770E+03,  9.62353E+02,  7.15791E+02,  5.26739E+02,  3.84161E+02,  2.78119E+02,  2.00170E+02,  1.43426E+02,  1.02450E+02,  7.30516E+01,  5.20693E+01,  3.71537E+01,  2.65821E+01,  1.91047E+01,  1.38224E+01,  1.00927E+01,  7.45882E+00,  5.59759E+00,  4.28075E+00,  3.34756E+00,  2.68492E+00,  2.21327E+00,  1.87668E+00,  1.63578E+00,  1.46282E+00,  1.33823E+00,  1.24818E+00,  1.18284E+00,  1.13527E+00,  1.10049E+00,  1.07498E+00,  1.05618E+00,  1.04227E+00,  1.03194E+00,  1.02424E+00,  1.01848E+00,  1.01414E+00,  1.01087E+00,  1.00839E+00,  1.00650E+00,  1.00506E+00,  1.00395E+00,  1.00310E+00,  1.00244E+00,  1.00193E+00,  1.00153E+00,  1.00122E+00,  1.00098E+00,  1.00078E+00,  1.00063E+00,  1.00051E+00,  1.00041E+00,  1.00034E+00,  1.00028E+00,  1.00023E+00,  1.00019E+00,  1.00015E+00,  1.00013E+00,  1.00011E+00,  1.00009E+00,  1.00007E+00,  1.00006E+00
  1.00000E+00,  1.00000E+00,  1.00006E+00,  1.00047E+00,  1.00197E+00,  1.00586E+00,  1.01428E+00,  1.03133E+00,  1.06603E+00,  1.13931E+00,  1.30061E+00,  1.66768E+00,  2.52019E+00,  4.51033E+00,  9.10682E+00,  1.94495E+01,  4.18027E+01,  8.76346E+01,  1.75874E+02,  3.34104E+02,  5.96735E+02,  9.98363E+02,  1.56222E+03,  2.28664E+03,  3.13509E+03,  4.03548E+03,  4.89122E+03,  5.60136E+03,  6.08308E+03,  6.28881E+03,  6.21306E+03,  5.88834E+03,  5.37333E+03,  4.73813E+03,  4.05096E+03,  3.36889E+03,  2.73336E+03,  2.16972E+03,  1.68939E+03,  1.29337E+03,  9.75745E+02,  7.26872E+02,  5.35672E+02,  3.91211E+02,  2.83587E+02,  2.04350E+02,  1.46584E+02,  1.04812E+02,  7.48046E+01,  5.33620E+01,  3.81022E+01,  2.72753E+01,  1.96100E+01,  1.41899E+01,  1.03597E+01,  7.65275E+00,  5.73845E+00,  4.38314E+00,  3.42208E+00,  2.73923E+00,  2.25293E+00,  1.90571E+00,  1.65708E+00,  1.47850E+00,  1.34980E+00,  1.25674E+00,  1.18920E+00,  1.14001E+00,  1.10404E+00,  1.07764E+00,  1.05818E+00,  1.04379E+00,  1.03310E+00,  1.02512E+00,  1.01915E+00,  1.01466E+00,  1.01127E+00,  1.00870E+00,  1.00674E+00,  1.00525E+00,  1.00410E+00,  1.00322E+00,  1.00253E+00,  1.00200E+00,  1.00159E+00,  1.00127E+00,  1.00101E+00,  1.00081E+00,  1.00066E+00,  1.00053E+00,  1.00043E+00,  1.00035E+00,  1.00029E+00,  1.00023E+00,  1.00019E+00,  1.00016E+00,  1.00013E+00,  1.00011E+00,  1.00009E+00,  1.00008E+00,  1.00006E+00
  1.00000E+00,  1.00000E+00,  1.00006E+00,  1.00046E+00,  1.00193E+00,  1.00577E+00,  1.01408E+00,  1.03087E+00,  1.06500E+00,  1.13690E+00,  1.29476E+00,  1.65317E+00,  2.48378E+00,  4.41933E+00,  8.88372E+00,  1.89206E+01,  4.06060E+01,  8.50786E+01,  1.70766E+02,  3.24612E+02,  5.80411E+02,  9.72448E+02,  1.52429E+03,  2.23547E+03,  3.07145E+03,  3.96246E+03,  4.81393E+03,  5.52601E+03,  6.01569E+03,  6.23409E+03,  6.17363E+03,  5.86463E+03,  5.36388E+03,  4.74026E+03,  4.06145E+03,  3.38456E+03,  2.75150E+03,  2.18824E+03,  1.70688E+03,  1.30899E+03,  9.89138E+02,  7.37981E+02,  5.44649E+02,  3.98311E+02,  2.89104E+02,  2.08575E+02,  1.49780E+02,  1.07206E+02,  7.65840E+01,  5.46758E+01,  3.90672E+01,  2.79814E+01,  2.01251E+01,  1.45649E+01,  1.06324E+01,  7.85097E+00,  5.88254E+00,  4.48795E+00,  3.49840E+00,  2.79489E+00,  2.29361E+00,  1.93550E+00,  1.67895E+00,  1.49459E+00,  1.36169E+00,  1.26554E+00,  1.19574E+00,  1.14489E+00,  1.10769E+00,  1.08038E+00,  1.06025E+00,  1.04535E+00,  1.03428E+00,  1.02602E+00,  1.01984E+00,  1.01519E+00,  1.01168E+00,  1.00901E+00,  1.00699E+00,  1.00544E+00,  1.00425E+00,  1.00333E+00,  1.00263E+00,  1.00208E+00,  1.00165E+00,  1.00131E+00,  1.00105E+00,  1.00084E+00,  1.00068E+00,  1.00055E+00,  1.00045E+00,  1.00036E+00,  1.00030E+00,  1.00024E+00,  1.00020E+00,  1.00017E+00,  1.00014E+00,  1.00011E+00,  1.00009E+00,  1.00008E+00,  1.00007E+00
  1.00000E+00,  1.00000E+00,  1.00006E+00,  1.00045E+00,  1.00190E+00,  1.00569E+00,  1.01388E+00,  1.03043E+00,  1.06399E+00,  1.13454E+00,  1.28907E+00,  1.63908E+00,  2.44851E+00,  4.33133E+00,  8.66822E+00,  1.84101E+01,  3.94510E+01,  8.26111E+01,  1.65830E+02,  3.15429E+02,  5.64591E+02,  9.47281E+02,  1.48737E+03,  2.18553E+03,  3.00914E+03,  3.89073E+03,  4.73774E+03,  5.45143E+03,  5.94868E+03,  6.17935E+03,  6.13388E+03,  5.84038E+03,  5.35381E+03,  4.74177E+03,  4.07138E+03,  3.39979E+03,  2.76931E+03,  2.20654E+03,  1.72425E+03,  1.32457E+03,  1.00253E+03,  7.49118E+02,  5.53669E+02,  4.05459E+02,  2.94669E+02,  2.12843E+02,  1.53015E+02,  1.09633E+02,  7.83898E+01,  5.60107E+01,  4.00489E+01,  2.87004E+01,  2.06501E+01,  1.49476E+01,  1.09109E+01,  8.05356E+00,  6.02991E+00,  4.59522E+00,  3.57656E+00,  2.85193E+00,  2.33531E+00,  1.96605E+00,  1.70139E+00,  1.51112E+00,  1.37389E+00,  1.27459E+00,  1.20247E+00,  1.14990E+00,  1.11144E+00,  1.08320E+00,  1.06237E+00,  1.04696E+00,  1.03550E+00,  1.02695E+00,  1.02055E+00,  1.01574E+00,  1.01210E+00,  1.00934E+00,  1.00724E+00,  1.00564E+00,  1.00441E+00,  1.00346E+00,  1.00272E+00,  1.00215E+00,  1.00171E+00,  1.00136E+00,  1.00109E+00,  1.00087E+00,  1.00070E+00,  1.00057E+00,  1.00046E+00,  1.00038E+00,  1.00031E+00,  1.00025E+00,  1.00021E+00,  1.00017E+00,  1.00014E+00,  1.00012E+00,  1.00010E+00,  1.00008E+00,  1.00007E+00
  1.00000E+00,  1.00000E+00,  1.00006E+00,  1.00044E+00,  1.00187E+00,  1.00560E+00,  1.01368E+00,  1.02999E+00,  1.06300E+00,  1.13225E+00,  1.28353E+00,  1.62541E+00,  2.41434E+00,  4.24621E+00,  8.46002E+00,  1.79172E+01,  3.83363E+01,  8.02285E+01,  1.61060E+02,  3.06543E+02,  5.49257E+02,  9.22838E+02,  1.45142E+03,  2.13678E+03,  2.94814E+03,  3.82028E+03,  4.66264E+03,  5.37761E+03,  5.88206E+03,  6.12462E+03,  6.09382E+03,  5.81563E+03,  5.34312E+03,  4.74266E+03,  4.08077E+03,  3.41458E+03,  2.78680E+03,  2.22463E+03,  1.74149E+03,  1.34009E+03,  1.01591E+03,  7.60279E+02,  5.62729E+02,  4.12654E+02,  3.00280E+02,  2.17155E+02,  1.56288E+02,  1.12092E+02,  8.02220E+01,  5.73669E+01,  4.10473E+01,  2.94325E+01,  2.11853E+01,  1.53379E+01,  1.11952E+01,  8.26055E+00,  6.18060E+00,  4.70498E+00,  3.65659E+00,  2.91037E+00,  2.37806E+00,  1.99739E+00,  1.72442E+00,  1.52809E+00,  1.38643E+00,  1.28388E+00,  1.20938E+00,  1.15505E+00,  1.11530E+00,  1.08609E+00,  1.06456E+00,  1.04861E+00,  1.03676E+00,  1.02791E+00,  1.02128E+00,  1.01630E+00,  1.01253E+00,  1.00968E+00,  1.00750E+00,  1.00584E+00,  1.00456E+00,  1.00358E+00,  1.00282E+00,  1.00223E+00,  1.00177E+00,  1.00141E+00,  1.00113E+00,  1.00091E+00,  1.00073E+00,  1.00059E+00,  1.00048E+00,  1.00039E+00,  1.00032E+00,  1.00026E+00,  1.00021E+00,  1.00018E+00,  1.00015E+00,  1.00012E+00,  1.00010E+00,  1.00008E+00,  1.00007E+00
  1.00000E+00,  1.00000E+00,  1.00006E+00,  1.00043E+00,  1.00184E+00,  1.00551E+00,  1.01348E+00,  1.02956E+00,  1.06204E+00,  1.13000E+00,  1.27814E+00,  1.61212E+00,  2.38122E+00,  4.16385E+00,  8.25882E+00,  1.74412E+01,  3.72600E+01,  7.79275E+01,  1.56450E+02,  2.97944E+02,  5.34394E+02,  8.99097E+02,  1.41643E+03,  2.08918E+03,  2.88841E+03,  3.75108E+03,  4.58861E+03,  5.30457E+03,  5.81583E+03,  6.06992E+03,  6.05348E+03,  5.79037E+03,  5.33184E+03,  4.74295E+03,  4.08961E+03,  3.42892E+03,  2.80396E+03,  2.24251E+03,  1.75860E+03,  1.35555E+03,  1.02929E+03,  7.71462E+02,  5.71829E+02,  4.19895E+02,  3.05939E+02,  2.21511E+02,  1.59599E+02,  1.14583E+02,  8.20808E+01,  5.87443E+01,  4.20626E+01,  3.01777E+01,  2.17305E+01,  1.57360E+01,  1.14855E+01,  8.47202E+00,  6.33466E+00,  4.81727E+00,  3.73852E+00,  2.97022E+00,  2.42186E+00,  2.02952E+00,  1.74804E+00,  1.54550E+00,  1.39930E+00,  1.29342E+00,  1.21647E+00,  1.16035E+00,  1.11927E+00,  1.08907E+00,  1.06680E+00,  1.05031E+00,  1.03805E+00,  1.02890E+00,  1.02204E+00,  1.01688E+00,  1.01298E+00,  1.01002E+00,  1.00777E+00,  1.00605E+00,  1.00473E+00,  1.00371E+00,  1.00292E+00,  1.00231E+00,  1.00184E+00,  1.00146E+00,  1.00117E+00,  1.00094E+00,  1.00076E+00,  1.00061E+00,  1.00050E+00,  1.00040E+00,  1.00033E+00,  1.00027E+00,  1.00022E+00,  1.00018E+00,  1.00015E+00,  1.00013E+00,  1.00010E+00,  1.00009E+00,  1.00007E+00
  1.00000E+00,  1.00000E+00,  1.00006E+00,  1.00042E+00,  1.00181E+00,  1.00543E+00,  1.01329E+00,  1.02914E+00,  1.06109E+00,  1.12782E+00,  1.27290E+00,  1.59922E+00,  2.34911E+00,  4.08414E+00,  8.06435E+00,  1.69816E+01,  3.62207E+01,  7.57050E+01,  1.51994E+02,  2.89622E+02,  5.19986E+02,  8.76036E+02,  1.38235E+03,  2.04273E+03,  2.82994E+03,  3.68312E+03,  4.51565E+03,  5.23231E+03,  5.75002E+03,  6.01526E+03,  6.01287E+03,  5.76464E+03,  5.31997E+03,  4.74265E+03,  4.09792E+03,  3.44283E+03,  2.82079E+03,  2.26016E+03,  1.77559E+03,  1.37095E+03,  1.04265E+03,  7.82666E+02,  5.80966E+02,  4.27182E+02,  3.11644E+02,  2.25909E+02,  1.62947E+02,  1.17107E+02,  8.39660E+01,  6.01431E+01,  4.30948E+01,  3.09362E+01,  2.22861E+01,  1.61420E+01,  1.17817E+01,  8.68800E+00,  6.49213E+00,  4.93212E+00,  3.82237E+00,  3.03152E+00,  2.46675E+00,  2.06246E+00,  1.77227E+00,  1.56337E+00,  1.41252E+00,  1.30322E+00,  1.22377E+00,  1.16579E+00,  1.12334E+00,  1.09214E+00,  1.06912E+00,  1.05206E+00,  1.03938E+00,  1.02991E+00,  1.02282E+00,  1.01747E+00,  1.01344E+00,  1.01038E+00,  1.00805E+00,  1.00627E+00,  1.00490E+00,  1.00384E+00,  1.00303E+00,  1.00239E+00,  1.00190E+00,  1.00152E+00,  1.00121E+00,  1.00097E+00,  1.00078E+00,  1.00063E+00,  1.00051E+00,  1.00042E+00,  1.00034E+00,  1.00028E+00,  1.00023E+00,  1.00019E+00,  1.00016E+00,  1.00013E+00,  1.00011E+00,  1.00009E+00,  1.00008E+00
  1.00000E+00,  1.00000E+00,  1.00006E+00,  1.00042E+00,  1.00178E+00,  1.00535E+00,  1.01311E+00,  1.02872E+00,  1.06017E+00,  1.12568E+00,  1.26779E+00,  1.58669E+00,  2.31798E+00,  4.00700E+00,  7.87635E+00,  1.65375E+01,  3.52170E+01,  7.35579E+01,  1.47685E+02,  2.81567E+02,  5.06017E+02,  8.53634E+02,  1.34918E+03,  1.99737E+03,  2.77270E+03,  3.61637E+03,  4.44375E+03,  5.16082E+03,  5.68462E+03,  5.96067E+03,  5.97202E+03,  5.73844E+03,  5.30753E+03,  4.74175E+03,  4.10570E+03,  3.45630E+03,  2.83730E+03,  2.27759E+03,  1.79244E+03,  1.38629E+03,  1.05600E+03,  7.93888E+02,  5.90139E+02,  4.34512E+02,  3.17393E+02,  2.30350E+02,  1.66334E+02,  1.19662E+02,  8.58777E+01,  6.15633E+01,  4.41441E+01,  3.17080E+01,  2.28519E+01,  1.65558E+01,  1.20840E+01,  8.90856E+00,  6.65305E+00,  5.04958E+00,  3.90817E+00,  3.09428E+00,  2.51274E+00,  2.09623E+00,  1.79712E+00,  1.58170E+00,  1.42608E+00,  1.31328E+00,  1.23126E+00,  1.17139E+00,  1.12753E+00,  1.09529E+00,  1.07149E+00,  1.05386E+00,  1.04075E+00,  1.03096E+00,  1.02361E+00,  1.01809E+00,  1.01391E+00,  1.01075E+00,  1.00833E+00,  1.00649E+00,  1.00507E+00,  1.00398E+00,  1.00314E+00,  1.00248E+00,  1.00197E+00,  1.00157E+00,  1.00126E+00,  1.00101E+00,  1.00081E+00,  1.00066E+00,  1.00053E+00,  1.00043E+00,  1.00035E+00,  1.00029E+00,  1.00024E+00,  1.00020E+00,  1.00016E+00,  1.00014E+00,  1.00011E+00,  1.00009E+00,  1.00008E+00
  1.00000E+00,  1.00000E+00,  1.00005E+00,  1.00041E+00,  1.00175E+00,  1.00527E+00,  1.01292E+00,  1.02832E+00,  1.05927E+00,  1.12360E+00,  1.26281E+00,  1.57451E+00,  2.28780E+00,  3.93231E+00,  7.69457E+00,  1.61084E+01,  3.42474E+01,  7.14834E+01,  1.43520E+02,  2.73769E+02,  4.92473E+02,  8.31872E+02,  1.31687E+03,  1.95310E+03,  2.71666E+03,  3.55083E+03,  4.37290E+03,  5.09010E+03,  5.61966E+03,  5.90614E+03,  5.93093E+03,  5.71181E+03,  5.29454E+03,  4.74029E+03,  4.11294E+03,  3.46933E+03,  2.85347E+03,  2.29479E+03,  1.80916E+03,  1.40157E+03,  1.06934E+03,  8.05126E+02,  5.99347E+02,  4.41886E+02,  3.23188E+02,  2.34833E+02,  1.69758E+02,  1.22249E+02,  8.78159E+01,  6.30051E+01,  4.52104E+01,  3.24931E+01,  2.34281E+01,  1.69777E+01,  1.23923E+01,  9.13375E+00,  6.81747E+00,  5.16967E+00,  3.99596E+00,  3.15854E+00,  2.55985E+00,  2.13083E+00,  1.82259E+00,  1.60050E+00,  1.43999E+00,  1.32361E+00,  1.23895E+00,  1.17713E+00,  1.13184E+00,  1.09853E+00,  1.07394E+00,  1.05571E+00,  1.04216E+00,  1.03203E+00,  1.02444E+00,  1.01872E+00,  1.01440E+00,  1.01112E+00,  1.00863E+00,  1.00672E+00,  1.00525E+00,  1.00412E+00,  1.00325E+00,  1.00257E+00,  1.00204E+00,  1.00162E+00,  1.00130E+00,  1.00104E+00,  1.00084E+00,  1.00068E+00,  1.00055E+00,  1.00045E+00,  1.00037E+00,  1.00030E+00,  1.00025E+00,  1.00020E+00,  1.00017E+00,  1.00014E+00,  1.00012E+00,  1.00010E+00,  1.00008E+00
  1.00000E+00,  1.00000E+00,  1.00005E+00,  1.00040E+00,  1.00172E+00,  1.00519E+00,  1.01274E+00,  1.02792E+00,  1.05838E+00,  1.12156E+00,  1.25797E+00,  1.56268E+00,  2.25852E+00,  3.85999E+00,  7.51876E+00,  1.56938E+01,  3.33107E+01,  6.94786E+01,  1.39491E+02,  2.66219E+02,  4.79340E+02,  8.10728E+02,  1.28542E+03,  1.90988E+03,  2.66179E+03,  3.48646E+03,  4.30309E+03,  5.02017E+03,  5.55514E+03,  5.85171E+03,  5.88964E+03,  5.68474E+03,  5.28100E+03,  4.73825E+03,  4.11967E+03,  3.48192E+03,  2.86931E+03,  2.31177E+03,  1.82574E+03,  1.41677E+03,  1.08265E+03,  8.16377E+02,  6.08588E+02,  4.49301E+02,  3.29026E+02,  2.39357E+02,  1.73219E+02,  1.24869E+02,  8.97807E+01,  6.44683E+01,  4.62939E+01,  3.32918E+01,  2.40148E+01,  1.74076E+01,  1.27068E+01,  9.36363E+00,  6.98543E+00,  5.29243E+00,  4.08575E+00,  3.22430E+00,  2.60808E+00,  2.16628E+00,  1.84870E+00,  1.61978E+00,  1.45427E+00,  1.33422E+00,  1.24684E+00,  1.18303E+00,  1.13626E+00,  1.10186E+00,  1.07645E+00,  1.05762E+00,  1.04360E+00,  1.03313E+00,  1.02528E+00,  1.01937E+00,  1.01490E+00,  1.01151E+00,  1.00893E+00,  1.00695E+00,  1.00544E+00,  1.00427E+00,  1.00336E+00,  1.00266E+00,  1.00211E+00,  1.00168E+00,  1.00135E+00,  1.00108E+00,  1.00087E+00,  1.00070E+00,  1.00057E+00,  1.00046E+00,  1.00038E+00,  1.00031E+00,  1.00026E+00,  1.00021E+00,  1.00017E+00,  1.00014E+00,  1.00012E+00,  1.00010E+00,  1.00008E+00
  1.00000E+00,  1.00000E+00,  1.00005E+00,  1.00039E+00,  1.00169E+00,  1.00512E+00,  1.01256E+00,  1.02753E+00,  1.05752E+00,  1.11957E+00,  1.25324E+00,  1.55117E+00,  2.23012E+00,  3.78994E+00,  7.34870E+00,  1.52930E+01,  3.24055E+01,  6.75410E+01,  1.35595E+02,  2.58909E+02,  4.66603E+02,  7.90184E+02,  1.25479E+03,  1.86769E+03,  2.60809E+03,  3.42326E+03,  4.23432E+03,  4.95102E+03,  5.49106E+03,  5.79739E+03,  5.84815E+03,  5.65727E+03,  5.26693E+03,  4.73565E+03,  4.12587E+03,  3.49409E+03,  2.88483E+03,  2.32851E+03,  1.84217E+03,  1.43190E+03,  1.09594E+03,  8.27641E+02,  6.17860E+02,  4.56757E+02,  3.34907E+02,  2.43923E+02,  1.76717E+02,  1.27520E+02,  9.17720E+01,  6.59532E+01,  4.73946E+01,  3.41041E+01,  2.46121E+01,  1.78457E+01,  1.30276E+01,  9.59824E+00,  7.15699E+00,  5.41791E+00,  4.17759E+00,  3.29159E+00,  2.65747E+00,  2.20260E+00,  1.87547E+00,  1.63956E+00,  1.46891E+00,  1.34509E+00,  1.25495E+00,  1.18909E+00,  1.14081E+00,  1.10528E+00,  1.07903E+00,  1.05957E+00,  1.04509E+00,  1.03427E+00,  1.02615E+00,  1.02004E+00,  1.01542E+00,  1.01191E+00,  1.00924E+00,  1.00720E+00,  1.00563E+00,  1.00442E+00,  1.00348E+00,  1.00275E+00,  1.00219E+00,  1.00174E+00,  1.00139E+00,  1.00112E+00,  1.00090E+00,  1.00073E+00,  1.00059E+00,  1.00048E+00,  1.00039E+00,  1.00032E+00,  1.00026E+00,  1.00022E+00,  1.00018E+00,  1.00015E+00,  1.00012E+00,  1.00010E+00,  1.00009E+00
  1.00000E+00,  1.00000E+00,  1.00005E+00,  1.00038E+00,  1.00166E+00,  1.00504E+00,  1.01239E+00,  1.02715E+00,  1.05667E+00,  1.11763E+00,  1.24864E+00,  1.53998E+00,  2.20256E+00,  3.72209E+00,  7.18417E+00,  1.49055E+01,  3.15307E+01,  6.56680E+01,  1.31826E+02,  2.51830E+02,  4.54251E+02,  7.70222E+02,  1.22496E+03,  1.82650E+03,  2.55552E+03,  3.36121E+03,  4.16657E+03,  4.88265E+03,  5.42745E+03,  5.74319E+03,  5.80649E+03,  5.62940E+03,  5.25234E+03,  4.73250E+03,  4.13157E+03,  3.50581E+03,  2.90000E+03,  2.34502E+03,  1.85846E+03,  1.44696E+03,  1.10921E+03,  8.38914E+02,  6.27162E+02,  4.64253E+02,  3.40830E+02,  2.48530E+02,  1.80252E+02,  1.30203E+02,  9.37899E+01,  6.74596E+01,  4.85127E+01,  3.49300E+01,  2.52200E+01,  1.82920E+01,  1.33546E+01,  9.83765E+00,  7.33217E+00,  5.54612E+00,  4.27149E+00,  3.36045E+00,  2.70804E+00,  2.23979E+00,  1.90289E+00,  1.65982E+00,  1.48393E+00,  1.35626E+00,  1.26327E+00,  1.19531E+00,  1.14547E+00,  1.10879E+00,  1.08168E+00,  1.06158E+00,  1.04662E+00,  1.03544E+00,  1.02705E+00,  1.02073E+00,  1.01595E+00,  1.01232E+00,  1.00956E+00,  1.00744E+00,  1.00582E+00,  1.00457E+00,  1.00360E+00,  1.00285E+00,  1.00226E+00,  1.00180E+00,  1.00144E+00,  1.00116E+00,  1.00093E+00,  1.00075E+00,  1.00061E+00,  1.00050E+00,  1.00041E+00,  1.00033E+00,  1.00027E+00,  1.00023E+00,  1.00019E+00,  1.00016E+00,  1.00013E+00,  1.00011E+00,  1.00009E+00
  1.00000E+00,  1.00000E+00,  1.00005E+00,  1.00038E+00,  1.00163E+00,  1.00497E+00,  1.01222E+00,  1.02677E+00,  1.05584E+00,  1.11573E+00,  1.24416E+00,  1.52911E+00,  2.17581E+00,  3.65634E+00,  7.02494E+00,  1.45309E+01,  3.06851E+01,  6.38571E+01,  1.28180E+02,  2.44973E+02,  4.42269E+02,  7.50824E+02,  1.19591E+03,  1.78629E+03,  2.50405E+03,  3.30028E+03,  4.09983E+03,  4.81505E+03,  5.36430E+03,  5.68912E+03,  5.76466E+03,  5.60115E+03,  5.23726E+03,  4.72882E+03,  4.13675E+03,  3.51711E+03,  2.91485E+03,  2.36130E+03,  1.87460E+03,  1.46193E+03,  1.12245E+03,  8.50194E+02,  6.36491E+02,  4.71787E+02,  3.46795E+02,  2.53176E+02,  1.83823E+02,  1.32917E+02,  9.58342E+01,  6.89878E+01,  4.96481E+01,  3.57696E+01,  2.58386E+01,  1.87465E+01,  1.36880E+01,  1.00819E+01,  7.51104E+00,  5.67712E+00,  4.36750E+00,  3.43088E+00,  2.75979E+00,  2.27789E+00,  1.93099E+00,  1.68060E+00,  1.49934E+00,  1.36771E+00,  1.27180E+00,  1.20170E+00,  1.15026E+00,  1.11239E+00,  1.08441E+00,  1.06365E+00,  1.04819E+00,  1.03664E+00,  1.02797E+00,  1.02144E+00,  1.01650E+00,  1.01275E+00,  1.00989E+00,  1.00770E+00,  1.00602E+00,  1.00473E+00,  1.00373E+00,  1.00295E+00,  1.00234E+00,  1.00186E+00,  1.00149E+00,  1.00120E+00,  1.00096E+00,  1.00078E+00,  1.00063E+00,  1.00052E+00,  1.00042E+00,  1.00034E+00,  1.00028E+00,  1.00023E+00,  1.00019E+00,  1.00016E+00,  1.00013E+00,  1.00011E+00,  1.00009E+00
  1.00000E+00,  1.00000E+00,  1.00005E+00,  1.00037E+00,  1.00160E+00,  1.00489E+00,  1.01205E+00,  1.02641E+00,  1.05503E+00,  1.11388E+00,  1.23979E+00,  1.51853E+00,  2.14985E+00,  3.59263E+00,  6.87084E+00,  1.41685E+01,  2.98675E+01,  6.21060E+01,  1.24651E+02,  2.38332E+02,  4.30647E+02,  7.31973E+02,  1.16763E+03,  1.74704E+03,  2.45367E+03,  3.24046E+03,  4.03409E+03,  4.74823E+03,  5.30163E+03,  5.63520E+03,  5.72269E+03,  5.57254E+03,  5.22167E+03,  4.72460E+03,  4.14143E+03,  3.52798E+03,  2.92936E+03,  2.37733E+03,  1.89059E+03,  1.47683E+03,  1.13567E+03,  8.61480E+02,  6.45848E+02,  4.79358E+02,  3.52801E+02,  2.57863E+02,  1.87431E+02,  1.35663E+02,  9.79050E+01,  7.05377E+01,  5.08010E+01,  3.66230E+01,  2.64680E+01,  1.92094E+01,  1.40278E+01,  1.03310E+01,  7.69363E+00,  5.81094E+00,  4.46563E+00,  3.50292E+00,  2.81274E+00,  2.31689E+00,  1.95977E+00,  1.70189E+00,  1.51513E+00,  1.37945E+00,  1.28056E+00,  1.20825E+00,  1.15518E+00,  1.11610E+00,  1.08721E+00,  1.06577E+00,  1.04981E+00,  1.03787E+00,  1.02891E+00,  1.02216E+00,  1.01706E+00,  1.01318E+00,  1.01023E+00,  1.00797E+00,  1.00623E+00,  1.00489E+00,  1.00385E+00,  1.00305E+00,  1.00242E+00,  1.00193E+00,  1.00154E+00,  1.00124E+00,  1.00100E+00,  1.00081E+00,  1.00065E+00,  1.00053E+00,  1.00044E+00,  1.00036E+00,  1.00029E+00,  1.00024E+00,  1.00020E+00,  1.00017E+00,  1.00014E+00,  1.00012E+00,  1.00010E+00
  1.00000E+00,  1.00000E+00,  1.00005E+00,  1.00036E+00,  1.00158E+00,  1.00482E+00,  1.01188E+00,  1.02604E+00,  1.05423E+00,  1.11207E+00,  1.23553E+00,  1.50823E+00,  2.12464E+00,  3.53087E+00,  6.72165E+00,  1.38180E+01,  2.90769E+01,  6.04124E+01,  1.21237E+02,  2.31898E+02,  4.19371E+02,  7.13652E+02,  1.14007E+03,  1.70871E+03,  2.40436E+03,  3.18173E+03,  3.96935E+03,  4.68219E+03,  5.23944E+03,  5.58144E+03,  5.68060E+03,  5.54358E+03,  5.20562E+03,  4.71986E+03,  4.14562E+03,  3.53842E+03,  2.94354E+03,  2.39313E+03,  1.90642E+03,  1.49164E+03,  1.14885E+03,  8.72769E+02,  6.55229E+02,  4.86965E+02,  3.58847E+02,  2.62589E+02,  1.91075E+02,  1.38440E+02,  1.00002E+02,  7.21093E+01,  5.19714E+01,  3.74904E+01,  2.71083E+01,  1.96808E+01,  1.43741E+01,  1.05851E+01,  7.87998E+00,  5.94761E+00,  4.56592E+00,  3.57658E+00,  2.86693E+00,  2.35681E+00,  1.98925E+00,  1.72371E+00,  1.53131E+00,  1.39149E+00,  1.28955E+00,  1.21497E+00,  1.16023E+00,  1.11990E+00,  1.09008E+00,  1.06795E+00,  1.05147E+00,  1.03914E+00,  1.02988E+00,  1.02291E+00,  1.01763E+00,  1.01363E+00,  1.01057E+00,  1.00824E+00,  1.00644E+00,  1.00506E+00,  1.00399E+00,  1.00315E+00,  1.00250E+00,  1.00200E+00,  1.00160E+00,  1.00128E+00,  1.00103E+00,  1.00083E+00,  1.00068E+00,  1.00055E+00,  1.00045E+00,  1.00037E+00,  1.00030E+00,  1.00025E+00,  1.00021E+00,  1.00017E+00,  1.00014E+00,  1.00012E+00,  1.00010E+00
  1.00000E+00,  1.00000E+00,  1.00005E+00,  1.00035E+00,  1.00155E+00,  1.00475E+00,  1.01172E+00,  1.02569E+00,  1.05345E+00,  1.11030E+00,  1.23137E+00,  1.49822E+00,  2.10016E+00,  3.47101E+00,  6.57720E+00,  1.34790E+01,  2.83123E+01,  5.87743E+01,  1.17933E+02,  2.25665E+02,  4.08431E+02,  6.95844E+02,  1.11324E+03,  1.67129E+03,  2.35608E+03,  3.12408E+03,  3.90559E+03,  4.61693E+03,  5.17774E+03,  5.52786E+03,  5.63839E+03,  5.51429E+03,  5.18909E+03,  4.71461E+03,  4.14931E+03,  3.54844E+03,  2.95738E+03,  2.40869E+03,  1.92210E+03,  1.50637E+03,  1.16199E+03,  8.84059E+02,  6.64633E+02,  4.94607E+02,  3.64932E+02,  2.67354E+02,  1.94754E+02,  1.41249E+02,  1.02126E+02,  7.37027E+01,  5.31594E+01,  3.83716E+01,  2.77595E+01,  2.01606E+01,  1.47269E+01,  1.08443E+01,  8.07014E+00,  6.08717E+00,  4.66840E+00,  3.65190E+00,  2.92236E+00,  2.39767E+00,  2.01944E+00,  1.74605E+00,  1.54790E+00,  1.40383E+00,  1.29876E+00,  1.22187E+00,  1.16541E+00,  1.12381E+00,  1.09303E+00,  1.07019E+00,  1.05317E+00,  1.04044E+00,  1.03088E+00,  1.02368E+00,  1.01823E+00,  1.01409E+00,  1.01093E+00,  1.00852E+00,  1.00666E+00,  1.00523E+00,  1.00412E+00,  1.00326E+00,  1.00259E+00,  1.00206E+00,  1.00165E+00,  1.00133E+00,  1.00107E+00,  1.00086E+00,  1.00070E+00,  1.00057E+00,  1.00047E+00,  1.00038E+00,  1.00031E+00,  1.00026E+00,  1.00021E+00,  1.00018E+00,  1.00015E+00,  1.00012E+00,  1.00010E+00
  1.00000E+00,  1.00000E+00,  1.00004E+00,  1.00035E+00,  1.00153E+00,  1.00468E+00,  1.01156E+00,  1.02534E+00,  1.05269E+00,  1.10857E+00,  1.22732E+00,  1.48848E+00,  2.07639E+00,  3.41295E+00,  6.43731E+00,  1.31509E+01,  2.75727E+01,  5.71895E+01,  1.14734E+02,  2.19625E+02,  3.97816E+02,  6.78535E+02,  1.08710E+03,  1.63476E+03,  2.30883E+03,  3.06748E+03,  3.84281E+03,  4.55244E+03,  5.11653E+03,  5.47446E+03,  5.59608E+03,  5.48469E+03,  5.17212E+03,  4.70885E+03,  4.15252E+03,  3.55804E+03,  2.97089E+03,  2.42401E+03,  1.93763E+03,  1.52100E+03,  1.17510E+03,  8.95349E+02,  6.74059E+02,  5.02282E+02,  3.71056E+02,  2.72157E+02,  1.98469E+02,  1.44089E+02,  1.04276E+02,  7.53178E+01,  5.43649E+01,  3.92669E+01,  2.84218E+01,  2.06490E+01,  1.50863E+01,  1.11084E+01,  8.26416E+00,  6.22966E+00,  4.77309E+00,  3.72889E+00,  2.97905E+00,  2.43949E+00,  2.05034E+00,  1.76894E+00,  1.56490E+00,  1.41649E+00,  1.30821E+00,  1.22895E+00,  1.17073E+00,  1.12781E+00,  1.09606E+00,  1.07249E+00,  1.05492E+00,  1.04178E+00,  1.03191E+00,  1.02447E+00,  1.01884E+00,  1.01456E+00,  1.01130E+00,  1.00880E+00,  1.00689E+00,  1.00541E+00,  1.00426E+00,  1.00337E+00,  1.00268E+00,  1.00213E+00,  1.00171E+00,  1.00137E+00,  1.00110E+00,  1.00089E+00,  1.00072E+00,  1.00059E+00,  1.00048E+00,  1.00039E+00,  1.00032E+00,  1.00027E+00,  1.00022E+00,  1.00018E+00,  1.00015E+00,  1.00013E+00,  1.00011E+00
  1.00000E+00,  1.00000E+00,  1.00004E+00,  1.00034E+00,  1.00150E+00,  1.00461E+00,  1.01141E+00,  1.02500E+00,  1.05194E+00,  1.10688E+00,  1.22337E+00,  1.47899E+00,  2.05329E+00,  3.35665E+00,  6.30181E+00,  1.28333E+01,  2.68571E+01,  5.56562E+01,  1.11637E+02,  2.13772E+02,  3.87515E+02,  6.61709E+02,  1.06164E+03,  1.59910E+03,  2.26258E+03,  3.01193E+03,  3.78098E+03,  4.48872E+03,  5.05582E+03,  5.42126E+03,  5.55369E+03,  5.45478E+03,  5.15471E+03,  4.70260E+03,  4.15525E+03,  3.56722E+03,  2.98406E+03,  2.43908E+03,  1.95299E+03,  1.53555E+03,  1.18817E+03,  9.06636E+02,  6.83506E+02,  5.09991E+02,  3.77217E+02,  2.76998E+02,  2.02219E+02,  1.46960E+02,  1.06453E+02,  7.69548E+01,  5.55882E+01,  4.01763E+01,  2.90951E+01,  2.11460E+01,  1.54524E+01,  1.13777E+01,  8.46208E+00,  6.37511E+00,  4.88002E+00,  3.80758E+00,  3.03702E+00,  2.48227E+00,  2.08197E+00,  1.79239E+00,  1.58231E+00,  1.42946E+00,  1.31790E+00,  1.23621E+00,  1.17618E+00,  1.13193E+00,  1.09918E+00,  1.07485E+00,  1.05672E+00,  1.04315E+00,  1.03296E+00,  1.02528E+00,  1.01947E+00,  1.01505E+00,  1.01168E+00,  1.00910E+00,  1.00712E+00,  1.00559E+00,  1.00440E+00,  1.00349E+00,  1.00277E+00,  1.00221E+00,  1.00176E+00,  1.00142E+00,  1.00114E+00,  1.00092E+00,  1.00075E+00,  1.00061E+00,  1.00050E+00,  1.00041E+00,  1.00034E+00,  1.00028E+00,  1.00023E+00,  1.00019E+00,  1.00016E+00,  1.00013E+00,  1.00011E+00
  1.00000E+00,  1.00000E+00,  1.00004E+00,  1.00033E+00,  1.00148E+00,  1.00455E+00,  1.01125E+00,  1.02467E+00,  1.05121E+00,  1.10523E+00,  1.21951E+00,  1.46976E+00,  2.03085E+00,  3.30204E+00,  6.17054E+00,  1.25259E+01,  2.61647E+01,  5.41723E+01,  1.08639E+02,  2.08099E+02,  3.77518E+02,  6.45352E+02,  1.03684E+03,  1.56427E+03,  2.21730E+03,  2.95739E+03,  3.72011E+03,  4.42576E+03,  4.99561E+03,  5.36827E+03,  5.51124E+03,  5.42458E+03,  5.13687E+03,  4.69587E+03,  4.15751E+03,  3.57598E+03,  2.99690E+03,  2.45390E+03,  1.96818E+03,  1.55000E+03,  1.20120E+03,  9.17917E+02,  6.92970E+02,  5.17730E+02,  3.83415E+02,  2.81876E+02,  2.06003E+02,  1.49861E+02,  1.08655E+02,  7.86136E+01,  5.68292E+01,  4.10998E+01,  2.97796E+01,  2.16517E+01,  1.58252E+01,  1.16521E+01,  8.66393E+00,  6.52356E+00,  4.98923E+00,  3.88799E+00,  3.09630E+00,  2.52604E+00,  2.11435E+00,  1.81639E+00,  1.60015E+00,  1.44275E+00,  1.32783E+00,  1.24365E+00,  1.18178E+00,  1.13614E+00,  1.10237E+00,  1.07728E+00,  1.05857E+00,  1.04456E+00,  1.03405E+00,  1.02611E+00,  1.02011E+00,  1.01555E+00,  1.01207E+00,  1.00940E+00,  1.00736E+00,  1.00578E+00,  1.00455E+00,  1.00360E+00,  1.00286E+00,  1.00228E+00,  1.00182E+00,  1.00146E+00,  1.00118E+00,  1.00095E+00,  1.00077E+00,  1.00063E+00,  1.00051E+00,  1.00042E+00,  1.00035E+00,  1.00029E+00,  1.00024E+00,  1.00020E+00,  1.00016E+00,  1.00014E+00,  1.00011E+00
  1.00000E+00,  1.00000E+00,  1.00004E+00,  1.00033E+00,  1.00145E+00,  1.00448E+00,  1.01110E+00,  1.02434E+00,  1.05049E+00,  1.10361E+00,  1.21575E+00,  1.46077E+00,  2.00905E+00,  3.24905E+00,  6.04334E+00,  1.22283E+01,  2.54946E+01,  5.27360E+01,  1.05735E+02,  2.02601E+02,  3.67814E+02,  6.29448E+02,  1.01267E+03,  1.53027E+03,  2.17298E+03,  2.90386E+03,  3.66017E+03,  4.36357E+03,  4.93591E+03,  5.31549E+03,  5.46872E+03,  5.39411E+03,  5.11861E+03,  4.68866E+03,  4.15929E+03,  3.58432E+03,  3.00940E+03,  2.46848E+03,  1.98322E+03,  1.56435E+03,  1.21418E+03,  9.29192E+02,  7.02452E+02,  5.25500E+02,  3.89649E+02,  2.86791E+02,  2.09823E+02,  1.52794E+02,  1.10885E+02,  8.02943E+01,  5.80879E+01,  4.20376E+01,  3.04752E+01,  2.21662E+01,  1.62048E+01,  1.19318E+01,  8.86978E+00,  6.67505E+00,  5.10075E+00,  3.97014E+00,  3.15690E+00,  2.57080E+00,  2.14748E+00,  1.84096E+00,  1.61841E+00,  1.45637E+00,  1.33801E+00,  1.25128E+00,  1.18752E+00,  1.14047E+00,  1.10564E+00,  1.07976E+00,  1.06046E+00,  1.04601E+00,  1.03516E+00,  1.02697E+00,  1.02077E+00,  1.01606E+00,  1.01247E+00,  1.00971E+00,  1.00760E+00,  1.00597E+00,  1.00470E+00,  1.00372E+00,  1.00296E+00,  1.00236E+00,  1.00189E+00,  1.00151E+00,  1.00122E+00,  1.00099E+00,  1.00080E+00,  1.00065E+00,  1.00053E+00,  1.00044E+00,  1.00036E+00,  1.00030E+00,  1.00024E+00,  1.00020E+00,  1.00017E+00,  1.00014E+00,  1.00012E+00
  1.00000E+00,  1.00000E+00,  1.00004E+00,  1.00032E+00,  1.00143E+00,  1.00442E+00,  1.01095E+00,  1.02401E+00,  1.04979E+00,  1.10203E+00,  1.21208E+00,  1.45201E+00,  1.98785E+00,  3.19764E+00,  5.92006E+00,  1.19401E+01,  2.48460E+01,  5.13458E+01,  1.02923E+02,  1.97270E+02,  3.58395E+02,  6.13986E+02,  9.89135E+02,  1.49707E+03,  2.12960E+03,  2.85132E+03,  3.60117E+03,  4.30215E+03,  4.87673E+03,  5.26295E+03,  5.42617E+03,  5.36338E+03,  5.09995E+03,  4.68099E+03,  4.16062E+03,  3.59226E+03,  3.02157E+03,  2.48281E+03,  1.99808E+03,  1.57861E+03,  1.22712E+03,  9.40458E+02,  7.11948E+02,  5.33299E+02,  3.95918E+02,  2.91742E+02,  2.13676E+02,  1.55756E+02,  1.13140E+02,  8.19968E+01,  5.93645E+01,  4.29896E+01,  3.11822E+01,  2.26895E+01,  1.65912E+01,  1.22167E+01,  9.07965E+00,  6.82960E+00,  5.21460E+00,  4.05406E+00,  3.21883E+00,  2.61658E+00,  2.18138E+00,  1.86611E+00,  1.63712E+00,  1.47032E+00,  1.34844E+00,  1.25910E+00,  1.19340E+00,  1.14491E+00,  1.10900E+00,  1.08232E+00,  1.06241E+00,  1.04750E+00,  1.03630E+00,  1.02785E+00,  1.02145E+00,  1.01659E+00,  1.01288E+00,  1.01004E+00,  1.00785E+00,  1.00617E+00,  1.00486E+00,  1.00385E+00,  1.00305E+00,  1.00243E+00,  1.00195E+00,  1.00156E+00,  1.00126E+00,  1.00102E+00,  1.00083E+00,  1.00067E+00,  1.00055E+00,  1.00045E+00,  1.00037E+00,  1.00031E+00,  1.00025E+00,  1.00021E+00,  1.00017E+00,  1.00015E+00,  1.00012E+00
  1.00000E+00,  1.00000E+00,  1.00004E+00,  1.00031E+00,  1.00140E+00,  1.00435E+00,  1.01081E+00,  1.02370E+00,  1.04910E+00,  1.10048E+00,  1.20849E+00,  1.44348E+00,  1.96725E+00,  3.14774E+00,  5.80057E+00,  1.16610E+01,  2.42180E+01,  4.99997E+01,  1.00199E+02,  1.92102E+02,  3.49252E+02,  5.98950E+02,  9.66203E+02,  1.46466E+03,  2.08713E+03,  2.79975E+03,  3.54308E+03,  4.24148E+03,  4.81806E+03,  5.21064E+03,  5.38358E+03,  5.33240E+03,  5.08091E+03,  4.67286E+03,  4.16149E+03,  3.59978E+03,  3.03341E+03,  2.49689E+03,  2.01278E+03,  1.59276E+03,  1.24001E+03,  9.51713E+02,  7.21459E+02,  5.41126E+02,  4.02221E+02,  2.96729E+02,  2.17563E+02,  1.58750E+02,  1.15421E+02,  8.37211E+01,  6.06589E+01,  4.39560E+01,  3.19005E+01,  2.32217E+01,  1.69846E+01,  1.25069E+01,  9.29359E+00,  6.98726E+00,  5.33081E+00,  4.13978E+00,  3.28212E+00,  2.66338E+00,  2.21605E+00,  1.89185E+00,  1.65627E+00,  1.48460E+00,  1.35912E+00,  1.26712E+00,  1.19943E+00,  1.14946E+00,  1.11245E+00,  1.08494E+00,  1.06440E+00,  1.04903E+00,  1.03747E+00,  1.02875E+00,  1.02215E+00,  1.01713E+00,  1.01330E+00,  1.01036E+00,  1.00811E+00,  1.00637E+00,  1.00502E+00,  1.00397E+00,  1.00316E+00,  1.00252E+00,  1.00201E+00,  1.00162E+00,  1.00130E+00,  1.00105E+00,  1.00085E+00,  1.00069E+00,  1.00057E+00,  1.00046E+00,  1.00038E+00,  1.00032E+00,  1.00026E+00,  1.00022E+00,  1.00018E+00,  1.00015E+00,  1.00013E+00
  1.00000E+00,  1.00000E+00,  1.00004E+00,  1.00031E+00,  1.00138E+00,  1.00429E+00,  1.01066E+00,  1.02339E+00,  1.04842E+00,  1.09897E+00,  1.20499E+00,  1.43518E+00,  1.94722E+00,  3.09930E+00,  5.68473E+00,  1.13907E+01,  2.36100E+01,  4.86964E+01,  9.75597E+01,  1.87091E+02,  3.40375E+02,  5.84329E+02,  9.43859E+02,  1.43300E+03,  2.04557E+03,  2.74913E+03,  3.48590E+03,  4.18157E+03,  4.75992E+03,  5.15859E+03,  5.34098E+03,  5.30119E+03,  5.06148E+03,  4.66428E+03,  4.16190E+03,  3.60690E+03,  3.04491E+03,  2.51072E+03,  2.02730E+03,  1.60681E+03,  1.25285E+03,  9.62955E+02,  7.30981E+02,  5.48979E+02,  4.08558E+02,  3.01750E+02,  2.21484E+02,  1.61773E+02,  1.17729E+02,  8.54672E+01,  6.19712E+01,  4.49367E+01,  3.26303E+01,  2.37628E+01,  1.73848E+01,  1.28025E+01,  9.51165E+00,  7.14807E+00,  5.44941E+00,  4.22731E+00,  3.34679E+00,  2.71123E+00,  2.25151E+00,  1.91819E+00,  1.67588E+00,  1.49923E+00,  1.37007E+00,  1.27533E+00,  1.20561E+00,  1.15413E+00,  1.11599E+00,  1.08762E+00,  1.06645E+00,  1.05060E+00,  1.03868E+00,  1.02968E+00,  1.02287E+00,  1.01768E+00,  1.01373E+00,  1.01070E+00,  1.00837E+00,  1.00658E+00,  1.00519E+00,  1.00410E+00,  1.00326E+00,  1.00260E+00,  1.00208E+00,  1.00167E+00,  1.00134E+00,  1.00109E+00,  1.00088E+00,  1.00072E+00,  1.00059E+00,  1.00048E+00,  1.00039E+00,  1.00033E+00,  1.00027E+00,  1.00022E+00,  1.00019E+00,  1.00016E+00,  1.00013E+00
  1.00000E+00,  1.00000E+00,  1.00004E+00,  1.00030E+00,  1.00136E+00,  1.00423E+00,  1.01052E+00,  1.02308E+00,  1.04776E+00,  1.09749E+00,  1.20158E+00,  1.42708E+00,  1.92773E+00,  3.05227E+00,  5.57239E+00,  1.11288E+01,  2.30212E+01,  4.74341E+01,  9.50028E+01,  1.82232E+02,  3.31755E+02,  5.70110E+02,  9.22089E+02,  1.40209E+03,  2.00488E+03,  2.69945E+03,  3.42962E+03,  4.12241E+03,  4.70230E+03,  5.10678E+03,  5.29837E+03,  5.26976E+03,  5.04169E+03,  4.65526E+03,  4.16188E+03,  3.61362E+03,  3.05608E+03,  2.52430E+03,  2.04165E+03,  1.62075E+03,  1.26563E+03,  9.74182E+02,  7.40514E+02,  5.56858E+02,  4.14927E+02,  3.06807E+02,  2.25438E+02,  1.64826E+02,  1.20062E+02,  8.72352E+01,  6.33014E+01,  4.59319E+01,  3.33715E+01,  2.43129E+01,  1.77921E+01,  1.31035E+01,  9.73386E+00,  7.31205E+00,  5.57043E+00,  4.31669E+00,  3.41286E+00,  2.76014E+00,  2.28778E+00,  1.94513E+00,  1.69594E+00,  1.51421E+00,  1.38129E+00,  1.28375E+00,  1.21195E+00,  1.15892E+00,  1.11961E+00,  1.09038E+00,  1.06855E+00,  1.05220E+00,  1.03991E+00,  1.03063E+00,  1.02360E+00,  1.01826E+00,  1.01418E+00,  1.01105E+00,  1.00865E+00,  1.00679E+00,  1.00536E+00,  1.00424E+00,  1.00337E+00,  1.00268E+00,  1.00215E+00,  1.00172E+00,  1.00139E+00,  1.00112E+00,  1.00091E+00,  1.00074E+00,  1.00061E+00,  1.00050E+00,  1.00041E+00,  1.00034E+00,  1.00028E+00,  1.00023E+00,  1.00019E+00,  1.00016E+00,  1.00013E+00
  1.00000E+00,  1.00000E+00,  1.00004E+00,  1.00030E+00,  1.00134E+00,  1.00417E+00,  1.01038E+00,  1.02278E+00,  1.04710E+00,  1.09604E+00,  1.19824E+00,  1.41919E+00,  1.90879E+00,  3.00660E+00,  5.46345E+00,  1.08750E+01,  2.24509E+01,  4.62116E+01,  9.25251E+01,  1.77519E+02,  3.23385E+02,  5.56281E+02,  9.00876E+02,  1.37191E+03,  1.96505E+03,  2.65069E+03,  3.37422E+03,  4.06399E+03,  4.64520E+03,  5.05525E+03,  5.25577E+03,  5.23813E+03,  5.02154E+03,  4.64582E+03,  4.16141E+03,  3.61994E+03,  3.06692E+03,  2.53763E+03,  2.05583E+03,  1.63459E+03,  1.27836E+03,  9.85392E+02,  7.50056E+02,  5.64761E+02,  4.21329E+02,  3.11897E+02,  2.29425E+02,  1.67909E+02,  1.22421E+02,  8.90250E+01,  6.46496E+01,  4.69415E+01,  3.41242E+01,  2.48721E+01,  1.82065E+01,  1.34099E+01,  9.96028E+00,  7.47925E+00,  5.69391E+00,  4.40792E+00,  3.48034E+00,  2.81012E+00,  2.32486E+00,  1.97270E+00,  1.71648E+00,  1.52955E+00,  1.39277E+00,  1.29237E+00,  1.21844E+00,  1.16382E+00,  1.12333E+00,  1.09320E+00,  1.07071E+00,  1.05385E+00,  1.04118E+00,  1.03161E+00,  1.02436E+00,  1.01884E+00,  1.01463E+00,  1.01141E+00,  1.00893E+00,  1.00701E+00,  1.00553E+00,  1.00438E+00,  1.00348E+00,  1.00277E+00,  1.00222E+00,  1.00178E+00,  1.00143E+00,  1.00116E+00,  1.00094E+00,  1.00077E+00,  1.00063E+00,  1.00051E+00,  1.00042E+00,  1.00035E+00,  1.00029E+00,  1.00024E+00,  1.00020E+00,  1.00017E+00,  1.00014E+00
  1.00000E+00,  1.00000E+00,  1.00004E+00,  1.00029E+00,  1.00132E+00,  1.00411E+00,  1.01025E+00,  1.02249E+00,  1.04647E+00,  1.09462E+00,  1.19498E+00,  1.41151E+00,  1.89035E+00,  2.96224E+00,  5.35778E+00,  1.06290E+01,  2.18984E+01,  4.50272E+01,  9.01239E+01,  1.72948E+02,  3.15257E+02,  5.42831E+02,  8.80205E+02,  1.34244E+03,  1.92607E+03,  2.60284E+03,  3.31970E+03,  4.00632E+03,  4.58863E+03,  5.00398E+03,  5.21319E+03,  5.20630E+03,  5.00106E+03,  4.63595E+03,  4.16052E+03,  3.62587E+03,  3.07743E+03,  2.55071E+03,  2.06982E+03,  1.64831E+03,  1.29103E+03,  9.96584E+02,  7.59605E+02,  5.72686E+02,  4.27761E+02,  3.17021E+02,  2.33444E+02,  1.71022E+02,  1.24806E+02,  9.08366E+01,  6.60157E+01,  4.79658E+01,  3.48885E+01,  2.54405E+01,  1.86279E+01,  1.37219E+01,  1.01909E+01,  7.64970E+00,  5.81987E+00,  4.50105E+00,  3.54926E+00,  2.86119E+00,  2.36276E+00,  2.00089E+00,  1.73749E+00,  1.54525E+00,  1.40453E+00,  1.30120E+00,  1.22510E+00,  1.16885E+00,  1.12714E+00,  1.09610E+00,  1.07292E+00,  1.05555E+00,  1.04248E+00,  1.03261E+00,  1.02513E+00,  1.01944E+00,  1.01510E+00,  1.01177E+00,  1.00921E+00,  1.00724E+00,  1.00571E+00,  1.00452E+00,  1.00359E+00,  1.00286E+00,  1.00229E+00,  1.00184E+00,  1.00148E+00,  1.00120E+00,  1.00097E+00,  1.00079E+00,  1.00065E+00,  1.00053E+00,  1.00043E+00,  1.00036E+00,  1.00030E+00,  1.00025E+00,  1.00020E+00,  1.00017E+00,  1.00014E+00
  1.00000E+00,  1.00000E+00,  1.00003E+00,  1.00029E+00,  1.00129E+00,  1.00405E+00,  1.01011E+00,  1.02220E+00,  1.04584E+00,  1.09323E+00,  1.19180E+00,  1.40401E+00,  1.87242E+00,  2.91915E+00,  5.25525E+00,  1.03906E+01,  2.13632E+01,  4.38797E+01,  8.77964E+01,  1.68513E+02,  3.07363E+02,  5.29747E+02,  8.60061E+02,  1.31366E+03,  1.88791E+03,  2.55588E+03,  3.26604E+03,  3.94938E+03,  4.53260E+03,  4.95300E+03,  5.17064E+03,  5.17429E+03,  4.98024E+03,  4.62568E+03,  4.15919E+03,  3.63140E+03,  3.08762E+03,  2.56353E+03,  2.08364E+03,  1.66193E+03,  1.30365E+03,  1.00775E+03,  7.69160E+02,  5.80634E+02,  4.34223E+02,  3.22178E+02,  2.37495E+02,  1.74164E+02,  1.27217E+02,  9.26700E+01,  6.73998E+01,  4.90045E+01,  3.56645E+01,  2.60180E+01,  1.90566E+01,  1.40394E+01,  1.04259E+01,  7.82343E+00,  5.94833E+00,  4.59609E+00,  3.61963E+00,  2.91336E+00,  2.40150E+00,  2.02971E+00,  1.75898E+00,  1.56131E+00,  1.41656E+00,  1.31025E+00,  1.23191E+00,  1.17400E+00,  1.13105E+00,  1.09907E+00,  1.07519E+00,  1.05728E+00,  1.04381E+00,  1.03364E+00,  1.02593E+00,  1.02006E+00,  1.01558E+00,  1.01215E+00,  1.00951E+00,  1.00747E+00,  1.00589E+00,  1.00466E+00,  1.00370E+00,  1.00295E+00,  1.00236E+00,  1.00190E+00,  1.00153E+00,  1.00124E+00,  1.00100E+00,  1.00082E+00,  1.00067E+00,  1.00055E+00,  1.00045E+00,  1.00037E+00,  1.00031E+00,  1.00025E+00,  1.00021E+00,  1.00018E+00,  1.00015E+00
  1.00000E+00,  1.00000E+00,  1.00003E+00,  1.00028E+00,  1.00127E+00,  1.00399E+00,  1.00998E+00,  1.02191E+00,  1.04523E+00,  1.09187E+00,  1.18869E+00,  1.39671E+00,  1.85496E+00,  2.87729E+00,  5.15577E+00,  1.01594E+01,  2.08444E+01,  4.27678E+01,  8.55402E+01,  1.64211E+02,  2.99695E+02,  5.17019E+02,  8.40430E+02,  1.28555E+03,  1.85056E+03,  2.50980E+03,  3.21323E+03,  3.89317E+03,  4.47709E+03,  4.90230E+03,  5.12813E+03,  5.14210E+03,  4.95910E+03,  4.61500E+03,  4.15745E+03,  3.63654E+03,  3.09747E+03,  2.57609E+03,  2.09728E+03,  1.67542E+03,  1.31620E+03,  1.01890E+03,  7.78719E+02,  5.88602E+02,  4.40714E+02,  3.27367E+02,  2.41579E+02,  1.77335E+02,  1.29654E+02,  9.45251E+01,  6.88019E+01,  5.00580E+01,  3.64521E+01,  2.66047E+01,  1.94925E+01,  1.43626E+01,  1.06652E+01,  8.00048E+00,  6.07934E+00,  4.69306E+00,  3.69147E+00,  2.96665E+00,  2.44110E+00,  2.05918E+00,  1.78097E+00,  1.57775E+00,  1.42888E+00,  1.31951E+00,  1.23889E+00,  1.17928E+00,  1.13505E+00,  1.10212E+00,  1.07751E+00,  1.05906E+00,  1.04518E+00,  1.03469E+00,  1.02674E+00,  1.02070E+00,  1.01608E+00,  1.01254E+00,  1.00981E+00,  1.00771E+00,  1.00608E+00,  1.00481E+00,  1.00382E+00,  1.00305E+00,  1.00244E+00,  1.00196E+00,  1.00158E+00,  1.00128E+00,  1.00103E+00,  1.00084E+00,  1.00069E+00,  1.00056E+00,  1.00046E+00,  1.00038E+00,  1.00032E+00,  1.00026E+00,  1.00022E+00,  1.00018E+00,  1.00015E+00
  1.00000E+00,  1.00000E+00,  1.00003E+00,  1.00028E+00,  1.00125E+00,  1.00394E+00,  1.00985E+00,  1.02163E+00,  1.04462E+00,  1.09054E+00,  1.18565E+00,  1.38958E+00,  1.83797E+00,  2.83661E+00,  5.05923E+00,  9.93527E+00,  2.03417E+01,  4.16901E+01,  8.33527E+01,  1.60037E+02,  2.92246E+02,  5.04637E+02,  8.21297E+02,  1.25810E+03,  1.81399E+03,  2.46458E+03,  3.16126E+03,  3.83770E+03,  4.42212E+03,  4.85190E+03,  5.08568E+03,  5.10976E+03,  4.93765E+03,  4.60393E+03,  4.15530E+03,  3.64130E+03,  3.10699E+03,  2.58841E+03,  2.11074E+03,  1.68880E+03,  1.32868E+03,  1.03003E+03,  7.88281E+02,  5.96590E+02,  4.47234E+02,  3.32587E+02,  2.45693E+02,  1.80536E+02,  1.32115E+02,  9.64020E+01,  7.02221E+01,  5.11260E+01,  3.72515E+01,  2.72008E+01,  1.99356E+01,  1.46914E+01,  1.09088E+01,  8.18089E+00,  6.21291E+00,  4.79200E+00,  3.76481E+00,  3.02108E+00,  2.48156E+00,  2.08931E+00,  1.80345E+00,  1.59456E+00,  1.44149E+00,  1.32899E+00,  1.24604E+00,  1.18469E+00,  1.13915E+00,  1.10524E+00,  1.07990E+00,  1.06089E+00,  1.04658E+00,  1.03578E+00,  1.02758E+00,  1.02135E+00,  1.01658E+00,  1.01293E+00,  1.01012E+00,  1.00795E+00,  1.00627E+00,  1.00497E+00,  1.00394E+00,  1.00315E+00,  1.00252E+00,  1.00202E+00,  1.00163E+00,  1.00132E+00,  1.00107E+00,  1.00087E+00,  1.00071E+00,  1.00058E+00,  1.00048E+00,  1.00039E+00,  1.00033E+00,  1.00027E+00,  1.00022E+00,  1.00019E+00,  1.00016E+00
  1.00000E+00,  1.00000E+00,  1.00003E+00,  1.00027E+00,  1.00123E+00,  1.00388E+00,  1.00972E+00,  1.02136E+00,  1.04403E+00,  1.08924E+00,  1.18268E+00,  1.38263E+00,  1.82144E+00,  2.79708E+00,  4.96551E+00,  9.71791E+00,  1.98544E+01,  4.06456E+01,  8.12316E+01,  1.55986E+02,  2.85010E+02,  4.92590E+02,  8.02649E+02,  1.23129E+03,  1.77820E+03,  2.42020E+03,  3.11012E+03,  3.78294E+03,  4.36769E+03,  4.80180E+03,  5.04328E+03,  5.07728E+03,  4.91590E+03,  4.59248E+03,  4.15274E+03,  3.64568E+03,  3.11620E+03,  2.60046E+03,  2.12402E+03,  1.70207E+03,  1.34111E+03,  1.04113E+03,  7.97844E+02,  6.04596E+02,  4.53781E+02,  3.37839E+02,  2.49838E+02,  1.83764E+02,  1.34603E+02,  9.83005E+01,  7.16603E+01,  5.22088E+01,  3.80627E+01,  2.78062E+01,  2.03861E+01,  1.50259E+01,  1.11568E+01,  8.36469E+00,  6.34908E+00,  4.89291E+00,  3.83966E+00,  3.07666E+00,  2.52289E+00,  2.12010E+00,  1.82644E+00,  1.61176E+00,  1.45440E+00,  1.33870E+00,  1.25336E+00,  1.19023E+00,  1.14335E+00,  1.10844E+00,  1.08234E+00,  1.06276E+00,  1.04802E+00,  1.03689E+00,  1.02844E+00,  1.02201E+00,  1.01710E+00,  1.01334E+00,  1.01044E+00,  1.00821E+00,  1.00647E+00,  1.00512E+00,  1.00407E+00,  1.00325E+00,  1.00260E+00,  1.00208E+00,  1.00168E+00,  1.00136E+00,  1.00110E+00,  1.00090E+00,  1.00073E+00,  1.00060E+00,  1.00049E+00,  1.00041E+00,  1.00034E+00,  1.00028E+00,  1.00023E+00,  1.00019E+00,  1.00016E+00
  1.00000E+00,  1.00000E+00,  1.00003E+00,  1.00026E+00,  1.00121E+00,  1.00383E+00,  1.00960E+00,  1.02108E+00,  1.04345E+00,  1.08796E+00,  1.17978E+00,  1.37586E+00,  1.80534E+00,  2.75864E+00,  4.87454E+00,  9.50708E+00,  1.93820E+01,  3.96330E+01,  7.91747E+01,  1.52054E+02,  2.77979E+02,  4.80869E+02,  7.84474E+02,  1.20510E+03,  1.74317E+03,  2.37664E+03,  3.05981E+03,  3.72890E+03,  4.31379E+03,  4.75200E+03,  5.00096E+03,  5.04465E+03,  4.89387E+03,  4.58065E+03,  4.14978E+03,  3.64967E+03,  3.12507E+03,  2.61226E+03,  2.13711E+03,  1.71521E+03,  1.35346E+03,  1.05220E+03,  8.07406E+02,  6.12619E+02,  4.60354E+02,  3.43121E+02,  2.54014E+02,  1.87022E+02,  1.37115E+02,  1.00221E+02,  7.31165E+01,  5.33064E+01,  3.88858E+01,  2.84210E+01,  2.08440E+01,  1.53662E+01,  1.14093E+01,  8.55192E+00,  6.48788E+00,  4.99584E+00,  3.91605E+00,  3.13341E+00,  2.56511E+00,  2.15157E+00,  1.84994E+00,  1.62936E+00,  1.46760E+00,  1.34863E+00,  1.26086E+00,  1.19590E+00,  1.14766E+00,  1.11172E+00,  1.08484E+00,  1.06468E+00,  1.04950E+00,  1.03802E+00,  1.02932E+00,  1.02270E+00,  1.01764E+00,  1.01376E+00,  1.01077E+00,  1.00846E+00,  1.00668E+00,  1.00528E+00,  1.00420E+00,  1.00335E+00,  1.00268E+00,  1.00215E+00,  1.00173E+00,  1.00140E+00,  1.00114E+00,  1.00093E+00,  1.00076E+00,  1.00062E+00,  1.00051E+00,  1.00042E+00,  1.00035E+00,  1.00029E+00,  1.00024E+00,  1.00020E+00,  1.00017E+00
  1.00000E+00,  1.00000E+00,  1.00003E+00,  1.00026E+00,  1.00119E+00,  1.00378E+00,  1.00948E+00,  1.02082E+00,  1.04288E+00,  1.08671E+00,  1.17694E+00,  1.36924E+00,  1.78966E+00,  2.72128E+00,  4.78620E+00,  9.30255E+00,  1.89239E+01,  3.86512E+01,  7.71796E+01,  1.48239E+02,  2.71147E+02,  4.69463E+02,  7.66757E+02,  1.17953E+03,  1.70887E+03,  2.33391E+03,  3.01030E+03,  3.67558E+03,  4.26042E+03,  4.70252E+03,  4.95871E+03,  5.01191E+03,  4.87156E+03,  4.56846E+03,  4.14642E+03,  3.65330E+03,  3.13363E+03,  2.62381E+03,  2.15002E+03,  1.72823E+03,  1.36574E+03,  1.06324E+03,  8.16967E+02,  6.20658E+02,  4.66953E+02,  3.48432E+02,  2.58220E+02,  1.90308E+02,  1.39653E+02,  1.02162E+02,  7.45908E+01,  5.44187E+01,  3.97207E+01,  2.90452E+01,  2.13093E+01,  1.57122E+01,  1.16663E+01,  8.74261E+00,  6.62934E+00,  5.10080E+00,  3.99398E+00,  3.19134E+00,  2.60823E+00,  2.18373E+00,  1.87397E+00,  1.64735E+00,  1.48111E+00,  1.35880E+00,  1.26853E+00,  1.20171E+00,  1.15207E+00,  1.11508E+00,  1.08741E+00,  1.06665E+00,  1.05101E+00,  1.03919E+00,  1.03022E+00,  1.02340E+00,  1.01818E+00,  1.01418E+00,  1.01111E+00,  1.00873E+00,  1.00688E+00,  1.00545E+00,  1.00433E+00,  1.00345E+00,  1.00276E+00,  1.00222E+00,  1.00179E+00,  1.00145E+00,  1.00117E+00,  1.00095E+00,  1.00078E+00,  1.00064E+00,  1.00052E+00,  1.00043E+00,  1.00036E+00,  1.00030E+00,  1.00025E+00,  1.00021E+00,  1.00017E+00
  1.00000E+00,  1.00000E+00,  1.00003E+00,  1.00025E+00,  1.00117E+00,  1.00372E+00,  1.00935E+00,  1.02056E+00,  1.04232E+00,  1.08548E+00,  1.17417E+00,  1.36279E+00,  1.77439E+00,  2.68495E+00,  4.70041E+00,  9.10410E+00,  1.84796E+01,  3.76992E+01,  7.52444E+01,  1.44535E+02,  2.64509E+02,  4.58363E+02,  7.49487E+02,  1.15455E+03,  1.67530E+03,  2.29197E+03,  2.96158E+03,  3.62295E+03,  4.20759E+03,  4.65336E+03,  4.91656E+03,  4.97905E+03,  4.84898E+03,  4.55591E+03,  4.14268E+03,  3.65655E+03,  3.14186E+03,  2.63510E+03,  2.16273E+03,  1.74113E+03,  1.37795E+03,  1.07424E+03,  8.26524E+02,  6.28711E+02,  4.73577E+02,  3.53773E+02,  2.62456E+02,  1.93621E+02,  1.42216E+02,  1.04126E+02,  7.60832E+01,  5.55458E+01,  4.05676E+01,  2.96790E+01,  2.17820E+01,  1.60641E+01,  1.19279E+01,  8.93680E+00,  6.77348E+00,  5.20782E+00,  4.07348E+00,  3.25047E+00,  2.65227E+00,  2.21658E+00,  1.89852E+00,  1.66575E+00,  1.49492E+00,  1.36920E+00,  1.27638E+00,  1.20765E+00,  1.15658E+00,  1.11851E+00,  1.09004E+00,  1.06866E+00,  1.05256E+00,  1.04039E+00,  1.03115E+00,  1.02412E+00,  1.01874E+00,  1.01462E+00,  1.01145E+00,  1.00900E+00,  1.00710E+00,  1.00562E+00,  1.00447E+00,  1.00356E+00,  1.00285E+00,  1.00229E+00,  1.00184E+00,  1.00149E+00,  1.00121E+00,  1.00098E+00,  1.00080E+00,  1.00066E+00,  1.00054E+00,  1.00045E+00,  1.00037E+00,  1.00031E+00,  1.00025E+00,  1.00021E+00,  1.00018E+00
  1.00000E+00,  1.00000E+00,  1.00003E+00,  1.00025E+00,  1.00116E+00,  1.00367E+00,  1.00923E+00,  1.02030E+00,  1.04178E+00,  1.08428E+00,  1.17146E+00,  1.35650E+00,  1.75952E+00,  2.64962E+00,  4.61708E+00,  8.91153E+00,  1.80487E+01,  3.67759E+01,  7.33670E+01,  1.40939E+02,  2.58057E+02,  4.47561E+02,  7.32651E+02,  1.13016E+03,  1.64244E+03,  2.25082E+03,  2.91366E+03,  3.57103E+03,  4.15530E+03,  4.60452E+03,  4.87450E+03,  4.94609E+03,  4.82615E+03,  4.54302E+03,  4.13855E+03,  3.65944E+03,  3.14977E+03,  2.64614E+03,  2.17527E+03,  1.75390E+03,  1.39009E+03,  1.08522E+03,  8.36077E+02,  6.36778E+02,  4.80225E+02,  3.59142E+02,  2.66721E+02,  1.96963E+02,  1.44804E+02,  1.06111E+02,  7.75936E+01,  5.66878E+01,  4.14265E+01,  3.03223E+01,  2.22624E+01,  1.64219E+01,  1.21939E+01,  9.13451E+00,  6.92034E+00,  5.31692E+00,  4.15458E+00,  3.31081E+00,  2.69723E+00,  2.25014E+00,  1.92361E+00,  1.68455E+00,  1.50905E+00,  1.37984E+00,  1.28442E+00,  1.21374E+00,  1.16121E+00,  1.12204E+00,  1.09273E+00,  1.07073E+00,  1.05415E+00,  1.04161E+00,  1.03210E+00,  1.02486E+00,  1.01932E+00,  1.01507E+00,  1.01180E+00,  1.00928E+00,  1.00732E+00,  1.00579E+00,  1.00460E+00,  1.00367E+00,  1.00294E+00,  1.00236E+00,  1.00190E+00,  1.00154E+00,  1.00125E+00,  1.00102E+00,  1.00083E+00,  1.00068E+00,  1.00056E+00,  1.00046E+00,  1.00038E+00,  1.00032E+00,  1.00026E+00,  1.00022E+00,  1.00018E+00
  1.00000E+00,  1.00000E+00,  1.00003E+00,  1.00025E+00,  1.00114E+00,  1.00362E+00,  1.00912E+00,  1.02005E+00,  1.04124E+00,  1.08311E+00,  1.16880E+00,  1.35035E+00,  1.74502E+00,  2.61525E+00,  4.53613E+00,  8.72462E+00,  1.76307E+01,  3.58803E+01,  7.15454E+01,  1.37447E+02,  2.51786E+02,  4.37048E+02,  7.16237E+02,  1.10632E+03,  1.61027E+03,  2.21044E+03,  2.86651E+03,  3.51980E+03,  4.10355E+03,  4.55601E+03,  4.83255E+03,  4.91303E+03,  4.80307E+03,  4.52978E+03,  4.13406E+03,  3.66196E+03,  3.15737E+03,  2.65692E+03,  2.18761E+03,  1.76654E+03,  1.40216E+03,  1.09616E+03,  8.45623E+02,  6.44857E+02,  4.86896E+02,  3.64540E+02,  2.71016E+02,  2.00332E+02,  1.47416E+02,  1.08117E+02,  7.91220E+01,  5.78446E+01,  4.22974E+01,  3.09752E+01,  2.27503E+01,  1.67856E+01,  1.24647E+01,  9.33579E+00,  7.06994E+00,  5.42812E+00,  4.23729E+00,  3.37238E+00,  2.74313E+00,  2.28441E+00,  1.94925E+00,  1.70377E+00,  1.52349E+00,  1.39072E+00,  1.29264E+00,  1.21997E+00,  1.16594E+00,  1.12564E+00,  1.09549E+00,  1.07284E+00,  1.05578E+00,  1.04287E+00,  1.03307E+00,  1.02561E+00,  1.01991E+00,  1.01553E+00,  1.01217E+00,  1.00956E+00,  1.00754E+00,  1.00597E+00,  1.00475E+00,  1.00379E+00,  1.00303E+00,  1.00243E+00,  1.00196E+00,  1.00158E+00,  1.00129E+00,  1.00105E+00,  1.00085E+00,  1.00070E+00,  1.00058E+00,  1.00047E+00,  1.00039E+00,  1.00033E+00,  1.00027E+00,  1.00023E+00,  1.00019E+00
  1.00000E+00,  1.00000E+00,  1.00003E+00,  1.00024E+00,  1.00112E+00,  1.00357E+00,  1.00900E+00,  1.01980E+00,  1.04071E+00,  1.08195E+00,  1.16621E+00,  1.34435E+00,  1.73090E+00,  2.58181E+00,  4.45748E+00,  8.54318E+00,  1.72252E+01,  3.50115E+01,  6.97777E+01,  1.34057E+02,  2.45691E+02,  4.26815E+02,  7.00235E+02,  1.08304E+03,  1.57878E+03,  2.17082E+03,  2.82012E+03,  3.46926E+03,  4.05233E+03,  4.50783E+03,  4.79072E+03,  4.87989E+03,  4.77975E+03,  4.51621E+03,  4.12919E+03,  3.66413E+03,  3.16465E+03,  2.66744E+03,  2.19976E+03,  1.77906E+03,  1.41414E+03,  1.10706E+03,  8.55161E+02,  6.52947E+02,  4.93588E+02,  3.69964E+02,  2.75338E+02,  2.03728E+02,  1.50053E+02,  1.10144E+02,  8.06685E+01,  5.90163E+01,  4.31804E+01,  3.16378E+01,  2.32458E+01,  1.71553E+01,  1.27400E+01,  9.54067E+00,  7.22231E+00,  5.54145E+00,  4.32162E+00,  3.43520E+00,  2.78998E+00,  2.31941E+00,  1.97545E+00,  1.72342E+00,  1.53826E+00,  1.40185E+00,  1.30105E+00,  1.22634E+00,  1.17078E+00,  1.12934E+00,  1.09831E+00,  1.07501E+00,  1.05744E+00,  1.04416E+00,  1.03407E+00,  1.02639E+00,  1.02051E+00,  1.01601E+00,  1.01254E+00,  1.00986E+00,  1.00778E+00,  1.00616E+00,  1.00489E+00,  1.00390E+00,  1.00312E+00,  1.00251E+00,  1.00202E+00,  1.00163E+00,  1.00133E+00,  1.00108E+00,  1.00088E+00,  1.00072E+00,  1.00059E+00,  1.00049E+00,  1.00040E+00,  1.00034E+00,  1.00028E+00,  1.00023E+00,  1.00019E+00
  1.00000E+00,  1.00000E+00,  1.00003E+00,  1.00024E+00,  1.00110E+00,  1.00352E+00,  1.00889E+00,  1.01956E+00,  1.04019E+00,  1.08082E+00,  1.16367E+00,  1.33849E+00,  1.71714E+00,  2.54928E+00,  4.38105E+00,  8.36703E+00,  1.68317E+01,  3.41685E+01,  6.80622E+01,  1.30765E+02,  2.39765E+02,  4.16853E+02,  6.84633E+02,  1.06030E+03,  1.54795E+03,  2.13194E+03,  2.77449E+03,  3.41940E+03,  4.00164E+03,  4.46000E+03,  4.74901E+03,  4.84668E+03,  4.75621E+03,  4.50233E+03,  4.12396E+03,  3.66594E+03,  3.17162E+03,  2.67771E+03,  2.21172E+03,  1.79144E+03,  1.42605E+03,  1.11793E+03,  8.64689E+02,  6.61047E+02,  5.00302E+02,  3.75415E+02,  2.79689E+02,  2.07151E+02,  1.52715E+02,  1.12193E+02,  8.22330E+01,  6.02029E+01,  4.40755E+01,  3.23100E+01,  2.37490E+01,  1.75311E+01,  1.30201E+01,  9.74919E+00,  7.37748E+00,  5.65693E+00,  4.40761E+00,  3.49928E+00,  2.83779E+00,  2.35514E+00,  2.00220E+00,  1.74349E+00,  1.55336E+00,  1.41323E+00,  1.30966E+00,  1.23286E+00,  1.17574E+00,  1.13312E+00,  1.10120E+00,  1.07723E+00,  1.05915E+00,  1.04548E+00,  1.03509E+00,  1.02718E+00,  1.02113E+00,  1.01649E+00,  1.01292E+00,  1.01016E+00,  1.00801E+00,  1.00635E+00,  1.00504E+00,  1.00402E+00,  1.00322E+00,  1.00258E+00,  1.00208E+00,  1.00168E+00,  1.00137E+00,  1.00111E+00,  1.00091E+00,  1.00074E+00,  1.00061E+00,  1.00050E+00,  1.00042E+00,  1.00035E+00,  1.00029E+00,  1.00024E+00,  1.00020E+00
  1.00000E+00,  1.00000E+00,  1.00003E+00,  1.00023E+00,  1.00109E+00,  1.00347E+00,  1.00878E+00,  1.01932E+00,  1.03968E+00,  1.07971E+00,  1.16119E+00,  1.33278E+00,  1.70373E+00,  2.51762E+00,  4.30677E+00,  8.19599E+00,  1.64498E+01,  3.33506E+01,  6.63972E+01,  1.27567E+02,  2.34004E+02,  4.07156E+02,  6.69419E+02,  1.03809E+03,  1.51777E+03,  2.09379E+03,  2.72960E+03,  3.37022E+03,  3.95149E+03,  4.41250E+03,  4.70743E+03,  4.81341E+03,  4.73246E+03,  4.48812E+03,  4.11837E+03,  3.66740E+03,  3.17827E+03,  2.68773E+03,  2.22349E+03,  1.80370E+03,  1.43788E+03,  1.12875E+03,  8.74207E+02,  6.69155E+02,  5.07036E+02,  3.80893E+02,  2.84067E+02,  2.10601E+02,  1.55401E+02,  1.14264E+02,  8.38156E+01,  6.14044E+01,  4.49827E+01,  3.29920E+01,  2.42600E+01,  1.79129E+01,  1.33049E+01,  9.96137E+00,  7.53549E+00,  5.77459E+00,  4.49526E+00,  3.56464E+00,  2.88659E+00,  2.39162E+00,  2.02953E+00,  1.76401E+00,  1.56879E+00,  1.42487E+00,  1.31846E+00,  1.23953E+00,  1.18082E+00,  1.13699E+00,  1.10416E+00,  1.07950E+00,  1.06090E+00,  1.04683E+00,  1.03614E+00,  1.02800E+00,  1.02177E+00,  1.01699E+00,  1.01331E+00,  1.01046E+00,  1.00826E+00,  1.00654E+00,  1.00520E+00,  1.00414E+00,  1.00332E+00,  1.00266E+00,  1.00215E+00,  1.00174E+00,  1.00141E+00,  1.00115E+00,  1.00094E+00,  1.00077E+00,  1.00063E+00,  1.00052E+00,  1.00043E+00,  1.00036E+00,  1.00030E+00,  1.00025E+00,  1.00021E+00
  1.00000E+00,  1.00000E+00,  1.00003E+00,  1.00023E+00,  1.00107E+00,  1.00343E+00,  1.00866E+00,  1.01908E+00,  1.03918E+00,  1.07863E+00,  1.15876E+00,  1.32719E+00,  1.69066E+00,  2.48680E+00,  4.23457E+00,  8.02988E+00,  1.60791E+01,  3.25567E+01,  6.47808E+01,  1.24461E+02,  2.28403E+02,  3.97715E+02,  6.54585E+02,  1.01639E+03,  1.48823E+03,  2.05636E+03,  2.68544E+03,  3.32171E+03,  3.90187E+03,  4.36534E+03,  4.66599E+03,  4.78008E+03,  4.70850E+03,  4.47362E+03,  4.11244E+03,  3.66852E+03,  3.18462E+03,  2.69749E+03,  2.23507E+03,  1.81582E+03,  1.44963E+03,  1.13954E+03,  8.83713E+02,  6.77271E+02,  5.13790E+02,  3.86395E+02,  2.88473E+02,  2.14077E+02,  1.58111E+02,  1.16355E+02,  8.54161E+01,  6.26209E+01,  4.59021E+01,  3.36838E+01,  2.47787E+01,  1.83008E+01,  1.35944E+01,  1.01773E+01,  7.69635E+00,  5.89445E+00,  4.58461E+00,  3.63129E+00,  2.93637E+00,  2.42886E+00,  2.05744E+00,  1.78496E+00,  1.58456E+00,  1.43677E+00,  1.32745E+00,  1.24636E+00,  1.18601E+00,  1.14095E+00,  1.10720E+00,  1.08183E+00,  1.06269E+00,  1.04821E+00,  1.03721E+00,  1.02883E+00,  1.02242E+00,  1.01750E+00,  1.01371E+00,  1.01078E+00,  1.00851E+00,  1.00674E+00,  1.00535E+00,  1.00427E+00,  1.00342E+00,  1.00274E+00,  1.00221E+00,  1.00179E+00,  1.00145E+00,  1.00118E+00,  1.00096E+00,  1.00079E+00,  1.00065E+00,  1.00053E+00,  1.00044E+00,  1.00037E+00,  1.00030E+00,  1.00025E+00,  1.00021E+00
  1.00000E+00,  1.00000E+00,  1.00003E+00,  1.00022E+00,  1.00105E+00,  1.00338E+00,  1.00856E+00,  1.01885E+00,  1.03869E+00,  1.07756E+00,  1.15638E+00,  1.32174E+00,  1.67791E+00,  2.45680E+00,  4.16436E+00,  7.86853E+00,  1.57192E+01,  3.17862E+01,  6.32116E+01,  1.21444E+02,  2.22957E+02,  3.88524E+02,  6.40119E+02,  9.95188E+02,  1.45931E+03,  2.01963E+03,  2.64200E+03,  3.27386E+03,  3.85279E+03,  4.31854E+03,  4.62470E+03,  4.74670E+03,  4.68434E+03,  4.45881E+03,  4.10616E+03,  3.66929E+03,  3.19065E+03,  2.70700E+03,  2.24645E+03,  1.82780E+03,  1.46129E+03,  1.15028E+03,  8.93205E+02,  6.85393E+02,  5.20562E+02,  3.91922E+02,  2.92905E+02,  2.17580E+02,  1.60845E+02,  1.18468E+02,  8.70347E+01,  6.38523E+01,  4.68337E+01,  3.43854E+01,  2.53052E+01,  1.86948E+01,  1.38888E+01,  1.03969E+01,  7.86010E+00,  6.01653E+00,  4.67566E+00,  3.69925E+00,  2.98715E+00,  2.46687E+00,  2.08593E+00,  1.80636E+00,  1.60067E+00,  1.44893E+00,  1.33666E+00,  1.25334E+00,  1.19132E+00,  1.14500E+00,  1.11030E+00,  1.08421E+00,  1.06453E+00,  1.04963E+00,  1.03831E+00,  1.02969E+00,  1.02309E+00,  1.01802E+00,  1.01412E+00,  1.01110E+00,  1.00876E+00,  1.00694E+00,  1.00552E+00,  1.00440E+00,  1.00352E+00,  1.00283E+00,  1.00228E+00,  1.00184E+00,  1.00149E+00,  1.00122E+00,  1.00099E+00,  1.00081E+00,  1.00067E+00,  1.00055E+00,  1.00046E+00,  1.00038E+00,  1.00031E+00,  1.00026E+00,  1.00022E+00
  1.00000E+00,  1.00000E+00,  1.00003E+00,  1.00022E+00,  1.00103E+00,  1.00333E+00,  1.00845E+00,  1.01862E+00,  1.03820E+00,  1.07652E+00,  1.15405E+00,  1.31641E+00,  1.66548E+00,  2.42760E+00,  4.09610E+00,  7.71179E+00,  1.53698E+01,  3.10383E+01,  6.16879E+01,  1.18512E+02,  2.17660E+02,  3.79574E+02,  6.26011E+02,  9.74475E+02,  1.43100E+03,  1.98359E+03,  2.59928E+03,  3.22666E+03,  3.80423E+03,  4.27209E+03,  4.58356E+03,  4.71330E+03,  4.65999E+03,  4.44372E+03,  4.09955E+03,  3.66973E+03,  3.19639E+03,  2.71625E+03,  2.25764E+03,  1.83965E+03,  1.47287E+03,  1.16097E+03,  9.02682E+02,  6.93521E+02,  5.27351E+02,  3.97473E+02,  2.97364E+02,  2.21108E+02,  1.63603E+02,  1.20601E+02,  8.86711E+01,  6.50987E+01,  4.77776E+01,  3.50969E+01,  2.58395E+01,  1.90951E+01,  1.41880E+01,  1.06203E+01,  8.02677E+00,  6.14086E+00,  4.76844E+00,  3.76854E+00,  3.03896E+00,  2.50565E+00,  2.11502E+00,  1.82822E+00,  1.61714E+00,  1.46136E+00,  1.34606E+00,  1.26048E+00,  1.19675E+00,  1.14915E+00,  1.11347E+00,  1.08665E+00,  1.06641E+00,  1.05108E+00,  1.03944E+00,  1.03056E+00,  1.02377E+00,  1.01856E+00,  1.01454E+00,  1.01143E+00,  1.00902E+00,  1.00715E+00,  1.00568E+00,  1.00453E+00,  1.00363E+00,  1.00291E+00,  1.00235E+00,  1.00190E+00,  1.00154E+00,  1.00125E+00,  1.00102E+00,  1.00084E+00,  1.00069E+00,  1.00057E+00,  1.00047E+00,  1.00039E+00,  1.00032E+00,  1.00027E+00,  1.00023E+00
  1.00000E+00,  1.00000E+00,  1.00002E+00,  1.00021E+00,  1.00102E+00,  1.00329E+00,  1.00834E+00,  1.01839E+00,  1.03773E+00,  1.07549E+00,  1.15178E+00,  1.31120E+00,  1.65336E+00,  2.39916E+00,  4.02972E+00,  7.55950E+00,  1.50306E+01,  3.03121E+01,  6.02082E+01,  1.15664E+02,  2.12509E+02,  3.70858E+02,  6.12253E+02,  9.54238E+02,  1.40328E+03,  1.94824E+03,  2.55726E+03,  3.18012E+03,  3.75620E+03,  4.22599E+03,  4.54258E+03,  4.67986E+03,  4.63546E+03,  4.42834E+03,  4.09261E+03,  3.66983E+03,  3.20181E+03,  2.72525E+03,  2.26864E+03,  1.85137E+03,  1.48436E+03,  1.17162E+03,  9.12142E+02,  7.01652E+02,  5.34157E+02,  4.03048E+02,  3.01848E+02,  2.24662E+02,  1.66384E+02,  1.22756E+02,  9.03256E+01,  6.63601E+01,  4.87337E+01,  3.58183E+01,  2.63818E+01,  1.95016E+01,  1.44921E+01,  1.08474E+01,  8.19638E+00,  6.26747E+00,  4.86297E+00,  3.83917E+00,  3.09179E+00,  2.54522E+00,  2.14471E+00,  1.85054E+00,  1.63395E+00,  1.47406E+00,  1.35568E+00,  1.26778E+00,  1.20231E+00,  1.15339E+00,  1.11672E+00,  1.08914E+00,  1.06833E+00,  1.05257E+00,  1.04059E+00,  1.03146E+00,  1.02447E+00,  1.01911E+00,  1.01497E+00,  1.01177E+00,  1.00929E+00,  1.00736E+00,  1.00585E+00,  1.00467E+00,  1.00374E+00,  1.00300E+00,  1.00242E+00,  1.00196E+00,  1.00159E+00,  1.00129E+00,  1.00105E+00,  1.00086E+00,  1.00071E+00,  1.00058E+00,  1.00048E+00,  1.00040E+00,  1.00033E+00,  1.00028E+00,  1.00023E+00
  1.00000E+00,  1.00000E+00,  1.00002E+00,  1.00021E+00,  1.00100E+00,  1.00324E+00,  1.00824E+00,  1.01817E+00,  1.03726E+00,  1.07449E+00,  1.14955E+00,  1.30611E+00,  1.64153E+00,  2.37146E+00,  3.96515E+00,  7.41152E+00,  1.47011E+01,  2.96069E+01,  5.87712E+01,  1.12896E+02,  2.07499E+02,  3.62371E+02,  5.98834E+02,  9.34465E+02,  1.37614E+03,  1.91354E+03,  2.51592E+03,  3.13422E+03,  3.70870E+03,  4.18025E+03,  4.50176E+03,  4.64640E+03,  4.61077E+03,  4.41269E+03,  4.08534E+03,  3.66960E+03,  3.20694E+03,  2.73400E+03,  2.27944E+03,  1.86294E+03,  1.49576E+03,  1.18222E+03,  9.21585E+02,  7.09786E+02,  5.40979E+02,  4.08645E+02,  3.06358E+02,  2.28241E+02,  1.69189E+02,  1.24931E+02,  9.19979E+01,  6.76365E+01,  4.97022E+01,  3.65496E+01,  2.69320E+01,  1.99143E+01,  1.48011E+01,  1.10785E+01,  8.36897E+00,  6.39637E+00,  4.95926E+00,  3.91116E+00,  3.14566E+00,  2.58559E+00,  2.17501E+00,  1.87333E+00,  1.65113E+00,  1.48703E+00,  1.36550E+00,  1.27524E+00,  1.20799E+00,  1.15773E+00,  1.12005E+00,  1.09170E+00,  1.07030E+00,  1.05409E+00,  1.04177E+00,  1.03238E+00,  1.02519E+00,  1.01967E+00,  1.01541E+00,  1.01212E+00,  1.00957E+00,  1.00758E+00,  1.00602E+00,  1.00481E+00,  1.00385E+00,  1.00309E+00,  1.00249E+00,  1.00201E+00,  1.00163E+00,  1.00133E+00,  1.00109E+00,  1.00089E+00,  1.00073E+00,  1.00060E+00,  1.00050E+00,  1.00041E+00,  1.00034E+00,  1.00029E+00,  1.00024E+00
  1.00000E+00,  1.00000E+00,  1.00002E+00,  1.00021E+00,  1.00099E+00,  1.00320E+00,  1.00814E+00,  1.01795E+00,  1.03680E+00,  1.07350E+00,  1.14736E+00,  1.30114E+00,  1.62999E+00,  2.34449E+00,  3.90234E+00,  7.26769E+00,  1.43810E+01,  2.89221E+01,  5.73754E+01,  1.10206E+02,  2.02625E+02,  3.54105E+02,  5.85745E+02,  9.15145E+02,  1.34957E+03,  1.87950E+03,  2.47527E+03,  3.08895E+03,  3.66172E+03,  4.13487E+03,  4.46111E+03,  4.61294E+03,  4.58591E+03,  4.39678E+03,  4.07775E+03,  3.66904E+03,  3.21177E+03,  2.74250E+03,  2.29005E+03,  1.87438E+03,  1.50707E+03,  1.19278E+03,  9.31008E+02,  7.17922E+02,  5.47816E+02,  4.14264E+02,  3.10892E+02,  2.31845E+02,  1.72017E+02,  1.27127E+02,  9.36880E+01,  6.89278E+01,  5.06829E+01,  3.72909E+01,  2.74902E+01,  2.03334E+01,  1.51150E+01,  1.13134E+01,  8.54455E+00,  6.52759E+00,  5.05735E+00,  3.98452E+00,  3.20058E+00,  2.62677E+00,  2.20593E+00,  1.89660E+00,  1.66867E+00,  1.50029E+00,  1.37555E+00,  1.28287E+00,  1.21380E+00,  1.16217E+00,  1.12345E+00,  1.09431E+00,  1.07231E+00,  1.05565E+00,  1.04298E+00,  1.03332E+00,  1.02592E+00,  1.02024E+00,  1.01586E+00,  1.01248E+00,  1.00985E+00,  1.00780E+00,  1.00620E+00,  1.00495E+00,  1.00396E+00,  1.00318E+00,  1.00256E+00,  1.00207E+00,  1.00168E+00,  1.00137E+00,  1.00112E+00,  1.00092E+00,  1.00075E+00,  1.00062E+00,  1.00051E+00,  1.00043E+00,  1.00035E+00,  1.00029E+00,  1.00025E+00
  1.00000E+00,  1.00000E+00,  1.00002E+00,  1.00020E+00,  1.00097E+00,  1.00316E+00,  1.00804E+00,  1.01774E+00,  1.03635E+00,  1.07254E+00,  1.14522E+00,  1.29628E+00,  1.61874E+00,  2.31820E+00,  3.84123E+00,  7.12789E+00,  1.40701E+01,  2.82570E+01,  5.60195E+01,  1.07591E+02,  1.97884E+02,  3.46054E+02,  5.72978E+02,  8.96268E+02,  1.32356E+03,  1.84610E+03,  2.43529E+03,  3.04432E+03,  3.61527E+03,  4.08985E+03,  4.42064E+03,  4.57947E+03,  4.56090E+03,  4.38061E+03,  4.06986E+03,  3.66817E+03,  3.21630E+03,  2.75075E+03,  2.30046E+03,  1.88567E+03,  1.51829E+03,  1.20328E+03,  9.40411E+02,  7.26059E+02,  5.54666E+02,  4.19904E+02,  3.15451E+02,  2.35474E+02,  1.74869E+02,  1.29344E+02,  9.53960E+01,  7.02341E+01,  5.16760E+01,  3.80422E+01,  2.80563E+01,  2.07588E+01,  1.54340E+01,  1.15522E+01,  8.72317E+00,  6.66115E+00,  5.15724E+00,  4.05927E+00,  3.25658E+00,  2.66877E+00,  2.23749E+00,  1.92035E+00,  1.68658E+00,  1.51383E+00,  1.38581E+00,  1.29066E+00,  1.21974E+00,  1.16671E+00,  1.12692E+00,  1.09698E+00,  1.07437E+00,  1.05724E+00,  1.04422E+00,  1.03428E+00,  1.02667E+00,  1.02083E+00,  1.01633E+00,  1.01284E+00,  1.01014E+00,  1.00803E+00,  1.00639E+00,  1.00509E+00,  1.00408E+00,  1.00328E+00,  1.00264E+00,  1.00213E+00,  1.00173E+00,  1.00141E+00,  1.00115E+00,  1.00094E+00,  1.00077E+00,  1.00064E+00,  1.00053E+00,  1.00044E+00,  1.00036E+00,  1.00030E+00,  1.00025E+00
  1.00000E+00,  1.00000E+00,  1.00002E+00,  1.00020E+00,  1.00096E+00,  1.00311E+00,  1.00794E+00,  1.01753E+00,  1.03591E+00,  1.07159E+00,  1.14313E+00,  1.29153E+00,  1.60775E+00,  2.29260E+00,  3.78176E+00,  6.99198E+00,  1.37680E+01,  2.76110E+01,  5.47021E+01,  1.05049E+02,  1.93271E+02,  3.38212E+02,  5.60524E+02,  8.77821E+02,  1.29809E+03,  1.81333E+03,  2.39596E+03,  3.00031E+03,  3.56933E+03,  4.04520E+03,  4.38036E+03,  4.54600E+03,  4.53575E+03,  4.36420E+03,  4.06166E+03,  3.66698E+03,  3.22054E+03,  2.75875E+03,  2.31068E+03,  1.89683E+03,  1.52942E+03,  1.21373E+03,  9.49792E+02,  7.34194E+02,  5.61530E+02,  4.25565E+02,  3.20035E+02,  2.39127E+02,  1.77743E+02,  1.31581E+02,  9.71218E+01,  7.15555E+01,  5.26815E+01,  3.88035E+01,  2.86306E+01,  2.11906E+01,  1.57580E+01,  1.17949E+01,  8.90484E+00,  6.79708E+00,  5.25896E+00,  4.13543E+00,  3.31366E+00,  2.71160E+00,  2.26967E+00,  1.94458E+00,  1.70487E+00,  1.52766E+00,  1.39629E+00,  1.29863E+00,  1.22581E+00,  1.17135E+00,  1.13048E+00,  1.09972E+00,  1.07648E+00,  1.05887E+00,  1.04548E+00,  1.03527E+00,  1.02744E+00,  1.02143E+00,  1.01680E+00,  1.01322E+00,  1.01043E+00,  1.00827E+00,  1.00657E+00,  1.00524E+00,  1.00420E+00,  1.00337E+00,  1.00272E+00,  1.00220E+00,  1.00178E+00,  1.00145E+00,  1.00119E+00,  1.00097E+00,  1.00080E+00,  1.00066E+00,  1.00054E+00,  1.00045E+00,  1.00037E+00,  1.00031E+00,  1.00026E+00
  1.00000E+00,  1.00000E+00,  1.00002E+00,  1.00020E+00,  1.00094E+00,  1.00307E+00,  1.00784E+00,  1.01732E+00,  1.03547E+00,  1.07066E+00,  1.14108E+00,  1.28689E+00,  1.59703E+00,  2.26765E+00,  3.72388E+00,  6.85984E+00,  1.34745E+01,  2.69833E+01,  5.34221E+01,  1.02578E+02,  1.88783E+02,  3.30573E+02,  5.48375E+02,  8.59795E+02,  1.27316E+03,  1.78117E+03,  2.35729E+03,  2.95692E+03,  3.52392E+03,  4.00091E+03,  4.34026E+03,  4.51255E+03,  4.51046E+03,  4.34754E+03,  4.05316E+03,  3.66548E+03,  3.22449E+03,  2.76649E+03,  2.32070E+03,  1.90784E+03,  1.54046E+03,  1.22412E+03,  9.59149E+02,  7.42328E+02,  5.68406E+02,  4.31247E+02,  3.24641E+02,  2.42804E+02,  1.80641E+02,  1.33839E+02,  9.88654E+01,  7.28918E+01,  5.36994E+01,  3.95750E+01,  2.92129E+01,  2.16289E+01,  1.60871E+01,  1.20416E+01,  9.08960E+00,  6.93540E+00,  5.36252E+00,  4.21301E+00,  3.37183E+00,  2.75527E+00,  2.30251E+00,  1.96932E+00,  1.72354E+00,  1.54178E+00,  1.40700E+00,  1.30677E+00,  1.23202E+00,  1.17609E+00,  1.13412E+00,  1.10251E+00,  1.07864E+00,  1.06054E+00,  1.04678E+00,  1.03627E+00,  1.02823E+00,  1.02205E+00,  1.01729E+00,  1.01360E+00,  1.01074E+00,  1.00851E+00,  1.00676E+00,  1.00540E+00,  1.00432E+00,  1.00347E+00,  1.00280E+00,  1.00226E+00,  1.00184E+00,  1.00149E+00,  1.00122E+00,  1.00100E+00,  1.00082E+00,  1.00068E+00,  1.00056E+00,  1.00046E+00,  1.00039E+00,  1.00032E+00,  1.00027E+00
  1.00000E+00,  1.00000E+00,  1.00002E+00,  1.00019E+00,  1.00093E+00,  1.00303E+00,  1.00775E+00,  1.01712E+00,  1.03505E+00,  1.06974E+00,  1.13907E+00,  1.28235E+00,  1.58657E+00,  2.24333E+00,  3.66755E+00,  6.73134E+00,  1.31892E+01,  2.63734E+01,  5.21782E+01,  1.00176E+02,  1.84415E+02,  3.23131E+02,  5.36522E+02,  8.42180E+02,  1.24875E+03,  1.74962E+03,  2.31926E+03,  2.91413E+03,  3.47902E+03,  3.95699E+03,  4.30036E+03,  4.47912E+03,  4.48504E+03,  4.33064E+03,  4.04436E+03,  3.66367E+03,  3.22815E+03,  2.77399E+03,  2.33052E+03,  1.91871E+03,  1.55140E+03,  1.23446E+03,  9.68482E+02,  7.50460E+02,  5.75293E+02,  4.36947E+02,  3.29271E+02,  2.46505E+02,  1.83560E+02,  1.36117E+02,  1.00627E+02,  7.42431E+01,  5.47297E+01,  4.03565E+01,  2.98034E+01,  2.20736E+01,  1.64212E+01,  1.22922E+01,  9.27746E+00,  7.07613E+00,  5.46795E+00,  4.29203E+00,  3.43110E+00,  2.79979E+00,  2.33600E+00,  1.99455E+00,  1.74259E+00,  1.55620E+00,  1.41794E+00,  1.31509E+00,  1.23836E+00,  1.18094E+00,  1.13784E+00,  1.10537E+00,  1.08084E+00,  1.06225E+00,  1.04810E+00,  1.03731E+00,  1.02904E+00,  1.02268E+00,  1.01778E+00,  1.01399E+00,  1.01105E+00,  1.00875E+00,  1.00696E+00,  1.00555E+00,  1.00445E+00,  1.00357E+00,  1.00288E+00,  1.00233E+00,  1.00189E+00,  1.00154E+00,  1.00126E+00,  1.00103E+00,  1.00084E+00,  1.00070E+00,  1.00058E+00,  1.00048E+00,  1.00040E+00,  1.00033E+00,  1.00028E+00
  1.00000E+00,  1.00000E+00,  1.00002E+00,  1.00019E+00,  1.00091E+00,  1.00299E+00,  1.00765E+00,  1.01692E+00,  1.03462E+00,  1.06885E+00,  1.13710E+00,  1.27791E+00,  1.57636E+00,  2.21962E+00,  3.61270E+00,  6.60636E+00,  1.29119E+01,  2.57808E+01,  5.09693E+01,  9.78402E+01,  1.80165E+02,  3.15880E+02,  5.24958E+02,  8.24965E+02,  1.22484E+03,  1.71867E+03,  2.28186E+03,  2.87196E+03,  3.43463E+03,  3.91344E+03,  4.26065E+03,  4.44572E+03,  4.45950E+03,  4.31352E+03,  4.03528E+03,  3.66155E+03,  3.23152E+03,  2.78125E+03,  2.34015E+03,  1.92944E+03,  1.56224E+03,  1.24474E+03,  9.77789E+02,  7.58587E+02,  5.82190E+02,  4.42666E+02,  3.33923E+02,  2.50230E+02,  1.86502E+02,  1.38415E+02,  1.02406E+02,  7.56093E+01,  5.57724E+01,  4.11482E+01,  3.04021E+01,  2.25248E+01,  1.67605E+01,  1.25469E+01,  9.46847E+00,  7.21930E+00,  5.57526E+00,  4.37251E+00,  3.49150E+00,  2.84518E+00,  2.37015E+00,  2.02030E+00,  1.76204E+00,  1.57092E+00,  1.42911E+00,  1.32359E+00,  1.24484E+00,  1.18590E+00,  1.14164E+00,  1.10830E+00,  1.08310E+00,  1.06400E+00,  1.04946E+00,  1.03836E+00,  1.02986E+00,  1.02333E+00,  1.01829E+00,  1.01439E+00,  1.01137E+00,  1.00901E+00,  1.00716E+00,  1.00571E+00,  1.00457E+00,  1.00368E+00,  1.00296E+00,  1.00240E+00,  1.00194E+00,  1.00158E+00,  1.00129E+00,  1.00106E+00,  1.00087E+00,  1.00072E+00,  1.00059E+00,  1.00049E+00,  1.00041E+00,  1.00034E+00,  1.00028E+00
  1.00000E+00,  1.00000E+00,  1.00002E+00,  1.00019E+00,  1.00090E+00,  1.00295E+00,  1.00756E+00,  1.01672E+00,  1.03421E+00,  1.06797E+00,  1.13517E+00,  1.27356E+00,  1.56638E+00,  2.19651E+00,  3.55931E+00,  6.48479E+00,  1.26423E+01,  2.52048E+01,  4.97942E+01,  9.55687E+01,  1.76029E+02,  3.08816E+02,  5.13676E+02,  8.08141E+02,  1.20144E+03,  1.68829E+03,  2.24507E+03,  2.83037E+03,  3.39075E+03,  3.87026E+03,  4.22115E+03,  4.41234E+03,  4.43385E+03,  4.29618E+03,  4.02592E+03,  3.65914E+03,  3.23461E+03,  2.78826E+03,  2.34958E+03,  1.94001E+03,  1.57299E+03,  1.25497E+03,  9.87069E+02,  7.66709E+02,  5.89097E+02,  4.48403E+02,  3.38597E+02,  2.53977E+02,  1.89466E+02,  1.40734E+02,  1.04202E+02,  7.69905E+01,  5.68275E+01,  4.19501E+01,  3.10089E+01,  2.29826E+01,  1.71050E+01,  1.28057E+01,  9.66265E+00,  7.36493E+00,  5.68448E+00,  4.45445E+00,  3.55304E+00,  2.89144E+00,  2.40498E+00,  2.04656E+00,  1.78188E+00,  1.58594E+00,  1.44051E+00,  1.33227E+00,  1.25146E+00,  1.19096E+00,  1.14552E+00,  1.11129E+00,  1.08541E+00,  1.06578E+00,  1.05085E+00,  1.03944E+00,  1.03071E+00,  1.02399E+00,  1.01881E+00,  1.01480E+00,  1.01169E+00,  1.00926E+00,  1.00737E+00,  1.00588E+00,  1.00471E+00,  1.00378E+00,  1.00305E+00,  1.00246E+00,  1.00200E+00,  1.00163E+00,  1.00133E+00,  1.00109E+00,  1.00089E+00,  1.00074E+00,  1.00061E+00,  1.00051E+00,  1.00042E+00,  1.00035E+00,  1.00029E+00
  1.00000E+00,  1.00000E+00,  1.00002E+00,  1.00018E+00,  1.00089E+00,  1.00291E+00,  1.00747E+00,  1.01652E+00,  1.03380E+00,  1.06710E+00,  1.13328E+00,  1.26931E+00,  1.55664E+00,  2.17398E+00,  3.50731E+00,  6.36652E+00,  1.23803E+01,  2.46450E+01,  4.86519E+01,  9.33594E+01,  1.72003E+02,  3.01932E+02,  5.02666E+02,  7.91698E+02,  1.17852E+03,  1.65849E+03,  2.20890E+03,  2.78938E+03,  3.34737E+03,  3.82745E+03,  4.18185E+03,  4.37901E+03,  4.40810E+03,  4.27863E+03,  4.01629E+03,  3.65643E+03,  3.23741E+03,  2.79502E+03,  2.35881E+03,  1.95045E+03,  1.58363E+03,  1.26513E+03,  9.96320E+02,  7.74825E+02,  5.96012E+02,  4.54157E+02,  3.43293E+02,  2.57747E+02,  1.92453E+02,  1.43072E+02,  1.06016E+02,  7.83867E+01,  5.78951E+01,  4.27621E+01,  3.16240E+01,  2.34469E+01,  1.74546E+01,  1.30686E+01,  9.86002E+00,  7.51305E+00,  5.79563E+00,  4.53789E+00,  3.61572E+00,  2.93858E+00,  2.44048E+00,  2.07335E+00,  1.80213E+00,  1.60128E+00,  1.45216E+00,  1.34113E+00,  1.25823E+00,  1.19614E+00,  1.14950E+00,  1.11434E+00,  1.08777E+00,  1.06761E+00,  1.05227E+00,  1.04055E+00,  1.03157E+00,  1.02467E+00,  1.01935E+00,  1.01522E+00,  1.01202E+00,  1.00953E+00,  1.00758E+00,  1.00605E+00,  1.00484E+00,  1.00389E+00,  1.00314E+00,  1.00254E+00,  1.00206E+00,  1.00167E+00,  1.00137E+00,  1.00112E+00,  1.00092E+00,  1.00076E+00,  1.00063E+00,  1.00052E+00,  1.00043E+00,  1.00036E+00,  1.00030E+00
  1.00000E+00,  1.00000E+00,  1.00002E+00,  1.00018E+00,  1.00087E+00,  1.00287E+00,  1.00738E+00,  1.01633E+00,  1.03340E+00,  1.06625E+00,  1.13143E+00,  1.26516E+00,  1.54713E+00,  2.15201E+00,  3.45667E+00,  6.25145E+00,  1.21254E+01,  2.41007E+01,  4.75414E+01,  9.12106E+01,  1.68084E+02,  2.95224E+02,  4.91923E+02,  7.75627E+02,  1.15608E+03,  1.62925E+03,  2.17333E+03,  2.74897E+03,  3.30450E+03,  3.78502E+03,  4.14276E+03,  4.34573E+03,  4.38224E+03,  4.26088E+03,  4.00639E+03,  3.65343E+03,  3.23994E+03,  2.80154E+03,  2.36785E+03,  1.96074E+03,  1.59418E+03,  1.27524E+03,  1.00554E+03,  7.82933E+02,  6.02935E+02,  4.59928E+02,  3.48009E+02,  2.61540E+02,  1.95460E+02,  1.45431E+02,  1.07848E+02,  7.97978E+01,  5.89752E+01,  4.35844E+01,  3.22473E+01,  2.39179E+01,  1.78096E+01,  1.33355E+01,  1.00606E+01,  7.66367E+00,  5.90872E+00,  4.62282E+00,  3.67956E+00,  2.98661E+00,  2.47668E+00,  2.10066E+00,  1.82278E+00,  1.61693E+00,  1.46404E+00,  1.35018E+00,  1.26513E+00,  1.20143E+00,  1.15355E+00,  1.11747E+00,  1.09018E+00,  1.06948E+00,  1.05372E+00,  1.04168E+00,  1.03246E+00,  1.02536E+00,  1.01989E+00,  1.01566E+00,  1.01236E+00,  1.00980E+00,  1.00779E+00,  1.00622E+00,  1.00498E+00,  1.00400E+00,  1.00323E+00,  1.00261E+00,  1.00212E+00,  1.00172E+00,  1.00141E+00,  1.00115E+00,  1.00095E+00,  1.00078E+00,  1.00064E+00,  1.00053E+00,  1.00044E+00,  1.00037E+00,  1.00031E+00
  1.00000E+00,  1.00000E+00,  1.00002E+00,  1.00018E+00,  1.00086E+00,  1.00283E+00,  1.00729E+00,  1.01614E+00,  1.03301E+00,  1.06542E+00,  1.12961E+00,  1.26109E+00,  1.53784E+00,  2.13058E+00,  3.40734E+00,  6.13947E+00,  1.18776E+01,  2.35716E+01,  4.64615E+01,  8.91203E+01,  1.64268E+02,  2.88687E+02,  4.81440E+02,  7.59919E+02,  1.13411E+03,  1.60057E+03,  2.13836E+03,  2.70914E+03,  3.26213E+03,  3.74295E+03,  4.10389E+03,  4.31250E+03,  4.35630E+03,  4.24293E+03,  3.99622E+03,  3.65015E+03,  3.24220E+03,  2.80782E+03,  2.37669E+03,  1.97088E+03,  1.60463E+03,  1.28528E+03,  1.01473E+03,  7.91033E+02,  6.09864E+02,  4.65715E+02,  3.52747E+02,  2.65354E+02,  1.98490E+02,  1.47809E+02,  1.09697E+02,  8.12238E+01,  6.00677E+01,  4.44169E+01,  3.28789E+01,  2.43954E+01,  1.81697E+01,  1.36067E+01,  1.02644E+01,  7.81682E+00,  6.02377E+00,  4.70928E+00,  3.74457E+00,  3.03555E+00,  2.51357E+00,  2.12852E+00,  1.84385E+00,  1.63291E+00,  1.47618E+00,  1.35942E+00,  1.27219E+00,  1.20683E+00,  1.15770E+00,  1.12066E+00,  1.09265E+00,  1.07139E+00,  1.05520E+00,  1.04284E+00,  1.03336E+00,  1.02607E+00,  1.02045E+00,  1.01610E+00,  1.01271E+00,  1.01008E+00,  1.00801E+00,  1.00640E+00,  1.00512E+00,  1.00411E+00,  1.00332E+00,  1.00268E+00,  1.00218E+00,  1.00177E+00,  1.00145E+00,  1.00119E+00,  1.00097E+00,  1.00080E+00,  1.00066E+00,  1.00055E+00,  1.00046E+00,  1.00038E+00,  1.00032E+00
  1.00000E+00,  1.00000E+00,  1.00002E+00,  1.00017E+00,  1.00085E+00,  1.00280E+00,  1.00720E+00,  1.01596E+00,  1.03262E+00,  1.06460E+00,  1.12783E+00,  1.25711E+00,  1.52876E+00,  2.10968E+00,  3.35929E+00,  6.03049E+00,  1.16365E+01,  2.30571E+01,  4.54115E+01,  8.70867E+01,  1.60554E+02,  2.82316E+02,  4.71208E+02,  7.44565E+02,  1.11260E+03,  1.57242E+03,  2.10396E+03,  2.66988E+03,  3.22026E+03,  3.70126E+03,  4.06524E+03,  4.27933E+03,  4.33028E+03,  4.22478E+03,  3.98580E+03,  3.64659E+03,  3.24418E+03,  2.81385E+03,  2.38534E+03,  1.98087E+03,  1.61497E+03,  1.29526E+03,  1.02389E+03,  7.99124E+02,  6.16800E+02,  4.71517E+02,  3.57504E+02,  2.69190E+02,  2.01540E+02,  1.50207E+02,  1.11563E+02,  8.26647E+01,  6.11727E+01,  4.52597E+01,  3.35189E+01,  2.48797E+01,  1.85352E+01,  1.38820E+01,  1.04716E+01,  7.97253E+00,  6.14081E+00,  4.79727E+00,  3.81077E+00,  3.08541E+00,  2.55116E+00,  2.15692E+00,  1.86534E+00,  1.64920E+00,  1.48856E+00,  1.36886E+00,  1.27940E+00,  1.21235E+00,  1.16194E+00,  1.12393E+00,  1.09517E+00,  1.07334E+00,  1.05672E+00,  1.04402E+00,  1.03429E+00,  1.02680E+00,  1.02102E+00,  1.01655E+00,  1.01307E+00,  1.01036E+00,  1.00824E+00,  1.00658E+00,  1.00527E+00,  1.00423E+00,  1.00341E+00,  1.00276E+00,  1.00224E+00,  1.00182E+00,  1.00149E+00,  1.00122E+00,  1.00100E+00,  1.00083E+00,  1.00068E+00,  1.00057E+00,  1.00047E+00,  1.00039E+00,  1.00033E+00
  1.00000E+00,  1.00000E+00,  1.00002E+00,  1.00017E+00,  1.00083E+00,  1.00276E+00,  1.00712E+00,  1.01577E+00,  1.03224E+00,  1.06380E+00,  1.12609E+00,  1.25322E+00,  1.51989E+00,  2.08928E+00,  3.31247E+00,  5.92440E+00,  1.14020E+01,  2.25567E+01,  4.43902E+01,  8.51081E+01,  1.56937E+02,  2.76106E+02,  4.61223E+02,  7.29557E+02,  1.09153E+03,  1.54480E+03,  2.07014E+03,  2.63118E+03,  3.17888E+03,  3.65995E+03,  4.02682E+03,  4.24622E+03,  4.30418E+03,  4.20646E+03,  3.97513E+03,  3.64274E+03,  3.24589E+03,  2.81965E+03,  2.39378E+03,  1.99071E+03,  1.62521E+03,  1.30518E+03,  1.03302E+03,  8.07204E+02,  6.23740E+02,  4.77333E+02,  3.62281E+02,  2.73048E+02,  2.04612E+02,  1.52624E+02,  1.13446E+02,  8.41205E+01,  6.22903E+01,  4.61128E+01,  3.41673E+01,  2.53707E+01,  1.89060E+01,  1.41615E+01,  1.06820E+01,  8.13081E+00,  6.25984E+00,  4.88682E+00,  3.87817E+00,  3.13619E+00,  2.58948E+00,  2.18587E+00,  1.88726E+00,  1.66582E+00,  1.50120E+00,  1.37849E+00,  1.28675E+00,  1.21798E+00,  1.16627E+00,  1.12726E+00,  1.09774E+00,  1.07534E+00,  1.05827E+00,  1.04523E+00,  1.03523E+00,  1.02754E+00,  1.02160E+00,  1.01701E+00,  1.01344E+00,  1.01065E+00,  1.00847E+00,  1.00676E+00,  1.00541E+00,  1.00435E+00,  1.00351E+00,  1.00284E+00,  1.00230E+00,  1.00187E+00,  1.00153E+00,  1.00125E+00,  1.00103E+00,  1.00085E+00,  1.00070E+00,  1.00058E+00,  1.00048E+00,  1.00040E+00,  1.00034E+00
  1.00000E+00,  1.00000E+00,  1.00002E+00,  1.00017E+00,  1.00082E+00,  1.00272E+00,  1.00703E+00,  1.01559E+00,  1.03187E+00,  1.06301E+00,  1.12438E+00,  1.24940E+00,  1.51123E+00,  2.06939E+00,  3.26684E+00,  5.82113E+00,  1.11739E+01,  2.20701E+01,  4.33969E+01,  8.31829E+01,  1.53415E+02,  2.70053E+02,  4.51477E+02,  7.14886E+02,  1.07090E+03,  1.51770E+03,  2.03688E+03,  2.59304E+03,  3.13799E+03,  3.61901E+03,  3.98862E+03,  4.21319E+03,  4.27801E+03,  4.18795E+03,  3.96421E+03,  3.63863E+03,  3.24733E+03,  2.82521E+03,  2.40204E+03,  2.00041E+03,  1.63535E+03,  1.31503E+03,  1.04211E+03,  8.15272E+02,  6.30684E+02,  4.83164E+02,  3.67077E+02,  2.76926E+02,  2.07705E+02,  1.55061E+02,  1.15347E+02,  8.55911E+01,  6.34203E+01,  4.69762E+01,  3.48240E+01,  2.58684E+01,  1.92822E+01,  1.44452E+01,  1.08957E+01,  8.29169E+00,  6.38090E+00,  4.97793E+00,  3.94679E+00,  3.18792E+00,  2.62852E+00,  2.21537E+00,  1.90961E+00,  1.68278E+00,  1.51410E+00,  1.38832E+00,  1.29427E+00,  1.22374E+00,  1.17069E+00,  1.13067E+00,  1.10038E+00,  1.07738E+00,  1.05986E+00,  1.04647E+00,  1.03620E+00,  1.02830E+00,  1.02220E+00,  1.01748E+00,  1.01381E+00,  1.01095E+00,  1.00871E+00,  1.00695E+00,  1.00557E+00,  1.00447E+00,  1.00361E+00,  1.00292E+00,  1.00237E+00,  1.00193E+00,  1.00157E+00,  1.00129E+00,  1.00106E+00,  1.00087E+00,  1.00072E+00,  1.00060E+00,  1.00050E+00,  1.00041E+00,  1.00035E+00
  1.00000E+00,  1.00000E+00,  1.00002E+00,  1.00016E+00,  1.00081E+00,  1.00269E+00,  1.00695E+00,  1.01542E+00,  1.03150E+00,  1.06223E+00,  1.12270E+00,  1.24567E+00,  1.50276E+00,  2.04997E+00,  3.22238E+00,  5.72059E+00,  1.09520E+01,  2.15967E+01,  4.24306E+01,  8.13094E+01,  1.49986E+02,  2.64152E+02,  4.41965E+02,  7.00544E+02,  1.05069E+03,  1.49111E+03,  2.00418E+03,  2.55545E+03,  3.09759E+03,  3.57844E+03,  3.95065E+03,  4.18023E+03,  4.25178E+03,  4.16928E+03,  3.95306E+03,  3.63425E+03,  3.24851E+03,  2.83053E+03,  2.41009E+03,  2.00995E+03,  1.64538E+03,  1.32481E+03,  1.05116E+03,  8.23328E+02,  6.37632E+02,  4.89007E+02,  3.71891E+02,  2.80826E+02,  2.10818E+02,  1.57516E+02,  1.17265E+02,  8.70766E+01,  6.45627E+01,  4.78500E+01,  3.54891E+01,  2.63729E+01,  1.96638E+01,  1.47332E+01,  1.11128E+01,  8.45519E+00,  6.50400E+00,  5.07063E+00,  4.01663E+00,  3.24059E+00,  2.66829E+00,  2.24545E+00,  1.93239E+00,  1.70007E+00,  1.52725E+00,  1.39835E+00,  1.30193E+00,  1.22961E+00,  1.17521E+00,  1.13415E+00,  1.10307E+00,  1.07946E+00,  1.06148E+00,  1.04773E+00,  1.03719E+00,  1.02908E+00,  1.02281E+00,  1.01796E+00,  1.01419E+00,  1.01125E+00,  1.00895E+00,  1.00714E+00,  1.00572E+00,  1.00460E+00,  1.00371E+00,  1.00300E+00,  1.00243E+00,  1.00198E+00,  1.00162E+00,  1.00132E+00,  1.00109E+00,  1.00090E+00,  1.00074E+00,  1.00061E+00,  1.00051E+00,  1.00043E+00,  1.00036E+00
  1.00000E+00,  1.00000E+00,  1.00002E+00,  1.00016E+00,  1.00080E+00,  1.00265E+00,  1.00686E+00,  1.01524E+00,  1.03114E+00,  1.06147E+00,  1.12105E+00,  1.24202E+00,  1.49448E+00,  2.03103E+00,  3.17904E+00,  5.62268E+00,  1.07360E+01,  2.11362E+01,  4.14906E+01,  7.94860E+01,  1.46645E+02,  2.58399E+02,  4.32679E+02,  6.86523E+02,  1.03090E+03,  1.46502E+03,  1.97203E+03,  2.51840E+03,  3.05767E+03,  3.53824E+03,  3.91291E+03,  4.14735E+03,  4.22549E+03,  4.15044E+03,  3.94167E+03,  3.62960E+03,  3.24943E+03,  2.83562E+03,  2.41796E+03,  2.01935E+03,  1.65530E+03,  1.33453E+03,  1.06018E+03,  8.31370E+02,  6.44582E+02,  4.94863E+02,  3.76724E+02,  2.84745E+02,  2.13951E+02,  1.59991E+02,  1.19200E+02,  8.85768E+01,  6.57177E+01,  4.87341E+01,  3.61627E+01,  2.68842E+01,  2.00508E+01,  1.50256E+01,  1.13333E+01,  8.62133E+00,  6.62917E+00,  5.16493E+00,  4.08771E+00,  3.29422E+00,  2.70880E+00,  2.27610E+00,  1.95562E+00,  1.71771E+00,  1.54067E+00,  1.40858E+00,  1.30976E+00,  1.23561E+00,  1.17982E+00,  1.13770E+00,  1.10581E+00,  1.08159E+00,  1.06313E+00,  1.04902E+00,  1.03820E+00,  1.02987E+00,  1.02344E+00,  1.01845E+00,  1.01458E+00,  1.01156E+00,  1.00920E+00,  1.00734E+00,  1.00588E+00,  1.00473E+00,  1.00381E+00,  1.00308E+00,  1.00250E+00,  1.00204E+00,  1.00166E+00,  1.00136E+00,  1.00112E+00,  1.00092E+00,  1.00076E+00,  1.00063E+00,  1.00053E+00,  1.00044E+00,  1.00037E+00
  1.00000E+00,  1.00000E+00,  1.00002E+00,  1.00016E+00,  1.00078E+00,  1.00262E+00,  1.00678E+00,  1.01507E+00,  1.03078E+00,  1.06072E+00,  1.11944E+00,  1.23844E+00,  1.48639E+00,  2.01253E+00,  3.13679E+00,  5.52732E+00,  1.05257E+01,  2.06882E+01,  4.05759E+01,  7.77112E+01,  1.43392E+02,  2.52790E+02,  4.23614E+02,  6.72815E+02,  1.01153E+03,  1.43942E+03,  1.94041E+03,  2.48188E+03,  3.01823E+03,  3.49842E+03,  3.87540E+03,  4.11456E+03,  4.19915E+03,  4.13145E+03,  3.93006E+03,  3.62470E+03,  3.25009E+03,  2.84048E+03,  2.42562E+03,  2.02859E+03,  1.66512E+03,  1.34417E+03,  1.06916E+03,  8.39398E+02,  6.51534E+02,  5.00731E+02,  3.81574E+02,  2.88685E+02,  2.17105E+02,  1.62485E+02,  1.21152E+02,  9.00918E+01,  6.68852E+01,  4.96285E+01,  3.68447E+01,  2.74024E+01,  2.04433E+01,  1.53222E+01,  1.15572E+01,  8.79015E+00,  6.75641E+00,  5.26084E+00,  4.16005E+00,  3.34882E+00,  2.75006E+00,  2.30733E+00,  1.97929E+00,  1.73569E+00,  1.55436E+00,  1.41903E+00,  1.31775E+00,  1.24174E+00,  1.18453E+00,  1.14133E+00,  1.10862E+00,  1.08377E+00,  1.06483E+00,  1.05034E+00,  1.03923E+00,  1.03068E+00,  1.02408E+00,  1.01896E+00,  1.01498E+00,  1.01188E+00,  1.00945E+00,  1.00754E+00,  1.00604E+00,  1.00486E+00,  1.00392E+00,  1.00317E+00,  1.00257E+00,  1.00209E+00,  1.00171E+00,  1.00140E+00,  1.00115E+00,  1.00095E+00,  1.00078E+00,  1.00065E+00,  1.00054E+00,  1.00045E+00,  1.00038E+00
  1.00000E+00,  1.00000E+00,  1.00002E+00,  1.00015E+00,  1.00077E+00,  1.00258E+00,  1.00670E+00,  1.01490E+00,  1.03043E+00,  1.05999E+00,  1.11785E+00,  1.23494E+00,  1.47848E+00,  1.99448E+00,  3.09560E+00,  5.43445E+00,  1.03211E+01,  2.02522E+01,  3.96859E+01,  7.59836E+01,  1.40223E+02,  2.47322E+02,  4.14765E+02,  6.59413E+02,  9.92550E+02,  1.41430E+03,  1.90933E+03,  2.44590E+03,  2.97926E+03,  3.45898E+03,  3.83814E+03,  4.08187E+03,  4.17277E+03,  4.11230E+03,  3.91822E+03,  3.61954E+03,  3.25049E+03,  2.84510E+03,  2.43310E+03,  2.03769E+03,  1.67483E+03,  1.35375E+03,  1.07810E+03,  8.47410E+02,  6.58486E+02,  5.06610E+02,  3.86441E+02,  2.92644E+02,  2.20278E+02,  1.64998E+02,  1.23121E+02,  9.16215E+01,  6.80652E+01,  5.05334E+01,  3.75353E+01,  2.79274E+01,  2.08412E+01,  1.56232E+01,  1.17845E+01,  8.96165E+00,  6.88575E+00,  5.35839E+00,  4.23365E+00,  3.40440E+00,  2.79208E+00,  2.33914E+00,  2.00342E+00,  1.75403E+00,  1.56832E+00,  1.42968E+00,  1.32590E+00,  1.24799E+00,  1.18934E+00,  1.14504E+00,  1.11149E+00,  1.08599E+00,  1.06656E+00,  1.05169E+00,  1.04029E+00,  1.03151E+00,  1.02473E+00,  1.01948E+00,  1.01539E+00,  1.01220E+00,  1.00971E+00,  1.00775E+00,  1.00621E+00,  1.00499E+00,  1.00402E+00,  1.00325E+00,  1.00264E+00,  1.00215E+00,  1.00176E+00,  1.00144E+00,  1.00118E+00,  1.00097E+00,  1.00080E+00,  1.00067E+00,  1.00055E+00,  1.00046E+00,  1.00039E+00
  1.00000E+00,  1.00000E+00,  1.00002E+00,  1.00015E+00,  1.00076E+00,  1.00255E+00,  1.00662E+00,  1.01473E+00,  1.03008E+00,  1.05926E+00,  1.11630E+00,  1.23151E+00,  1.47075E+00,  1.97685E+00,  3.05543E+00,  5.34397E+00,  1.01219E+01,  1.98279E+01,  3.88197E+01,  7.43017E+01,  1.37136E+02,  2.41989E+02,  4.06125E+02,  6.46310E+02,  9.73965E+02,  1.38965E+03,  1.87876E+03,  2.41044E+03,  2.94077E+03,  3.41991E+03,  3.80112E+03,  4.04927E+03,  4.14636E+03,  4.09301E+03,  3.90617E+03,  3.61412E+03,  3.25064E+03,  2.84949E+03,  2.44038E+03,  2.04663E+03,  1.68443E+03,  1.36326E+03,  1.08700E+03,  8.55405E+02,  6.65438E+02,  5.12499E+02,  3.91324E+02,  2.96622E+02,  2.23471E+02,  1.67529E+02,  1.25107E+02,  9.31659E+01,  6.92576E+01,  5.14486E+01,  3.82343E+01,  2.84592E+01,  2.12447E+01,  1.59286E+01,  1.20152E+01,  9.13586E+00,  7.01720E+00,  5.45759E+00,  4.30854E+00,  3.46098E+00,  2.83487E+00,  2.37155E+00,  2.02801E+00,  1.77272E+00,  1.58256E+00,  1.44055E+00,  1.33422E+00,  1.25437E+00,  1.19424E+00,  1.14883E+00,  1.11442E+00,  1.08826E+00,  1.06833E+00,  1.05307E+00,  1.04137E+00,  1.03236E+00,  1.02540E+00,  1.02000E+00,  1.01581E+00,  1.01254E+00,  1.00997E+00,  1.00796E+00,  1.00638E+00,  1.00513E+00,  1.00413E+00,  1.00334E+00,  1.00271E+00,  1.00221E+00,  1.00180E+00,  1.00148E+00,  1.00121E+00,  1.00100E+00,  1.00083E+00,  1.00069E+00,  1.00057E+00,  1.00047E+00,  1.00040E+00
  1.00000E+00,  1.00000E+00,  1.00002E+00,  1.00015E+00,  1.00075E+00,  1.00252E+00,  1.00655E+00,  1.01457E+00,  1.02974E+00,  1.05855E+00,  1.11478E+00,  1.22815E+00,  1.46319E+00,  1.95964E+00,  3.01626E+00,  5.25583E+00,  9.92795E+00,  1.94150E+01,  3.79767E+01,  7.26642E+01,  1.34128E+02,  2.36789E+02,  3.97690E+02,  6.33498E+02,  9.55762E+02,  1.36546E+03,  1.84871E+03,  2.37550E+03,  2.90275E+03,  3.38121E+03,  3.76434E+03,  4.01677E+03,  4.11991E+03,  4.07359E+03,  3.89390E+03,  3.60847E+03,  3.25055E+03,  2.85365E+03,  2.44746E+03,  2.05542E+03,  1.69393E+03,  1.37269E+03,  1.09586E+03,  8.63382E+02,  6.72389E+02,  5.18398E+02,  3.96224E+02,  3.00619E+02,  2.26684E+02,  1.70079E+02,  1.27110E+02,  9.47249E+01,  7.04625E+01,  5.23742E+01,  3.89420E+01,  2.89981E+01,  2.16537E+01,  1.62384E+01,  1.22495E+01,  9.31280E+00,  7.15080E+00,  5.55845E+00,  4.38471E+00,  3.51856E+00,  2.87844E+00,  2.40456E+00,  2.05306E+00,  1.79177E+00,  1.59707E+00,  1.45163E+00,  1.34270E+00,  1.26088E+00,  1.19925E+00,  1.15269E+00,  1.11741E+00,  1.09058E+00,  1.07013E+00,  1.05448E+00,  1.04247E+00,  1.03322E+00,  1.02608E+00,  1.02054E+00,  1.01624E+00,  1.01288E+00,  1.01025E+00,  1.00818E+00,  1.00655E+00,  1.00527E+00,  1.00425E+00,  1.00344E+00,  1.00279E+00,  1.00227E+00,  1.00185E+00,  1.00152E+00,  1.00125E+00,  1.00103E+00,  1.00085E+00,  1.00070E+00,  1.00059E+00,  1.00049E+00,  1.00041E+00
  1.00000E+00,  1.00000E+00,  1.00002E+00,  1.00015E+00,  1.00074E+00,  1.00248E+00,  1.00647E+00,  1.01440E+00,  1.02941E+00,  1.05785E+00,  1.11328E+00,  1.22485E+00,  1.45579E+00,  1.94283E+00,  2.97806E+00,  5.16994E+00,  9.73910E+00,  1.90130E+01,  3.71561E+01,  7.10697E+01,  1.31197E+02,  2.31718E+02,  3.89454E+02,  6.20970E+02,  9.37933E+02,  1.34173E+03,  1.81916E+03,  2.34106E+03,  2.86519E+03,  3.34288E+03,  3.72780E+03,  3.98438E+03,  4.09344E+03,  4.05403E+03,  3.88144E+03,  3.60257E+03,  3.25020E+03,  2.85759E+03,  2.45436E+03,  2.06406E+03,  1.70331E+03,  1.38205E+03,  1.10468E+03,  8.71340E+02,  6.79338E+02,  5.24306E+02,  4.01139E+02,  3.04635E+02,  2.29915E+02,  1.72647E+02,  1.29129E+02,  9.62986E+01,  7.16799E+01,  5.33103E+01,  3.96581E+01,  2.95438E+01,  2.20683E+01,  1.65526E+01,  1.24872E+01,  9.49251E+00,  7.28655E+00,  5.66099E+00,  4.46220E+00,  3.57715E+00,  2.92280E+00,  2.43819E+00,  2.07859E+00,  1.81118E+00,  1.61187E+00,  1.46294E+00,  1.35136E+00,  1.26753E+00,  1.20437E+00,  1.15664E+00,  1.12046E+00,  1.09295E+00,  1.07197E+00,  1.05592E+00,  1.04360E+00,  1.03411E+00,  1.02678E+00,  1.02109E+00,  1.01667E+00,  1.01322E+00,  1.01052E+00,  1.00840E+00,  1.00673E+00,  1.00541E+00,  1.00436E+00,  1.00353E+00,  1.00286E+00,  1.00233E+00,  1.00190E+00,  1.00156E+00,  1.00128E+00,  1.00106E+00,  1.00087E+00,  1.00072E+00,  1.00060E+00,  1.00050E+00,  1.00042E+00
  1.00000E+00,  1.00000E+00,  1.00001E+00,  1.00014E+00,  1.00073E+00,  1.00245E+00,  1.00639E+00,  1.01424E+00,  1.02908E+00,  1.05717E+00,  1.11181E+00,  1.22163E+00,  1.44855E+00,  1.92642E+00,  2.94079E+00,  5.08624E+00,  9.55519E+00,  1.86217E+01,  3.63572E+01,  6.95170E+01,  1.28342E+02,  2.26771E+02,  3.81412E+02,  6.08720E+02,  9.20471E+02,  1.31845E+03,  1.79010E+03,  2.30713E+03,  2.82809E+03,  3.30492E+03,  3.69152E+03,  3.95210E+03,  4.06695E+03,  4.03434E+03,  3.86877E+03,  3.59643E+03,  3.24961E+03,  2.86130E+03,  2.46106E+03,  2.07255E+03,  1.71258E+03,  1.39134E+03,  1.11345E+03,  8.79279E+02,  6.86284E+02,  5.30223E+02,  4.06068E+02,  3.08668E+02,  2.33166E+02,  1.75233E+02,  1.31165E+02,  9.78868E+01,  7.29097E+01,  5.42567E+01,  4.03829E+01,  3.00965E+01,  2.24885E+01,  1.68713E+01,  1.27285E+01,  9.67498E+00,  7.42447E+00,  5.76523E+00,  4.54100E+00,  3.63677E+00,  2.96795E+00,  2.47242E+00,  2.10459E+00,  1.83097E+00,  1.62696E+00,  1.47446E+00,  1.36018E+00,  1.27430E+00,  1.20958E+00,  1.16066E+00,  1.12358E+00,  1.09537E+00,  1.07386E+00,  1.05739E+00,  1.04475E+00,  1.03501E+00,  1.02749E+00,  1.02166E+00,  1.01712E+00,  1.01358E+00,  1.01081E+00,  1.00863E+00,  1.00691E+00,  1.00556E+00,  1.00448E+00,  1.00362E+00,  1.00294E+00,  1.00239E+00,  1.00196E+00,  1.00160E+00,  1.00132E+00,  1.00108E+00,  1.00090E+00,  1.00074E+00,  1.00062E+00,  1.00051E+00,  1.00043E+00
  1.00000E+00,  1.00000E+00,  1.00001E+00,  1.00014E+00,  1.00072E+00,  1.00242E+00,  1.00632E+00,  1.01408E+00,  1.02875E+00,  1.05649E+00,  1.11037E+00,  1.21847E+00,  1.44148E+00,  1.91038E+00,  2.90443E+00,  5.00467E+00,  9.37606E+00,  1.82407E+01,  3.55794E+01,  6.80048E+01,  1.25559E+02,  2.21947E+02,  3.73558E+02,  5.96740E+02,  9.03368E+02,  1.29560E+03,  1.76154E+03,  2.27370E+03,  2.79145E+03,  3.26733E+03,  3.65548E+03,  3.91993E+03,  4.04044E+03,  4.01454E+03,  3.85591E+03,  3.59006E+03,  3.24878E+03,  2.86478E+03,  2.46757E+03,  2.08089E+03,  1.72174E+03,  1.40055E+03,  1.12218E+03,  8.87197E+02,  6.93226E+02,  5.36147E+02,  4.11013E+02,  3.12719E+02,  2.36435E+02,  1.77837E+02,  1.33217E+02,  9.94895E+01,  7.41520E+01,  5.52137E+01,  4.11162E+01,  3.06563E+01,  2.29144E+01,  1.71945E+01,  1.29734E+01,  9.86026E+00,  7.56459E+00,  5.87118E+00,  4.62114E+00,  3.69742E+00,  3.01390E+00,  2.50729E+00,  2.13108E+00,  1.85113E+00,  1.64233E+00,  1.48622E+00,  1.36919E+00,  1.28122E+00,  1.21491E+00,  1.16477E+00,  1.12676E+00,  1.09784E+00,  1.07578E+00,  1.05889E+00,  1.04593E+00,  1.03594E+00,  1.02822E+00,  1.02223E+00,  1.01757E+00,  1.01394E+00,  1.01110E+00,  1.00886E+00,  1.00710E+00,  1.00571E+00,  1.00460E+00,  1.00372E+00,  1.00302E+00,  1.00246E+00,  1.00201E+00,  1.00165E+00,  1.00135E+00,  1.00111E+00,  1.00092E+00,  1.00076E+00,  1.00063E+00,  1.00053E+00,  1.00044E+00
  1.00000E+00,  1.00000E+00,  1.00001E+00,  1.00014E+00,  1.00071E+00,  1.00239E+00,  1.00625E+00,  1.01393E+00,  1.02843E+00,  1.05583E+00,  1.10896E+00,  1.21537E+00,  1.43455E+00,  1.89472E+00,  2.86896E+00,  4.92515E+00,  9.20157E+00,  1.78697E+01,  3.48221E+01,  6.65319E+01,  1.22847E+02,  2.17241E+02,  3.65888E+02,  5.85025E+02,  8.86615E+02,  1.27318E+03,  1.73345E+03,  2.24075E+03,  2.75527E+03,  3.23011E+03,  3.61969E+03,  3.88789E+03,  4.01393E+03,  3.99462E+03,  3.84286E+03,  3.58347E+03,  3.24772E+03,  2.86805E+03,  2.47389E+03,  2.08907E+03,  1.73078E+03,  1.40969E+03,  1.13087E+03,  8.95094E+02,  7.00164E+02,  5.42078E+02,  4.15971E+02,  3.16788E+02,  2.39722E+02,  1.80459E+02,  1.35286E+02,  1.01107E+02,  7.54067E+01,  5.61810E+01,  4.18582E+01,  3.12230E+01,  2.33459E+01,  1.75222E+01,  1.32218E+01,  1.00484E+01,  7.70692E+00,  5.97886E+00,  4.70263E+00,  3.75913E+00,  3.06067E+00,  2.54278E+00,  2.15806E+00,  1.87167E+00,  1.65800E+00,  1.49820E+00,  1.37837E+00,  1.28827E+00,  1.22034E+00,  1.16897E+00,  1.13001E+00,  1.10037E+00,  1.07775E+00,  1.06043E+00,  1.04713E+00,  1.03688E+00,  1.02896E+00,  1.02282E+00,  1.01804E+00,  1.01431E+00,  1.01139E+00,  1.00910E+00,  1.00729E+00,  1.00586E+00,  1.00472E+00,  1.00382E+00,  1.00310E+00,  1.00253E+00,  1.00206E+00,  1.00169E+00,  1.00139E+00,  1.00114E+00,  1.00095E+00,  1.00078E+00,  1.00065E+00,  1.00054E+00,  1.00045E+00
  1.00000E+00,  1.00000E+00,  1.00001E+00,  1.00014E+00,  1.00070E+00,  1.00236E+00,  1.00617E+00,  1.01378E+00,  1.02812E+00,  1.05518E+00,  1.10757E+00,  1.21234E+00,  1.42778E+00,  1.87941E+00,  2.83434E+00,  4.84764E+00,  9.03159E+00,  1.75084E+01,  3.40846E+01,  6.50972E+01,  1.20203E+02,  2.12650E+02,  3.58398E+02,  5.73568E+02,  8.70205E+02,  1.25118E+03,  1.70584E+03,  2.20829E+03,  2.71953E+03,  3.19326E+03,  3.58416E+03,  3.85597E+03,  3.98741E+03,  3.97459E+03,  3.82962E+03,  3.57664E+03,  3.24642E+03,  2.87109E+03,  2.48002E+03,  2.09710E+03,  1.73972E+03,  1.41875E+03,  1.13950E+03,  9.02967E+02,  7.07097E+02,  5.48016E+02,  4.20942E+02,  3.20874E+02,  2.43028E+02,  1.83099E+02,  1.37370E+02,  1.02738E+02,  7.66738E+01,  5.71588E+01,  4.26088E+01,  3.17968E+01,  2.37830E+01,  1.78544E+01,  1.34738E+01,  1.02393E+01,  7.85148E+00,  6.08828E+00,  4.78547E+00,  3.82189E+00,  3.10826E+00,  2.57891E+00,  2.18553E+00,  1.89260E+00,  1.67397E+00,  1.51041E+00,  1.38773E+00,  1.29547E+00,  1.22588E+00,  1.17325E+00,  1.13332E+00,  1.10294E+00,  1.07975E+00,  1.06199E+00,  1.04836E+00,  1.03785E+00,  1.02972E+00,  1.02342E+00,  1.01852E+00,  1.01469E+00,  1.01169E+00,  1.00934E+00,  1.00748E+00,  1.00601E+00,  1.00485E+00,  1.00392E+00,  1.00319E+00,  1.00259E+00,  1.00212E+00,  1.00173E+00,  1.00143E+00,  1.00117E+00,  1.00097E+00,  1.00080E+00,  1.00067E+00,  1.00056E+00,  1.00047E+00
  1.00000E+00,  1.00000E+00,  1.00001E+00,  1.00013E+00,  1.00069E+00,  1.00233E+00,  1.00610E+00,  1.01362E+00,  1.02781E+00,  1.05453E+00,  1.10621E+00,  1.20936E+00,  1.42114E+00,  1.86445E+00,  2.80056E+00,  4.77206E+00,  8.86597E+00,  1.71565E+01,  3.33663E+01,  6.36995E+01,  1.17627E+02,  2.08171E+02,  3.51082E+02,  5.62363E+02,  8.54130E+02,  1.22959E+03,  1.67869E+03,  2.17631E+03,  2.68423E+03,  3.15678E+03,  3.54888E+03,  3.82417E+03,  3.96090E+03,  3.95446E+03,  3.81621E+03,  3.56960E+03,  3.24489E+03,  2.87392E+03,  2.48595E+03,  2.10498E+03,  1.74854E+03,  1.42773E+03,  1.14810E+03,  9.10818E+02,  7.14024E+02,  5.53959E+02,  4.25927E+02,  3.24976E+02,  2.46351E+02,  1.85756E+02,  1.39471E+02,  1.04384E+02,  7.79533E+01,  5.81470E+01,  4.33681E+01,  3.23777E+01,  2.42259E+01,  1.81912E+01,  1.37295E+01,  1.04331E+01,  7.99829E+00,  6.19946E+00,  4.86969E+00,  3.88572E+00,  3.15668E+00,  2.61569E+00,  2.21351E+00,  1.91391E+00,  1.69025E+00,  1.52286E+00,  1.39727E+00,  1.30280E+00,  1.23153E+00,  1.17762E+00,  1.13670E+00,  1.10557E+00,  1.08180E+00,  1.06359E+00,  1.04961E+00,  1.03883E+00,  1.03050E+00,  1.02403E+00,  1.01900E+00,  1.01508E+00,  1.01200E+00,  1.00959E+00,  1.00768E+00,  1.00617E+00,  1.00498E+00,  1.00403E+00,  1.00327E+00,  1.00266E+00,  1.00217E+00,  1.00178E+00,  1.00146E+00,  1.00121E+00,  1.00100E+00,  1.00083E+00,  1.00069E+00,  1.00057E+00,  1.00048E+00
  1.00000E+00,  1.00000E+00,  1.00001E+00,  1.00013E+00,  1.00068E+00,  1.00230E+00,  1.00603E+00,  1.01348E+00,  1.02750E+00,  1.05390E+00,  1.10487E+00,  1.20644E+00,  1.41466E+00,  1.84984E+00,  2.76758E+00,  4.69836E+00,  8.70458E+00,  1.68138E+01,  3.26667E+01,  6.23378E+01,  1.15115E+02,  2.03802E+02,  3.43937E+02,  5.51404E+02,  8.38384E+02,  1.20840E+03,  1.65199E+03,  2.14480E+03,  2.64938E+03,  3.12066E+03,  3.51386E+03,  3.79250E+03,  3.93439E+03,  3.93423E+03,  3.80263E+03,  3.56234E+03,  3.24313E+03,  2.87653E+03,  2.49171E+03,  2.11271E+03,  1.75724E+03,  1.43663E+03,  1.15664E+03,  9.18644E+02,  7.20944E+02,  5.59907E+02,  4.30923E+02,  3.29094E+02,  2.49692E+02,  1.88430E+02,  1.41589E+02,  1.06045E+02,  7.92452E+01,  5.91457E+01,  4.41360E+01,  3.29656E+01,  2.46745E+01,  1.85326E+01,  1.39888E+01,  1.06298E+01,  8.14736E+00,  6.31243E+00,  4.95530E+00,  3.95063E+00,  3.20594E+00,  2.65312E+00,  2.24199E+00,  1.93562E+00,  1.70682E+00,  1.53555E+00,  1.40700E+00,  1.31028E+00,  1.23730E+00,  1.18207E+00,  1.14016E+00,  1.10825E+00,  1.08389E+00,  1.06523E+00,  1.05089E+00,  1.03984E+00,  1.03129E+00,  1.02466E+00,  1.01950E+00,  1.01547E+00,  1.01232E+00,  1.00984E+00,  1.00788E+00,  1.00634E+00,  1.00511E+00,  1.00414E+00,  1.00336E+00,  1.00273E+00,  1.00223E+00,  1.00183E+00,  1.00150E+00,  1.00124E+00,  1.00102E+00,  1.00085E+00,  1.00070E+00,  1.00059E+00,  1.00049E+00
  1.00000E+00,  1.00000E+00,  1.00001E+00,  1.00013E+00,  1.00067E+00,  1.00227E+00,  1.00596E+00,  1.01333E+00,  1.02720E+00,  1.05328E+00,  1.10355E+00,  1.20359E+00,  1.40830E+00,  1.83555E+00,  2.73539E+00,  4.62649E+00,  8.54731E+00,  1.64799E+01,  3.19853E+01,  6.10110E+01,  1.12666E+02,  1.99538E+02,  3.36957E+02,  5.40685E+02,  8.22959E+02,  1.18761E+03,  1.62575E+03,  2.11376E+03,  2.61496E+03,  3.08490E+03,  3.47910E+03,  3.76097E+03,  3.90789E+03,  3.91390E+03,  3.78887E+03,  3.55487E+03,  3.24114E+03,  2.87892E+03,  2.49727E+03,  2.12029E+03,  1.76584E+03,  1.44546E+03,  1.16513E+03,  9.26444E+02,  7.27856E+02,  5.65860E+02,  4.35932E+02,  3.33228E+02,  2.53051E+02,  1.91122E+02,  1.43722E+02,  1.07719E+02,  8.05494E+01,  6.01549E+01,  4.49126E+01,  3.35607E+01,  2.51289E+01,  1.88786E+01,  1.42517E+01,  1.08294E+01,  8.29873E+00,  6.42718E+00,  5.04231E+00,  4.01663E+00,  3.25606E+00,  2.69121E+00,  2.27099E+00,  1.95773E+00,  1.72371E+00,  1.54847E+00,  1.41692E+00,  1.31791E+00,  1.24318E+00,  1.18661E+00,  1.14368E+00,  1.11099E+00,  1.08602E+00,  1.06689E+00,  1.05220E+00,  1.04086E+00,  1.03210E+00,  1.02530E+00,  1.02001E+00,  1.01588E+00,  1.01264E+00,  1.01010E+00,  1.00809E+00,  1.00650E+00,  1.00525E+00,  1.00425E+00,  1.00345E+00,  1.00281E+00,  1.00229E+00,  1.00188E+00,  1.00154E+00,  1.00127E+00,  1.00105E+00,  1.00087E+00,  1.00072E+00,  1.00060E+00,  1.00050E+00
  1.00000E+00,  1.00000E+00,  1.00001E+00,  1.00013E+00,  1.00066E+00,  1.00224E+00,  1.00590E+00,  1.01318E+00,  1.02690E+00,  1.05267E+00,  1.10226E+00,  1.20078E+00,  1.40209E+00,  1.82159E+00,  2.70396E+00,  4.55639E+00,  8.39401E+00,  1.61545E+01,  3.13213E+01,  5.97181E+01,  1.10279E+02,  1.95378E+02,  3.30139E+02,  5.30200E+02,  8.07848E+02,  1.16721E+03,  1.59994E+03,  2.08317E+03,  2.58097E+03,  3.04951E+03,  3.44460E+03,  3.72958E+03,  3.88142E+03,  3.89350E+03,  3.77496E+03,  3.54720E+03,  3.23893E+03,  2.88110E+03,  2.50264E+03,  2.12771E+03,  1.77431E+03,  1.45420E+03,  1.17357E+03,  9.34219E+02,  7.34759E+02,  5.71816E+02,  4.40952E+02,  3.37378E+02,  2.56426E+02,  1.93831E+02,  1.45871E+02,  1.09408E+02,  8.18660E+01,  6.11745E+01,  4.56980E+01,  3.41629E+01,  2.55891E+01,  1.92293E+01,  1.45184E+01,  1.10319E+01,  8.45239E+00,  6.54374E+00,  5.13073E+00,  4.08374E+00,  3.30703E+00,  2.72997E+00,  2.30050E+00,  1.98025E+00,  1.74092E+00,  1.56165E+00,  1.42703E+00,  1.32568E+00,  1.24917E+00,  1.19125E+00,  1.14727E+00,  1.11378E+00,  1.08820E+00,  1.06859E+00,  1.05353E+00,  1.04191E+00,  1.03293E+00,  1.02596E+00,  1.02053E+00,  1.01629E+00,  1.01297E+00,  1.01036E+00,  1.00830E+00,  1.00668E+00,  1.00538E+00,  1.00436E+00,  1.00354E+00,  1.00288E+00,  1.00235E+00,  1.00193E+00,  1.00158E+00,  1.00130E+00,  1.00108E+00,  1.00089E+00,  1.00074E+00,  1.00062E+00,  1.00052E+00
  1.00000E+00,  1.00000E+00,  1.00001E+00,  1.00012E+00,  1.00065E+00,  1.00221E+00,  1.00583E+00,  1.01304E+00,  1.02661E+00,  1.05207E+00,  1.10099E+00,  1.19803E+00,  1.39600E+00,  1.80793E+00,  2.67328E+00,  4.48801E+00,  8.24459E+00,  1.58376E+01,  3.06745E+01,  5.84581E+01,  1.07951E+02,  1.91318E+02,  3.23478E+02,  5.19943E+02,  7.93044E+02,  1.14719E+03,  1.57457E+03,  2.05304E+03,  2.54742E+03,  3.01448E+03,  3.41035E+03,  3.69832E+03,  3.85496E+03,  3.87301E+03,  3.76088E+03,  3.53932E+03,  3.23651E+03,  2.88307E+03,  2.50784E+03,  2.13498E+03,  1.78267E+03,  1.46286E+03,  1.18197E+03,  9.41966E+02,  7.41654E+02,  5.77775E+02,  4.45982E+02,  3.41543E+02,  2.59818E+02,  1.96556E+02,  1.48035E+02,  1.11111E+02,  8.31948E+01,  6.22045E+01,  4.64920E+01,  3.47723E+01,  2.60550E+01,  1.95846E+01,  1.47888E+01,  1.12374E+01,  8.60838E+00,  6.66212E+00,  5.22058E+00,  4.15196E+00,  3.35887E+00,  2.76941E+00,  2.33054E+00,  2.00317E+00,  1.75844E+00,  1.57507E+00,  1.43733E+00,  1.33361E+00,  1.25529E+00,  1.19598E+00,  1.15093E+00,  1.11663E+00,  1.09042E+00,  1.07033E+00,  1.05489E+00,  1.04298E+00,  1.03377E+00,  1.02662E+00,  1.02106E+00,  1.01671E+00,  1.01331E+00,  1.01063E+00,  1.00852E+00,  1.00685E+00,  1.00553E+00,  1.00447E+00,  1.00363E+00,  1.00295E+00,  1.00241E+00,  1.00198E+00,  1.00162E+00,  1.00134E+00,  1.00111E+00,  1.00092E+00,  1.00076E+00,  1.00064E+00,  1.00053E+00
  1.00000E+00,  1.00000E+00,  1.00001E+00,  1.00012E+00,  1.00064E+00,  1.00218E+00,  1.00576E+00,  1.01290E+00,  1.02633E+00,  1.05148E+00,  1.09975E+00,  1.19534E+00,  1.39004E+00,  1.79458E+00,  2.64331E+00,  4.42130E+00,  8.09892E+00,  1.55287E+01,  3.00442E+01,  5.72301E+01,  1.05681E+02,  1.87356E+02,  3.16971E+02,  5.09911E+02,  7.78541E+02,  1.12754E+03,  1.54963E+03,  2.02335E+03,  2.51428E+03,  2.97981E+03,  3.37637E+03,  3.66721E+03,  3.82853E+03,  3.85244E+03,  3.74665E+03,  3.53124E+03,  3.23386E+03,  2.88483E+03,  2.51284E+03,  2.14210E+03,  1.79092E+03,  1.47144E+03,  1.19031E+03,  9.49685E+02,  7.48538E+02,  5.83737E+02,  4.51023E+02,  3.45722E+02,  2.63226E+02,  1.99298E+02,  1.50216E+02,  1.12828E+02,  8.45359E+01,  6.32450E+01,  4.72948E+01,  3.53888E+01,  2.65268E+01,  1.99446E+01,  1.50629E+01,  1.14458E+01,  8.76671E+00,  6.78234E+00,  5.31186E+00,  4.22130E+00,  3.41159E+00,  2.80953E+00,  2.36111E+00,  2.02650E+00,  1.77628E+00,  1.58874E+00,  1.44783E+00,  1.34169E+00,  1.26152E+00,  1.20080E+00,  1.15467E+00,  1.11953E+00,  1.09268E+00,  1.07210E+00,  1.05628E+00,  1.04408E+00,  1.03463E+00,  1.02731E+00,  1.02160E+00,  1.01714E+00,  1.01365E+00,  1.01090E+00,  1.00874E+00,  1.00703E+00,  1.00567E+00,  1.00459E+00,  1.00372E+00,  1.00303E+00,  1.00248E+00,  1.00203E+00,  1.00167E+00,  1.00137E+00,  1.00114E+00,  1.00094E+00,  1.00078E+00,  1.00065E+00,  1.00054E+00
  1.00000E+00,  1.00000E+00,  1.00001E+00,  1.00012E+00,  1.00063E+00,  1.00216E+00,  1.00570E+00,  1.01276E+00,  1.02604E+00,  1.05090E+00,  1.09853E+00,  1.19270E+00,  1.38420E+00,  1.78153E+00,  2.61404E+00,  4.35621E+00,  7.95689E+00,  1.52276E+01,  2.94299E+01,  5.60331E+01,  1.03467E+02,  1.83488E+02,  3.10613E+02,  5.00096E+02,  7.64332E+02,  1.10826E+03,  1.52511E+03,  1.99411E+03,  2.48157E+03,  2.94549E+03,  3.34264E+03,  3.63625E+03,  3.80213E+03,  3.83180E+03,  3.73228E+03,  3.52296E+03,  3.23101E+03,  2.88639E+03,  2.51766E+03,  2.14907E+03,  1.79905E+03,  1.47994E+03,  1.19859E+03,  9.57375E+02,  7.55411E+02,  5.89700E+02,  4.56074E+02,  3.49915E+02,  2.66651E+02,  2.02056E+02,  1.52411E+02,  1.14559E+02,  8.58893E+01,  6.42960E+01,  4.81063E+01,  3.60125E+01,  2.70045E+01,  2.03093E+01,  1.53408E+01,  1.16572E+01,  8.92740E+00,  6.90442E+00,  5.40460E+00,  4.29179E+00,  3.46519E+00,  2.85034E+00,  2.39223E+00,  2.05026E+00,  1.79445E+00,  1.60266E+00,  1.45852E+00,  1.34992E+00,  1.26787E+00,  1.20571E+00,  1.15848E+00,  1.12250E+00,  1.09500E+00,  1.07391E+00,  1.05770E+00,  1.04519E+00,  1.03551E+00,  1.02800E+00,  1.02215E+00,  1.01758E+00,  1.01400E+00,  1.01119E+00,  1.00897E+00,  1.00721E+00,  1.00582E+00,  1.00471E+00,  1.00382E+00,  1.00311E+00,  1.00254E+00,  1.00208E+00,  1.00171E+00,  1.00141E+00,  1.00116E+00,  1.00097E+00,  1.00080E+00,  1.00067E+00,  1.00056E+00
  1.00000E+00,  1.00000E+00,  1.00001E+00,  1.00012E+00,  1.00062E+00,  1.00213E+00,  1.00563E+00,  1.01263E+00,  1.02576E+00,  1.05033E+00,  1.09732E+00,  1.19010E+00,  1.37848E+00,  1.76877E+00,  2.58545E+00,  4.29270E+00,  7.81839E+00,  1.49342E+01,  2.88313E+01,  5.48663E+01,  1.01308E+02,  1.79714E+02,  3.04401E+02,  4.90494E+02,  7.50411E+02,  1.08934E+03,  1.50100E+03,  1.96529E+03,  2.44928E+03,  2.91153E+03,  3.30918E+03,  3.60544E+03,  3.77576E+03,  3.81110E+03,  3.71776E+03,  3.51449E+03,  3.22794E+03,  2.88774E+03,  2.52230E+03,  2.15589E+03,  1.80706E+03,  1.48836E+03,  1.20683E+03,  9.65036E+02,  7.62272E+02,  5.95664E+02,  4.61134E+02,  3.54123E+02,  2.70091E+02,  2.04830E+02,  1.54622E+02,  1.16304E+02,  8.72549E+01,  6.53573E+01,  4.89265E+01,  3.66435E+01,  2.74880E+01,  2.06788E+01,  1.56225E+01,  1.18716E+01,  9.09047E+00,  7.02836E+00,  5.49881E+00,  4.36341E+00,  3.51969E+00,  2.89184E+00,  2.42388E+00,  2.07443E+00,  1.81295E+00,  1.61684E+00,  1.46942E+00,  1.35831E+00,  1.27435E+00,  1.21072E+00,  1.16237E+00,  1.12552E+00,  1.09735E+00,  1.07576E+00,  1.05914E+00,  1.04633E+00,  1.03641E+00,  1.02871E+00,  1.02272E+00,  1.01803E+00,  1.01436E+00,  1.01147E+00,  1.00920E+00,  1.00740E+00,  1.00597E+00,  1.00483E+00,  1.00392E+00,  1.00319E+00,  1.00261E+00,  1.00214E+00,  1.00175E+00,  1.00145E+00,  1.00119E+00,  1.00099E+00,  1.00082E+00,  1.00069E+00,  1.00057E+00
  1.00000E+00,  1.00000E+00,  1.00001E+00,  1.00012E+00,  1.00061E+00,  1.00210E+00,  1.00557E+00,  1.01249E+00,  1.02549E+00,  1.04976E+00,  1.09614E+00,  1.18756E+00,  1.37289E+00,  1.75628E+00,  2.55753E+00,  4.23072E+00,  7.68333E+00,  1.46481E+01,  2.82478E+01,  5.37287E+01,  9.92018E+01,  1.76029E+02,  2.98331E+02,  4.81100E+02,  7.36771E+02,  1.07077E+03,  1.47729E+03,  1.93691E+03,  2.41739E+03,  2.87793E+03,  3.27599E+03,  3.57478E+03,  3.74943E+03,  3.79033E+03,  3.70310E+03,  3.50584E+03,  3.22467E+03,  2.88889E+03,  2.52676E+03,  2.16255E+03,  1.81495E+03,  1.49669E+03,  1.21501E+03,  9.72666E+02,  7.69122E+02,  6.01629E+02,  4.66202E+02,  3.58343E+02,  2.73548E+02,  2.07621E+02,  1.56849E+02,  1.18062E+02,  8.86327E+01,  6.64291E+01,  4.97555E+01,  3.72816E+01,  2.79774E+01,  2.10530E+01,  1.59080E+01,  1.20891E+01,  9.25593E+00,  7.15420E+00,  5.59450E+00,  4.43620E+00,  3.57509E+00,  2.93406E+00,  2.45609E+00,  2.09904E+00,  1.83178E+00,  1.63129E+00,  1.48052E+00,  1.36686E+00,  1.28095E+00,  1.21583E+00,  1.16633E+00,  1.12861E+00,  1.09976E+00,  1.07764E+00,  1.06062E+00,  1.04749E+00,  1.03733E+00,  1.02944E+00,  1.02329E+00,  1.01849E+00,  1.01473E+00,  1.01177E+00,  1.00943E+00,  1.00758E+00,  1.00612E+00,  1.00495E+00,  1.00402E+00,  1.00327E+00,  1.00267E+00,  1.00219E+00,  1.00180E+00,  1.00148E+00,  1.00123E+00,  1.00102E+00,  1.00084E+00,  1.00070E+00,  1.00059E+00
  1.00000E+00,  1.00000E+00,  1.00001E+00,  1.00011E+00,  1.00060E+00,  1.00208E+00,  1.00551E+00,  1.01236E+00,  1.02522E+00,  1.04921E+00,  1.09498E+00,  1.18506E+00,  1.36740E+00,  1.74407E+00,  2.53024E+00,  4.17022E+00,  7.55160E+00,  1.43692E+01,  2.76790E+01,  5.26196E+01,  9.71475E+01,  1.72433E+02,  2.92400E+02,  4.71909E+02,  7.23407E+02,  1.05255E+03,  1.45398E+03,  1.90895E+03,  2.38591E+03,  2.84468E+03,  3.24305E+03,  3.54427E+03,  3.72315E+03,  3.76951E+03,  3.68831E+03,  3.49701E+03,  3.22120E+03,  2.88983E+03,  2.53103E+03,  2.16906E+03,  1.82273E+03,  1.50494E+03,  1.22313E+03,  9.80265E+02,  7.75958E+02,  6.07593E+02,  4.71278E+02,  3.62577E+02,  2.77019E+02,  2.10427E+02,  1.59090E+02,  1.19835E+02,  9.00226E+01,  6.75113E+01,  5.05932E+01,  3.79270E+01,  2.84727E+01,  2.14320E+01,  1.61973E+01,  1.23096E+01,  9.42380E+00,  7.28193E+00,  5.69167E+00,  4.51015E+00,  3.63141E+00,  2.97699E+00,  2.48885E+00,  2.12408E+00,  1.85095E+00,  1.64599E+00,  1.49182E+00,  1.37557E+00,  1.28767E+00,  1.22104E+00,  1.17038E+00,  1.13175E+00,  1.10221E+00,  1.07956E+00,  1.06213E+00,  1.04868E+00,  1.03826E+00,  1.03018E+00,  1.02388E+00,  1.01896E+00,  1.01510E+00,  1.01207E+00,  1.00967E+00,  1.00778E+00,  1.00628E+00,  1.00508E+00,  1.00412E+00,  1.00336E+00,  1.00274E+00,  1.00225E+00,  1.00185E+00,  1.00152E+00,  1.00126E+00,  1.00104E+00,  1.00087E+00,  1.00072E+00,  1.00060E+00
  1.00000E+00,  1.00000E+00,  1.00001E+00,  1.00011E+00,  1.00059E+00,  1.00205E+00,  1.00544E+00,  1.01223E+00,  1.02495E+00,  1.04866E+00,  1.09384E+00,  1.18261E+00,  1.36203E+00,  1.73212E+00,  2.50359E+00,  4.11117E+00,  7.42311E+00,  1.40973E+01,  2.71245E+01,  5.15382E+01,  9.51434E+01,  1.68921E+02,  2.86604E+02,  4.62916E+02,  7.10312E+02,  1.03466E+03,  1.43107E+03,  1.88140E+03,  2.35484E+03,  2.81177E+03,  3.21038E+03,  3.51392E+03,  3.69691E+03,  3.74863E+03,  3.67339E+03,  3.48799E+03,  3.21752E+03,  2.89058E+03,  2.53513E+03,  2.17543E+03,  1.83039E+03,  1.51310E+03,  1.23120E+03,  9.87831E+02,  7.82780E+02,  6.13556E+02,  4.76363E+02,  3.66823E+02,  2.80506E+02,  2.13249E+02,  1.61347E+02,  1.21621E+02,  9.14246E+01,  6.86040E+01,  5.14397E+01,  3.85797E+01,  2.89740E+01,  2.18158E+01,  1.64905E+01,  1.25332E+01,  9.59410E+00,  7.41158E+00,  5.79036E+00,  4.58529E+00,  3.68865E+00,  3.02063E+00,  2.52217E+00,  2.14956E+00,  1.87047E+00,  1.66097E+00,  1.50334E+00,  1.38444E+00,  1.29452E+00,  1.22634E+00,  1.17449E+00,  1.13496E+00,  1.10471E+00,  1.08152E+00,  1.06366E+00,  1.04989E+00,  1.03922E+00,  1.03093E+00,  1.02448E+00,  1.01944E+00,  1.01548E+00,  1.01237E+00,  1.00992E+00,  1.00798E+00,  1.00644E+00,  1.00521E+00,  1.00423E+00,  1.00344E+00,  1.00281E+00,  1.00230E+00,  1.00189E+00,  1.00156E+00,  1.00129E+00,  1.00107E+00,  1.00089E+00,  1.00074E+00,  1.00062E+00
  1.00000E+00,  1.00000E+00,  1.00001E+00,  1.00011E+00,  1.00058E+00,  1.00203E+00,  1.00538E+00,  1.01210E+00,  1.02469E+00,  1.04813E+00,  1.09272E+00,  1.18021E+00,  1.35676E+00,  1.72043E+00,  2.47753E+00,  4.05352E+00,  7.29776E+00,  1.38322E+01,  2.65838E+01,  5.04836E+01,  9.31882E+01,  1.65493E+02,  2.80939E+02,  4.54117E+02,  6.97481E+02,  1.01711E+03,  1.40854E+03,  1.85427E+03,  2.32416E+03,  2.77922E+03,  3.17797E+03,  3.48373E+03,  3.67072E+03,  3.72771E+03,  3.65834E+03,  3.47880E+03,  3.21365E+03,  2.89113E+03,  2.53904E+03,  2.18164E+03,  1.83794E+03,  1.52118E+03,  1.23921E+03,  9.95365E+02,  7.89587E+02,  6.19518E+02,  4.81454E+02,  3.71082E+02,  2.84007E+02,  2.16086E+02,  1.63618E+02,  1.23421E+02,  9.28387E+01,  6.97070E+01,  5.22950E+01,  3.92396E+01,  2.94812E+01,  2.22044E+01,  1.67875E+01,  1.27598E+01,  9.76685E+00,  7.54315E+00,  5.89056E+00,  4.66161E+00,  3.74682E+00,  3.06501E+00,  2.55606E+00,  2.17548E+00,  1.89033E+00,  1.67621E+00,  1.51506E+00,  1.39348E+00,  1.30151E+00,  1.23175E+00,  1.17869E+00,  1.13822E+00,  1.10727E+00,  1.08351E+00,  1.06523E+00,  1.05112E+00,  1.04019E+00,  1.03171E+00,  1.02509E+00,  1.01992E+00,  1.01587E+00,  1.01268E+00,  1.01017E+00,  1.00818E+00,  1.00660E+00,  1.00534E+00,  1.00434E+00,  1.00353E+00,  1.00288E+00,  1.00236E+00,  1.00194E+00,  1.00160E+00,  1.00132E+00,  1.00110E+00,  1.00091E+00,  1.00076E+00,  1.00063E+00
  1.00000E+00,  1.00000E+00,  1.00001E+00,  1.00011E+00,  1.00057E+00,  1.00200E+00,  1.00532E+00,  1.01197E+00,  1.02443E+00,  1.04760E+00,  1.09162E+00,  1.17785E+00,  1.35160E+00,  1.70899E+00,  2.45207E+00,  3.99724E+00,  7.17546E+00,  1.35736E+01,  2.60566E+01,  4.94551E+01,  9.12806E+01,  1.62146E+02,  2.75403E+02,  4.45507E+02,  6.84908E+02,  9.99880E+02,  1.38639E+03,  1.82754E+03,  2.29388E+03,  2.74701E+03,  3.14583E+03,  3.45370E+03,  3.64459E+03,  3.70674E+03,  3.64317E+03,  3.46944E+03,  3.20958E+03,  2.89149E+03,  2.54278E+03,  2.18770E+03,  1.84536E+03,  1.52917E+03,  1.24716E+03,  1.00286E+03,  7.96379E+02,  6.25478E+02,  4.86552E+02,  3.75353E+02,  2.87523E+02,  2.18939E+02,  1.65905E+02,  1.25235E+02,  9.42648E+01,  7.08204E+01,  5.31590E+01,  3.99068E+01,  2.99943E+01,  2.25978E+01,  1.70885E+01,  1.29896E+01,  9.94207E+00,  7.67668E+00,  5.99230E+00,  4.73914E+00,  3.80593E+00,  3.11012E+00,  2.59053E+00,  2.20186E+00,  1.91054E+00,  1.69173E+00,  1.52700E+00,  1.40268E+00,  1.30862E+00,  1.23726E+00,  1.18297E+00,  1.14156E+00,  1.10987E+00,  1.08555E+00,  1.06683E+00,  1.05238E+00,  1.04119E+00,  1.03249E+00,  1.02572E+00,  1.02042E+00,  1.01627E+00,  1.01300E+00,  1.01042E+00,  1.00838E+00,  1.00677E+00,  1.00548E+00,  1.00445E+00,  1.00362E+00,  1.00296E+00,  1.00242E+00,  1.00199E+00,  1.00164E+00,  1.00136E+00,  1.00112E+00,  1.00093E+00,  1.00078E+00,  1.00065E+00
  1.00000E+00,  1.00000E+00,  1.00001E+00,  1.00011E+00,  1.00057E+00,  1.00198E+00,  1.00526E+00,  1.01184E+00,  1.02417E+00,  1.04708E+00,  1.09054E+00,  1.17554E+00,  1.34655E+00,  1.69779E+00,  2.42719E+00,  3.94228E+00,  7.05613E+00,  1.33214E+01,  2.55425E+01,  4.84520E+01,  8.94191E+01,  1.58877E+02,  2.69991E+02,  4.37081E+02,  6.72588E+02,  9.82971E+02,  1.36461E+03,  1.80121E+03,  2.26399E+03,  2.71515E+03,  3.11395E+03,  3.42384E+03,  3.61852E+03,  3.68573E+03,  3.62789E+03,  3.45992E+03,  3.20532E+03,  2.89165E+03,  2.54635E+03,  2.19362E+03,  1.85267E+03,  1.53707E+03,  1.25506E+03,  1.01033E+03,  8.03154E+02,  6.31434E+02,  4.91656E+02,  3.79635E+02,  2.91053E+02,  2.21806E+02,  1.68206E+02,  1.27062E+02,  9.57030E+01,  7.19442E+01,  5.40318E+01,  4.05814E+01,  3.05135E+01,  2.29962E+01,  1.73933E+01,  1.32225E+01,  1.01198E+01,  7.81217E+00,  6.09557E+00,  4.81788E+00,  3.86600E+00,  3.15598E+00,  2.62558E+00,  2.22868E+00,  1.93111E+00,  1.70752E+00,  1.53916E+00,  1.41206E+00,  1.31587E+00,  1.24287E+00,  1.18733E+00,  1.14495E+00,  1.11252E+00,  1.08763E+00,  1.06846E+00,  1.05366E+00,  1.04220E+00,  1.03330E+00,  1.02635E+00,  1.02093E+00,  1.01667E+00,  1.01333E+00,  1.01069E+00,  1.00859E+00,  1.00694E+00,  1.00561E+00,  1.00456E+00,  1.00371E+00,  1.00303E+00,  1.00248E+00,  1.00204E+00,  1.00168E+00,  1.00139E+00,  1.00115E+00,  1.00096E+00,  1.00080E+00,  1.00067E+00
  1.00000E+00,  1.00000E+00,  1.00001E+00,  1.00010E+00,  1.00056E+00,  1.00195E+00,  1.00520E+00,  1.01172E+00,  1.02392E+00,  1.04657E+00,  1.08947E+00,  1.17327E+00,  1.34159E+00,  1.68684E+00,  2.40286E+00,  3.88860E+00,  6.93968E+00,  1.30755E+01,  2.50411E+01,  4.74735E+01,  8.76026E+01,  1.55685E+02,  2.64702E+02,  4.28836E+02,  6.60514E+02,  9.66375E+02,  1.34320E+03,  1.77528E+03,  2.23449E+03,  2.68362E+03,  3.08234E+03,  3.39414E+03,  3.59250E+03,  3.66469E+03,  3.61250E+03,  3.45023E+03,  3.20087E+03,  2.89163E+03,  2.54973E+03,  2.19938E+03,  1.85985E+03,  1.54489E+03,  1.26289E+03,  1.01776E+03,  8.09913E+02,  6.37388E+02,  4.96765E+02,  3.83928E+02,  2.94597E+02,  2.24689E+02,  1.70521E+02,  1.28902E+02,  9.71530E+01,  7.30783E+01,  5.49134E+01,  4.12632E+01,  3.10387E+01,  2.33994E+01,  1.77021E+01,  1.34585E+01,  1.03000E+01,  7.94963E+00,  6.20041E+00,  4.89785E+00,  3.92702E+00,  3.20259E+00,  2.66122E+00,  2.25597E+00,  1.95203E+00,  1.72360E+00,  1.55153E+00,  1.42160E+00,  1.32325E+00,  1.24859E+00,  1.19178E+00,  1.14841E+00,  1.11522E+00,  1.08974E+00,  1.07012E+00,  1.05497E+00,  1.04323E+00,  1.03411E+00,  1.02701E+00,  1.02145E+00,  1.01709E+00,  1.01366E+00,  1.01095E+00,  1.00881E+00,  1.00711E+00,  1.00575E+00,  1.00467E+00,  1.00380E+00,  1.00311E+00,  1.00255E+00,  1.00209E+00,  1.00172E+00,  1.00143E+00,  1.00118E+00,  1.00098E+00,  1.00082E+00,  1.00068E+00
  1.00000E+00,  1.00000E+00,  1.00001E+00,  1.00010E+00,  1.00055E+00,  1.00193E+00,  1.00515E+00,  1.01160E+00,  1.02367E+00,  1.04606E+00,  1.08843E+00,  1.17104E+00,  1.33674E+00,  1.67611E+00,  2.37908E+00,  3.83618E+00,  6.82603E+00,  1.28355E+01,  2.45521E+01,  4.65190E+01,  8.58299E+01,  1.52568E+02,  2.59532E+02,  4.20766E+02,  6.48682E+02,  9.50087E+02,  1.32215E+03,  1.74973E+03,  2.20537E+03,  2.65244E+03,  3.05099E+03,  3.36461E+03,  3.56655E+03,  3.64362E+03,  3.59700E+03,  3.44038E+03,  3.19624E+03,  2.89141E+03,  2.55295E+03,  2.20499E+03,  1.86692E+03,  1.55262E+03,  1.27067E+03,  1.02515E+03,  8.16655E+02,  6.43337E+02,  5.01880E+02,  3.88231E+02,  2.98154E+02,  2.27586E+02,  1.72850E+02,  1.30756E+02,  9.86150E+01,  7.42228E+01,  5.58038E+01,  4.19523E+01,  3.15699E+01,  2.38075E+01,  1.80148E+01,  1.36977E+01,  1.04827E+01,  8.08909E+00,  6.30682E+00,  4.97905E+00,  3.98901E+00,  3.24995E+00,  2.69745E+00,  2.28372E+00,  1.97332E+00,  1.73996E+00,  1.56413E+00,  1.43132E+00,  1.33076E+00,  1.25442E+00,  1.19631E+00,  1.15194E+00,  1.11798E+00,  1.09190E+00,  1.07182E+00,  1.05631E+00,  1.04429E+00,  1.03495E+00,  1.02767E+00,  1.02198E+00,  1.01751E+00,  1.01400E+00,  1.01122E+00,  1.00903E+00,  1.00729E+00,  1.00590E+00,  1.00479E+00,  1.00390E+00,  1.00319E+00,  1.00261E+00,  1.00214E+00,  1.00177E+00,  1.00146E+00,  1.00121E+00,  1.00101E+00,  1.00084E+00,  1.00070E+00
  1.00000E+00,  1.00000E+00,  1.00001E+00,  1.00010E+00,  1.00054E+00,  1.00190E+00,  1.00509E+00,  1.01148E+00,  1.02343E+00,  1.04556E+00,  1.08740E+00,  1.16885E+00,  1.33198E+00,  1.66561E+00,  2.35582E+00,  3.78498E+00,  6.71510E+00,  1.26014E+01,  2.40750E+01,  4.55878E+01,  8.40997E+01,  1.49524E+02,  2.54477E+02,  4.12869E+02,  6.37086E+02,  9.34099E+02,  1.30145E+03,  1.72457E+03,  2.17662E+03,  2.62159E+03,  3.01990E+03,  3.33525E+03,  3.54067E+03,  3.62252E+03,  3.58139E+03,  3.43037E+03,  3.19143E+03,  2.89101E+03,  2.55599E+03,  2.21046E+03,  1.87387E+03,  1.56026E+03,  1.27839E+03,  1.03251E+03,  8.23378E+02,  6.49281E+02,  5.06999E+02,  3.92545E+02,  3.01725E+02,  2.30497E+02,  1.75194E+02,  1.32623E+02,  1.00089E+02,  7.53776E+01,  5.67029E+01,  4.26488E+01,  3.21071E+01,  2.42205E+01,  1.83315E+01,  1.39401E+01,  1.06679E+01,  8.23055E+00,  6.41481E+00,  5.06149E+00,  4.05198E+00,  3.29808E+00,  2.73428E+00,  2.31194E+00,  1.99497E+00,  1.75661E+00,  1.57695E+00,  1.44122E+00,  1.33842E+00,  1.26036E+00,  1.20092E+00,  1.15554E+00,  1.12079E+00,  1.09410E+00,  1.07355E+00,  1.05767E+00,  1.04536E+00,  1.03580E+00,  1.02835E+00,  1.02252E+00,  1.01794E+00,  1.01434E+00,  1.01150E+00,  1.00925E+00,  1.00747E+00,  1.00604E+00,  1.00491E+00,  1.00400E+00,  1.00327E+00,  1.00268E+00,  1.00220E+00,  1.00181E+00,  1.00150E+00,  1.00124E+00,  1.00103E+00,  1.00086E+00,  1.00072E+00
  1.00000E+00,  1.00000E+00,  1.00001E+00,  1.00010E+00,  1.00053E+00,  1.00188E+00,  1.00503E+00,  1.01136E+00,  1.02319E+00,  1.04508E+00,  1.08638E+00,  1.16670E+00,  1.32731E+00,  1.65534E+00,  2.33308E+00,  3.73496E+00,  6.60682E+00,  1.23729E+01,  2.36096E+01,  4.46792E+01,  8.24109E+01,  1.46550E+02,  2.49536E+02,  4.05140E+02,  6.25722E+02,  9.18407E+02,  1.28110E+03,  1.69978E+03,  2.14825E+03,  2.59108E+03,  2.98908E+03,  3.30606E+03,  3.51486E+03,  3.60140E+03,  3.56569E+03,  3.42022E+03,  3.18643E+03,  2.89043E+03,  2.55886E+03,  2.21578E+03,  1.88071E+03,  1.56781E+03,  1.28604E+03,  1.03983E+03,  8.30081E+02,  6.55221E+02,  5.12122E+02,  3.96869E+02,  3.05308E+02,  2.33423E+02,  1.77552E+02,  1.34503E+02,  1.01575E+02,  7.65426E+01,  5.76108E+01,  4.33526E+01,  3.26504E+01,  2.46385E+01,  1.86522E+01,  1.41856E+01,  1.08557E+01,  8.37403E+00,  6.52440E+00,  5.14519E+00,  4.11594E+00,  3.34699E+00,  2.77171E+00,  2.34063E+00,  2.01700E+00,  1.77354E+00,  1.59000E+00,  1.45129E+00,  1.34621E+00,  1.26640E+00,  1.20562E+00,  1.15920E+00,  1.12365E+00,  1.09634E+00,  1.07531E+00,  1.05906E+00,  1.04646E+00,  1.03667E+00,  1.02904E+00,  1.02307E+00,  1.01838E+00,  1.01469E+00,  1.01178E+00,  1.00948E+00,  1.00765E+00,  1.00619E+00,  1.00503E+00,  1.00410E+00,  1.00335E+00,  1.00274E+00,  1.00225E+00,  1.00186E+00,  1.00153E+00,  1.00127E+00,  1.00106E+00,  1.00088E+00,  1.00074E+00
  1.00000E+00,  1.00000E+00,  1.00001E+00,  1.00010E+00,  1.00053E+00,  1.00186E+00,  1.00498E+00,  1.01124E+00,  1.02295E+00,  1.04459E+00,  1.08539E+00,  1.16459E+00,  1.32273E+00,  1.64527E+00,  2.31085E+00,  3.68609E+00,  6.50110E+00,  1.21500E+01,  2.31555E+01,  4.37926E+01,  8.07624E+01,  1.43645E+02,  2.44705E+02,  3.97574E+02,  6.14585E+02,  9.03004E+02,  1.26110E+03,  1.67537E+03,  2.12025E+03,  2.56090E+03,  2.95853E+03,  3.27704E+03,  3.48913E+03,  3.58026E+03,  3.54989E+03,  3.40991E+03,  3.18126E+03,  2.88966E+03,  2.56156E+03,  2.22095E+03,  1.88742E+03,  1.57527E+03,  1.29364E+03,  1.04711E+03,  8.36766E+02,  6.61154E+02,  5.17249E+02,  4.01203E+02,  3.08905E+02,  2.36362E+02,  1.79924E+02,  1.36396E+02,  1.03072E+02,  7.77180E+01,  5.85275E+01,  4.40638E+01,  3.31998E+01,  2.50614E+01,  1.89769E+01,  1.44344E+01,  1.10461E+01,  8.51955E+00,  6.63559E+00,  5.23016E+00,  4.18089E+00,  3.39668E+00,  2.80976E+00,  2.36980E+00,  2.03940E+00,  1.79077E+00,  1.60328E+00,  1.46155E+00,  1.35415E+00,  1.27256E+00,  1.21041E+00,  1.16293E+00,  1.12657E+00,  1.09863E+00,  1.07711E+00,  1.06047E+00,  1.04758E+00,  1.03756E+00,  1.02974E+00,  1.02363E+00,  1.01883E+00,  1.01505E+00,  1.01207E+00,  1.00971E+00,  1.00784E+00,  1.00635E+00,  1.00515E+00,  1.00420E+00,  1.00343E+00,  1.00281E+00,  1.00231E+00,  1.00190E+00,  1.00157E+00,  1.00130E+00,  1.00108E+00,  1.00090E+00,  1.00075E+00
  1.00000E+00,  1.00000E+00,  1.00001E+00,  1.00010E+00,  1.00052E+00,  1.00183E+00,  1.00492E+00,  1.01112E+00,  1.02271E+00,  1.04412E+00,  1.08441E+00,  1.16251E+00,  1.31825E+00,  1.63542E+00,  2.28910E+00,  3.63834E+00,  6.39788E+00,  1.19325E+01,  2.27125E+01,  4.29275E+01,  7.91530E+01,  1.40808E+02,  2.39981E+02,  3.90169E+02,  6.03668E+02,  8.87885E+02,  1.24143E+03,  1.65132E+03,  2.09262E+03,  2.53105E+03,  2.92823E+03,  3.24820E+03,  3.46347E+03,  3.55911E+03,  3.53400E+03,  3.39946E+03,  3.17592E+03,  2.88872E+03,  2.56408E+03,  2.22597E+03,  1.89401E+03,  1.58265E+03,  1.30117E+03,  1.05435E+03,  8.43430E+02,  6.67080E+02,  5.22378E+02,  4.05545E+02,  3.12514E+02,  2.39315E+02,  1.82310E+02,  1.38302E+02,  1.04581E+02,  7.89036E+01,  5.94530E+01,  4.47824E+01,  3.37553E+01,  2.54893E+01,  1.93056E+01,  1.46864E+01,  1.12390E+01,  8.66712E+00,  6.74841E+00,  5.31641E+00,  4.24685E+00,  3.44715E+00,  2.84843E+00,  2.39946E+00,  2.06218E+00,  1.80830E+00,  1.61679E+00,  1.47198E+00,  1.36223E+00,  1.27883E+00,  1.21528E+00,  1.16674E+00,  1.12954E+00,  1.10096E+00,  1.07894E+00,  1.06192E+00,  1.04872E+00,  1.03846E+00,  1.03046E+00,  1.02420E+00,  1.01929E+00,  1.01542E+00,  1.01237E+00,  1.00995E+00,  1.00803E+00,  1.00650E+00,  1.00528E+00,  1.00430E+00,  1.00351E+00,  1.00288E+00,  1.00237E+00,  1.00195E+00,  1.00161E+00,  1.00134E+00,  1.00111E+00,  1.00093E+00,  1.00077E+00
  1.00000E+00,  1.00000E+00,  1.00001E+00,  1.00009E+00,  1.00051E+00,  1.00181E+00,  1.00487E+00,  1.01101E+00,  1.02248E+00,  1.04365E+00,  1.08345E+00,  1.16048E+00,  1.31385E+00,  1.62576E+00,  2.26782E+00,  3.59168E+00,  6.29709E+00,  1.17201E+01,  2.22801E+01,  4.20832E+01,  7.75818E+01,  1.38036E+02,  2.35363E+02,  3.82920E+02,  5.92969E+02,  8.73044E+02,  1.22208E+03,  1.62763E+03,  2.06535E+03,  2.50153E+03,  2.89820E+03,  3.21953E+03,  3.43789E+03,  3.53794E+03,  3.51802E+03,  3.38887E+03,  3.17041E+03,  2.88759E+03,  2.56645E+03,  2.23085E+03,  1.90049E+03,  1.58993E+03,  1.30864E+03,  1.06156E+03,  8.50073E+02,  6.73000E+02,  5.27511E+02,  4.09896E+02,  3.16134E+02,  2.42282E+02,  1.84709E+02,  1.40221E+02,  1.06102E+02,  8.00995E+01,  6.03872E+01,  4.55083E+01,  3.43168E+01,  2.59222E+01,  1.96384E+01,  1.49417E+01,  1.14345E+01,  8.81675E+00,  6.86286E+00,  5.40395E+00,  4.31382E+00,  3.49843E+00,  2.88772E+00,  2.42961E+00,  2.08535E+00,  1.82613E+00,  1.63054E+00,  1.48261E+00,  1.37045E+00,  1.28521E+00,  1.22025E+00,  1.17061E+00,  1.13257E+00,  1.10333E+00,  1.08080E+00,  1.06339E+00,  1.04988E+00,  1.03938E+00,  1.03119E+00,  1.02478E+00,  1.01975E+00,  1.01579E+00,  1.01267E+00,  1.01019E+00,  1.00823E+00,  1.00666E+00,  1.00541E+00,  1.00441E+00,  1.00360E+00,  1.00295E+00,  1.00242E+00,  1.00200E+00,  1.00165E+00,  1.00137E+00,  1.00114E+00,  1.00095E+00,  1.00079E+00
  1.00000E+00,  1.00000E+00,  1.00001E+00,  1.00009E+00,  1.00050E+00,  1.00179E+00,  1.00482E+00,  1.01089E+00,  1.02225E+00,  1.04319E+00,  1.08250E+00,  1.15848E+00,  1.30953E+00,  1.61631E+00,  2.24701E+00,  3.54608E+00,  6.19866E+00,  1.15129E+01,  2.18582E+01,  4.12591E+01,  7.60477E+01,  1.35328E+02,  2.30847E+02,  3.75825E+02,  5.82482E+02,  8.58476E+02,  1.20307E+03,  1.60430E+03,  2.03843E+03,  2.47234E+03,  2.86843E+03,  3.19105E+03,  3.41240E+03,  3.51677E+03,  3.50196E+03,  3.37815E+03,  3.16473E+03,  2.88629E+03,  2.56864E+03,  2.23558E+03,  1.90685E+03,  1.59713E+03,  1.31604E+03,  1.06872E+03,  8.56694E+02,  6.78912E+02,  5.32645E+02,  4.14255E+02,  3.19767E+02,  2.45262E+02,  1.87122E+02,  1.42153E+02,  1.07634E+02,  8.13056E+01,  6.13302E+01,  4.62415E+01,  3.48845E+01,  2.63601E+01,  1.99753E+01,  1.52003E+01,  1.16327E+01,  8.96846E+00,  6.97896E+00,  5.49278E+00,  4.38182E+00,  3.55051E+00,  2.92765E+00,  2.46025E+00,  2.10890E+00,  1.84427E+00,  1.64452E+00,  1.49342E+00,  1.37883E+00,  1.29171E+00,  1.22531E+00,  1.17455E+00,  1.13565E+00,  1.10575E+00,  1.08270E+00,  1.06489E+00,  1.05107E+00,  1.04032E+00,  1.03194E+00,  1.02538E+00,  1.02023E+00,  1.01618E+00,  1.01298E+00,  1.01044E+00,  1.00843E+00,  1.00682E+00,  1.00554E+00,  1.00451E+00,  1.00369E+00,  1.00302E+00,  1.00248E+00,  1.00205E+00,  1.00169E+00,  1.00140E+00,  1.00117E+00,  1.00097E+00,  1.00081E+00
  1.00000E+00,  1.00000E+00,  1.00001E+00,  1.00009E+00,  1.00050E+00,  1.00177E+00,  1.00476E+00,  1.01078E+00,  1.02203E+00,  1.04274E+00,  1.08157E+00,  1.15652E+00,  1.30530E+00,  1.60705E+00,  2.22665E+00,  3.50150E+00,  6.10252E+00,  1.13106E+01,  2.14464E+01,  4.04547E+01,  7.45498E+01,  1.32682E+02,  2.26431E+02,  3.68878E+02,  5.72202E+02,  8.44176E+02,  1.18437E+03,  1.58132E+03,  2.01187E+03,  2.44346E+03,  2.83892E+03,  3.16274E+03,  3.38699E+03,  3.49559E+03,  3.48582E+03,  3.36729E+03,  3.15888E+03,  2.88482E+03,  2.57067E+03,  2.24017E+03,  1.91308E+03,  1.60423E+03,  1.32338E+03,  1.07584E+03,  8.63292E+02,  6.84815E+02,  5.37780E+02,  4.18622E+02,  3.23411E+02,  2.48255E+02,  1.89548E+02,  1.44098E+02,  1.09178E+02,  8.25218E+01,  6.22819E+01,  4.69822E+01,  3.54583E+01,  2.68030E+01,  2.03162E+01,  1.54621E+01,  1.18335E+01,  9.12227E+00,  7.09672E+00,  5.58293E+00,  4.45085E+00,  3.60340E+00,  2.96821E+00,  2.49139E+00,  2.13284E+00,  1.86271E+00,  1.65875E+00,  1.50442E+00,  1.38735E+00,  1.29833E+00,  1.23046E+00,  1.17857E+00,  1.13880E+00,  1.10822E+00,  1.08464E+00,  1.06641E+00,  1.05228E+00,  1.04128E+00,  1.03270E+00,  1.02598E+00,  1.02071E+00,  1.01657E+00,  1.01329E+00,  1.01069E+00,  1.00863E+00,  1.00699E+00,  1.00568E+00,  1.00462E+00,  1.00378E+00,  1.00310E+00,  1.00254E+00,  1.00210E+00,  1.00173E+00,  1.00144E+00,  1.00119E+00,  1.00099E+00,  1.00083E+00
  1.00000E+00,  1.00000E+00,  1.00001E+00,  1.00009E+00,  1.00049E+00,  1.00175E+00,  1.00471E+00,  1.01067E+00,  1.02181E+00,  1.04229E+00,  1.08065E+00,  1.15459E+00,  1.30114E+00,  1.59798E+00,  2.20672E+00,  3.45793E+00,  6.00862E+00,  1.11130E+01,  2.10444E+01,  3.96695E+01,  7.30870E+01,  1.30096E+02,  2.22112E+02,  3.62078E+02,  5.62126E+02,  8.30138E+02,  1.16599E+03,  1.55868E+03,  1.98566E+03,  2.41491E+03,  2.80968E+03,  3.13461E+03,  3.36167E+03,  3.47442E+03,  3.46961E+03,  3.35630E+03,  3.15288E+03,  2.88318E+03,  2.57254E+03,  2.24461E+03,  1.91920E+03,  1.61124E+03,  1.33066E+03,  1.08292E+03,  8.69868E+02,  6.90709E+02,  5.42917E+02,  4.22997E+02,  3.27066E+02,  2.51261E+02,  1.91987E+02,  1.46055E+02,  1.10734E+02,  8.37482E+01,  6.32424E+01,  4.77302E+01,  3.60382E+01,  2.72509E+01,  2.06612E+01,  1.57272E+01,  1.20369E+01,  9.27819E+00,  7.21615E+00,  5.67440E+00,  4.52092E+00,  3.65711E+00,  3.00941E+00,  2.52304E+00,  2.15719E+00,  1.88146E+00,  1.67322E+00,  1.51561E+00,  1.39602E+00,  1.30506E+00,  1.23570E+00,  1.18266E+00,  1.14200E+00,  1.11073E+00,  1.08662E+00,  1.06797E+00,  1.05351E+00,  1.04225E+00,  1.03348E+00,  1.02660E+00,  1.02121E+00,  1.01696E+00,  1.01361E+00,  1.01095E+00,  1.00884E+00,  1.00716E+00,  1.00581E+00,  1.00474E+00,  1.00387E+00,  1.00317E+00,  1.00261E+00,  1.00215E+00,  1.00177E+00,  1.00147E+00,  1.00122E+00,  1.00102E+00,  1.00085E+00
  1.00000E+00,  1.00000E+00,  1.00001E+00,  1.00009E+00,  1.00048E+00,  1.00172E+00,  1.00466E+00,  1.01056E+00,  1.02159E+00,  1.04185E+00,  1.07975E+00,  1.15269E+00,  1.29707E+00,  1.58909E+00,  2.18723E+00,  3.41534E+00,  5.91689E+00,  1.09202E+01,  2.06520E+01,  3.89029E+01,  7.16584E+01,  1.27570E+02,  2.17888E+02,  3.55420E+02,  5.52249E+02,  8.16358E+02,  1.14791E+03,  1.53639E+03,  1.95979E+03,  2.38668E+03,  2.78069E+03,  3.10666E+03,  3.33644E+03,  3.45324E+03,  3.45333E+03,  3.34519E+03,  3.14672E+03,  2.88137E+03,  2.57424E+03,  2.24891E+03,  1.92520E+03,  1.61816E+03,  1.33787E+03,  1.08996E+03,  8.76420E+02,  6.96594E+02,  5.48054E+02,  4.27378E+02,  3.30732E+02,  2.54280E+02,  1.94440E+02,  1.48025E+02,  1.12301E+02,  8.49848E+01,  6.42116E+01,  4.84857E+01,  3.66243E+01,  2.77040E+01,  2.10103E+01,  1.59957E+01,  1.22430E+01,  9.43622E+00,  7.33726E+00,  5.76720E+00,  4.59204E+00,  3.71165E+00,  3.05127E+00,  2.55520E+00,  2.18193E+00,  1.90053E+00,  1.68794E+00,  1.52699E+00,  1.40485E+00,  1.31192E+00,  1.24104E+00,  1.18683E+00,  1.14526E+00,  1.11328E+00,  1.08863E+00,  1.06956E+00,  1.05476E+00,  1.04325E+00,  1.03427E+00,  1.02723E+00,  1.02171E+00,  1.01737E+00,  1.01393E+00,  1.01121E+00,  1.00905E+00,  1.00733E+00,  1.00595E+00,  1.00485E+00,  1.00396E+00,  1.00325E+00,  1.00267E+00,  1.00220E+00,  1.00182E+00,  1.00151E+00,  1.00125E+00,  1.00104E+00,  1.00087E+00
  1.00000E+00,  1.00000E+00,  1.00001E+00,  1.00009E+00,  1.00048E+00,  1.00170E+00,  1.00461E+00,  1.01046E+00,  1.02137E+00,  1.04142E+00,  1.07886E+00,  1.15083E+00,  1.29307E+00,  1.58039E+00,  2.16814E+00,  3.37370E+00,  5.82728E+00,  1.07318E+01,  2.02689E+01,  3.81544E+01,  7.02631E+01,  1.25101E+02,  2.13756E+02,  3.48901E+02,  5.42566E+02,  8.02829E+02,  1.13014E+03,  1.51443E+03,  1.93427E+03,  2.35876E+03,  2.75197E+03,  3.07889E+03,  3.31131E+03,  3.43208E+03,  3.43697E+03,  3.33395E+03,  3.14040E+03,  2.87939E+03,  2.57579E+03,  2.25307E+03,  1.93109E+03,  1.62499E+03,  1.34502E+03,  1.09695E+03,  8.82948E+02,  7.02469E+02,  5.53191E+02,  4.31766E+02,  3.34409E+02,  2.57311E+02,  1.96905E+02,  1.50007E+02,  1.13879E+02,  8.62314E+01,  6.51896E+01,  4.92485E+01,  3.72166E+01,  2.81621E+01,  2.13636E+01,  1.62675E+01,  1.24518E+01,  9.59640E+00,  7.46008E+00,  5.86135E+00,  4.66423E+00,  3.76702E+00,  3.09378E+00,  2.58788E+00,  2.20708E+00,  1.91991E+00,  1.70291E+00,  1.53857E+00,  1.41382E+00,  1.31889E+00,  1.24647E+00,  1.19107E+00,  1.14858E+00,  1.11589E+00,  1.09068E+00,  1.07117E+00,  1.05604E+00,  1.04426E+00,  1.03507E+00,  1.02788E+00,  1.02223E+00,  1.01778E+00,  1.01427E+00,  1.01148E+00,  1.00927E+00,  1.00751E+00,  1.00610E+00,  1.00497E+00,  1.00406E+00,  1.00333E+00,  1.00273E+00,  1.00225E+00,  1.00186E+00,  1.00154E+00,  1.00128E+00,  1.00107E+00,  1.00089E+00
  1.00000E+00,  1.00000E+00,  1.00001E+00,  1.00009E+00,  1.00047E+00,  1.00168E+00,  1.00456E+00,  1.01035E+00,  1.02116E+00,  1.04099E+00,  1.07799E+00,  1.14900E+00,  1.28915E+00,  1.57185E+00,  2.14947E+00,  3.33298E+00,  5.73972E+00,  1.05479E+01,  1.98948E+01,  3.74236E+01,  6.89003E+01,  1.22688E+02,  2.09715E+02,  3.42519E+02,  5.33074E+02,  7.89549E+02,  1.11266E+03,  1.49280E+03,  1.90908E+03,  2.33115E+03,  2.72350E+03,  3.05131E+03,  3.28627E+03,  3.41092E+03,  3.42056E+03,  3.32259E+03,  3.13393E+03,  2.87724E+03,  2.57717E+03,  2.25708E+03,  1.93685E+03,  1.63173E+03,  1.35210E+03,  1.10390E+03,  8.89451E+02,  7.08333E+02,  5.58328E+02,  4.36161E+02,  3.38096E+02,  2.60355E+02,  1.99383E+02,  1.52001E+02,  1.15469E+02,  8.74881E+01,  6.61762E+01,  5.00187E+01,  3.78150E+01,  2.86252E+01,  2.17210E+01,  1.65427E+01,  1.26632E+01,  9.75872E+00,  7.58460E+00,  5.95685E+00,  4.73748E+00,  3.82323E+00,  3.13696E+00,  2.62107E+00,  2.23264E+00,  1.93962E+00,  1.71814E+00,  1.55035E+00,  1.42296E+00,  1.32599E+00,  1.25200E+00,  1.19539E+00,  1.15196E+00,  1.11854E+00,  1.09276E+00,  1.07282E+00,  1.05734E+00,  1.04530E+00,  1.03589E+00,  1.02853E+00,  1.02275E+00,  1.01820E+00,  1.01460E+00,  1.01175E+00,  1.00949E+00,  1.00768E+00,  1.00624E+00,  1.00508E+00,  1.00415E+00,  1.00340E+00,  1.00280E+00,  1.00231E+00,  1.00191E+00,  1.00158E+00,  1.00131E+00,  1.00109E+00,  1.00091E+00
  1.00000E+00,  1.00000E+00,  1.00001E+00,  1.00008E+00,  1.00046E+00,  1.00166E+00,  1.00451E+00,  1.01025E+00,  1.02095E+00,  1.04057E+00,  1.07713E+00,  1.14720E+00,  1.28530E+00,  1.56349E+00,  2.13119E+00,  3.29316E+00,  5.65415E+00,  1.03683E+01,  1.95296E+01,  3.67100E+01,  6.75691E+01,  1.20330E+02,  2.05763E+02,  3.36269E+02,  5.23768E+02,  7.76511E+02,  1.09548E+03,  1.47150E+03,  1.88423E+03,  2.30386E+03,  2.69530E+03,  3.02391E+03,  3.26133E+03,  3.38977E+03,  3.40408E+03,  3.31112E+03,  3.12731E+03,  2.87494E+03,  2.57840E+03,  2.26095E+03,  1.94250E+03,  1.63837E+03,  1.35911E+03,  1.11081E+03,  8.95928E+02,  7.14186E+02,  5.63463E+02,  4.40561E+02,  3.41793E+02,  2.63410E+02,  2.01873E+02,  1.54008E+02,  1.17070E+02,  8.87548E+01,  6.71716E+01,  5.07963E+01,  3.84196E+01,  2.90935E+01,  2.20826E+01,  1.68212E+01,  1.28774E+01,  9.92321E+00,  7.71084E+00,  6.05371E+00,  4.81181E+00,  3.88030E+00,  3.18080E+00,  2.65480E+00,  2.25861E+00,  1.95965E+00,  1.73361E+00,  1.56234E+00,  1.43225E+00,  1.33322E+00,  1.25763E+00,  1.19978E+00,  1.15540E+00,  1.12124E+00,  1.09489E+00,  1.07450E+00,  1.05867E+00,  1.04635E+00,  1.03673E+00,  1.02920E+00,  1.02329E+00,  1.01863E+00,  1.01495E+00,  1.01203E+00,  1.00971E+00,  1.00787E+00,  1.00639E+00,  1.00521E+00,  1.00425E+00,  1.00349E+00,  1.00286E+00,  1.00236E+00,  1.00195E+00,  1.00162E+00,  1.00134E+00,  1.00112E+00,  1.00094E+00
  1.00000E+00,  1.00000E+00,  1.00001E+00,  1.00008E+00,  1.00046E+00,  1.00164E+00,  1.00446E+00,  1.01014E+00,  1.02074E+00,  1.04016E+00,  1.07628E+00,  1.14543E+00,  1.28152E+00,  1.55529E+00,  2.11329E+00,  3.25422E+00,  5.57054E+00,  1.01928E+01,  1.91729E+01,  3.60130E+01,  6.62687E+01,  1.18024E+02,  2.01896E+02,  3.30149E+02,  5.14644E+02,  7.63711E+02,  1.07859E+03,  1.45051E+03,  1.85970E+03,  2.27687E+03,  2.66735E+03,  2.99669E+03,  3.23648E+03,  3.36864E+03,  3.38754E+03,  3.29953E+03,  3.12054E+03,  2.87247E+03,  2.57947E+03,  2.26468E+03,  1.94803E+03,  1.64493E+03,  1.36606E+03,  1.11767E+03,  9.02380E+02,  7.20027E+02,  5.68598E+02,  4.44967E+02,  3.45499E+02,  2.66477E+02,  2.04376E+02,  1.56027E+02,  1.18682E+02,  9.00315E+01,  6.81756E+01,  5.15813E+01,  3.90304E+01,  2.95669E+01,  2.24483E+01,  1.71031E+01,  1.30943E+01,  1.00899E+01,  7.83882E+00,  6.15195E+00,  4.88723E+00,  3.93822E+00,  3.22532E+00,  2.68905E+00,  2.28500E+00,  1.98001E+00,  1.74935E+00,  1.57452E+00,  1.44171E+00,  1.34057E+00,  1.26336E+00,  1.20426E+00,  1.15890E+00,  1.12399E+00,  1.09705E+00,  1.07620E+00,  1.06002E+00,  1.04742E+00,  1.03759E+00,  1.02988E+00,  1.02383E+00,  1.01907E+00,  1.01530E+00,  1.01232E+00,  1.00994E+00,  1.00805E+00,  1.00654E+00,  1.00533E+00,  1.00435E+00,  1.00357E+00,  1.00293E+00,  1.00242E+00,  1.00200E+00,  1.00166E+00,  1.00138E+00,  1.00115E+00,  1.00096E+00
  1.00000E+00,  1.00000E+00,  1.00001E+00,  1.00008E+00,  1.00045E+00,  1.00162E+00,  1.00441E+00,  1.01004E+00,  1.02054E+00,  1.03975E+00,  1.07545E+00,  1.14369E+00,  1.27781E+00,  1.54726E+00,  2.09577E+00,  3.21613E+00,  5.48881E+00,  1.00214E+01,  1.88245E+01,  3.53323E+01,  6.49982E+01,  1.15771E+02,  1.98114E+02,  3.24156E+02,  5.05699E+02,  7.51144E+02,  1.06197E+03,  1.42985E+03,  1.83550E+03,  2.25019E+03,  2.63965E+03,  2.96967E+03,  3.21174E+03,  3.34754E+03,  3.37095E+03,  3.28784E+03,  3.11363E+03,  2.86985E+03,  2.58038E+03,  2.26827E+03,  1.95344E+03,  1.65139E+03,  1.37294E+03,  1.12449E+03,  9.08804E+02,  7.25856E+02,  5.73730E+02,  4.49378E+02,  3.49215E+02,  2.69556E+02,  2.06892E+02,  1.58058E+02,  1.20305E+02,  9.13182E+01,  6.91883E+01,  5.23737E+01,  3.96474E+01,  3.00454E+01,  2.28183E+01,  1.73884E+01,  1.33139E+01,  1.02587E+01,  7.96854E+00,  6.25157E+00,  4.96374E+00,  3.99701E+00,  3.27053E+00,  2.72384E+00,  2.31181E+00,  2.00071E+00,  1.76535E+00,  1.58691E+00,  1.45132E+00,  1.34805E+00,  1.26919E+00,  1.20881E+00,  1.16247E+00,  1.12680E+00,  1.09926E+00,  1.07794E+00,  1.06140E+00,  1.04851E+00,  1.03845E+00,  1.03058E+00,  1.02439E+00,  1.01951E+00,  1.01566E+00,  1.01260E+00,  1.01018E+00,  1.00824E+00,  1.00670E+00,  1.00546E+00,  1.00446E+00,  1.00365E+00,  1.00300E+00,  1.00247E+00,  1.00205E+00,  1.00170E+00,  1.00141E+00,  1.00117E+00,  1.00098E+00
  1.00000E+00,  1.00000E+00,  1.00001E+00,  1.00008E+00,  1.00044E+00,  1.00160E+00,  1.00437E+00,  1.00994E+00,  1.02033E+00,  1.03934E+00,  1.07463E+00,  1.14198E+00,  1.27417E+00,  1.53938E+00,  2.07861E+00,  3.17887E+00,  5.40893E+00,  9.85393E+00,  1.84843E+01,  3.46675E+01,  6.37568E+01,  1.13568E+02,  1.94413E+02,  3.18288E+02,  4.96929E+02,  7.38806E+02,  1.04564E+03,  1.40949E+03,  1.81162E+03,  2.22381E+03,  2.61221E+03,  2.94282E+03,  3.18711E+03,  3.32645E+03,  3.35431E+03,  3.27604E+03,  3.10658E+03,  2.86707E+03,  2.58114E+03,  2.27173E+03,  1.95873E+03,  1.65776E+03,  1.37975E+03,  1.13126E+03,  9.15202E+02,  7.31671E+02,  5.78859E+02,  4.53793E+02,  3.52940E+02,  2.72646E+02,  2.09419E+02,  1.60100E+02,  1.21940E+02,  9.26149E+01,  7.02097E+01,  5.31735E+01,  4.02706E+01,  3.05291E+01,  2.31924E+01,  1.76771E+01,  1.35363E+01,  1.04298E+01,  8.10002E+00,  6.35259E+00,  5.04136E+00,  4.05667E+00,  3.31642E+00,  2.75918E+00,  2.33905E+00,  2.02174E+00,  1.78161E+00,  1.59951E+00,  1.46110E+00,  1.35566E+00,  1.27512E+00,  1.21345E+00,  1.16610E+00,  1.12965E+00,  1.10150E+00,  1.07972E+00,  1.06280E+00,  1.04963E+00,  1.03934E+00,  1.03128E+00,  1.02495E+00,  1.01996E+00,  1.01602E+00,  1.01290E+00,  1.01042E+00,  1.00844E+00,  1.00685E+00,  1.00558E+00,  1.00456E+00,  1.00374E+00,  1.00307E+00,  1.00253E+00,  1.00209E+00,  1.00174E+00,  1.00144E+00,  1.00120E+00,  1.00100E+00
  1.00000E+00,  1.00000E+00,  1.00001E+00,  1.00008E+00,  1.00044E+00,  1.00158E+00,  1.00432E+00,  1.00984E+00,  1.02013E+00,  1.03895E+00,  1.07383E+00,  1.14031E+00,  1.27060E+00,  1.53166E+00,  2.06181E+00,  3.14242E+00,  5.33085E+00,  9.69032E+00,  1.81520E+01,  3.40180E+01,  6.25439E+01,  1.11415E+02,  1.90792E+02,  3.12540E+02,  4.88330E+02,  7.26693E+02,  1.02958E+03,  1.38945E+03,  1.78806E+03,  2.19773E+03,  2.58503E+03,  2.91616E+03,  3.16258E+03,  3.30538E+03,  3.33762E+03,  3.26414E+03,  3.09939E+03,  2.86413E+03,  2.58175E+03,  2.27504E+03,  1.96390E+03,  1.66403E+03,  1.38649E+03,  1.13799E+03,  9.21571E+02,  7.37473E+02,  5.83986E+02,  4.58213E+02,  3.56674E+02,  2.75747E+02,  2.11958E+02,  1.62155E+02,  1.23585E+02,  9.39214E+01,  7.12397E+01,  5.39807E+01,  4.09000E+01,  3.10179E+01,  2.35708E+01,  1.79693E+01,  1.37615E+01,  1.06031E+01,  8.23327E+00,  6.45502E+00,  5.12009E+00,  4.11722E+00,  3.36301E+00,  2.79506E+00,  2.36672E+00,  2.04311E+00,  1.79814E+00,  1.61232E+00,  1.47105E+00,  1.36339E+00,  1.28115E+00,  1.21816E+00,  1.16979E+00,  1.13255E+00,  1.10379E+00,  1.08152E+00,  1.06423E+00,  1.05076E+00,  1.04024E+00,  1.03200E+00,  1.02553E+00,  1.02043E+00,  1.01640E+00,  1.01320E+00,  1.01066E+00,  1.00863E+00,  1.00701E+00,  1.00571E+00,  1.00467E+00,  1.00383E+00,  1.00315E+00,  1.00259E+00,  1.00214E+00,  1.00178E+00,  1.00148E+00,  1.00123E+00,  1.00103E+00
  1.00000E+00,  1.00000E+00,  1.00001E+00,  1.00008E+00,  1.00043E+00,  1.00156E+00,  1.00427E+00,  1.00974E+00,  1.01994E+00,  1.03855E+00,  1.07303E+00,  1.13865E+00,  1.26709E+00,  1.52409E+00,  2.04536E+00,  3.10675E+00,  5.25451E+00,  9.53045E+00,  1.78273E+01,  3.33835E+01,  6.13586E+01,  1.09309E+02,  1.87250E+02,  3.06911E+02,  4.79899E+02,  7.14799E+02,  1.01378E+03,  1.36970E+03,  1.76482E+03,  2.17195E+03,  2.55810E+03,  2.88969E+03,  3.13816E+03,  3.28435E+03,  3.32089E+03,  3.25213E+03,  3.09206E+03,  2.86105E+03,  2.58221E+03,  2.27821E+03,  1.96896E+03,  1.67022E+03,  1.39316E+03,  1.14467E+03,  9.27912E+02,  7.43262E+02,  5.89110E+02,  4.62636E+02,  3.60416E+02,  2.78859E+02,  2.14509E+02,  1.64221E+02,  1.25241E+02,  9.52377E+01,  7.22784E+01,  5.47953E+01,  4.15357E+01,  3.15119E+01,  2.39534E+01,  1.82649E+01,  1.39894E+01,  1.07786E+01,  8.36830E+00,  6.55886E+00,  5.19995E+00,  4.17865E+00,  3.41029E+00,  2.83150E+00,  2.39483E+00,  2.06482E+00,  1.81494E+00,  1.62534E+00,  1.48116E+00,  1.37127E+00,  1.28729E+00,  1.22296E+00,  1.17356E+00,  1.13550E+00,  1.10612E+00,  1.08336E+00,  1.06568E+00,  1.05192E+00,  1.04116E+00,  1.03274E+00,  1.02612E+00,  1.02090E+00,  1.01677E+00,  1.01351E+00,  1.01091E+00,  1.00883E+00,  1.00718E+00,  1.00585E+00,  1.00478E+00,  1.00392E+00,  1.00322E+00,  1.00265E+00,  1.00219E+00,  1.00182E+00,  1.00151E+00,  1.00126E+00,  1.00105E+00
  1.00000E+00,  1.00000E+00,  1.00001E+00,  1.00008E+00,  1.00043E+00,  1.00155E+00,  1.00423E+00,  1.00965E+00,  1.01974E+00,  1.03817E+00,  1.07225E+00,  1.13703E+00,  1.26365E+00,  1.51666E+00,  2.02924E+00,  3.07186E+00,  5.17986E+00,  9.37421E+00,  1.75101E+01,  3.27637E+01,  6.02004E+01,  1.07250E+02,  1.83784E+02,  3.01398E+02,  4.71631E+02,  7.03122E+02,  9.98254E+02,  1.35026E+03,  1.74188E+03,  2.14646E+03,  2.53142E+03,  2.86341E+03,  3.11385E+03,  3.26335E+03,  3.30412E+03,  3.24003E+03,  3.08461E+03,  2.85782E+03,  2.58252E+03,  2.28125E+03,  1.97391E+03,  1.67631E+03,  1.39977E+03,  1.15130E+03,  9.34224E+02,  7.49035E+02,  5.94229E+02,  4.67063E+02,  3.64166E+02,  2.81981E+02,  2.17072E+02,  1.66298E+02,  1.26908E+02,  9.65639E+01,  7.33257E+01,  5.56172E+01,  4.21775E+01,  3.20110E+01,  2.43403E+01,  1.85640E+01,  1.42201E+01,  1.09564E+01,  8.50513E+00,  6.66413E+00,  5.28094E+00,  4.24097E+00,  3.45829E+00,  2.86849E+00,  2.42338E+00,  2.08688E+00,  1.83201E+00,  1.63858E+00,  1.49145E+00,  1.37927E+00,  1.29354E+00,  1.22785E+00,  1.17738E+00,  1.13851E+00,  1.10849E+00,  1.08523E+00,  1.06717E+00,  1.05309E+00,  1.04210E+00,  1.03348E+00,  1.02671E+00,  1.02138E+00,  1.01716E+00,  1.01382E+00,  1.01116E+00,  1.00904E+00,  1.00734E+00,  1.00598E+00,  1.00489E+00,  1.00401E+00,  1.00329E+00,  1.00272E+00,  1.00224E+00,  1.00186E+00,  1.00155E+00,  1.00129E+00,  1.00108E+00
  1.00000E+00,  1.00000E+00,  1.00001E+00,  1.00007E+00,  1.00042E+00,  1.00153E+00,  1.00418E+00,  1.00955E+00,  1.01955E+00,  1.03779E+00,  1.07148E+00,  1.13544E+00,  1.26027E+00,  1.50938E+00,  2.01345E+00,  3.03771E+00,  5.10688E+00,  9.22153E+00,  1.72002E+01,  3.21580E+01,  5.90683E+01,  1.05237E+02,  1.80392E+02,  2.95998E+02,  4.63524E+02,  6.91656E+02,  9.82983E+02,  1.33110E+03,  1.71925E+03,  2.12127E+03,  2.50500E+03,  2.83732E+03,  3.08965E+03,  3.24237E+03,  3.28731E+03,  3.22784E+03,  3.07702E+03,  2.85444E+03,  2.58268E+03,  2.28416E+03,  1.97873E+03,  1.68230E+03,  1.40630E+03,  1.15788E+03,  9.40506E+02,  7.54794E+02,  5.99344E+02,  4.71494E+02,  3.67924E+02,  2.85114E+02,  2.19646E+02,  1.68387E+02,  1.28586E+02,  9.78999E+01,  7.43815E+01,  5.64466E+01,  4.28256E+01,  3.25154E+01,  2.47315E+01,  1.88665E+01,  1.44537E+01,  1.11364E+01,  8.64376E+00,  6.77084E+00,  5.36307E+00,  4.30421E+00,  3.50700E+00,  2.90605E+00,  2.45237E+00,  2.10929E+00,  1.84936E+00,  1.65204E+00,  1.50190E+00,  1.38741E+00,  1.29989E+00,  1.23282E+00,  1.18128E+00,  1.14157E+00,  1.11090E+00,  1.08714E+00,  1.06867E+00,  1.05429E+00,  1.04305E+00,  1.03425E+00,  1.02732E+00,  1.02187E+00,  1.01756E+00,  1.01414E+00,  1.01142E+00,  1.00925E+00,  1.00751E+00,  1.00612E+00,  1.00500E+00,  1.00410E+00,  1.00337E+00,  1.00278E+00,  1.00230E+00,  1.00190E+00,  1.00158E+00,  1.00132E+00,  1.00110E+00
  1.00000E+00,  1.00000E+00,  1.00001E+00,  1.00007E+00,  1.00041E+00,  1.00151E+00,  1.00414E+00,  1.00946E+00,  1.01936E+00,  1.03741E+00,  1.07072E+00,  1.13387E+00,  1.25694E+00,  1.50224E+00,  1.99799E+00,  3.00429E+00,  5.03551E+00,  9.07229E+00,  1.68973E+01,  3.15662E+01,  5.79619E+01,  1.03269E+02,  1.77072E+02,  2.90709E+02,  4.55574E+02,  6.80397E+02,  9.67966E+02,  1.31224E+03,  1.69692E+03,  2.09637E+03,  2.47882E+03,  2.81141E+03,  3.06556E+03,  3.22144E+03,  3.27047E+03,  3.21556E+03,  3.06931E+03,  2.85091E+03,  2.58269E+03,  2.28692E+03,  1.98344E+03,  1.68821E+03,  1.41277E+03,  1.16442E+03,  9.46758E+02,  7.60537E+02,  6.04455E+02,  4.75927E+02,  3.71689E+02,  2.88257E+02,  2.22231E+02,  1.70488E+02,  1.30275E+02,  9.92456E+01,  7.54460E+01,  5.72833E+01,  4.34800E+01,  3.30249E+01,  2.51269E+01,  1.91725E+01,  1.46900E+01,  1.13187E+01,  8.78421E+00,  6.87900E+00,  5.44635E+00,  4.36835E+00,  3.55643E+00,  2.94417E+00,  2.48181E+00,  2.13205E+00,  1.86699E+00,  1.66571E+00,  1.51253E+00,  1.39569E+00,  1.30635E+00,  1.23787E+00,  1.18524E+00,  1.14469E+00,  1.11335E+00,  1.08907E+00,  1.07021E+00,  1.05551E+00,  1.04402E+00,  1.03502E+00,  1.02794E+00,  1.02237E+00,  1.01796E+00,  1.01446E+00,  1.01168E+00,  1.00946E+00,  1.00769E+00,  1.00626E+00,  1.00512E+00,  1.00420E+00,  1.00345E+00,  1.00284E+00,  1.00235E+00,  1.00195E+00,  1.00162E+00,  1.00135E+00,  1.00113E+00
  1.00000E+00,  1.00000E+00,  1.00001E+00,  1.00007E+00,  1.00041E+00,  1.00149E+00,  1.00409E+00,  1.00936E+00,  1.01918E+00,  1.03704E+00,  1.06997E+00,  1.13232E+00,  1.25368E+00,  1.49524E+00,  1.98284E+00,  2.97158E+00,  4.96570E+00,  8.92641E+00,  1.66014E+01,  3.09879E+01,  5.68804E+01,  1.01344E+02,  1.73824E+02,  2.85527E+02,  4.47778E+02,  6.69342E+02,  9.53200E+02,  1.29366E+03,  1.67489E+03,  2.07175E+03,  2.45289E+03,  2.78569E+03,  3.04159E+03,  3.20054E+03,  3.25359E+03,  3.20319E+03,  3.06147E+03,  2.84724E+03,  2.58256E+03,  2.28956E+03,  1.98803E+03,  1.69402E+03,  1.41917E+03,  1.17090E+03,  9.52980E+02,  7.66264E+02,  6.09560E+02,  4.80362E+02,  3.75462E+02,  2.91410E+02,  2.24827E+02,  1.72599E+02,  1.31974E+02,  1.00601E+02,  7.65189E+01,  5.81274E+01,  4.41406E+01,  3.35396E+01,  2.55266E+01,  1.94821E+01,  1.49292E+01,  1.15033E+01,  8.92649E+00,  6.98862E+00,  5.53079E+00,  4.43341E+00,  3.60659E+00,  2.98287E+00,  2.51170E+00,  2.15517E+00,  1.88490E+00,  1.67961E+00,  1.52334E+00,  1.40411E+00,  1.31292E+00,  1.24301E+00,  1.18927E+00,  1.14786E+00,  1.11585E+00,  1.09105E+00,  1.07177E+00,  1.05675E+00,  1.04501E+00,  1.03581E+00,  1.02858E+00,  1.02287E+00,  1.01837E+00,  1.01479E+00,  1.01195E+00,  1.00968E+00,  1.00786E+00,  1.00641E+00,  1.00524E+00,  1.00429E+00,  1.00353E+00,  1.00291E+00,  1.00240E+00,  1.00199E+00,  1.00166E+00,  1.00138E+00,  1.00115E+00
  1.00000E+00,  1.00000E+00,  1.00001E+00,  1.00007E+00,  1.00040E+00,  1.00147E+00,  1.00405E+00,  1.00927E+00,  1.01899E+00,  1.03668E+00,  1.06924E+00,  1.13080E+00,  1.25048E+00,  1.48837E+00,  1.96800E+00,  2.93957E+00,  4.89743E+00,  8.78380E+00,  1.63121E+01,  3.04227E+01,  5.58232E+01,  9.94609E+01,  1.70644E+02,  2.80452E+02,  4.40132E+02,  6.58487E+02,  9.38680E+02,  1.27536E+03,  1.65316E+03,  2.04741E+03,  2.42721E+03,  2.76017E+03,  3.01774E+03,  3.17968E+03,  3.23669E+03,  3.19074E+03,  3.05351E+03,  2.84343E+03,  2.58229E+03,  2.29205E+03,  1.99251E+03,  1.69974E+03,  1.42549E+03,  1.17734E+03,  9.59170E+02,  7.71974E+02,  6.14659E+02,  4.84799E+02,  3.79241E+02,  2.94572E+02,  2.27435E+02,  1.74722E+02,  1.33684E+02,  1.01966E+02,  7.76004E+01,  5.89789E+01,  4.48074E+01,  3.40596E+01,  2.59306E+01,  1.97951E+01,  1.51713E+01,  1.16901E+01,  9.07062E+00,  7.09970E+00,  5.61640E+00,  4.49939E+00,  3.65748E+00,  3.02215E+00,  2.54205E+00,  2.17866E+00,  1.90310E+00,  1.69373E+00,  1.53432E+00,  1.41266E+00,  1.31960E+00,  1.24824E+00,  1.19338E+00,  1.15108E+00,  1.11839E+00,  1.09306E+00,  1.07336E+00,  1.05802E+00,  1.04602E+00,  1.03661E+00,  1.02922E+00,  1.02339E+00,  1.01878E+00,  1.01513E+00,  1.01222E+00,  1.00990E+00,  1.00804E+00,  1.00655E+00,  1.00536E+00,  1.00439E+00,  1.00361E+00,  1.00298E+00,  1.00246E+00,  1.00204E+00,  1.00169E+00,  1.00141E+00,  1.00118E+00
  1.00000E+00,  1.00000E+00,  1.00001E+00,  1.00007E+00,  1.00040E+00,  1.00146E+00,  1.00401E+00,  1.00918E+00,  1.01881E+00,  1.03632E+00,  1.06851E+00,  1.12931E+00,  1.24733E+00,  1.48163E+00,  1.95345E+00,  2.90822E+00,  4.83064E+00,  8.64437E+00,  1.60294E+01,  2.98702E+01,  5.47896E+01,  9.76194E+01,  1.67533E+02,  2.75480E+02,  4.32634E+02,  6.47827E+02,  9.24400E+02,  1.25733E+03,  1.63172E+03,  2.02336E+03,  2.40178E+03,  2.73483E+03,  2.99400E+03,  3.15887E+03,  3.21976E+03,  3.17820E+03,  3.04543E+03,  2.83948E+03,  2.58187E+03,  2.29442E+03,  1.99688E+03,  1.70536E+03,  1.43175E+03,  1.18373E+03,  9.65329E+02,  7.77667E+02,  6.19753E+02,  4.89237E+02,  3.83027E+02,  2.97744E+02,  2.30053E+02,  1.76855E+02,  1.35405E+02,  1.03341E+02,  7.86905E+01,  5.98377E+01,  4.54805E+01,  3.45848E+01,  2.63389E+01,  2.01117E+01,  1.54162E+01,  1.18793E+01,  9.21659E+00,  7.21226E+00,  5.70318E+00,  4.56632E+00,  3.70911E+00,  3.06202E+00,  2.57286E+00,  2.20250E+00,  1.92158E+00,  1.70808E+00,  1.54548E+00,  1.42136E+00,  1.32640E+00,  1.25356E+00,  1.19755E+00,  1.15436E+00,  1.12098E+00,  1.09510E+00,  1.07499E+00,  1.05930E+00,  1.04704E+00,  1.03743E+00,  1.02988E+00,  1.02392E+00,  1.01921E+00,  1.01547E+00,  1.01250E+00,  1.01012E+00,  1.00823E+00,  1.00670E+00,  1.00548E+00,  1.00449E+00,  1.00369E+00,  1.00304E+00,  1.00252E+00,  1.00209E+00,  1.00173E+00,  1.00144E+00,  1.00121E+00
  1.00000E+00,  1.00000E+00,  1.00001E+00,  1.00007E+00,  1.00039E+00,  1.00144E+00,  1.00397E+00,  1.00909E+00,  1.01863E+00,  1.03596E+00,  1.06780E+00,  1.12784E+00,  1.24424E+00,  1.47502E+00,  1.93919E+00,  2.87754E+00,  4.76530E+00,  8.50805E+00,  1.57531E+01,  2.93303E+01,  5.37791E+01,  9.58182E+01,  1.64487E+02,  2.70608E+02,  4.25280E+02,  6.37360E+02,  9.10359E+02,  1.23958E+03,  1.61056E+03,  1.99959E+03,  2.37659E+03,  2.70967E+03,  2.97038E+03,  3.13810E+03,  3.20280E+03,  3.16559E+03,  3.03724E+03,  2.83540E+03,  2.58131E+03,  2.29666E+03,  2.00113E+03,  1.71089E+03,  1.43793E+03,  1.19006E+03,  9.71456E+02,  7.83342E+02,  6.24839E+02,  4.93677E+02,  3.86819E+02,  3.00925E+02,  2.32681E+02,  1.79000E+02,  1.37135E+02,  1.04725E+02,  7.97890E+01,  6.07039E+01,  4.61598E+01,  3.51152E+01,  2.67516E+01,  2.04319E+01,  1.56640E+01,  1.20708E+01,  9.36443E+00,  7.32632E+00,  5.79115E+00,  4.63418E+00,  3.76148E+00,  3.10247E+00,  2.60414E+00,  2.22672E+00,  1.94036E+00,  1.72266E+00,  1.55683E+00,  1.43021E+00,  1.33331E+00,  1.25897E+00,  1.20179E+00,  1.15770E+00,  1.12361E+00,  1.09718E+00,  1.07663E+00,  1.06061E+00,  1.04809E+00,  1.03827E+00,  1.03054E+00,  1.02445E+00,  1.01964E+00,  1.01582E+00,  1.01278E+00,  1.01035E+00,  1.00841E+00,  1.00686E+00,  1.00560E+00,  1.00459E+00,  1.00378E+00,  1.00311E+00,  1.00257E+00,  1.00213E+00,  1.00177E+00,  1.00148E+00,  1.00123E+00
  1.00000E+00,  1.00000E+00,  1.00001E+00,  1.00007E+00,  1.00039E+00,  1.00142E+00,  1.00392E+00,  1.00900E+00,  1.01845E+00,  1.03561E+00,  1.06710E+00,  1.12640E+00,  1.24120E+00,  1.46853E+00,  1.92522E+00,  2.84749E+00,  4.70138E+00,  8.37474E+00,  1.54830E+01,  2.88024E+01,  5.27911E+01,  9.40562E+01,  1.61505E+02,  2.65836E+02,  4.18067E+02,  6.27080E+02,  8.96550E+02,  1.22210E+03,  1.58969E+03,  1.97609E+03,  2.35164E+03,  2.68471E+03,  2.94688E+03,  3.11738E+03,  3.18583E+03,  3.15290E+03,  3.02893E+03,  2.83118E+03,  2.58062E+03,  2.29876E+03,  2.00526E+03,  1.71633E+03,  1.44404E+03,  1.19635E+03,  9.77550E+02,  7.89000E+02,  6.29919E+02,  4.98118E+02,  3.90617E+02,  3.04115E+02,  2.35320E+02,  1.81155E+02,  1.38876E+02,  1.06118E+02,  8.08959E+01,  6.15774E+01,  4.68453E+01,  3.56509E+01,  2.71686E+01,  2.07556E+01,  1.59147E+01,  1.22647E+01,  9.51414E+00,  7.44187E+00,  5.88032E+00,  4.70299E+00,  3.81461E+00,  3.14352E+00,  2.63589E+00,  2.25131E+00,  1.95943E+00,  1.73748E+00,  1.56835E+00,  1.43920E+00,  1.34033E+00,  1.26447E+00,  1.20611E+00,  1.16110E+00,  1.12629E+00,  1.09930E+00,  1.07831E+00,  1.06195E+00,  1.04915E+00,  1.03912E+00,  1.03122E+00,  1.02500E+00,  1.02008E+00,  1.01617E+00,  1.01306E+00,  1.01059E+00,  1.00860E+00,  1.00701E+00,  1.00573E+00,  1.00470E+00,  1.00386E+00,  1.00318E+00,  1.00263E+00,  1.00218E+00,  1.00181E+00,  1.00151E+00,  1.00126E+00
  1.00000E+00,  1.00000E+00,  1.00001E+00,  1.00007E+00,  1.00038E+00,  1.00140E+00,  1.00388E+00,  1.00892E+00,  1.01828E+00,  1.03526E+00,  1.06640E+00,  1.12497E+00,  1.23822E+00,  1.46216E+00,  1.91153E+00,  2.81807E+00,  4.63884E+00,  8.24438E+00,  1.52189E+01,  2.82864E+01,  5.18251E+01,  9.23326E+01,  1.58587E+02,  2.61160E+02,  4.10993E+02,  6.16985E+02,  8.82971E+02,  1.20488E+03,  1.56910E+03,  1.95287E+03,  2.32694E+03,  2.65994E+03,  2.92351E+03,  3.09671E+03,  3.16884E+03,  3.14015E+03,  3.02051E+03,  2.82683E+03,  2.57979E+03,  2.30074E+03,  2.00928E+03,  1.72167E+03,  1.45008E+03,  1.20259E+03,  9.83611E+02,  7.94638E+02,  6.34990E+02,  5.02558E+02,  3.94421E+02,  3.07314E+02,  2.37969E+02,  1.83321E+02,  1.40628E+02,  1.07522E+02,  8.20113E+01,  6.24583E+01,  4.75372E+01,  3.61918E+01,  2.75900E+01,  2.10828E+01,  1.61683E+01,  1.24609E+01,  9.66574E+00,  7.55893E+00,  5.97068E+00,  4.77276E+00,  3.86850E+00,  3.18517E+00,  2.66812E+00,  2.27627E+00,  1.97879E+00,  1.75252E+00,  1.58007E+00,  1.44833E+00,  1.34747E+00,  1.27006E+00,  1.21050E+00,  1.16455E+00,  1.12901E+00,  1.10145E+00,  1.08002E+00,  1.06330E+00,  1.05023E+00,  1.03998E+00,  1.03192E+00,  1.02556E+00,  1.02052E+00,  1.01653E+00,  1.01336E+00,  1.01082E+00,  1.00880E+00,  1.00717E+00,  1.00586E+00,  1.00480E+00,  1.00395E+00,  1.00326E+00,  1.00269E+00,  1.00223E+00,  1.00185E+00,  1.00155E+00,  1.00129E+00
  1.00000E+00,  1.00000E+00,  1.00001E+00,  1.00007E+00,  1.00038E+00,  1.00139E+00,  1.00384E+00,  1.00883E+00,  1.01811E+00,  1.03492E+00,  1.06572E+00,  1.12358E+00,  1.23528E+00,  1.45591E+00,  1.89811E+00,  2.78926E+00,  4.57763E+00,  8.11689E+00,  1.49606E+01,  2.77819E+01,  5.08804E+01,  9.06463E+01,  1.55729E+02,  2.56578E+02,  4.04053E+02,  6.07072E+02,  8.69617E+02,  1.18792E+03,  1.54878E+03,  1.92992E+03,  2.30247E+03,  2.63535E+03,  2.90026E+03,  3.07609E+03,  3.15184E+03,  3.12732E+03,  3.01198E+03,  2.82235E+03,  2.57882E+03,  2.30258E+03,  2.01319E+03,  1.72692E+03,  1.45605E+03,  1.20877E+03,  9.89638E+02,  8.00258E+02,  6.40054E+02,  5.06999E+02,  3.98230E+02,  3.10522E+02,  2.40629E+02,  1.85497E+02,  1.42389E+02,  1.08934E+02,  8.31352E+01,  6.33464E+01,  4.82353E+01,  3.67379E+01,  2.80157E+01,  2.14137E+01,  1.64249E+01,  1.26594E+01,  9.81923E+00,  7.67751E+00,  6.06226E+00,  4.84349E+00,  3.92315E+00,  3.22743E+00,  2.70082E+00,  2.30161E+00,  1.99846E+00,  1.76781E+00,  1.59197E+00,  1.45762E+00,  1.35473E+00,  1.27574E+00,  1.21496E+00,  1.16806E+00,  1.13179E+00,  1.10365E+00,  1.08176E+00,  1.06469E+00,  1.05133E+00,  1.04086E+00,  1.03262E+00,  1.02612E+00,  1.02098E+00,  1.01690E+00,  1.01366E+00,  1.01107E+00,  1.00899E+00,  1.00733E+00,  1.00599E+00,  1.00491E+00,  1.00404E+00,  1.00333E+00,  1.00275E+00,  1.00228E+00,  1.00190E+00,  1.00158E+00,  1.00132E+00
  1.00000E+00,  1.00000E+00,  1.00001E+00,  1.00006E+00,  1.00037E+00,  1.00137E+00,  1.00380E+00,  1.00874E+00,  1.01794E+00,  1.03459E+00,  1.06505E+00,  1.12220E+00,  1.23240E+00,  1.44978E+00,  1.88495E+00,  2.76104E+00,  4.51774E+00,  7.99218E+00,  1.47082E+01,  2.72886E+01,  4.99565E+01,  8.89965E+01,  1.52932E+02,  2.52088E+02,  3.97247E+02,  5.97336E+02,  8.56484E+02,  1.17121E+03,  1.52874E+03,  1.90724E+03,  2.27825E+03,  2.61096E+03,  2.87713E+03,  3.05552E+03,  3.13482E+03,  3.11442E+03,  3.00335E+03,  2.81774E+03,  2.57772E+03,  2.30430E+03,  2.01699E+03,  1.73208E+03,  1.46195E+03,  1.21490E+03,  9.95631E+02,  8.05858E+02,  6.45110E+02,  5.11440E+02,  4.02044E+02,  3.13737E+02,  2.43298E+02,  1.87684E+02,  1.44161E+02,  1.10356E+02,  8.42673E+01,  6.42419E+01,  4.89396E+01,  3.72894E+01,  2.84458E+01,  2.17481E+01,  1.66843E+01,  1.28603E+01,  9.97464E+00,  7.79762E+00,  6.15506E+00,  4.91519E+00,  3.97857E+00,  3.27030E+00,  2.73401E+00,  2.32734E+00,  2.01843E+00,  1.78333E+00,  1.60406E+00,  1.46705E+00,  1.36210E+00,  1.28152E+00,  1.21950E+00,  1.17164E+00,  1.13460E+00,  1.10588E+00,  1.08353E+00,  1.06609E+00,  1.05245E+00,  1.04176E+00,  1.03334E+00,  1.02670E+00,  1.02145E+00,  1.01728E+00,  1.01396E+00,  1.01131E+00,  1.00919E+00,  1.00749E+00,  1.00613E+00,  1.00502E+00,  1.00413E+00,  1.00340E+00,  1.00281E+00,  1.00233E+00,  1.00194E+00,  1.00162E+00,  1.00135E+00
  1.00000E+00,  1.00000E+00,  1.00001E+00,  1.00006E+00,  1.00037E+00,  1.00136E+00,  1.00376E+00,  1.00866E+00,  1.01777E+00,  1.03426E+00,  1.06439E+00,  1.12084E+00,  1.22957E+00,  1.44376E+00,  1.87204E+00,  2.73341E+00,  4.45912E+00,  7.87020E+00,  1.44613E+01,  2.68062E+01,  4.90529E+01,  8.73822E+01,  1.50193E+02,  2.47689E+02,  3.90570E+02,  5.87774E+02,  8.43568E+02,  1.15476E+03,  1.50897E+03,  1.88482E+03,  2.25426E+03,  2.58675E+03,  2.85412E+03,  3.03501E+03,  3.11779E+03,  3.10146E+03,  2.99461E+03,  2.81301E+03,  2.57648E+03,  2.30589E+03,  2.02067E+03,  1.73715E+03,  1.46777E+03,  1.22098E+03,  1.00159E+03,  8.11438E+02,  6.50157E+02,  5.15880E+02,  4.05862E+02,  3.16961E+02,  2.45977E+02,  1.89881E+02,  1.45943E+02,  1.11787E+02,  8.54079E+01,  6.51447E+01,  4.96502E+01,  3.78460E+01,  2.88802E+01,  2.20861E+01,  1.69467E+01,  1.30636E+01,  1.01320E+01,  7.91927E+00,  6.24909E+00,  4.98787E+00,  4.03477E+00,  3.31378E+00,  2.76769E+00,  2.35345E+00,  2.03870E+00,  1.79910E+00,  1.61634E+00,  1.47664E+00,  1.36960E+00,  1.28740E+00,  1.22412E+00,  1.17527E+00,  1.13747E+00,  1.10814E+00,  1.08532E+00,  1.06752E+00,  1.05359E+00,  1.04267E+00,  1.03407E+00,  1.02729E+00,  1.02192E+00,  1.01766E+00,  1.01427E+00,  1.01156E+00,  1.00940E+00,  1.00766E+00,  1.00626E+00,  1.00513E+00,  1.00422E+00,  1.00348E+00,  1.00288E+00,  1.00238E+00,  1.00198E+00,  1.00165E+00,  1.00138E+00
  1.00000E+00,  1.00000E+00,  1.00001E+00,  1.00006E+00,  1.00036E+00,  1.00134E+00,  1.00372E+00,  1.00858E+00,  1.01760E+00,  1.03393E+00,  1.06373E+00,  1.11951E+00,  1.22679E+00,  1.43785E+00,  1.85939E+00,  2.70633E+00,  4.40174E+00,  7.75086E+00,  1.42198E+01,  2.63345E+01,  4.81691E+01,  8.58027E+01,  1.47512E+02,  2.43378E+02,  3.84021E+02,  5.78383E+02,  8.30866E+02,  1.13856E+03,  1.48947E+03,  1.86266E+03,  2.23051E+03,  2.56274E+03,  2.83125E+03,  3.01456E+03,  3.10076E+03,  3.08844E+03,  2.98577E+03,  2.80815E+03,  2.57512E+03,  2.30736E+03,  2.02424E+03,  1.74212E+03,  1.47352E+03,  1.22701E+03,  1.00751E+03,  8.16997E+02,  6.55194E+02,  5.20318E+02,  4.09685E+02,  3.20192E+02,  2.48665E+02,  1.92088E+02,  1.47734E+02,  1.13228E+02,  8.65567E+01,  6.60548E+01,  5.03670E+01,  3.84080E+01,  2.93191E+01,  2.24278E+01,  1.72120E+01,  1.32693E+01,  1.02912E+01,  8.04247E+00,  6.34436E+00,  5.06154E+00,  4.09176E+00,  3.35789E+00,  2.80186E+00,  2.37995E+00,  2.05929E+00,  1.81511E+00,  1.62882E+00,  1.48638E+00,  1.37722E+00,  1.29337E+00,  1.22881E+00,  1.17897E+00,  1.14039E+00,  1.11045E+00,  1.08715E+00,  1.06898E+00,  1.05475E+00,  1.04359E+00,  1.03481E+00,  1.02788E+00,  1.02240E+00,  1.01805E+00,  1.01458E+00,  1.01182E+00,  1.00961E+00,  1.00783E+00,  1.00640E+00,  1.00525E+00,  1.00432E+00,  1.00356E+00,  1.00294E+00,  1.00244E+00,  1.00203E+00,  1.00169E+00,  1.00141E+00
  1.00000E+00,  1.00000E+00,  1.00001E+00,  1.00006E+00,  1.00036E+00,  1.00132E+00,  1.00368E+00,  1.00849E+00,  1.01744E+00,  1.03361E+00,  1.06309E+00,  1.11820E+00,  1.22405E+00,  1.43205E+00,  1.84699E+00,  2.67981E+00,  4.34557E+00,  7.63411E+00,  1.39836E+01,  2.58732E+01,  4.73046E+01,  8.42570E+01,  1.44886E+02,  2.39153E+02,  3.77596E+02,  5.69159E+02,  8.18374E+02,  1.12260E+03,  1.47023E+03,  1.84077E+03,  2.20700E+03,  2.53891E+03,  2.80850E+03,  2.99417E+03,  3.08372E+03,  3.07536E+03,  2.97684E+03,  2.80317E+03,  2.57362E+03,  2.30870E+03,  2.02770E+03,  1.74700E+03,  1.47920E+03,  1.23298E+03,  1.01340E+03,  8.22536E+02,  6.60222E+02,  5.24755E+02,  4.13512E+02,  3.23431E+02,  2.51363E+02,  1.94305E+02,  1.49535E+02,  1.14677E+02,  8.77139E+01,  6.69722E+01,  5.10901E+01,  3.89753E+01,  2.97624E+01,  2.27731E+01,  1.74804E+01,  1.34774E+01,  1.04524E+01,  8.16723E+00,  6.44087E+00,  5.13620E+00,  4.14953E+00,  3.40262E+00,  2.83653E+00,  2.40685E+00,  2.08018E+00,  1.83137E+00,  1.64149E+00,  1.49627E+00,  1.38496E+00,  1.29944E+00,  1.23358E+00,  1.18272E+00,  1.14335E+00,  1.11280E+00,  1.08902E+00,  1.07046E+00,  1.05593E+00,  1.04454E+00,  1.03557E+00,  1.02849E+00,  1.02289E+00,  1.01844E+00,  1.01490E+00,  1.01208E+00,  1.00982E+00,  1.00800E+00,  1.00654E+00,  1.00537E+00,  1.00441E+00,  1.00364E+00,  1.00301E+00,  1.00249E+00,  1.00207E+00,  1.00173E+00,  1.00144E+00
  1.00000E+00,  1.00000E+00,  1.00001E+00,  1.00006E+00,  1.00035E+00,  1.00131E+00,  1.00365E+00,  1.00841E+00,  1.01727E+00,  1.03329E+00,  1.06246E+00,  1.11691E+00,  1.22136E+00,  1.42635E+00,  1.83482E+00,  2.65383E+00,  4.29059E+00,  7.51988E+00,  1.37526E+01,  2.54220E+01,  4.64589E+01,  8.27443E+01,  1.42315E+02,  2.35012E+02,  3.71293E+02,  5.60100E+02,  8.06089E+02,  1.10688E+03,  1.45125E+03,  1.81914E+03,  2.18372E+03,  2.51526E+03,  2.78588E+03,  2.97384E+03,  3.06668E+03,  3.06222E+03,  2.96781E+03,  2.79808E+03,  2.57200E+03,  2.30992E+03,  2.03105E+03,  1.75178E+03,  1.48481E+03,  1.23890E+03,  1.01925E+03,  8.28053E+02,  6.65239E+02,  5.29191E+02,  4.17343E+02,  3.26677E+02,  2.54070E+02,  1.96532E+02,  1.51347E+02,  1.16136E+02,  8.88793E+01,  6.78968E+01,  5.18194E+01,  3.95478E+01,  3.02100E+01,  2.31220E+01,  1.77516E+01,  1.36880E+01,  1.06156E+01,  8.29355E+00,  6.53864E+00,  5.21186E+00,  4.20810E+00,  3.44799E+00,  2.87170E+00,  2.43415E+00,  2.10139E+00,  1.84788E+00,  1.65436E+00,  1.50632E+00,  1.39283E+00,  1.30561E+00,  1.23843E+00,  1.18654E+00,  1.14637E+00,  1.11518E+00,  1.09091E+00,  1.07196E+00,  1.05714E+00,  1.04550E+00,  1.03634E+00,  1.02911E+00,  1.02339E+00,  1.01885E+00,  1.01523E+00,  1.01235E+00,  1.01004E+00,  1.00818E+00,  1.00669E+00,  1.00548E+00,  1.00451E+00,  1.00372E+00,  1.00307E+00,  1.00255E+00,  1.00212E+00,  1.00176E+00,  1.00147E+00
  1.00000E+00,  1.00000E+00,  1.00001E+00,  1.00006E+00,  1.00035E+00,  1.00129E+00,  1.00361E+00,  1.00833E+00,  1.01711E+00,  1.03297E+00,  1.06183E+00,  1.11564E+00,  1.21872E+00,  1.42076E+00,  1.82289E+00,  2.62837E+00,  4.23675E+00,  7.40810E+00,  1.35267E+01,  2.49807E+01,  4.56316E+01,  8.12639E+01,  1.39797E+02,  2.30954E+02,  3.65109E+02,  5.51202E+02,  7.94006E+02,  1.09139E+03,  1.43252E+03,  1.79776E+03,  2.16067E+03,  2.49181E+03,  2.76338E+03,  2.95358E+03,  3.04964E+03,  3.04903E+03,  2.95868E+03,  2.79286E+03,  2.57025E+03,  2.31101E+03,  2.03429E+03,  1.75648E+03,  1.49034E+03,  1.24477E+03,  1.02507E+03,  8.33548E+02,  6.70246E+02,  5.33624E+02,  4.21178E+02,  3.29930E+02,  2.56785E+02,  1.98768E+02,  1.53167E+02,  1.17604E+02,  9.00530E+01,  6.88286E+01,  5.25550E+01,  4.01256E+01,  3.06621E+01,  2.34746E+01,  1.80259E+01,  1.39009E+01,  1.07807E+01,  8.42146E+00,  6.63768E+00,  5.28854E+00,  4.26748E+00,  3.49400E+00,  2.90738E+00,  2.46184E+00,  2.12292E+00,  1.86464E+00,  1.66743E+00,  1.51653E+00,  1.40082E+00,  1.31188E+00,  1.24335E+00,  1.19042E+00,  1.14943E+00,  1.11761E+00,  1.09284E+00,  1.07350E+00,  1.05836E+00,  1.04648E+00,  1.03712E+00,  1.02974E+00,  1.02389E+00,  1.01926E+00,  1.01556E+00,  1.01262E+00,  1.01026E+00,  1.00836E+00,  1.00684E+00,  1.00560E+00,  1.00461E+00,  1.00380E+00,  1.00314E+00,  1.00260E+00,  1.00216E+00,  1.00180E+00,  1.00151E+00
  1.00000E+00,  1.00000E+00,  1.00000E+00,  1.00006E+00,  1.00034E+00,  1.00128E+00,  1.00357E+00,  1.00825E+00,  1.01696E+00,  1.03266E+00,  1.06121E+00,  1.11438E+00,  1.21612E+00,  1.41527E+00,  1.81119E+00,  2.60342E+00,  4.18404E+00,  7.29871E+00,  1.33056E+01,  2.45490E+01,  4.48222E+01,  7.98150E+01,  1.37331E+02,  2.26977E+02,  3.59042E+02,  5.42463E+02,  7.82122E+02,  1.07614E+03,  1.41405E+03,  1.77663E+03,  2.13785E+03,  2.46854E+03,  2.74102E+03,  2.93338E+03,  3.03260E+03,  3.03579E+03,  2.94946E+03,  2.78753E+03,  2.56838E+03,  2.31199E+03,  2.03741E+03,  1.76108E+03,  1.49580E+03,  1.25059E+03,  1.03085E+03,  8.39021E+02,  6.75242E+02,  5.38054E+02,  4.25015E+02,  3.33190E+02,  2.59510E+02,  2.01015E+02,  1.54998E+02,  1.19081E+02,  9.12348E+01,  6.97677E+01,  5.32968E+01,  4.07087E+01,  3.11186E+01,  2.38309E+01,  1.83032E+01,  1.41163E+01,  1.09478E+01,  8.55095E+00,  6.73798E+00,  5.36622E+00,  4.32766E+00,  3.54065E+00,  2.94357E+00,  2.48995E+00,  2.14478E+00,  1.88166E+00,  1.68070E+00,  1.52691E+00,  1.40894E+00,  1.31825E+00,  1.24836E+00,  1.19437E+00,  1.15255E+00,  1.12008E+00,  1.09479E+00,  1.07505E+00,  1.05960E+00,  1.04747E+00,  1.03792E+00,  1.03038E+00,  1.02441E+00,  1.01967E+00,  1.01590E+00,  1.01289E+00,  1.01048E+00,  1.00854E+00,  1.00699E+00,  1.00573E+00,  1.00471E+00,  1.00388E+00,  1.00321E+00,  1.00266E+00,  1.00221E+00,  1.00184E+00,  1.00154E+00
  1.00000E+00,  1.00000E+00,  1.00000E+00,  1.00006E+00,  1.00034E+00,  1.00126E+00,  1.00353E+00,  1.00817E+00,  1.01680E+00,  1.03236E+00,  1.06061E+00,  1.11315E+00,  1.21356E+00,  1.40988E+00,  1.79971E+00,  2.57897E+00,  4.13242E+00,  7.19166E+00,  1.30893E+01,  2.41266E+01,  4.40303E+01,  7.83968E+01,  1.34916E+02,  2.23079E+02,  3.53090E+02,  5.33878E+02,  7.70434E+02,  1.06112E+03,  1.39583E+03,  1.75575E+03,  2.11526E+03,  2.44546E+03,  2.71879E+03,  2.91324E+03,  3.01557E+03,  3.02250E+03,  2.94016E+03,  2.78208E+03,  2.56638E+03,  2.31284E+03,  2.04043E+03,  1.76559E+03,  1.50119E+03,  1.25635E+03,  1.03659E+03,  8.44471E+02,  6.80227E+02,  5.42482E+02,  4.28856E+02,  3.36457E+02,  2.62243E+02,  2.03270E+02,  1.56838E+02,  1.20567E+02,  9.24248E+01,  7.07140E+01,  5.40449E+01,  4.12971E+01,  3.15796E+01,  2.41908E+01,  1.85835E+01,  1.43342E+01,  1.11168E+01,  8.68204E+00,  6.83957E+00,  5.44493E+00,  4.38866E+00,  3.58795E+00,  2.98027E+00,  2.51846E+00,  2.16695E+00,  1.89893E+00,  1.69418E+00,  1.53744E+00,  1.41719E+00,  1.32472E+00,  1.25345E+00,  1.19838E+00,  1.15572E+00,  1.12259E+00,  1.09679E+00,  1.07664E+00,  1.06087E+00,  1.04848E+00,  1.03873E+00,  1.03103E+00,  1.02494E+00,  1.02010E+00,  1.01625E+00,  1.01317E+00,  1.01071E+00,  1.00873E+00,  1.00714E+00,  1.00585E+00,  1.00481E+00,  1.00397E+00,  1.00328E+00,  1.00272E+00,  1.00226E+00,  1.00188E+00,  1.00157E+00
  1.00000E+00,  1.00000E+00,  1.00000E+00,  1.00006E+00,  1.00033E+00,  1.00125E+00,  1.00350E+00,  1.00810E+00,  1.01665E+00,  1.03205E+00,  1.06001E+00,  1.11194E+00,  1.21105E+00,  1.40458E+00,  1.78845E+00,  2.55501E+00,  4.08187E+00,  7.08688E+00,  1.28777E+01,  2.37134E+01,  4.32554E+01,  7.70085E+01,  1.32550E+02,  2.19257E+02,  3.47250E+02,  5.25445E+02,  7.58939E+02,  1.04633E+03,  1.37785E+03,  1.73512E+03,  2.09289E+03,  2.42257E+03,  2.69668E+03,  2.89318E+03,  2.99855E+03,  3.00916E+03,  2.93077E+03,  2.77653E+03,  2.56427E+03,  2.31357E+03,  2.04334E+03,  1.77000E+03,  1.50651E+03,  1.26205E+03,  1.04229E+03,  8.49898E+02,  6.85200E+02,  5.46906E+02,  4.32699E+02,  3.39730E+02,  2.64985E+02,  2.05535E+02,  1.58687E+02,  1.22062E+02,  9.36229E+01,  7.16675E+01,  5.47991E+01,  4.18908E+01,  3.20450E+01,  2.45544E+01,  1.88668E+01,  1.45545E+01,  1.12879E+01,  8.81473E+00,  6.94244E+00,  5.52468E+00,  4.45048E+00,  3.63590E+00,  3.01749E+00,  2.54738E+00,  2.18946E+00,  1.91647E+00,  1.70786E+00,  1.54814E+00,  1.42557E+00,  1.33130E+00,  1.25862E+00,  1.20246E+00,  1.15894E+00,  1.12514E+00,  1.09881E+00,  1.07825E+00,  1.06215E+00,  1.04951E+00,  1.03955E+00,  1.03170E+00,  1.02547E+00,  1.02053E+00,  1.01660E+00,  1.01345E+00,  1.01094E+00,  1.00892E+00,  1.00729E+00,  1.00598E+00,  1.00492E+00,  1.00405E+00,  1.00335E+00,  1.00278E+00,  1.00231E+00,  1.00192E+00,  1.00161E+00
  1.00000E+00,  1.00000E+00,  1.00000E+00,  1.00006E+00,  1.00033E+00,  1.00123E+00,  1.00346E+00,  1.00802E+00,  1.01649E+00,  1.03176E+00,  1.05942E+00,  1.11074E+00,  1.20858E+00,  1.39938E+00,  1.77740E+00,  2.53152E+00,  4.03236E+00,  6.98431E+00,  1.26707E+01,  2.33091E+01,  4.24970E+01,  7.56496E+01,  1.30233E+02,  2.15511E+02,  3.41519E+02,  5.17162E+02,  7.47632E+02,  1.03176E+03,  1.36012E+03,  1.71474E+03,  2.07075E+03,  2.39987E+03,  2.67471E+03,  2.87318E+03,  2.98153E+03,  2.99578E+03,  2.92129E+03,  2.77086E+03,  2.56203E+03,  2.31419E+03,  2.04615E+03,  1.77433E+03,  1.51175E+03,  1.26770E+03,  1.04796E+03,  8.55301E+02,  6.90160E+02,  5.51326E+02,  4.36544E+02,  3.43009E+02,  2.67735E+02,  2.07809E+02,  1.60545E+02,  1.23565E+02,  9.48292E+01,  7.26282E+01,  5.55597E+01,  4.24898E+01,  3.25148E+01,  2.49217E+01,  1.91532E+01,  1.47773E+01,  1.14610E+01,  8.94905E+00,  7.04661E+00,  5.60546E+00,  4.51313E+00,  3.68451E+00,  3.05524E+00,  2.57673E+00,  2.21229E+00,  1.93426E+00,  1.72176E+00,  1.55900E+00,  1.43408E+00,  1.33798E+00,  1.26388E+00,  1.20660E+00,  1.16222E+00,  1.12773E+00,  1.10087E+00,  1.07989E+00,  1.06346E+00,  1.05056E+00,  1.04039E+00,  1.03237E+00,  1.02602E+00,  1.02097E+00,  1.01695E+00,  1.01374E+00,  1.01117E+00,  1.00911E+00,  1.00745E+00,  1.00611E+00,  1.00502E+00,  1.00414E+00,  1.00342E+00,  1.00284E+00,  1.00236E+00,  1.00197E+00,  1.00164E+00
  1.00000E+00,  1.00000E+00,  1.00000E+00,  1.00005E+00,  1.00032E+00,  1.00122E+00,  1.00343E+00,  1.00794E+00,  1.01634E+00,  1.03146E+00,  1.05884E+00,  1.10957E+00,  1.20614E+00,  1.39427E+00,  1.76656E+00,  2.50850E+00,  3.98387E+00,  6.88391E+00,  1.24680E+01,  2.29135E+01,  4.17549E+01,  7.43191E+01,  1.27964E+02,  2.11839E+02,  3.35897E+02,  5.09025E+02,  7.36511E+02,  1.01741E+03,  1.34262E+03,  1.69459E+03,  2.04884E+03,  2.37734E+03,  2.65288E+03,  2.85326E+03,  2.96452E+03,  2.98236E+03,  2.91173E+03,  2.76509E+03,  2.55967E+03,  2.31468E+03,  2.04884E+03,  1.77856E+03,  1.51691E+03,  1.27329E+03,  1.05359E+03,  8.60680E+02,  6.95108E+02,  5.55743E+02,  4.40391E+02,  3.46293E+02,  2.70493E+02,  2.10093E+02,  1.62413E+02,  1.25078E+02,  9.60435E+01,  7.35961E+01,  5.63264E+01,  4.30942E+01,  3.29891E+01,  2.52926E+01,  1.94426E+01,  1.50025E+01,  1.16361E+01,  9.08498E+00,  7.15209E+00,  5.68728E+00,  4.57662E+00,  3.73379E+00,  3.09352E+00,  2.60649E+00,  2.23546E+00,  1.95233E+00,  1.73586E+00,  1.57003E+00,  1.44272E+00,  1.34477E+00,  1.26922E+00,  1.21081E+00,  1.16554E+00,  1.13037E+00,  1.10296E+00,  1.08156E+00,  1.06479E+00,  1.05162E+00,  1.04125E+00,  1.03306E+00,  1.02657E+00,  1.02142E+00,  1.01731E+00,  1.01404E+00,  1.01141E+00,  1.00931E+00,  1.00761E+00,  1.00624E+00,  1.00513E+00,  1.00423E+00,  1.00350E+00,  1.00290E+00,  1.00241E+00,  1.00201E+00,  1.00168E+00
  1.00000E+00,  1.00000E+00,  1.00000E+00,  1.00005E+00,  1.00032E+00,  1.00121E+00,  1.00339E+00,  1.00787E+00,  1.01619E+00,  1.03117E+00,  1.05826E+00,  1.10841E+00,  1.20375E+00,  1.38925E+00,  1.75592E+00,  2.48593E+00,  3.93637E+00,  6.78561E+00,  1.22697E+01,  2.25264E+01,  4.10287E+01,  7.30166E+01,  1.25741E+02,  2.08239E+02,  3.30379E+02,  5.01032E+02,  7.25573E+02,  1.00327E+03,  1.32537E+03,  1.67469E+03,  2.02715E+03,  2.35501E+03,  2.63117E+03,  2.83341E+03,  2.94753E+03,  2.96890E+03,  2.90210E+03,  2.75921E+03,  2.55720E+03,  2.31506E+03,  2.05143E+03,  1.78270E+03,  1.52201E+03,  1.27883E+03,  1.05918E+03,  8.66035E+02,  7.00043E+02,  5.60155E+02,  4.44240E+02,  3.49584E+02,  2.73259E+02,  2.12385E+02,  1.64290E+02,  1.26599E+02,  9.72658E+01,  7.45710E+01,  5.70993E+01,  4.37038E+01,  3.34679E+01,  2.56673E+01,  1.97350E+01,  1.52303E+01,  1.18132E+01,  9.22255E+00,  7.25888E+00,  5.77016E+00,  4.64094E+00,  3.78374E+00,  3.13233E+00,  2.63667E+00,  2.25897E+00,  1.97065E+00,  1.75017E+00,  1.58123E+00,  1.45150E+00,  1.35166E+00,  1.27465E+00,  1.21509E+00,  1.16893E+00,  1.13305E+00,  1.10509E+00,  1.08325E+00,  1.06614E+00,  1.05270E+00,  1.04212E+00,  1.03375E+00,  1.02713E+00,  1.02187E+00,  1.01768E+00,  1.01434E+00,  1.01166E+00,  1.00951E+00,  1.00777E+00,  1.00638E+00,  1.00524E+00,  1.00432E+00,  1.00357E+00,  1.00296E+00,  1.00246E+00,  1.00205E+00,  1.00171E+00
  1.00000E+00,  1.00000E+00,  1.00000E+00,  1.00005E+00,  1.00031E+00,  1.00119E+00,  1.00336E+00,  1.00779E+00,  1.01605E+00,  1.03088E+00,  1.05770E+00,  1.10727E+00,  1.20140E+00,  1.38432E+00,  1.74548E+00,  2.46380E+00,  3.88984E+00,  6.68937E+00,  1.20756E+01,  2.21476E+01,  4.03178E+01,  7.17413E+01,  1.23563E+02,  2.04710E+02,  3.24965E+02,  4.93179E+02,  7.14814E+02,  9.89346E+02,  1.30835E+03,  1.65503E+03,  2.00568E+03,  2.33286E+03,  2.60960E+03,  2.81363E+03,  2.93056E+03,  2.95540E+03,  2.89238E+03,  2.75323E+03,  2.55461E+03,  2.31533E+03,  2.05391E+03,  1.78675E+03,  1.52703E+03,  1.28432E+03,  1.06473E+03,  8.71365E+02,  7.04965E+02,  5.64562E+02,  4.48090E+02,  3.52879E+02,  2.76032E+02,  2.14686E+02,  1.66176E+02,  1.28129E+02,  9.84960E+01,  7.55532E+01,  5.78784E+01,  4.43187E+01,  3.39511E+01,  2.60458E+01,  2.00305E+01,  1.54606E+01,  1.19923E+01,  9.36177E+00,  7.36699E+00,  5.85409E+00,  4.70611E+00,  3.83436E+00,  3.17168E+00,  2.66729E+00,  2.28281E+00,  1.98925E+00,  1.76470E+00,  1.59260E+00,  1.46041E+00,  1.35866E+00,  1.28016E+00,  1.21944E+00,  1.17236E+00,  1.13577E+00,  1.10726E+00,  1.08498E+00,  1.06752E+00,  1.05380E+00,  1.04300E+00,  1.03447E+00,  1.02771E+00,  1.02234E+00,  1.01806E+00,  1.01464E+00,  1.01191E+00,  1.00971E+00,  1.00794E+00,  1.00651E+00,  1.00536E+00,  1.00442E+00,  1.00365E+00,  1.00303E+00,  1.00252E+00,  1.00210E+00,  1.00175E+00
  1.00000E+00,  1.00000E+00,  1.00000E+00,  1.00005E+00,  1.00031E+00,  1.00118E+00,  1.00332E+00,  1.00772E+00,  1.01590E+00,  1.03060E+00,  1.05714E+00,  1.10614E+00,  1.19909E+00,  1.37948E+00,  1.73523E+00,  2.44210E+00,  3.84425E+00,  6.59514E+00,  1.18856E+01,  2.17768E+01,  3.96220E+01,  7.04926E+01,  1.21429E+02,  2.01249E+02,  3.19651E+02,  4.85465E+02,  7.04231E+02,  9.75631E+02,  1.29155E+03,  1.63560E+03,  1.98443E+03,  2.31089E+03,  2.58817E+03,  2.79394E+03,  2.91360E+03,  2.94187E+03,  2.88260E+03,  2.74715E+03,  2.55190E+03,  2.31548E+03,  2.05629E+03,  1.79071E+03,  1.53197E+03,  1.28975E+03,  1.07024E+03,  8.76670E+02,  7.09873E+02,  5.68964E+02,  4.51941E+02,  3.56180E+02,  2.78813E+02,  2.16995E+02,  1.68071E+02,  1.29667E+02,  9.97343E+01,  7.65424E+01,  5.86638E+01,  4.49389E+01,  3.44388E+01,  2.64279E+01,  2.03291E+01,  1.56934E+01,  1.21735E+01,  9.50264E+00,  7.47644E+00,  5.93910E+00,  4.77214E+00,  3.88566E+00,  3.21157E+00,  2.69833E+00,  2.30700E+00,  2.00813E+00,  1.77945E+00,  1.60414E+00,  1.46946E+00,  1.36577E+00,  1.28576E+00,  1.22386E+00,  1.17586E+00,  1.13854E+00,  1.10946E+00,  1.08673E+00,  1.06892E+00,  1.05492E+00,  1.04390E+00,  1.03519E+00,  1.02829E+00,  1.02281E+00,  1.01844E+00,  1.01495E+00,  1.01216E+00,  1.00992E+00,  1.00811E+00,  1.00665E+00,  1.00547E+00,  1.00451E+00,  1.00373E+00,  1.00309E+00,  1.00257E+00,  1.00214E+00,  1.00179E+00
  1.00000E+00,  1.00000E+00,  1.00000E+00,  1.00005E+00,  1.00031E+00,  1.00117E+00,  1.00329E+00,  1.00765E+00,  1.01576E+00,  1.03032E+00,  1.05659E+00,  1.10504E+00,  1.19681E+00,  1.37472E+00,  1.72518E+00,  2.42083E+00,  3.79958E+00,  6.50286E+00,  1.16996E+01,  2.14139E+01,  3.89408E+01,  6.92698E+01,  1.19338E+02,  1.97857E+02,  3.14437E+02,  4.77886E+02,  6.93822E+02,  9.62123E+02,  1.27499E+03,  1.61640E+03,  1.96339E+03,  2.28911E+03,  2.56686E+03,  2.77431E+03,  2.89666E+03,  2.92830E+03,  2.87273E+03,  2.74097E+03,  2.54909E+03,  2.31552E+03,  2.05856E+03,  1.79458E+03,  1.53685E+03,  1.29512E+03,  1.07571E+03,  8.81950E+02,  7.14767E+02,  5.73361E+02,  4.55793E+02,  3.59486E+02,  2.81602E+02,  2.19313E+02,  1.69974E+02,  1.31214E+02,  1.00980E+02,  7.75386E+01,  5.94553E+01,  4.55644E+01,  3.49310E+01,  2.68138E+01,  2.06308E+01,  1.59287E+01,  1.23568E+01,  9.64517E+00,  7.58722E+00,  6.02518E+00,  4.83903E+00,  3.93765E+00,  3.25201E+00,  2.72981E+00,  2.33154E+00,  2.02727E+00,  1.79442E+00,  1.61586E+00,  1.47865E+00,  1.37300E+00,  1.29144E+00,  1.22834E+00,  1.17941E+00,  1.14136E+00,  1.11169E+00,  1.08851E+00,  1.07034E+00,  1.05606E+00,  1.04481E+00,  1.03592E+00,  1.02888E+00,  1.02329E+00,  1.01883E+00,  1.01527E+00,  1.01242E+00,  1.01013E+00,  1.00828E+00,  1.00679E+00,  1.00559E+00,  1.00461E+00,  1.00381E+00,  1.00316E+00,  1.00262E+00,  1.00219E+00,  1.00183E+00
  1.00000E+00,  1.00000E+00,  1.00000E+00,  1.00005E+00,  1.00030E+00,  1.00115E+00,  1.00326E+00,  1.00758E+00,  1.01562E+00,  1.03004E+00,  1.05604E+00,  1.10395E+00,  1.19457E+00,  1.37004E+00,  1.71530E+00,  2.39997E+00,  3.75581E+00,  6.41249E+00,  1.15176E+01,  2.10587E+01,  3.82741E+01,  6.80724E+01,  1.17290E+02,  1.94530E+02,  3.09320E+02,  4.70440E+02,  6.83582E+02,  9.48817E+02,  1.25865E+03,  1.59743E+03,  1.94257E+03,  2.26750E+03,  2.54570E+03,  2.75477E+03,  2.87974E+03,  2.91471E+03,  2.86280E+03,  2.73469E+03,  2.54616E+03,  2.31544E+03,  2.06073E+03,  1.79836E+03,  1.54165E+03,  1.30043E+03,  1.08114E+03,  8.87203E+02,  7.19646E+02,  5.77752E+02,  4.59646E+02,  3.62797E+02,  2.84397E+02,  2.21640E+02,  1.71887E+02,  1.32770E+02,  1.02234E+02,  7.85420E+01,  6.02530E+01,  4.61953E+01,  3.54277E+01,  2.72034E+01,  2.09356E+01,  1.61665E+01,  1.25421E+01,  9.78938E+00,  7.69935E+00,  6.11234E+00,  4.90678E+00,  3.99033E+00,  3.29299E+00,  2.76173E+00,  2.35642E+00,  2.04670E+00,  1.80960E+00,  1.62775E+00,  1.48798E+00,  1.38033E+00,  1.29722E+00,  1.23290E+00,  1.18301E+00,  1.14421E+00,  1.11396E+00,  1.09032E+00,  1.07178E+00,  1.05722E+00,  1.04574E+00,  1.03667E+00,  1.02948E+00,  1.02377E+00,  1.01923E+00,  1.01559E+00,  1.01268E+00,  1.01034E+00,  1.00846E+00,  1.00694E+00,  1.00570E+00,  1.00470E+00,  1.00389E+00,  1.00322E+00,  1.00268E+00,  1.00223E+00,  1.00187E+00
  1.00000E+00,  1.00000E+00,  1.00000E+00,  1.00005E+00,  1.00030E+00,  1.00114E+00,  1.00322E+00,  1.00751E+00,  1.01548E+00,  1.02977E+00,  1.05551E+00,  1.10287E+00,  1.19237E+00,  1.36544E+00,  1.70561E+00,  2.37951E+00,  3.71291E+00,  6.32398E+00,  1.13393E+01,  2.07109E+01,  3.76213E+01,  6.68997E+01,  1.15283E+02,  1.91268E+02,  3.04297E+02,  4.63124E+02,  6.73510E+02,  9.35711E+02,  1.24253E+03,  1.57869E+03,  1.92197E+03,  2.24609E+03,  2.52466E+03,  2.73530E+03,  2.86285E+03,  2.90109E+03,  2.85280E+03,  2.72832E+03,  2.54313E+03,  2.31526E+03,  2.06279E+03,  1.80204E+03,  1.54637E+03,  1.30569E+03,  1.08653E+03,  8.92430E+02,  7.24510E+02,  5.82137E+02,  4.63499E+02,  3.66111E+02,  2.87200E+02,  2.23975E+02,  1.73808E+02,  1.34334E+02,  1.03496E+02,  7.95524E+01,  6.10569E+01,  4.68314E+01,  3.59288E+01,  2.75968E+01,  2.12434E+01,  1.64069E+01,  1.27295E+01,  9.93526E+00,  7.81284E+00,  6.20058E+00,  4.97540E+00,  4.04371E+00,  3.33454E+00,  2.79410E+00,  2.38166E+00,  2.06641E+00,  1.82501E+00,  1.63982E+00,  1.49746E+00,  1.38777E+00,  1.30308E+00,  1.23753E+00,  1.18668E+00,  1.14712E+00,  1.11627E+00,  1.09216E+00,  1.07325E+00,  1.05839E+00,  1.04668E+00,  1.03743E+00,  1.03010E+00,  1.02427E+00,  1.01963E+00,  1.01592E+00,  1.01295E+00,  1.01056E+00,  1.00864E+00,  1.00708E+00,  1.00583E+00,  1.00480E+00,  1.00397E+00,  1.00329E+00,  1.00274E+00,  1.00228E+00,  1.00191E+00
  1.00000E+00,  1.00000E+00,  1.00000E+00,  1.00005E+00,  1.00029E+00,  1.00113E+00,  1.00319E+00,  1.00744E+00,  1.01534E+00,  1.02950E+00,  1.05498E+00,  1.10181E+00,  1.19020E+00,  1.36092E+00,  1.69610E+00,  2.35944E+00,  3.67088E+00,  6.23729E+00,  1.11648E+01,  2.03705E+01,  3.69821E+01,  6.57512E+01,  1.13316E+02,  1.88070E+02,  2.99368E+02,  4.55937E+02,  6.63602E+02,  9.22802E+02,  1.22663E+03,  1.56017E+03,  1.90158E+03,  2.22485E+03,  2.50377E+03,  2.71592E+03,  2.84598E+03,  2.88744E+03,  2.84274E+03,  2.72185E+03,  2.53999E+03,  2.31496E+03,  2.06475E+03,  1.80564E+03,  1.55102E+03,  1.31090E+03,  1.09188E+03,  8.97631E+02,  7.29359E+02,  5.86515E+02,  4.67351E+02,  3.69430E+02,  2.90009E+02,  2.26318E+02,  1.75737E+02,  1.35906E+02,  1.04766E+02,  8.05698E+01,  6.18669E+01,  4.74728E+01,  3.64345E+01,  2.79940E+01,  2.15544E+01,  1.66499E+01,  1.29189E+01,  1.00828E+01,  7.92768E+00,  6.28993E+00,  5.04490E+00,  4.09779E+00,  3.37665E+00,  2.82691E+00,  2.40725E+00,  2.08640E+00,  1.84065E+00,  1.65207E+00,  1.50707E+00,  1.39534E+00,  1.30904E+00,  1.24224E+00,  1.19040E+00,  1.15007E+00,  1.11862E+00,  1.09403E+00,  1.07475E+00,  1.05959E+00,  1.04764E+00,  1.03820E+00,  1.03072E+00,  1.02477E+00,  1.02004E+00,  1.01625E+00,  1.01322E+00,  1.01078E+00,  1.00882E+00,  1.00723E+00,  1.00595E+00,  1.00491E+00,  1.00406E+00,  1.00336E+00,  1.00280E+00,  1.00233E+00,  1.00195E+00
  1.00000E+00,  1.00000E+00,  1.00000E+00,  1.00005E+00,  1.00029E+00,  1.00111E+00,  1.00316E+00,  1.00737E+00,  1.01520E+00,  1.02924E+00,  1.05446E+00,  1.10077E+00,  1.18807E+00,  1.35648E+00,  1.68676E+00,  2.33976E+00,  3.62967E+00,  6.15237E+00,  1.09939E+01,  2.00372E+01,  3.63563E+01,  6.46262E+01,  1.11389E+02,  1.84933E+02,  2.94530E+02,  4.48875E+02,  6.53856E+02,  9.10087E+02,  1.21095E+03,  1.54188E+03,  1.88139E+03,  2.20379E+03,  2.48300E+03,  2.69662E+03,  2.82913E+03,  2.87377E+03,  2.83261E+03,  2.71529E+03,  2.53674E+03,  2.31455E+03,  2.06661E+03,  1.80915E+03,  1.55560E+03,  1.31604E+03,  1.09719E+03,  9.02804E+02,  7.34193E+02,  5.90886E+02,  4.71203E+02,  3.72753E+02,  2.92825E+02,  2.28668E+02,  1.77675E+02,  1.37487E+02,  1.06043E+02,  8.15941E+01,  6.26831E+01,  4.81196E+01,  3.69446E+01,  2.83949E+01,  2.18685E+01,  1.68954E+01,  1.31105E+01,  1.02321E+01,  8.04390E+00,  6.38037E+00,  5.11528E+00,  4.15258E+00,  3.41932E+00,  2.86017E+00,  2.43321E+00,  2.10667E+00,  1.85651E+00,  1.66450E+00,  1.51683E+00,  1.40301E+00,  1.31509E+00,  1.24701E+00,  1.19418E+00,  1.15307E+00,  1.12100E+00,  1.09593E+00,  1.07626E+00,  1.06081E+00,  1.04862E+00,  1.03899E+00,  1.03135E+00,  1.02529E+00,  1.02045E+00,  1.01659E+00,  1.01349E+00,  1.01101E+00,  1.00900E+00,  1.00738E+00,  1.00607E+00,  1.00501E+00,  1.00414E+00,  1.00343E+00,  1.00285E+00,  1.00238E+00,  1.00199E+00
  1.00000E+00,  1.00000E+00,  1.00000E+00,  1.00005E+00,  1.00029E+00,  1.00110E+00,  1.00313E+00,  1.00730E+00,  1.01507E+00,  1.02897E+00,  1.05395E+00,  1.09974E+00,  1.18597E+00,  1.35212E+00,  1.67759E+00,  2.32045E+00,  3.58929E+00,  6.06919E+00,  1.08265E+01,  1.97108E+01,  3.57435E+01,  6.35244E+01,  1.09500E+02,  1.81857E+02,  2.89781E+02,  4.41936E+02,  6.44268E+02,  8.97561E+02,  1.19548E+03,  1.52381E+03,  1.86142E+03,  2.18291E+03,  2.46238E+03,  2.67740E+03,  2.81232E+03,  2.86007E+03,  2.82241E+03,  2.70864E+03,  2.53338E+03,  2.31404E+03,  2.06837E+03,  1.81257E+03,  1.56011E+03,  1.32113E+03,  1.10246E+03,  9.07950E+02,  7.39010E+02,  5.95251E+02,  4.75055E+02,  3.76080E+02,  2.95647E+02,  2.31027E+02,  1.79621E+02,  1.39075E+02,  1.07328E+02,  8.26255E+01,  6.35054E+01,  4.87716E+01,  3.74593E+01,  2.87995E+01,  2.21858E+01,  1.71435E+01,  1.33042E+01,  1.03831E+01,  8.16150E+00,  6.47193E+00,  5.18656E+00,  4.20808E+00,  3.46256E+00,  2.89388E+00,  2.45952E+00,  2.12724E+00,  1.87261E+00,  1.67712E+00,  1.52673E+00,  1.41080E+00,  1.32123E+00,  1.25187E+00,  1.19802E+00,  1.15612E+00,  1.12343E+00,  1.09786E+00,  1.07781E+00,  1.06204E+00,  1.04961E+00,  1.03979E+00,  1.03200E+00,  1.02581E+00,  1.02088E+00,  1.01693E+00,  1.01377E+00,  1.01124E+00,  1.00919E+00,  1.00754E+00,  1.00620E+00,  1.00511E+00,  1.00423E+00,  1.00351E+00,  1.00291E+00,  1.00243E+00,  1.00203E+00
  1.00000E+00,  1.00000E+00,  1.00000E+00,  1.00005E+00,  1.00028E+00,  1.00109E+00,  1.00310E+00,  1.00723E+00,  1.01493E+00,  1.02872E+00,  1.05344E+00,  1.09873E+00,  1.18390E+00,  1.34782E+00,  1.66858E+00,  2.30151E+00,  3.54970E+00,  5.98769E+00,  1.06626E+01,  1.93912E+01,  3.51434E+01,  6.24451E+01,  1.07649E+02,  1.78840E+02,  2.85119E+02,  4.35118E+02,  6.34836E+02,  8.85224E+02,  1.18022E+03,  1.50595E+03,  1.84166E+03,  2.16222E+03,  2.44189E+03,  2.65827E+03,  2.79553E+03,  2.84636E+03,  2.81216E+03,  2.70190E+03,  2.52993E+03,  2.31342E+03,  2.07002E+03,  1.81590E+03,  1.56454E+03,  1.32616E+03,  1.10769E+03,  9.13068E+02,  7.43811E+02,  5.99608E+02,  4.78905E+02,  3.79410E+02,  2.98476E+02,  2.33393E+02,  1.81576E+02,  1.40672E+02,  1.08621E+02,  8.36638E+01,  6.43338E+01,  4.94289E+01,  3.79784E+01,  2.92080E+01,  2.25062E+01,  1.73942E+01,  1.34999E+01,  1.05358E+01,  8.28048E+00,  6.56460E+00,  5.25873E+00,  4.26430E+00,  3.50637E+00,  2.92805E+00,  2.48620E+00,  2.14809E+00,  1.88893E+00,  1.68992E+00,  1.53679E+00,  1.41871E+00,  1.32747E+00,  1.25679E+00,  1.20192E+00,  1.15921E+00,  1.12589E+00,  1.09982E+00,  1.07938E+00,  1.06330E+00,  1.05062E+00,  1.04060E+00,  1.03265E+00,  1.02634E+00,  1.02131E+00,  1.01728E+00,  1.01406E+00,  1.01147E+00,  1.00938E+00,  1.00769E+00,  1.00633E+00,  1.00522E+00,  1.00432E+00,  1.00358E+00,  1.00298E+00,  1.00248E+00,  1.00207E+00
  1.00000E+00,  1.00000E+00,  1.00000E+00,  1.00005E+00,  1.00028E+00,  1.00108E+00,  1.00306E+00,  1.00717E+00,  1.01480E+00,  1.02846E+00,  1.05294E+00,  1.09773E+00,  1.18187E+00,  1.34361E+00,  1.65974E+00,  2.28292E+00,  3.51089E+00,  5.90783E+00,  1.05021E+01,  1.90783E+01,  3.45557E+01,  6.13877E+01,  1.05835E+02,  1.75881E+02,  2.80543E+02,  4.28419E+02,  6.25557E+02,  8.73071E+02,  1.16516E+03,  1.48831E+03,  1.82210E+03,  2.14170E+03,  2.42154E+03,  2.63922E+03,  2.77878E+03,  2.83263E+03,  2.80185E+03,  2.69508E+03,  2.52637E+03,  2.31270E+03,  2.07158E+03,  1.81914E+03,  1.56889E+03,  1.33113E+03,  1.11287E+03,  9.18158E+02,  7.48595E+02,  6.03957E+02,  4.82755E+02,  3.82743E+02,  3.01310E+02,  2.35767E+02,  1.83538E+02,  1.42277E+02,  1.09921E+02,  8.47090E+01,  6.51683E+01,  5.00916E+01,  3.85021E+01,  2.96202E+01,  2.28297E+01,  1.76475E+01,  1.36978E+01,  1.06902E+01,  8.40086E+00,  6.65840E+00,  5.33180E+00,  4.32124E+00,  3.55076E+00,  2.96269E+00,  2.51325E+00,  2.16924E+00,  1.90549E+00,  1.70291E+00,  1.54699E+00,  1.42674E+00,  1.33380E+00,  1.26180E+00,  1.20588E+00,  1.16236E+00,  1.12839E+00,  1.10181E+00,  1.08097E+00,  1.06457E+00,  1.05165E+00,  1.04142E+00,  1.03332E+00,  1.02688E+00,  1.02174E+00,  1.01764E+00,  1.01435E+00,  1.01171E+00,  1.00958E+00,  1.00785E+00,  1.00646E+00,  1.00533E+00,  1.00441E+00,  1.00365E+00,  1.00304E+00,  1.00253E+00,  1.00212E+00
  1.00000E+00,  1.00000E+00,  1.00000E+00,  1.00005E+00,  1.00028E+00,  1.00106E+00,  1.00303E+00,  1.00710E+00,  1.01467E+00,  1.02821E+00,  1.05244E+00,  1.09675E+00,  1.17987E+00,  1.33946E+00,  1.65106E+00,  2.26469E+00,  3.47284E+00,  5.82959E+00,  1.03448E+01,  1.87718E+01,  3.39801E+01,  6.03519E+01,  1.04057E+02,  1.72979E+02,  2.76052E+02,  4.21836E+02,  6.16429E+02,  8.61100E+02,  1.15031E+03,  1.47088E+03,  1.80274E+03,  2.12135E+03,  2.40132E+03,  2.62026E+03,  2.76206E+03,  2.81888E+03,  2.79148E+03,  2.68817E+03,  2.52271E+03,  2.31187E+03,  2.07303E+03,  1.82229E+03,  1.57318E+03,  1.33605E+03,  1.11802E+03,  9.23220E+02,  7.53363E+02,  6.08298E+02,  4.86602E+02,  3.86079E+02,  3.04151E+02,  2.38148E+02,  1.85509E+02,  1.43890E+02,  1.11229E+02,  8.57610E+01,  6.60090E+01,  5.07595E+01,  3.90303E+01,  3.00363E+01,  2.31564E+01,  1.79033E+01,  1.38979E+01,  1.08463E+01,  8.52264E+00,  6.75333E+00,  5.40579E+00,  4.37891E+00,  3.59573E+00,  2.99779E+00,  2.54067E+00,  2.19069E+00,  1.92229E+00,  1.71608E+00,  1.55734E+00,  1.43489E+00,  1.34023E+00,  1.26687E+00,  1.20990E+00,  1.16555E+00,  1.13093E+00,  1.10384E+00,  1.08259E+00,  1.06587E+00,  1.05269E+00,  1.04226E+00,  1.03400E+00,  1.02743E+00,  1.02219E+00,  1.01800E+00,  1.01464E+00,  1.01195E+00,  1.00977E+00,  1.00802E+00,  1.00659E+00,  1.00544E+00,  1.00450E+00,  1.00373E+00,  1.00310E+00,  1.00258E+00,  1.00216E+00
  1.00000E+00,  1.00000E+00,  1.00000E+00,  1.00004E+00,  1.00027E+00,  1.00105E+00,  1.00300E+00,  1.00704E+00,  1.01454E+00,  1.02796E+00,  1.05196E+00,  1.09578E+00,  1.17790E+00,  1.33538E+00,  1.64252E+00,  2.24680E+00,  3.43553E+00,  5.75292E+00,  1.01908E+01,  1.84716E+01,  3.34163E+01,  5.93370E+01,  1.02314E+02,  1.70133E+02,  2.71642E+02,  4.15367E+02,  6.07449E+02,  8.49308E+02,  1.13567E+03,  1.45367E+03,  1.78359E+03,  2.10119E+03,  2.38124E+03,  2.60138E+03,  2.74537E+03,  2.80512E+03,  2.78106E+03,  2.68118E+03,  2.51895E+03,  2.31094E+03,  2.07439E+03,  1.82536E+03,  1.57739E+03,  1.34091E+03,  1.12312E+03,  9.28253E+02,  7.58113E+02,  6.12630E+02,  4.90448E+02,  3.89418E+02,  3.06997E+02,  2.40537E+02,  1.87488E+02,  1.45511E+02,  1.12544E+02,  8.68200E+01,  6.68557E+01,  5.14326E+01,  3.95629E+01,  3.04561E+01,  2.34862E+01,  1.81618E+01,  1.41000E+01,  1.10042E+01,  8.64583E+00,  6.84939E+00,  5.48068E+00,  4.43731E+00,  3.64130E+00,  3.03336E+00,  2.56846E+00,  2.21243E+00,  1.93932E+00,  1.72945E+00,  1.56785E+00,  1.44316E+00,  1.34675E+00,  1.27203E+00,  1.21399E+00,  1.16879E+00,  1.13351E+00,  1.10590E+00,  1.08423E+00,  1.06719E+00,  1.05375E+00,  1.04312E+00,  1.03469E+00,  1.02798E+00,  1.02264E+00,  1.01837E+00,  1.01494E+00,  1.01219E+00,  1.00997E+00,  1.00818E+00,  1.00673E+00,  1.00555E+00,  1.00459E+00,  1.00381E+00,  1.00316E+00,  1.00264E+00,  1.00220E+00
  1.00000E+00,  1.00000E+00,  1.00000E+00,  1.00004E+00,  1.00027E+00,  1.00104E+00,  1.00297E+00,  1.00697E+00,  1.01441E+00,  1.02771E+00,  1.05148E+00,  1.09483E+00,  1.17596E+00,  1.33137E+00,  1.63414E+00,  2.22924E+00,  3.39894E+00,  5.67778E+00,  1.00399E+01,  1.81776E+01,  3.28640E+01,  5.83426E+01,  1.00605E+02,  1.67340E+02,  2.67313E+02,  4.09010E+02,  5.98614E+02,  8.37692E+02,  1.12122E+03,  1.43666E+03,  1.76463E+03,  2.08120E+03,  2.36130E+03,  2.58259E+03,  2.72872E+03,  2.79135E+03,  2.77059E+03,  2.67411E+03,  2.51510E+03,  2.30990E+03,  2.07565E+03,  1.82833E+03,  1.58152E+03,  1.34571E+03,  1.12817E+03,  9.33256E+02,  7.62845E+02,  6.16954E+02,  4.94292E+02,  3.92760E+02,  3.09848E+02,  2.42933E+02,  1.89474E+02,  1.47140E+02,  1.13867E+02,  8.78857E+01,  6.77085E+01,  5.21111E+01,  4.01001E+01,  3.08798E+01,  2.38192E+01,  1.84229E+01,  1.43043E+01,  1.11639E+01,  8.77044E+00,  6.94660E+00,  5.55650E+00,  4.49645E+00,  3.68745E+00,  3.06940E+00,  2.59664E+00,  2.23448E+00,  1.95660E+00,  1.74300E+00,  1.57850E+00,  1.45155E+00,  1.35337E+00,  1.27727E+00,  1.21814E+00,  1.17209E+00,  1.13613E+00,  1.10799E+00,  1.08590E+00,  1.06853E+00,  1.05482E+00,  1.04398E+00,  1.03539E+00,  1.02855E+00,  1.02310E+00,  1.01874E+00,  1.01525E+00,  1.01244E+00,  1.01018E+00,  1.00835E+00,  1.00687E+00,  1.00567E+00,  1.00469E+00,  1.00388E+00,  1.00323E+00,  1.00269E+00,  1.00225E+00
  1.00000E+00,  1.00000E+00,  1.00000E+00,  1.00004E+00,  1.00026E+00,  1.00103E+00,  1.00294E+00,  1.00691E+00,  1.01429E+00,  1.02747E+00,  1.05100E+00,  1.09388E+00,  1.17405E+00,  1.32743E+00,  1.62591E+00,  2.21200E+00,  3.36307E+00,  5.60414E+00,  9.89212E+00,  1.78896E+01,  3.23231E+01,  5.73683E+01,  9.89301E+01,  1.64601E+02,  2.63063E+02,  4.02763E+02,  5.89922E+02,  8.26250E+02,  1.10696E+03,  1.41985E+03,  1.74588E+03,  2.06138E+03,  2.34149E+03,  2.56389E+03,  2.71211E+03,  2.77756E+03,  2.76007E+03,  2.66695E+03,  2.51115E+03,  2.30877E+03,  2.07681E+03,  1.83122E+03,  1.58559E+03,  1.35045E+03,  1.13319E+03,  9.38231E+02,  7.67559E+02,  6.21269E+02,  4.98133E+02,  3.96103E+02,  3.12705E+02,  2.45335E+02,  1.91468E+02,  1.48776E+02,  1.15198E+02,  8.89583E+01,  6.85673E+01,  5.27949E+01,  4.06418E+01,  3.13072E+01,  2.41554E+01,  1.86866E+01,  1.45108E+01,  1.13253E+01,  8.89648E+00,  7.04496E+00,  5.63325E+00,  4.55634E+00,  3.73420E+00,  3.10592E+00,  2.62519E+00,  2.25683E+00,  1.97412E+00,  1.75676E+00,  1.58932E+00,  1.46007E+00,  1.36009E+00,  1.28258E+00,  1.22235E+00,  1.17543E+00,  1.13879E+00,  1.11011E+00,  1.08760E+00,  1.06989E+00,  1.05592E+00,  1.04486E+00,  1.03610E+00,  1.02912E+00,  1.02357E+00,  1.01912E+00,  1.01556E+00,  1.01269E+00,  1.01039E+00,  1.00852E+00,  1.00701E+00,  1.00578E+00,  1.00478E+00,  1.00396E+00,  1.00330E+00,  1.00275E+00,  1.00230E+00
  1.00000E+00,  1.00000E+00,  1.00000E+00,  1.00004E+00,  1.00026E+00,  1.00102E+00,  1.00291E+00,  1.00685E+00,  1.01416E+00,  1.02723E+00,  1.05053E+00,  1.09296E+00,  1.17217E+00,  1.32355E+00,  1.61783E+00,  2.19509E+00,  3.32788E+00,  5.53196E+00,  9.74729E+00,  1.76075E+01,  3.17931E+01,  5.64136E+01,  9.72880E+01,  1.61915E+02,  2.58891E+02,  3.96623E+02,  5.81371E+02,  8.14978E+02,  1.09290E+03,  1.40325E+03,  1.72732E+03,  2.04174E+03,  2.32182E+03,  2.54528E+03,  2.69554E+03,  2.76377E+03,  2.74950E+03,  2.65973E+03,  2.50710E+03,  2.30753E+03,  2.07788E+03,  1.83402E+03,  1.58958E+03,  1.35514E+03,  1.13816E+03,  9.43176E+02,  7.72255E+02,  6.25574E+02,  5.01972E+02,  3.99449E+02,  3.15566E+02,  2.47745E+02,  1.93470E+02,  1.50420E+02,  1.16535E+02,  9.00376E+01,  6.94322E+01,  5.34839E+01,  4.11880E+01,  3.17385E+01,  2.44948E+01,  1.89530E+01,  1.47194E+01,  1.14884E+01,  9.02394E+00,  7.14448E+00,  5.71093E+00,  4.61697E+00,  3.78155E+00,  3.14292E+00,  2.65413E+00,  2.27949E+00,  1.99188E+00,  1.77070E+00,  1.60029E+00,  1.46871E+00,  1.36691E+00,  1.28798E+00,  1.22662E+00,  1.17883E+00,  1.14150E+00,  1.11227E+00,  1.08933E+00,  1.07127E+00,  1.05703E+00,  1.04576E+00,  1.03682E+00,  1.02971E+00,  1.02404E+00,  1.01951E+00,  1.01587E+00,  1.01295E+00,  1.01060E+00,  1.00869E+00,  1.00715E+00,  1.00590E+00,  1.00488E+00,  1.00405E+00,  1.00336E+00,  1.00280E+00,  1.00234E+00
  1.00000E+00,  1.00000E+00,  1.00000E+00,  1.00004E+00,  1.00026E+00,  1.00100E+00,  1.00289E+00,  1.00678E+00,  1.01404E+00,  1.02699E+00,  1.05007E+00,  1.09204E+00,  1.17031E+00,  1.31973E+00,  1.60988E+00,  2.17849E+00,  3.29337E+00,  5.46120E+00,  9.60538E+00,  1.73311E+01,  3.12739E+01,  5.54780E+01,  9.56782E+01,  1.59279E+02,  2.54794E+02,  3.90590E+02,  5.72958E+02,  8.03875E+02,  1.07904E+03,  1.38686E+03,  1.70896E+03,  2.02228E+03,  2.30229E+03,  2.52676E+03,  2.67901E+03,  2.74997E+03,  2.73888E+03,  2.65242E+03,  2.50297E+03,  2.30620E+03,  2.07884E+03,  1.83674E+03,  1.59349E+03,  1.35976E+03,  1.14309E+03,  9.48090E+02,  7.76932E+02,  6.29869E+02,  5.05808E+02,  4.02797E+02,  3.18433E+02,  2.50161E+02,  1.95479E+02,  1.52072E+02,  1.17880E+02,  9.11237E+01,  7.03031E+01,  5.41781E+01,  4.17388E+01,  3.21736E+01,  2.48374E+01,  1.92220E+01,  1.49302E+01,  1.16534E+01,  9.15285E+00,  7.24516E+00,  5.78954E+00,  4.67836E+00,  3.82950E+00,  3.18040E+00,  2.68345E+00,  2.30246E+00,  2.00989E+00,  1.78485E+00,  1.61141E+00,  1.47748E+00,  1.37384E+00,  1.29345E+00,  1.23097E+00,  1.18227E+00,  1.14424E+00,  1.11446E+00,  1.09108E+00,  1.07268E+00,  1.05816E+00,  1.04667E+00,  1.03755E+00,  1.03030E+00,  1.02452E+00,  1.01990E+00,  1.01619E+00,  1.01321E+00,  1.01081E+00,  1.00887E+00,  1.00730E+00,  1.00602E+00,  1.00498E+00,  1.00413E+00,  1.00343E+00,  1.00286E+00,  1.00239E+00
  1.00000E+00,  1.00000E+00,  1.00000E+00,  1.00004E+00,  1.00025E+00,  1.00099E+00,  1.00286E+00,  1.00672E+00,  1.01392E+00,  1.02675E+00,  1.04962E+00,  1.09114E+00,  1.16849E+00,  1.31598E+00,  1.60207E+00,  2.16219E+00,  3.25952E+00,  5.39185E+00,  9.46632E+00,  1.70603E+01,  3.07652E+01,  5.45611E+01,  9.40998E+01,  1.56693E+02,  2.50772E+02,  3.84660E+02,  5.64680E+02,  7.92937E+02,  1.06536E+03,  1.37066E+03,  1.69080E+03,  2.00298E+03,  2.28289E+03,  2.50834E+03,  2.66252E+03,  2.73617E+03,  2.72822E+03,  2.64505E+03,  2.49874E+03,  2.30477E+03,  2.07972E+03,  1.83937E+03,  1.59734E+03,  1.36433E+03,  1.14797E+03,  9.52975E+02,  7.81590E+02,  6.34155E+02,  5.09640E+02,  4.06146E+02,  3.21304E+02,  2.52583E+02,  1.97496E+02,  1.53732E+02,  1.19232E+02,  9.22164E+01,  7.11801E+01,  5.48777E+01,  4.22940E+01,  3.26125E+01,  2.51831E+01,  1.94937E+01,  1.51432E+01,  1.18201E+01,  9.28321E+00,  7.34702E+00,  5.86910E+00,  4.74051E+00,  3.87807E+00,  3.21837E+00,  2.71317E+00,  2.32574E+00,  2.02816E+00,  1.79919E+00,  1.62270E+00,  1.48638E+00,  1.38086E+00,  1.29901E+00,  1.23537E+00,  1.18578E+00,  1.14703E+00,  1.11668E+00,  1.09286E+00,  1.07410E+00,  1.05930E+00,  1.04759E+00,  1.03830E+00,  1.03091E+00,  1.02501E+00,  1.02030E+00,  1.01652E+00,  1.01348E+00,  1.01103E+00,  1.00905E+00,  1.00745E+00,  1.00614E+00,  1.00508E+00,  1.00421E+00,  1.00350E+00,  1.00292E+00,  1.00244E+00
  1.00000E+00,  1.00000E+00,  1.00000E+00,  1.00004E+00,  1.00025E+00,  1.00098E+00,  1.00283E+00,  1.00666E+00,  1.01380E+00,  1.02652E+00,  1.04917E+00,  1.09025E+00,  1.16670E+00,  1.31229E+00,  1.59440E+00,  2.14619E+00,  3.22632E+00,  5.32385E+00,  9.33004E+00,  1.67950E+01,  3.02667E+01,  5.36625E+01,  9.25522E+01,  1.54156E+02,  2.46823E+02,  3.78832E+02,  5.56535E+02,  7.82162E+02,  1.05186E+03,  1.35465E+03,  1.67282E+03,  1.98386E+03,  2.26363E+03,  2.49000E+03,  2.64607E+03,  2.72236E+03,  2.71751E+03,  2.63760E+03,  2.49442E+03,  2.30324E+03,  2.08050E+03,  1.84192E+03,  1.60111E+03,  1.36884E+03,  1.15281E+03,  9.57828E+02,  7.86229E+02,  6.38430E+02,  5.13469E+02,  4.09496E+02,  3.24180E+02,  2.55012E+02,  1.99519E+02,  1.55399E+02,  1.20592E+02,  9.33159E+01,  7.20630E+01,  5.55824E+01,  4.28538E+01,  3.30552E+01,  2.55321E+01,  1.97680E+01,  1.53584E+01,  1.19886E+01,  9.41502E+00,  7.45005E+00,  5.94961E+00,  4.80343E+00,  3.92725E+00,  3.25684E+00,  2.74328E+00,  2.34933E+00,  2.04667E+00,  1.81374E+00,  1.63415E+00,  1.49540E+00,  1.38799E+00,  1.30465E+00,  1.23984E+00,  1.18933E+00,  1.14986E+00,  1.11894E+00,  1.09467E+00,  1.07555E+00,  1.06047E+00,  1.04853E+00,  1.03906E+00,  1.03152E+00,  1.02551E+00,  1.02071E+00,  1.01685E+00,  1.01375E+00,  1.01125E+00,  1.00923E+00,  1.00760E+00,  1.00627E+00,  1.00518E+00,  1.00430E+00,  1.00357E+00,  1.00298E+00,  1.00249E+00
  1.00000E+00,  1.00000E+00,  1.00000E+00,  1.00004E+00,  1.00025E+00,  1.00097E+00,  1.00280E+00,  1.00660E+00,  1.01368E+00,  1.02629E+00,  1.04872E+00,  1.08937E+00,  1.16493E+00,  1.30866E+00,  1.58686E+00,  2.13048E+00,  3.19374E+00,  5.25718E+00,  9.19648E+00,  1.65351E+01,  2.97783E+01,  5.27817E+01,  9.10348E+01,  1.51666E+02,  2.42945E+02,  3.73104E+02,  5.48522E+02,  7.71548E+02,  1.03855E+03,  1.33884E+03,  1.65504E+03,  1.96491E+03,  2.24451E+03,  2.47176E+03,  2.62967E+03,  2.70855E+03,  2.70676E+03,  2.63008E+03,  2.49001E+03,  2.30161E+03,  2.08118E+03,  1.84438E+03,  1.60481E+03,  1.37329E+03,  1.15761E+03,  9.62651E+02,  7.90848E+02,  6.42695E+02,  5.17294E+02,  4.12848E+02,  3.27061E+02,  2.57448E+02,  2.01550E+02,  1.57073E+02,  1.21958E+02,  9.44220E+01,  7.29518E+01,  5.62924E+01,  4.34181E+01,  3.35018E+01,  2.58843E+01,  2.00450E+01,  1.55758E+01,  1.21589E+01,  9.54829E+00,  7.55427E+00,  6.03108E+00,  4.86711E+00,  3.97704E+00,  3.29580E+00,  2.77379E+00,  2.37324E+00,  2.06544E+00,  1.82849E+00,  1.64576E+00,  1.50456E+00,  1.39522E+00,  1.31037E+00,  1.24438E+00,  1.19294E+00,  1.15273E+00,  1.12124E+00,  1.09650E+00,  1.07703E+00,  1.06165E+00,  1.04948E+00,  1.03983E+00,  1.03215E+00,  1.02602E+00,  1.02112E+00,  1.01719E+00,  1.01403E+00,  1.01148E+00,  1.00942E+00,  1.00775E+00,  1.00639E+00,  1.00529E+00,  1.00438E+00,  1.00364E+00,  1.00304E+00,  1.00254E+00
  1.00000E+00,  1.00000E+00,  1.00000E+00,  1.00004E+00,  1.00024E+00,  1.00096E+00,  1.00277E+00,  1.00654E+00,  1.01356E+00,  1.02606E+00,  1.04828E+00,  1.08851E+00,  1.16319E+00,  1.30509E+00,  1.57946E+00,  2.11506E+00,  3.16178E+00,  5.19181E+00,  9.06558E+00,  1.62803E+01,  2.92997E+01,  5.19184E+01,  8.95467E+01,  1.49224E+02,  2.39137E+02,  3.67474E+02,  5.40637E+02,  7.61091E+02,  1.02542E+03,  1.32323E+03,  1.63744E+03,  1.94612E+03,  2.22552E+03,  2.45361E+03,  2.61331E+03,  2.69474E+03,  2.69598E+03,  2.62249E+03,  2.48552E+03,  2.29989E+03,  2.08178E+03,  1.84675E+03,  1.60843E+03,  1.37769E+03,  1.16236E+03,  9.67443E+02,  7.95447E+02,  6.46948E+02,  5.21115E+02,  4.16200E+02,  3.29945E+02,  2.59889E+02,  2.03589E+02,  1.58754E+02,  1.23332E+02,  9.55347E+01,  7.38467E+01,  5.70077E+01,  4.39868E+01,  3.39521E+01,  2.62397E+01,  2.03247E+01,  1.57953E+01,  1.23310E+01,  9.68304E+00,  7.65968E+00,  6.11351E+00,  4.93157E+00,  4.02746E+00,  3.33526E+00,  2.80469E+00,  2.39748E+00,  2.08446E+00,  1.84344E+00,  1.65753E+00,  1.51384E+00,  1.40256E+00,  1.31618E+00,  1.24899E+00,  1.19660E+00,  1.15565E+00,  1.12357E+00,  1.09837E+00,  1.07852E+00,  1.06285E+00,  1.05045E+00,  1.04061E+00,  1.03278E+00,  1.02653E+00,  1.02154E+00,  1.01753E+00,  1.01431E+00,  1.01171E+00,  1.00961E+00,  1.00790E+00,  1.00652E+00,  1.00539E+00,  1.00447E+00,  1.00372E+00,  1.00310E+00,  1.00259E+00
  1.00000E+00,  1.00000E+00,  1.00000E+00,  1.00004E+00,  1.00024E+00,  1.00095E+00,  1.00275E+00,  1.00648E+00,  1.01344E+00,  1.02584E+00,  1.04785E+00,  1.08766E+00,  1.16147E+00,  1.30157E+00,  1.57217E+00,  2.09992E+00,  3.13043E+00,  5.12772E+00,  8.93727E+00,  1.60306E+01,  2.88306E+01,  5.10722E+01,  8.80875E+01,  1.46827E+02,  2.35397E+02,  3.61940E+02,  5.32879E+02,  7.50790E+02,  1.01247E+03,  1.30780E+03,  1.62003E+03,  1.92751E+03,  2.20667E+03,  2.43555E+03,  2.59700E+03,  2.68094E+03,  2.68516E+03,  2.61484E+03,  2.48094E+03,  2.29808E+03,  2.08228E+03,  1.84904E+03,  1.61199E+03,  1.38202E+03,  1.16707E+03,  9.72203E+02,  8.00026E+02,  6.51191E+02,  5.24932E+02,  4.19553E+02,  3.32833E+02,  2.62337E+02,  2.05634E+02,  1.60443E+02,  1.24713E+02,  9.66540E+01,  7.47474E+01,  5.77282E+01,  4.45601E+01,  3.44064E+01,  2.65983E+01,  2.06070E+01,  1.60171E+01,  1.25049E+01,  9.81926E+00,  7.76629E+00,  6.19691E+00,  4.99681E+00,  4.07851E+00,  3.37522E+00,  2.83600E+00,  2.42203E+00,  2.10374E+00,  1.85861E+00,  1.66947E+00,  1.52326E+00,  1.41000E+00,  1.32208E+00,  1.25367E+00,  1.20032E+00,  1.15861E+00,  1.12593E+00,  1.10026E+00,  1.08004E+00,  1.06408E+00,  1.05144E+00,  1.04141E+00,  1.03343E+00,  1.02706E+00,  1.02196E+00,  1.01788E+00,  1.01459E+00,  1.01194E+00,  1.00980E+00,  1.00806E+00,  1.00665E+00,  1.00550E+00,  1.00456E+00,  1.00379E+00,  1.00316E+00,  1.00264E+00
  1.00000E+00,  1.00000E+00,  1.00000E+00,  1.00004E+00,  1.00024E+00,  1.00094E+00,  1.00272E+00,  1.00642E+00,  1.01333E+00,  1.02562E+00,  1.04742E+00,  1.08681E+00,  1.15978E+00,  1.29812E+00,  1.56502E+00,  2.08504E+00,  3.09966E+00,  5.06486E+00,  8.81149E+00,  1.57860E+01,  2.83709E+01,  5.02426E+01,  8.66564E+01,  1.44475E+02,  2.31725E+02,  3.56501E+02,  5.25245E+02,  7.40642E+02,  9.99689E+02,  1.29256E+03,  1.60281E+03,  1.90906E+03,  2.18796E+03,  2.41759E+03,  2.58074E+03,  2.66713E+03,  2.67430E+03,  2.60712E+03,  2.47628E+03,  2.29618E+03,  2.08269E+03,  1.85125E+03,  1.61547E+03,  1.38630E+03,  1.17173E+03,  9.76932E+02,  8.04584E+02,  6.55422E+02,  5.28744E+02,  4.22907E+02,  3.35725E+02,  2.64790E+02,  2.07686E+02,  1.62139E+02,  1.26101E+02,  9.77799E+01,  7.56541E+01,  5.84538E+01,  4.51379E+01,  3.48645E+01,  2.69602E+01,  2.08920E+01,  1.62411E+01,  1.26807E+01,  9.95696E+00,  7.87410E+00,  6.28129E+00,  5.06284E+00,  4.13019E+00,  3.41569E+00,  2.86772E+00,  2.44692E+00,  2.12328E+00,  1.87398E+00,  1.68158E+00,  1.53281E+00,  1.41755E+00,  1.32806E+00,  1.25841E+00,  1.20409E+00,  1.16162E+00,  1.12833E+00,  1.10218E+00,  1.08158E+00,  1.06532E+00,  1.05244E+00,  1.04222E+00,  1.03408E+00,  1.02759E+00,  1.02239E+00,  1.01823E+00,  1.01488E+00,  1.01218E+00,  1.00999E+00,  1.00822E+00,  1.00678E+00,  1.00561E+00,  1.00465E+00,  1.00387E+00,  1.00322E+00,  1.00269E+00
  1.00000E+00,  1.00000E+00,  1.00000E+00,  1.00004E+00,  1.00024E+00,  1.00093E+00,  1.00269E+00,  1.00637E+00,  1.01321E+00,  1.02540E+00,  1.04700E+00,  1.08598E+00,  1.15811E+00,  1.29471E+00,  1.55798E+00,  2.07044E+00,  3.06946E+00,  5.00321E+00,  8.68819E+00,  1.55461E+01,  2.79203E+01,  4.94294E+01,  8.52529E+01,  1.42168E+02,  2.28118E+02,  3.51154E+02,  5.17733E+02,  7.30645E+02,  9.87086E+02,  1.27751E+03,  1.58577E+03,  1.89078E+03,  2.16938E+03,  2.39972E+03,  2.56453E+03,  2.65333E+03,  2.66341E+03,  2.59933E+03,  2.47154E+03,  2.29418E+03,  2.08300E+03,  1.85337E+03,  1.61888E+03,  1.39052E+03,  1.17635E+03,  9.81629E+02,  8.09122E+02,  6.59641E+02,  5.32552E+02,  4.26261E+02,  3.38621E+02,  2.67249E+02,  2.09744E+02,  1.63843E+02,  1.27495E+02,  9.89122E+01,  7.65667E+01,  5.91847E+01,  4.57202E+01,  3.53264E+01,  2.73253E+01,  2.11798E+01,  1.64674E+01,  1.28582E+01,  1.00962E+01,  7.98312E+00,  6.36664E+00,  5.12965E+00,  4.18251E+00,  3.45668E+00,  2.89985E+00,  2.47213E+00,  2.14309E+00,  1.88956E+00,  1.69386E+00,  1.54250E+00,  1.42521E+00,  1.33412E+00,  1.26323E+00,  1.20792E+00,  1.16467E+00,  1.13077E+00,  1.10413E+00,  1.08315E+00,  1.06658E+00,  1.05345E+00,  1.04304E+00,  1.03474E+00,  1.02813E+00,  1.02283E+00,  1.01859E+00,  1.01517E+00,  1.01242E+00,  1.01019E+00,  1.00838E+00,  1.00692E+00,  1.00572E+00,  1.00475E+00,  1.00395E+00,  1.00329E+00,  1.00275E+00
  1.00000E+00,  1.00000E+00,  1.00000E+00,  1.00004E+00,  1.00023E+00,  1.00092E+00,  1.00267E+00,  1.00631E+00,  1.01310E+00,  1.02518E+00,  1.04658E+00,  1.08517E+00,  1.15647E+00,  1.29137E+00,  1.55107E+00,  2.05609E+00,  3.03983E+00,  4.94275E+00,  8.56730E+00,  1.53111E+01,  2.74786E+01,  4.86320E+01,  8.38763E+01,  1.39903E+02,  2.24576E+02,  3.45899E+02,  5.10341E+02,  7.20796E+02,  9.74653E+02,  1.26264E+03,  1.56891E+03,  1.87267E+03,  2.15093E+03,  2.38195E+03,  2.54837E+03,  2.63954E+03,  2.65248E+03,  2.59149E+03,  2.46671E+03,  2.29210E+03,  2.08323E+03,  1.85541E+03,  1.62221E+03,  1.39467E+03,  1.18093E+03,  9.86293E+02,  8.13638E+02,  6.63848E+02,  5.36354E+02,  4.29614E+02,  3.41520E+02,  2.69713E+02,  2.11810E+02,  1.65553E+02,  1.28897E+02,  1.00051E+02,  7.74852E+01,  5.99208E+01,  4.63071E+01,  3.57921E+01,  2.76936E+01,  2.14702E+01,  1.66958E+01,  1.30376E+01,  1.02369E+01,  8.09337E+00,  6.45298E+00,  5.19726E+00,  4.23546E+00,  3.49817E+00,  2.93239E+00,  2.49767E+00,  2.16316E+00,  1.90535E+00,  1.70630E+00,  1.55233E+00,  1.43298E+00,  1.34028E+00,  1.26811E+00,  1.21181E+00,  1.16777E+00,  1.13325E+00,  1.10611E+00,  1.08474E+00,  1.06785E+00,  1.05448E+00,  1.04387E+00,  1.03542E+00,  1.02868E+00,  1.02328E+00,  1.01895E+00,  1.01547E+00,  1.01266E+00,  1.01039E+00,  1.00855E+00,  1.00705E+00,  1.00584E+00,  1.00484E+00,  1.00402E+00,  1.00335E+00,  1.00280E+00
  1.00000E+00,  1.00000E+00,  1.00000E+00,  1.00004E+00,  1.00023E+00,  1.00091E+00,  1.00264E+00,  1.00625E+00,  1.01299E+00,  1.02497E+00,  1.04617E+00,  1.08436E+00,  1.15486E+00,  1.28807E+00,  1.54427E+00,  2.04201E+00,  3.01075E+00,  4.88345E+00,  8.44878E+00,  1.50806E+01,  2.70456E+01,  4.78503E+01,  8.25262E+01,  1.37680E+02,  2.21098E+02,  3.40733E+02,  5.03068E+02,  7.11093E+02,  9.62389E+02,  1.24795E+03,  1.55223E+03,  1.85472E+03,  2.13262E+03,  2.36427E+03,  2.53226E+03,  2.62576E+03,  2.64153E+03,  2.58358E+03,  2.46181E+03,  2.28993E+03,  2.08337E+03,  1.85737E+03,  1.62548E+03,  1.39877E+03,  1.18545E+03,  9.90925E+02,  8.18133E+02,  6.68043E+02,  5.40151E+02,  4.32968E+02,  3.44422E+02,  2.72183E+02,  2.13881E+02,  1.67270E+02,  1.30306E+02,  1.01196E+02,  7.84095E+01,  6.06621E+01,  4.68984E+01,  3.62617E+01,  2.80652E+01,  2.17633E+01,  1.69266E+01,  1.32189E+01,  1.03791E+01,  8.20483E+00,  6.54031E+00,  5.26567E+00,  4.28906E+00,  3.54019E+00,  2.96535E+00,  2.52354E+00,  2.18350E+00,  1.92136E+00,  1.71892E+00,  1.56229E+00,  1.44086E+00,  1.34652E+00,  1.27307E+00,  1.21575E+00,  1.17091E+00,  1.13576E+00,  1.10813E+00,  1.08635E+00,  1.06915E+00,  1.05553E+00,  1.04472E+00,  1.03611E+00,  1.02923E+00,  1.02373E+00,  1.01932E+00,  1.01577E+00,  1.01291E+00,  1.01060E+00,  1.00872E+00,  1.00719E+00,  1.00595E+00,  1.00494E+00,  1.00410E+00,  1.00342E+00,  1.00286E+00
  1.00000E+00,  1.00000E+00,  1.00000E+00,  1.00004E+00,  1.00023E+00,  1.00090E+00,  1.00261E+00,  1.00620E+00,  1.01288E+00,  1.02476E+00,  1.04577E+00,  1.08356E+00,  1.15327E+00,  1.28483E+00,  1.53758E+00,  2.02817E+00,  2.98221E+00,  4.82527E+00,  8.33256E+00,  1.48547E+01,  2.66212E+01,  4.70838E+01,  8.12018E+01,  1.35498E+02,  2.17681E+02,  3.35654E+02,  4.95910E+02,  7.01533E+02,  9.50291E+02,  1.23344E+03,  1.53573E+03,  1.83693E+03,  2.11445E+03,  2.34669E+03,  2.51620E+03,  2.61198E+03,  2.63054E+03,  2.57562E+03,  2.45682E+03,  2.28766E+03,  2.08342E+03,  1.85924E+03,  1.62867E+03,  1.40282E+03,  1.18994E+03,  9.95524E+02,  8.22606E+02,  6.72225E+02,  5.43942E+02,  4.36321E+02,  3.47328E+02,  2.74658E+02,  2.15960E+02,  1.68994E+02,  1.31721E+02,  1.02348E+02,  7.93396E+01,  6.14085E+01,  4.74942E+01,  3.67352E+01,  2.84400E+01,  2.20592E+01,  1.71595E+01,  1.34020E+01,  1.05228E+01,  8.31753E+00,  6.62864E+00,  5.33489E+00,  4.34331E+00,  3.58272E+00,  2.99872E+00,  2.54976E+00,  2.20411E+00,  1.93758E+00,  1.73171E+00,  1.57239E+00,  1.44885E+00,  1.35285E+00,  1.27810E+00,  1.21975E+00,  1.17410E+00,  1.13831E+00,  1.11017E+00,  1.08799E+00,  1.07047E+00,  1.05660E+00,  1.04558E+00,  1.03680E+00,  1.02980E+00,  1.02420E+00,  1.01970E+00,  1.01608E+00,  1.01316E+00,  1.01080E+00,  1.00889E+00,  1.00734E+00,  1.00607E+00,  1.00503E+00,  1.00418E+00,  1.00349E+00,  1.00292E+00
  1.00000E+00,  1.00000E+00,  1.00000E+00,  1.00004E+00,  1.00022E+00,  1.00089E+00,  1.00259E+00,  1.00614E+00,  1.01277E+00,  1.02455E+00,  1.04536E+00,  1.08278E+00,  1.15170E+00,  1.28164E+00,  1.53101E+00,  2.01457E+00,  2.95419E+00,  4.76821E+00,  8.21860E+00,  1.46333E+01,  2.62051E+01,  4.63322E+01,  7.99027E+01,  1.33357E+02,  2.14325E+02,  3.30661E+02,  4.88867E+02,  6.92115E+02,  9.38358E+02,  1.21910E+03,  1.51941E+03,  1.81931E+03,  2.09641E+03,  2.32920E+03,  2.50019E+03,  2.59821E+03,  2.61953E+03,  2.56760E+03,  2.45176E+03,  2.28532E+03,  2.08339E+03,  1.86104E+03,  1.63180E+03,  1.40680E+03,  1.19438E+03,  1.00009E+03,  8.27058E+02,  6.76394E+02,  5.47728E+02,  4.39673E+02,  3.50236E+02,  2.77138E+02,  2.18044E+02,  1.70724E+02,  1.33143E+02,  1.03506E+02,  8.02756E+01,  6.21601E+01,  4.80945E+01,  3.72125E+01,  2.88181E+01,  2.23578E+01,  1.73947E+01,  1.35870E+01,  1.06680E+01,  8.43146E+00,  6.71797E+00,  5.40492E+00,  4.39821E+00,  3.62579E+00,  3.03252E+00,  2.57631E+00,  2.22499E+00,  1.95403E+00,  1.74468E+00,  1.58263E+00,  1.45695E+00,  1.35928E+00,  1.28320E+00,  1.22381E+00,  1.17734E+00,  1.14089E+00,  1.11224E+00,  1.08966E+00,  1.07181E+00,  1.05768E+00,  1.04645E+00,  1.03751E+00,  1.03037E+00,  1.02466E+00,  1.02008E+00,  1.01639E+00,  1.01342E+00,  1.01101E+00,  1.00906E+00,  1.00748E+00,  1.00619E+00,  1.00513E+00,  1.00427E+00,  1.00356E+00,  1.00297E+00
  1.00000E+00,  1.00000E+00,  1.00000E+00,  1.00003E+00,  1.00022E+00,  1.00088E+00,  1.00256E+00,  1.00609E+00,  1.01266E+00,  1.02434E+00,  1.04497E+00,  1.08200E+00,  1.15015E+00,  1.27849E+00,  1.52455E+00,  2.00122E+00,  2.92668E+00,  4.71222E+00,  8.10685E+00,  1.44161E+01,  2.57971E+01,  4.55952E+01,  7.86283E+01,  1.31256E+02,  2.11029E+02,  3.25753E+02,  4.81935E+02,  6.82837E+02,  9.26585E+02,  1.20494E+03,  1.50327E+03,  1.80185E+03,  2.07850E+03,  2.31182E+03,  2.48424E+03,  2.58446E+03,  2.60849E+03,  2.55952E+03,  2.44663E+03,  2.28288E+03,  2.08327E+03,  1.86275E+03,  1.63485E+03,  1.41072E+03,  1.19877E+03,  1.00462E+03,  8.31487E+02,  6.80550E+02,  5.51507E+02,  4.43024E+02,  3.53147E+02,  2.79622E+02,  2.20135E+02,  1.72462E+02,  1.34572E+02,  1.04670E+02,  8.12173E+01,  6.29169E+01,  4.86993E+01,  3.76937E+01,  2.91995E+01,  2.26591E+01,  1.76322E+01,  1.37738E+01,  1.08148E+01,  8.54664E+00,  6.80831E+00,  5.47576E+00,  4.45377E+00,  3.66938E+00,  3.06674E+00,  2.60320E+00,  2.24615E+00,  1.97069E+00,  1.75782E+00,  1.59302E+00,  1.46517E+00,  1.36579E+00,  1.28837E+00,  1.22793E+00,  1.18063E+00,  1.14352E+00,  1.11434E+00,  1.09134E+00,  1.07317E+00,  1.05877E+00,  1.04734E+00,  1.03823E+00,  1.03096E+00,  1.02514E+00,  1.02047E+00,  1.01671E+00,  1.01368E+00,  1.01123E+00,  1.00924E+00,  1.00762E+00,  1.00631E+00,  1.00523E+00,  1.00435E+00,  1.00363E+00,  1.00303E+00
  1.00000E+00,  1.00000E+00,  1.00000E+00,  1.00003E+00,  1.00022E+00,  1.00087E+00,  1.00254E+00,  1.00603E+00,  1.01256E+00,  1.02414E+00,  1.04458E+00,  1.08124E+00,  1.14863E+00,  1.27540E+00,  1.51819E+00,  1.98809E+00,  2.89968E+00,  4.65729E+00,  7.99725E+00,  1.42032E+01,  2.53971E+01,  4.48724E+01,  7.73780E+01,  1.29193E+02,  2.07791E+02,  3.20927E+02,  4.75114E+02,  6.73695E+02,  9.14973E+02,  1.19096E+03,  1.48729E+03,  1.78454E+03,  2.06073E+03,  2.29453E+03,  2.46835E+03,  2.57072E+03,  2.59743E+03,  2.55139E+03,  2.44142E+03,  2.28037E+03,  2.08306E+03,  1.86438E+03,  1.63783E+03,  1.41459E+03,  1.20311E+03,  1.00912E+03,  8.35893E+02,  6.84693E+02,  5.55280E+02,  4.46374E+02,  3.56060E+02,  2.82112E+02,  2.22232E+02,  1.74206E+02,  1.36007E+02,  1.05841E+02,  8.21648E+01,  6.36788E+01,  4.93086E+01,  3.81787E+01,  2.95841E+01,  2.29631E+01,  1.78720E+01,  1.39625E+01,  1.09631E+01,  8.66307E+00,  6.89967E+00,  5.54743E+00,  4.51000E+00,  3.71350E+00,  3.10140E+00,  2.63044E+00,  2.26758E+00,  1.98758E+00,  1.77114E+00,  1.60354E+00,  1.47350E+00,  1.37240E+00,  1.29362E+00,  1.23211E+00,  1.18396E+00,  1.14619E+00,  1.11648E+00,  1.09306E+00,  1.07455E+00,  1.05988E+00,  1.04824E+00,  1.03896E+00,  1.03155E+00,  1.02562E+00,  1.02086E+00,  1.01703E+00,  1.01394E+00,  1.01145E+00,  1.00942E+00,  1.00777E+00,  1.00643E+00,  1.00533E+00,  1.00444E+00,  1.00370E+00,  1.00309E+00
  1.00000E+00,  1.00000E+00,  1.00000E+00,  1.00003E+00,  1.00021E+00,  1.00086E+00,  1.00251E+00,  1.00598E+00,  1.01245E+00,  1.02394E+00,  1.04419E+00,  1.08049E+00,  1.14713E+00,  1.27236E+00,  1.51194E+00,  1.97520E+00,  2.87317E+00,  4.60339E+00,  7.88975E+00,  1.39945E+01,  2.50049E+01,  4.41636E+01,  7.61514E+01,  1.27168E+02,  2.04611E+02,  3.16183E+02,  4.68400E+02,  6.64689E+02,  9.03518E+02,  1.17714E+03,  1.47149E+03,  1.76740E+03,  2.04310E+03,  2.27734E+03,  2.45251E+03,  2.55699E+03,  2.58634E+03,  2.54320E+03,  2.43613E+03,  2.27777E+03,  2.08276E+03,  1.86593E+03,  1.64074E+03,  1.41840E+03,  1.20742E+03,  1.01359E+03,  8.40277E+02,  6.88821E+02,  5.59046E+02,  4.49723E+02,  3.58976E+02,  2.84607E+02,  2.24334E+02,  1.75956E+02,  1.37449E+02,  1.07018E+02,  8.31181E+01,  6.44458E+01,  4.99224E+01,  3.86675E+01,  2.99720E+01,  2.32699E+01,  1.81140E+01,  1.41530E+01,  1.11129E+01,  8.78075E+00,  6.99204E+00,  5.61992E+00,  4.56689E+00,  3.75817E+00,  3.13648E+00,  2.65802E+00,  2.28929E+00,  2.00468E+00,  1.78464E+00,  1.61421E+00,  1.48195E+00,  1.37910E+00,  1.29895E+00,  1.23635E+00,  1.18734E+00,  1.14889E+00,  1.11865E+00,  1.09480E+00,  1.07595E+00,  1.06102E+00,  1.04915E+00,  1.03970E+00,  1.03215E+00,  1.02611E+00,  1.02126E+00,  1.01736E+00,  1.01421E+00,  1.01167E+00,  1.00960E+00,  1.00792E+00,  1.00656E+00,  1.00544E+00,  1.00452E+00,  1.00377E+00,  1.00315E+00
  1.00000E+00,  1.00000E+00,  1.00000E+00,  1.00003E+00,  1.00021E+00,  1.00085E+00,  1.00249E+00,  1.00593E+00,  1.01235E+00,  1.02374E+00,  1.04381E+00,  1.07974E+00,  1.14565E+00,  1.26936E+00,  1.50579E+00,  1.96253E+00,  2.84714E+00,  4.55050E+00,  7.78431E+00,  1.37897E+01,  2.46203E+01,  4.34684E+01,  7.49480E+01,  1.25180E+02,  2.01487E+02,  3.11519E+02,  4.61794E+02,  6.55815E+02,  8.92218E+02,  1.16350E+03,  1.45586E+03,  1.75042E+03,  2.02559E+03,  2.26024E+03,  2.43673E+03,  2.54328E+03,  2.57524E+03,  2.53497E+03,  2.43078E+03,  2.27508E+03,  2.08239E+03,  1.86740E+03,  1.64358E+03,  1.42215E+03,  1.21167E+03,  1.01802E+03,  8.44638E+02,  6.92936E+02,  5.62806E+02,  4.53070E+02,  3.61893E+02,  2.87105E+02,  2.26443E+02,  1.77713E+02,  1.38897E+02,  1.08201E+02,  8.40770E+01,  6.52180E+01,  5.05407E+01,  3.91603E+01,  3.03631E+01,  2.35794E+01,  1.83583E+01,  1.43455E+01,  1.12643E+01,  8.89970E+00,  7.08544E+00,  5.69324E+00,  4.62445E+00,  3.80337E+00,  3.17200E+00,  2.68596E+00,  2.31128E+00,  2.02202E+00,  1.79833E+00,  1.62503E+00,  1.49052E+00,  1.38589E+00,  1.30435E+00,  1.24065E+00,  1.19077E+00,  1.15163E+00,  1.12085E+00,  1.09657E+00,  1.07737E+00,  1.06216E+00,  1.05008E+00,  1.04045E+00,  1.03276E+00,  1.02661E+00,  1.02167E+00,  1.01769E+00,  1.01449E+00,  1.01189E+00,  1.00979E+00,  1.00808E+00,  1.00668E+00,  1.00554E+00,  1.00461E+00,  1.00384E+00,  1.00321E+00
  1.00000E+00,  1.00000E+00,  1.00000E+00,  1.00003E+00,  1.00021E+00,  1.00084E+00,  1.00247E+00,  1.00588E+00,  1.01224E+00,  1.02354E+00,  1.04343E+00,  1.07901E+00,  1.14419E+00,  1.26641E+00,  1.49975E+00,  1.95008E+00,  2.82158E+00,  4.49860E+00,  7.68089E+00,  1.35890E+01,  2.42431E+01,  4.27865E+01,  7.37672E+01,  1.23229E+02,  1.98417E+02,  3.06933E+02,  4.55291E+02,  6.47072E+02,  8.81070E+02,  1.15002E+03,  1.44040E+03,  1.73359E+03,  2.00822E+03,  2.24325E+03,  2.42100E+03,  2.52959E+03,  2.56411E+03,  2.52668E+03,  2.42535E+03,  2.27232E+03,  2.08193E+03,  1.86880E+03,  1.64635E+03,  1.42584E+03,  1.21588E+03,  1.02242E+03,  8.48976E+02,  6.97037E+02,  5.66558E+02,  4.56415E+02,  3.64813E+02,  2.89609E+02,  2.28557E+02,  1.79477E+02,  1.40352E+02,  1.09391E+02,  8.50417E+01,  6.59952E+01,  5.11634E+01,  3.96568E+01,  3.07575E+01,  2.38917E+01,  1.86049E+01,  1.45398E+01,  1.14172E+01,  9.01991E+00,  7.17987E+00,  5.76740E+00,  4.68269E+00,  3.84912E+00,  3.20796E+00,  2.71425E+00,  2.33356E+00,  2.03958E+00,  1.81219E+00,  1.63599E+00,  1.49920E+00,  1.39278E+00,  1.30982E+00,  1.24501E+00,  1.19425E+00,  1.15442E+00,  1.12308E+00,  1.09836E+00,  1.07882E+00,  1.06333E+00,  1.05102E+00,  1.04122E+00,  1.03339E+00,  1.02712E+00,  1.02208E+00,  1.01803E+00,  1.01476E+00,  1.01212E+00,  1.00998E+00,  1.00823E+00,  1.00681E+00,  1.00565E+00,  1.00470E+00,  1.00392E+00,  1.00327E+00
  1.00000E+00,  1.00000E+00,  1.00000E+00,  1.00003E+00,  1.00021E+00,  1.00083E+00,  1.00244E+00,  1.00583E+00,  1.01214E+00,  1.02335E+00,  1.04306E+00,  1.07828E+00,  1.14275E+00,  1.26350E+00,  1.49380E+00,  1.93785E+00,  2.79648E+00,  4.44766E+00,  7.57943E+00,  1.33921E+01,  2.38732E+01,  4.21177E+01,  7.26086E+01,  1.21313E+02,  1.95402E+02,  3.02424E+02,  4.48892E+02,  6.38458E+02,  8.70074E+02,  1.13671E+03,  1.42511E+03,  1.71692E+03,  1.99098E+03,  2.22635E+03,  2.40534E+03,  2.51591E+03,  2.55296E+03,  2.51835E+03,  2.41986E+03,  2.26948E+03,  2.08138E+03,  1.87011E+03,  1.64905E+03,  1.42947E+03,  1.22004E+03,  1.02679E+03,  8.53290E+02,  7.01123E+02,  5.70303E+02,  4.59759E+02,  3.67734E+02,  2.92116E+02,  2.30677E+02,  1.81246E+02,  1.41813E+02,  1.10586E+02,  8.60120E+01,  6.67776E+01,  5.17906E+01,  4.01573E+01,  3.11552E+01,  2.42068E+01,  1.88538E+01,  1.47361E+01,  1.15717E+01,  9.14140E+00,  7.27534E+00,  5.84239E+00,  4.74160E+00,  3.89542E+00,  3.24436E+00,  2.74289E+00,  2.35612E+00,  2.05737E+00,  1.82624E+00,  1.64710E+00,  1.50800E+00,  1.39977E+00,  1.31538E+00,  1.24943E+00,  1.19779E+00,  1.15724E+00,  1.12534E+00,  1.10018E+00,  1.08028E+00,  1.06451E+00,  1.05198E+00,  1.04199E+00,  1.03402E+00,  1.02763E+00,  1.02250E+00,  1.01838E+00,  1.01505E+00,  1.01235E+00,  1.01017E+00,  1.00839E+00,  1.00694E+00,  1.00576E+00,  1.00479E+00,  1.00399E+00,  1.00334E+00
  1.00000E+00,  1.00000E+00,  1.00000E+00,  1.00003E+00,  1.00020E+00,  1.00082E+00,  1.00242E+00,  1.00577E+00,  1.01204E+00,  1.02315E+00,  1.04269E+00,  1.07757E+00,  1.14133E+00,  1.26064E+00,  1.48795E+00,  1.92582E+00,  2.77183E+00,  4.39767E+00,  7.47989E+00,  1.31989E+01,  2.35104E+01,  4.14616E+01,  7.14717E+01,  1.19433E+02,  1.92440E+02,  2.97990E+02,  4.42594E+02,  6.29971E+02,  8.59226E+02,  1.12355E+03,  1.40998E+03,  1.70040E+03,  1.97388E+03,  2.20955E+03,  2.38973E+03,  2.50226E+03,  2.54180E+03,  2.50997E+03,  2.41430E+03,  2.26655E+03,  2.08076E+03,  1.87135E+03,  1.65168E+03,  1.43304E+03,  1.22416E+03,  1.03112E+03,  8.57580E+02,  7.05194E+02,  5.74040E+02,  4.63100E+02,  3.70657E+02,  2.94627E+02,  2.32803E+02,  1.83022E+02,  1.43281E+02,  1.11788E+02,  8.69880E+01,  6.75650E+01,  5.24222E+01,  4.06615E+01,  3.15562E+01,  2.45246E+01,  1.91050E+01,  1.49342E+01,  1.17277E+01,  9.26416E+00,  7.37185E+00,  5.91824E+00,  4.80120E+00,  3.94227E+00,  3.28121E+00,  2.77189E+00,  2.37897E+00,  2.07540E+00,  1.84048E+00,  1.65837E+00,  1.51692E+00,  1.40685E+00,  1.32101E+00,  1.25392E+00,  1.20137E+00,  1.16011E+00,  1.12764E+00,  1.10202E+00,  1.08177E+00,  1.06571E+00,  1.05295E+00,  1.04278E+00,  1.03466E+00,  1.02815E+00,  1.02293E+00,  1.01872E+00,  1.01533E+00,  1.01259E+00,  1.01036E+00,  1.00855E+00,  1.00708E+00,  1.00587E+00,  1.00488E+00,  1.00407E+00,  1.00340E+00
  1.00000E+00,  1.00000E+00,  1.00000E+00,  1.00003E+00,  1.00020E+00,  1.00081E+00,  1.00240E+00,  1.00572E+00,  1.01194E+00,  1.02296E+00,  1.04233E+00,  1.07686E+00,  1.13993E+00,  1.25782E+00,  1.48219E+00,  1.91400E+00,  2.74762E+00,  4.34860E+00,  7.38223E+00,  1.30095E+01,  2.31546E+01,  4.08179E+01,  7.03561E+01,  1.17586E+02,  1.89530E+02,  2.93631E+02,  4.36395E+02,  6.21608E+02,  8.48525E+02,  1.11056E+03,  1.39501E+03,  1.68404E+03,  1.95690E+03,  2.19285E+03,  2.37419E+03,  2.48862E+03,  2.53062E+03,  2.50155E+03,  2.40867E+03,  2.26355E+03,  2.08005E+03,  1.87251E+03,  1.65424E+03,  1.43656E+03,  1.22823E+03,  1.03541E+03,  8.61846E+02,  7.09250E+02,  5.77769E+02,  4.66438E+02,  3.73581E+02,  2.97143E+02,  2.34934E+02,  1.84804E+02,  1.44755E+02,  1.12995E+02,  8.79696E+01,  6.83575E+01,  5.30583E+01,  4.11697E+01,  3.19605E+01,  2.48451E+01,  1.93585E+01,  1.51343E+01,  1.18854E+01,  9.38822E+00,  7.46941E+00,  5.99493E+00,  4.86149E+00,  3.98967E+00,  3.31850E+00,  2.80125E+00,  2.40211E+00,  2.09365E+00,  1.85490E+00,  1.66978E+00,  1.52597E+00,  1.41403E+00,  1.32672E+00,  1.25847E+00,  1.20500E+00,  1.16302E+00,  1.12997E+00,  1.10390E+00,  1.08328E+00,  1.06693E+00,  1.05393E+00,  1.04358E+00,  1.03531E+00,  1.02868E+00,  1.02336E+00,  1.01908E+00,  1.01562E+00,  1.01283E+00,  1.01056E+00,  1.00871E+00,  1.00721E+00,  1.00598E+00,  1.00497E+00,  1.00415E+00,  1.00347E+00
  1.00000E+00,  1.00000E+00,  1.00000E+00,  1.00003E+00,  1.00020E+00,  1.00080E+00,  1.00237E+00,  1.00567E+00,  1.01184E+00,  1.02277E+00,  1.04197E+00,  1.07617E+00,  1.13856E+00,  1.25504E+00,  1.47653E+00,  1.90238E+00,  2.72384E+00,  4.30043E+00,  7.28642E+00,  1.28237E+01,  2.28055E+01,  4.01865E+01,  6.92612E+01,  1.15773E+02,  1.86670E+02,  2.89344E+02,  4.30293E+02,  6.13369E+02,  8.37969E+02,  1.09773E+03,  1.38021E+03,  1.66783E+03,  1.94006E+03,  2.17625E+03,  2.35871E+03,  2.47501E+03,  2.51943E+03,  2.49308E+03,  2.40298E+03,  2.26048E+03,  2.07926E+03,  1.87359E+03,  1.65673E+03,  1.44001E+03,  1.23225E+03,  1.03967E+03,  8.66089E+02,  7.13291E+02,  5.81491E+02,  4.69774E+02,  3.76507E+02,  2.99662E+02,  2.37070E+02,  1.86592E+02,  1.46235E+02,  1.14209E+02,  8.89568E+01,  6.91550E+01,  5.36989E+01,  4.16817E+01,  3.23680E+01,  2.51684E+01,  1.96144E+01,  1.53363E+01,  1.20446E+01,  9.51356E+00,  7.56802E+00,  6.07248E+00,  4.92247E+00,  4.03764E+00,  3.35625E+00,  2.83098E+00,  2.42554E+00,  2.11214E+00,  1.86951E+00,  1.68134E+00,  1.53513E+00,  1.42131E+00,  1.33251E+00,  1.26308E+00,  1.20869E+00,  1.16597E+00,  1.13234E+00,  1.10580E+00,  1.08481E+00,  1.06816E+00,  1.05493E+00,  1.04439E+00,  1.03597E+00,  1.02922E+00,  1.02380E+00,  1.01944E+00,  1.01592E+00,  1.01307E+00,  1.01076E+00,  1.00888E+00,  1.00735E+00,  1.00610E+00,  1.00507E+00,  1.00423E+00,  1.00353E+00
  1.00000E+00,  1.00000E+00,  1.00000E+00,  1.00003E+00,  1.00020E+00,  1.00080E+00,  1.00235E+00,  1.00562E+00,  1.01175E+00,  1.02259E+00,  1.04161E+00,  1.07548E+00,  1.13720E+00,  1.25231E+00,  1.47095E+00,  1.89096E+00,  2.70049E+00,  4.25315E+00,  7.19240E+00,  1.26414E+01,  2.24631E+01,  3.95671E+01,  6.81867E+01,  1.13993E+02,  1.83860E+02,  2.85128E+02,  4.24288E+02,  6.05250E+02,  8.27555E+02,  1.08506E+03,  1.36557E+03,  1.65178E+03,  1.92334E+03,  2.15975E+03,  2.34329E+03,  2.46142E+03,  2.50823E+03,  2.48457E+03,  2.39723E+03,  2.25732E+03,  2.07840E+03,  1.87459E+03,  1.65916E+03,  1.44341E+03,  1.23623E+03,  1.04390E+03,  8.70306E+02,  7.17316E+02,  5.85203E+02,  4.73107E+02,  3.79433E+02,  3.02185E+02,  2.39211E+02,  1.88386E+02,  1.47721E+02,  1.15428E+02,  8.99496E+01,  6.99575E+01,  5.43439E+01,  4.21975E+01,  3.27789E+01,  2.54946E+01,  1.98725E+01,  1.55402E+01,  1.22054E+01,  9.64021E+00,  7.66769E+00,  6.15089E+00,  4.98415E+00,  4.08616E+00,  3.39445E+00,  2.86107E+00,  2.44926E+00,  2.13087E+00,  1.88432E+00,  1.69306E+00,  1.54442E+00,  1.42869E+00,  1.33838E+00,  1.26776E+00,  1.21242E+00,  1.16896E+00,  1.13473E+00,  1.10773E+00,  1.08636E+00,  1.06942E+00,  1.05595E+00,  1.04521E+00,  1.03664E+00,  1.02976E+00,  1.02425E+00,  1.01980E+00,  1.01622E+00,  1.01332E+00,  1.01096E+00,  1.00905E+00,  1.00749E+00,  1.00621E+00,  1.00517E+00,  1.00431E+00,  1.00360E+00
  1.00000E+00,  1.00000E+00,  1.00000E+00,  1.00003E+00,  1.00019E+00,  1.00079E+00,  1.00233E+00,  1.00558E+00,  1.01165E+00,  1.02240E+00,  1.04126E+00,  1.07480E+00,  1.13586E+00,  1.24962E+00,  1.46547E+00,  1.87973E+00,  2.67754E+00,  4.20673E+00,  7.10013E+00,  1.24625E+01,  2.21272E+01,  3.89593E+01,  6.71321E+01,  1.12244E+02,  1.81100E+02,  2.80983E+02,  4.18377E+02,  5.97250E+02,  8.17282E+02,  1.07254E+03,  1.35109E+03,  1.63587E+03,  1.90676E+03,  2.14335E+03,  2.32793E+03,  2.44785E+03,  2.49701E+03,  2.47602E+03,  2.39141E+03,  2.25410E+03,  2.07745E+03,  1.87552E+03,  1.66151E+03,  1.44675E+03,  1.24016E+03,  1.04809E+03,  8.74499E+02,  7.21326E+02,  5.88908E+02,  4.76437E+02,  3.82361E+02,  3.04711E+02,  2.41357E+02,  1.90186E+02,  1.49213E+02,  1.16654E+02,  9.09479E+01,  7.07651E+01,  5.49933E+01,  4.27172E+01,  3.31930E+01,  2.58234E+01,  2.01330E+01,  1.57460E+01,  1.23678E+01,  9.76815E+00,  7.76842E+00,  6.23016E+00,  5.04653E+00,  4.13526E+00,  3.43311E+00,  2.89153E+00,  2.47329E+00,  2.14984E+00,  1.89931E+00,  1.70493E+00,  1.55384E+00,  1.43616E+00,  1.34433E+00,  1.27251E+00,  1.21621E+00,  1.17199E+00,  1.13717E+00,  1.10968E+00,  1.08794E+00,  1.07069E+00,  1.05698E+00,  1.04605E+00,  1.03732E+00,  1.03032E+00,  1.02470E+00,  1.02017E+00,  1.01652E+00,  1.01357E+00,  1.01117E+00,  1.00922E+00,  1.00763E+00,  1.00633E+00,  1.00526E+00,  1.00439E+00,  1.00367E+00
  1.00000E+00,  1.00000E+00,  1.00000E+00,  1.00003E+00,  1.00019E+00,  1.00078E+00,  1.00231E+00,  1.00553E+00,  1.01155E+00,  1.02222E+00,  1.04091E+00,  1.07413E+00,  1.13454E+00,  1.24696E+00,  1.46008E+00,  1.86870E+00,  2.65500E+00,  4.16115E+00,  7.00959E+00,  1.22870E+01,  2.17977E+01,  3.83629E+01,  6.60970E+01,  1.10528E+02,  1.78387E+02,  2.76907E+02,  4.12558E+02,  5.89367E+02,  8.07148E+02,  1.06017E+03,  1.33676E+03,  1.62012E+03,  1.89031E+03,  2.12705E+03,  2.31263E+03,  2.43431E+03,  2.48578E+03,  2.46742E+03,  2.38553E+03,  2.25080E+03,  2.07643E+03,  1.87638E+03,  1.66380E+03,  1.45004E+03,  1.24405E+03,  1.05224E+03,  8.78668E+02,  7.25320E+02,  5.92603E+02,  4.79764E+02,  3.85288E+02,  3.07240E+02,  2.43509E+02,  1.91991E+02,  1.50712E+02,  1.17885E+02,  9.19517E+01,  7.15777E+01,  5.56472E+01,  4.32407E+01,  3.36104E+01,  2.61551E+01,  2.03958E+01,  1.59538E+01,  1.25317E+01,  9.89741E+00,  7.87023E+00,  6.31030E+00,  5.10961E+00,  4.18492E+00,  3.47223E+00,  2.92236E+00,  2.49761E+00,  2.16905E+00,  1.91450E+00,  1.71696E+00,  1.56338E+00,  1.44374E+00,  1.35036E+00,  1.27732E+00,  1.22006E+00,  1.17507E+00,  1.13964E+00,  1.11167E+00,  1.08954E+00,  1.07198E+00,  1.05802E+00,  1.04690E+00,  1.03801E+00,  1.03088E+00,  1.02516E+00,  1.02055E+00,  1.01683E+00,  1.01382E+00,  1.01138E+00,  1.00939E+00,  1.00777E+00,  1.00645E+00,  1.00536E+00,  1.00447E+00,  1.00374E+00
  1.00000E+00,  1.00000E+00,  1.00000E+00,  1.00003E+00,  1.00019E+00,  1.00077E+00,  1.00228E+00,  1.00548E+00,  1.01146E+00,  1.02204E+00,  1.04057E+00,  1.07347E+00,  1.13324E+00,  1.24435E+00,  1.45477E+00,  1.85784E+00,  2.63286E+00,  4.11641E+00,  6.92073E+00,  1.21149E+01,  2.14744E+01,  3.77777E+01,  6.50811E+01,  1.08842E+02,  1.75722E+02,  2.72898E+02,  4.06831E+02,  5.81600E+02,  7.97151E+02,  1.04796E+03,  1.32259E+03,  1.60451E+03,  1.87398E+03,  2.11085E+03,  2.29740E+03,  2.42080E+03,  2.47455E+03,  2.45879E+03,  2.37960E+03,  2.24742E+03,  2.07533E+03,  1.87716E+03,  1.66602E+03,  1.45326E+03,  1.24788E+03,  1.05636E+03,  8.82811E+02,  7.29297E+02,  5.96290E+02,  4.83087E+02,  3.88217E+02,  3.09773E+02,  2.45665E+02,  1.93802E+02,  1.52216E+02,  1.19123E+02,  9.29610E+01,  7.23952E+01,  5.63055E+01,  4.37681E+01,  3.40311E+01,  2.64896E+01,  2.06609E+01,  1.61635E+01,  1.26973E+01,  1.00280E+01,  7.97310E+00,  6.39132E+00,  5.17341E+00,  4.23516E+00,  3.51181E+00,  2.95357E+00,  2.52224E+00,  2.18850E+00,  1.92989E+00,  1.72915E+00,  1.57305E+00,  1.45143E+00,  1.35648E+00,  1.28220E+00,  1.22395E+00,  1.17819E+00,  1.14214E+00,  1.11368E+00,  1.09116E+00,  1.07329E+00,  1.05909E+00,  1.04776E+00,  1.03871E+00,  1.03145E+00,  1.02562E+00,  1.02093E+00,  1.01714E+00,  1.01408E+00,  1.01159E+00,  1.00957E+00,  1.00792E+00,  1.00657E+00,  1.00546E+00,  1.00456E+00,  1.00381E+00
  1.00000E+00,  1.00000E+00,  1.00000E+00,  1.00003E+00,  1.00019E+00,  1.00076E+00,  1.00226E+00,  1.00543E+00,  1.01136E+00,  1.02186E+00,  1.04023E+00,  1.07282E+00,  1.13195E+00,  1.24178E+00,  1.44954E+00,  1.84717E+00,  2.61110E+00,  4.07247E+00,  6.83351E+00,  1.19459E+01,  2.11571E+01,  3.72035E+01,  6.40838E+01,  1.07187E+02,  1.73102E+02,  2.68955E+02,  4.01194E+02,  5.73947E+02,  7.87288E+02,  1.03589E+03,  1.30858E+03,  1.58905E+03,  1.85779E+03,  2.09475E+03,  2.28223E+03,  2.40731E+03,  2.46330E+03,  2.45013E+03,  2.37360E+03,  2.24398E+03,  2.07415E+03,  1.87786E+03,  1.66817E+03,  1.45643E+03,  1.25167E+03,  1.06045E+03,  8.86929E+02,  7.33258E+02,  5.99967E+02,  4.86406E+02,  3.91146E+02,  3.12308E+02,  2.47825E+02,  1.95619E+02,  1.53726E+02,  1.20366E+02,  9.39758E+01,  7.32177E+01,  5.69682E+01,  4.42993E+01,  3.44551E+01,  2.68268E+01,  2.09284E+01,  1.63751E+01,  1.28645E+01,  1.01599E+01,  8.07706E+00,  6.47322E+00,  5.23792E+00,  4.28598E+00,  3.55186E+00,  2.98515E+00,  2.54717E+00,  2.20820E+00,  1.94547E+00,  1.74149E+00,  1.58284E+00,  1.45921E+00,  1.36268E+00,  1.28714E+00,  1.22791E+00,  1.18135E+00,  1.14468E+00,  1.11573E+00,  1.09281E+00,  1.07462E+00,  1.06016E+00,  1.04863E+00,  1.03942E+00,  1.03203E+00,  1.02610E+00,  1.02132E+00,  1.01746E+00,  1.01434E+00,  1.01181E+00,  1.00975E+00,  1.00807E+00,  1.00669E+00,  1.00557E+00,  1.00464E+00,  1.00388E+00
  1.00000E+00,  1.00000E+00,  1.00000E+00,  1.00003E+00,  1.00018E+00,  1.00075E+00,  1.00224E+00,  1.00539E+00,  1.01127E+00,  1.02169E+00,  1.03990E+00,  1.07217E+00,  1.13068E+00,  1.23924E+00,  1.44440E+00,  1.83668E+00,  2.58972E+00,  4.02932E+00,  6.74790E+00,  1.17802E+01,  2.08459E+01,  3.66400E+01,  6.31048E+01,  1.05561E+02,  1.70528E+02,  2.65078E+02,  3.95644E+02,  5.66405E+02,  7.77558E+02,  1.02397E+03,  1.29472E+03,  1.57373E+03,  1.84172E+03,  2.07874E+03,  2.26713E+03,  2.39385E+03,  2.45205E+03,  2.44142E+03,  2.36755E+03,  2.24046E+03,  2.07290E+03,  1.87849E+03,  1.67025E+03,  1.45954E+03,  1.25542E+03,  1.06450E+03,  8.91021E+02,  7.37203E+02,  6.03635E+02,  4.89721E+02,  3.94074E+02,  3.14847E+02,  2.49991E+02,  1.97441E+02,  1.55242E+02,  1.21615E+02,  9.49960E+01,  7.40452E+01,  5.76353E+01,  4.48343E+01,  3.48824E+01,  2.71669E+01,  2.11982E+01,  1.65887E+01,  1.30333E+01,  1.02931E+01,  8.18210E+00,  6.55600E+00,  5.30314E+00,  4.33738E+00,  3.59238E+00,  3.01711E+00,  2.57240E+00,  2.22815E+00,  1.96126E+00,  1.75400E+00,  1.59277E+00,  1.46710E+00,  1.36896E+00,  1.29215E+00,  1.23191E+00,  1.18456E+00,  1.14726E+00,  1.11780E+00,  1.09448E+00,  1.07597E+00,  1.06126E+00,  1.04952E+00,  1.04014E+00,  1.03262E+00,  1.02658E+00,  1.02171E+00,  1.01779E+00,  1.01461E+00,  1.01203E+00,  1.00993E+00,  1.00822E+00,  1.00682E+00,  1.00567E+00,  1.00473E+00,  1.00395E+00
  1.00000E+00,  1.00000E+00,  1.00000E+00,  1.00003E+00,  1.00018E+00,  1.00075E+00,  1.00222E+00,  1.00534E+00,  1.01118E+00,  1.02151E+00,  1.03957E+00,  1.07154E+00,  1.12944E+00,  1.23674E+00,  1.43934E+00,  1.82636E+00,  2.56872E+00,  3.98695E+00,  6.66387E+00,  1.16175E+01,  2.05404E+01,  3.60870E+01,  6.21438E+01,  1.03964E+02,  1.67998E+02,  2.61264E+02,  3.90181E+02,  5.58973E+02,  7.67959E+02,  1.01220E+03,  1.28101E+03,  1.55857E+03,  1.82578E+03,  2.06284E+03,  2.25209E+03,  2.38042E+03,  2.44080E+03,  2.43269E+03,  2.36144E+03,  2.23688E+03,  2.07158E+03,  1.87905E+03,  1.67227E+03,  1.46259E+03,  1.25912E+03,  1.06851E+03,  8.95088E+02,  7.41130E+02,  6.07293E+02,  4.93033E+02,  3.97003E+02,  3.17388E+02,  2.52161E+02,  1.99269E+02,  1.56764E+02,  1.22869E+02,  9.60215E+01,  7.48776E+01,  5.83067E+01,  4.53732E+01,  3.53131E+01,  2.75097E+01,  2.14704E+01,  1.68043E+01,  1.32037E+01,  1.04276E+01,  8.28824E+00,  6.63967E+00,  5.36909E+00,  4.38937E+00,  3.63337E+00,  3.04946E+00,  2.59794E+00,  2.24834E+00,  1.97724E+00,  1.76667E+00,  1.60282E+00,  1.47510E+00,  1.37533E+00,  1.29723E+00,  1.23597E+00,  1.18782E+00,  1.14987E+00,  1.11990E+00,  1.09617E+00,  1.07734E+00,  1.06236E+00,  1.05042E+00,  1.04087E+00,  1.03322E+00,  1.02707E+00,  1.02211E+00,  1.01811E+00,  1.01488E+00,  1.01225E+00,  1.01011E+00,  1.00837E+00,  1.00694E+00,  1.00578E+00,  1.00482E+00,  1.00403E+00
  1.00000E+00,  1.00000E+00,  1.00000E+00,  1.00003E+00,  1.00018E+00,  1.00074E+00,  1.00220E+00,  1.00529E+00,  1.01109E+00,  1.02134E+00,  1.03924E+00,  1.07091E+00,  1.12820E+00,  1.23428E+00,  1.43435E+00,  1.81621E+00,  2.54807E+00,  3.94533E+00,  6.58137E+00,  1.14578E+01,  2.02407E+01,  3.55442E+01,  6.12003E+01,  1.02396E+02,  1.65512E+02,  2.57513E+02,  3.84803E+02,  5.51650E+02,  7.58490E+02,  1.00058E+03,  1.26745E+03,  1.54354E+03,  1.80997E+03,  2.04704E+03,  2.23712E+03,  2.36702E+03,  2.42954E+03,  2.42392E+03,  2.35527E+03,  2.23323E+03,  2.07018E+03,  1.87954E+03,  1.67422E+03,  1.46558E+03,  1.26277E+03,  1.07249E+03,  8.99129E+02,  7.45041E+02,  6.10941E+02,  4.96340E+02,  3.99932E+02,  3.19932E+02,  2.54335E+02,  2.01102E+02,  1.58291E+02,  1.24129E+02,  9.70525E+01,  7.57149E+01,  5.89826E+01,  4.59159E+01,  3.57470E+01,  2.78554E+01,  2.17449E+01,  1.70218E+01,  1.33758E+01,  1.05635E+01,  8.39546E+00,  6.72423E+00,  5.43576E+00,  4.44194E+00,  3.67484E+00,  3.08219E+00,  2.62380E+00,  2.26878E+00,  1.99342E+00,  1.77950E+00,  1.61301E+00,  1.48320E+00,  1.38178E+00,  1.30238E+00,  1.24009E+00,  1.19111E+00,  1.15252E+00,  1.12203E+00,  1.09789E+00,  1.07873E+00,  1.06349E+00,  1.05133E+00,  1.04161E+00,  1.03382E+00,  1.02756E+00,  1.02252E+00,  1.01845E+00,  1.01515E+00,  1.01248E+00,  1.01030E+00,  1.00852E+00,  1.00707E+00,  1.00588E+00,  1.00491E+00,  1.00410E+00
  1.00000E+00,  1.00000E+00,  1.00000E+00,  1.00003E+00,  1.00018E+00,  1.00073E+00,  1.00218E+00,  1.00525E+00,  1.01100E+00,  1.02117E+00,  1.03892E+00,  1.07029E+00,  1.12699E+00,  1.23186E+00,  1.42945E+00,  1.80623E+00,  2.52778E+00,  3.90446E+00,  6.50039E+00,  1.13011E+01,  1.99465E+01,  3.50115E+01,  6.02741E+01,  1.00855E+02,  1.63068E+02,  2.53824E+02,  3.79509E+02,  5.44433E+02,  7.49148E+02,  9.89091E+02,  1.25403E+03,  1.52866E+03,  1.79428E+03,  2.03134E+03,  2.22222E+03,  2.35365E+03,  2.41827E+03,  2.41511E+03,  2.34905E+03,  2.22951E+03,  2.06871E+03,  1.87995E+03,  1.67611E+03,  1.46852E+03,  1.26637E+03,  1.07643E+03,  9.03143E+02,  7.48934E+02,  6.14579E+02,  4.99642E+02,  4.02860E+02,  3.22478E+02,  2.56513E+02,  2.02940E+02,  1.59824E+02,  1.25395E+02,  9.80888E+01,  7.65571E+01,  5.96628E+01,  4.64625E+01,  3.61842E+01,  2.82038E+01,  2.20218E+01,  1.72414E+01,  1.35495E+01,  1.07008E+01,  8.50379E+00,  6.80970E+00,  5.50317E+00,  4.49511E+00,  3.71679E+00,  3.11531E+00,  2.64997E+00,  2.28948E+00,  2.00981E+00,  1.79249E+00,  1.62333E+00,  1.49140E+00,  1.38832E+00,  1.30760E+00,  1.24427E+00,  1.19446E+00,  1.15520E+00,  1.12419E+00,  1.09963E+00,  1.08014E+00,  1.06463E+00,  1.05226E+00,  1.04237E+00,  1.03444E+00,  1.02806E+00,  1.02293E+00,  1.01879E+00,  1.01543E+00,  1.01271E+00,  1.01049E+00,  1.00868E+00,  1.00720E+00,  1.00599E+00,  1.00500E+00,  1.00418E+00
  1.00000E+00,  1.00000E+00,  1.00000E+00,  1.00003E+00,  1.00018E+00,  1.00072E+00,  1.00216E+00,  1.00520E+00,  1.01091E+00,  1.02100E+00,  1.03860E+00,  1.06968E+00,  1.12579E+00,  1.22947E+00,  1.42462E+00,  1.79641E+00,  2.50784E+00,  3.86431E+00,  6.42088E+00,  1.11473E+01,  1.96578E+01,  3.44886E+01,  5.93646E+01,  9.93419E+01,  1.60667E+02,  2.50196E+02,  3.74297E+02,  5.37321E+02,  7.39932E+02,  9.77747E+02,  1.24077E+03,  1.51392E+03,  1.77872E+03,  2.01573E+03,  2.20738E+03,  2.34032E+03,  2.40701E+03,  2.40628E+03,  2.34278E+03,  2.22572E+03,  2.06716E+03,  1.88029E+03,  1.67792E+03,  1.47140E+03,  1.26993E+03,  1.08033E+03,  9.07132E+02,  7.52809E+02,  6.18207E+02,  5.02940E+02,  4.05787E+02,  3.25027E+02,  2.58696E+02,  2.04784E+02,  1.61363E+02,  1.26667E+02,  9.91304E+01,  7.74042E+01,  6.03474E+01,  4.70128E+01,  3.66247E+01,  2.85551E+01,  2.23011E+01,  1.74628E+01,  1.37248E+01,  1.08393E+01,  8.61323E+00,  6.89606E+00,  5.57131E+00,  4.54887E+00,  3.75922E+00,  3.14882E+00,  2.67645E+00,  2.31043E+00,  2.02641E+00,  1.80565E+00,  1.63378E+00,  1.49972E+00,  1.39494E+00,  1.31289E+00,  1.24850E+00,  1.19785E+00,  1.15793E+00,  1.12638E+00,  1.10140E+00,  1.08157E+00,  1.06579E+00,  1.05320E+00,  1.04313E+00,  1.03506E+00,  1.02857E+00,  1.02335E+00,  1.01913E+00,  1.01571E+00,  1.01294E+00,  1.01068E+00,  1.00884E+00,  1.00734E+00,  1.00610E+00,  1.00509E+00,  1.00425E+00
  1.00000E+00,  1.00000E+00,  1.00000E+00,  1.00003E+00,  1.00017E+00,  1.00071E+00,  1.00214E+00,  1.00516E+00,  1.01082E+00,  1.02083E+00,  1.03828E+00,  1.06907E+00,  1.12461E+00,  1.22711E+00,  1.41987E+00,  1.78675E+00,  2.48824E+00,  3.82488E+00,  6.34281E+00,  1.09963E+01,  1.93744E+01,  3.39753E+01,  5.84717E+01,  9.78555E+01,  1.58306E+02,  2.46627E+02,  3.69166E+02,  5.30313E+02,  7.30840E+02,  9.66542E+02,  1.22765E+03,  1.49933E+03,  1.76328E+03,  2.00023E+03,  2.19262E+03,  2.32701E+03,  2.39574E+03,  2.39742E+03,  2.33646E+03,  2.22187E+03,  2.06555E+03,  1.88056E+03,  1.67968E+03,  1.47422E+03,  1.27344E+03,  1.08420E+03,  9.11094E+02,  7.56667E+02,  6.21824E+02,  5.06233E+02,  4.08714E+02,  3.27578E+02,  2.60882E+02,  2.06632E+02,  1.62907E+02,  1.27943E+02,  1.00177E+02,  7.82561E+01,  6.10364E+01,  4.75670E+01,  3.70684E+01,  2.89092E+01,  2.25827E+01,  1.76863E+01,  1.39017E+01,  1.09793E+01,  8.72377E+00,  6.98333E+00,  5.64019E+00,  4.60323E+00,  3.80214E+00,  3.18272E+00,  2.70325E+00,  2.33164E+00,  2.04321E+00,  1.81898E+00,  1.64437E+00,  1.50814E+00,  1.40166E+00,  1.31825E+00,  1.25279E+00,  1.20129E+00,  1.16069E+00,  1.12860E+00,  1.10319E+00,  1.08302E+00,  1.06696E+00,  1.05415E+00,  1.04391E+00,  1.03569E+00,  1.02909E+00,  1.02377E+00,  1.01948E+00,  1.01600E+00,  1.01317E+00,  1.01088E+00,  1.00900E+00,  1.00747E+00,  1.00621E+00,  1.00518E+00,  1.00433E+00
  1.00000E+00,  1.00000E+00,  1.00000E+00,  1.00003E+00,  1.00017E+00,  1.00071E+00,  1.00212E+00,  1.00511E+00,  1.01074E+00,  1.02067E+00,  1.03797E+00,  1.06847E+00,  1.12344E+00,  1.22479E+00,  1.41519E+00,  1.77725E+00,  2.46898E+00,  3.78614E+00,  6.26615E+00,  1.08481E+01,  1.90963E+01,  3.34714E+01,  5.75949E+01,  9.63953E+01,  1.55986E+02,  2.43116E+02,  3.64115E+02,  5.23407E+02,  7.21870E+02,  9.55475E+02,  1.21467E+03,  1.48487E+03,  1.74797E+03,  1.98483E+03,  2.17791E+03,  2.31374E+03,  2.38448E+03,  2.38853E+03,  2.33009E+03,  2.21796E+03,  2.06386E+03,  1.88076E+03,  1.68136E+03,  1.47699E+03,  1.27690E+03,  1.08803E+03,  9.15029E+02,  7.60507E+02,  6.25431E+02,  5.09520E+02,  4.11640E+02,  3.30130E+02,  2.63073E+02,  2.08485E+02,  1.64456E+02,  1.29226E+02,  1.01229E+02,  7.91129E+01,  6.17297E+01,  4.81250E+01,  3.75155E+01,  2.92661E+01,  2.28667E+01,  1.79117E+01,  1.40803E+01,  1.11206E+01,  8.83543E+00,  7.07151E+00,  5.70981E+00,  4.65820E+00,  3.84555E+00,  3.21702E+00,  2.73037E+00,  2.35311E+00,  2.06022E+00,  1.83248E+00,  1.65509E+00,  1.51668E+00,  1.40846E+00,  1.32369E+00,  1.25713E+00,  1.20477E+00,  1.16349E+00,  1.13086E+00,  1.10501E+00,  1.08449E+00,  1.06815E+00,  1.05512E+00,  1.04469E+00,  1.03633E+00,  1.02962E+00,  1.02420E+00,  1.01983E+00,  1.01629E+00,  1.01342E+00,  1.01108E+00,  1.00917E+00,  1.00761E+00,  1.00633E+00,  1.00528E+00,  1.00441E+00
  1.00000E+00,  1.00000E+00,  1.00000E+00,  1.00003E+00,  1.00017E+00,  1.00070E+00,  1.00210E+00,  1.00507E+00,  1.01065E+00,  1.02051E+00,  1.03766E+00,  1.06788E+00,  1.12229E+00,  1.22250E+00,  1.41058E+00,  1.76791E+00,  2.45004E+00,  3.74808E+00,  6.19087E+00,  1.07026E+01,  1.88232E+01,  3.29768E+01,  5.67339E+01,  9.49609E+01,  1.53705E+02,  2.39662E+02,  3.59141E+02,  5.16600E+02,  7.13020E+02,  9.44543E+02,  1.20184E+03,  1.47055E+03,  1.73278E+03,  1.96952E+03,  2.16328E+03,  2.30051E+03,  2.37322E+03,  2.37961E+03,  2.32367E+03,  2.21398E+03,  2.06210E+03,  1.88089E+03,  1.68299E+03,  1.47970E+03,  1.28032E+03,  1.09183E+03,  9.18938E+02,  7.64329E+02,  6.29026E+02,  5.12803E+02,  4.14565E+02,  3.32685E+02,  2.65267E+02,  2.10344E+02,  1.66011E+02,  1.30514E+02,  1.02287E+02,  7.99745E+01,  6.24273E+01,  4.86869E+01,  3.79659E+01,  2.96258E+01,  2.31531E+01,  1.81392E+01,  1.42606E+01,  1.12632E+01,  8.94821E+00,  7.16061E+00,  5.78017E+00,  4.71377E+00,  3.88945E+00,  3.25172E+00,  2.75782E+00,  2.37483E+00,  2.07744E+00,  1.84614E+00,  1.66595E+00,  1.52532E+00,  1.41536E+00,  1.32919E+00,  1.26154E+00,  1.20831E+00,  1.16633E+00,  1.13314E+00,  1.10685E+00,  1.08598E+00,  1.06936E+00,  1.05610E+00,  1.04549E+00,  1.03699E+00,  1.03015E+00,  1.02464E+00,  1.02019E+00,  1.01658E+00,  1.01366E+00,  1.01128E+00,  1.00934E+00,  1.00775E+00,  1.00644E+00,  1.00537E+00,  1.00449E+00
  1.00000E+00,  1.00000E+00,  1.00000E+00,  1.00002E+00,  1.00017E+00,  1.00069E+00,  1.00208E+00,  1.00503E+00,  1.01057E+00,  1.02034E+00,  1.03736E+00,  1.06730E+00,  1.12115E+00,  1.22024E+00,  1.40604E+00,  1.75871E+00,  2.43142E+00,  3.71069E+00,  6.11695E+00,  1.05598E+01,  1.85552E+01,  3.24912E+01,  5.58884E+01,  9.35517E+01,  1.51463E+02,  2.36265E+02,  3.54245E+02,  5.09893E+02,  7.04289E+02,  9.33745E+02,  1.18915E+03,  1.45637E+03,  1.71772E+03,  1.95432E+03,  2.14872E+03,  2.28731E+03,  2.36196E+03,  2.37067E+03,  2.31720E+03,  2.20994E+03,  2.06028E+03,  1.88095E+03,  1.68454E+03,  1.48235E+03,  1.28369E+03,  1.09559E+03,  9.22820E+02,  7.68132E+02,  6.32610E+02,  5.16079E+02,  4.17488E+02,  3.35241E+02,  2.67465E+02,  2.12207E+02,  1.67572E+02,  1.31807E+02,  1.03349E+02,  8.08409E+01,  6.31293E+01,  4.92525E+01,  3.84196E+01,  2.99883E+01,  2.34419E+01,  1.83686E+01,  1.44425E+01,  1.14073E+01,  9.06212E+00,  7.25064E+00,  5.85129E+00,  4.76995E+00,  3.93384E+00,  3.28681E+00,  2.78558E+00,  2.39682E+00,  2.09487E+00,  1.85998E+00,  1.67695E+00,  1.53408E+00,  1.42234E+00,  1.33477E+00,  1.26601E+00,  1.21189E+00,  1.16920E+00,  1.13546E+00,  1.10872E+00,  1.08749E+00,  1.07058E+00,  1.05709E+00,  1.04630E+00,  1.03765E+00,  1.03069E+00,  1.02508E+00,  1.02055E+00,  1.01688E+00,  1.01391E+00,  1.01148E+00,  1.00950E+00,  1.00789E+00,  1.00656E+00,  1.00547E+00,  1.00457E+00
  1.00000E+00,  1.00000E+00,  1.00000E+00,  1.00002E+00,  1.00016E+00,  1.00068E+00,  1.00206E+00,  1.00499E+00,  1.01048E+00,  1.02018E+00,  1.03706E+00,  1.06673E+00,  1.12003E+00,  1.21802E+00,  1.40157E+00,  1.74967E+00,  2.41312E+00,  3.67395E+00,  6.04435E+00,  1.04195E+01,  1.82921E+01,  3.20144E+01,  5.50581E+01,  9.21672E+01,  1.49260E+02,  2.32923E+02,  3.49424E+02,  5.03282E+02,  6.95676E+02,  9.23079E+02,  1.17660E+03,  1.44232E+03,  1.70278E+03,  1.93922E+03,  2.13423E+03,  2.27414E+03,  2.35070E+03,  2.36170E+03,  2.31069E+03,  2.20584E+03,  2.05839E+03,  1.88095E+03,  1.68604E+03,  1.48495E+03,  1.28701E+03,  1.09931E+03,  9.26674E+02,  7.71917E+02,  6.36183E+02,  5.19350E+02,  4.20410E+02,  3.37799E+02,  2.69666E+02,  2.14075E+02,  1.69137E+02,  1.33106E+02,  1.04417E+02,  8.17120E+01,  6.38355E+01,  4.98219E+01,  3.88766E+01,  3.03536E+01,  2.37330E+01,  1.86000E+01,  1.46261E+01,  1.15527E+01,  9.17716E+00,  7.34158E+00,  5.92317E+00,  4.82675E+00,  3.97874E+00,  3.32232E+00,  2.81368E+00,  2.41908E+00,  2.11252E+00,  1.87399E+00,  1.68809E+00,  1.54295E+00,  1.42941E+00,  1.34042E+00,  1.27053E+00,  1.21552E+00,  1.17212E+00,  1.13781E+00,  1.11062E+00,  1.08902E+00,  1.07183E+00,  1.05810E+00,  1.04712E+00,  1.03832E+00,  1.03124E+00,  1.02553E+00,  1.02092E+00,  1.01719E+00,  1.01416E+00,  1.01169E+00,  1.00968E+00,  1.00803E+00,  1.00668E+00,  1.00557E+00,  1.00466E+00
  1.00000E+00,  1.00000E+00,  1.00000E+00,  1.00002E+00,  1.00016E+00,  1.00068E+00,  1.00204E+00,  1.00494E+00,  1.01040E+00,  1.02003E+00,  1.03676E+00,  1.06616E+00,  1.11893E+00,  1.21583E+00,  1.39717E+00,  1.74077E+00,  2.39512E+00,  3.63785E+00,  5.97304E+00,  1.02818E+01,  1.80337E+01,  3.15463E+01,  5.42427E+01,  9.08070E+01,  1.47093E+02,  2.29636E+02,  3.44678E+02,  4.96767E+02,  6.87177E+02,  9.12544E+02,  1.16418E+03,  1.42841E+03,  1.68796E+03,  1.92421E+03,  2.11980E+03,  2.26102E+03,  2.33945E+03,  2.35271E+03,  2.30413E+03,  2.20168E+03,  2.05643E+03,  1.88087E+03,  1.68747E+03,  1.48748E+03,  1.29029E+03,  1.10299E+03,  9.30502E+02,  7.75683E+02,  6.39744E+02,  5.22616E+02,  4.23331E+02,  3.40358E+02,  2.71871E+02,  2.15947E+02,  1.70708E+02,  1.34409E+02,  1.05490E+02,  8.25880E+01,  6.45461E+01,  5.03951E+01,  3.93369E+01,  3.07218E+01,  2.40266E+01,  1.88335E+01,  1.48114E+01,  1.16995E+01,  9.29333E+00,  7.43346E+00,  5.99580E+00,  4.88417E+00,  4.02413E+00,  3.35823E+00,  2.84210E+00,  2.44160E+00,  2.13038E+00,  1.88818E+00,  1.69937E+00,  1.55193E+00,  1.43658E+00,  1.34615E+00,  1.27512E+00,  1.21919E+00,  1.17507E+00,  1.14019E+00,  1.11254E+00,  1.09058E+00,  1.07309E+00,  1.05913E+00,  1.04796E+00,  1.03900E+00,  1.03179E+00,  1.02599E+00,  1.02130E+00,  1.01750E+00,  1.01441E+00,  1.01190E+00,  1.00985E+00,  1.00818E+00,  1.00680E+00,  1.00567E+00,  1.00474E+00
  1.00000E+00,  1.00000E+00,  1.00000E+00,  1.00002E+00,  1.00016E+00,  1.00067E+00,  1.00202E+00,  1.00490E+00,  1.01031E+00,  1.01987E+00,  1.03647E+00,  1.06560E+00,  1.11783E+00,  1.21367E+00,  1.39283E+00,  1.73201E+00,  2.37742E+00,  3.60238E+00,  5.90301E+00,  1.01466E+01,  1.77801E+01,  3.10867E+01,  5.34418E+01,  8.94705E+01,  1.44963E+02,  2.26402E+02,  3.40004E+02,  4.90347E+02,  6.78793E+02,  9.02138E+02,  1.15190E+03,  1.41464E+03,  1.67326E+03,  1.90930E+03,  2.10545E+03,  2.24793E+03,  2.32820E+03,  2.34370E+03,  2.29753E+03,  2.19746E+03,  2.05440E+03,  1.88073E+03,  1.68883E+03,  1.48997E+03,  1.29351E+03,  1.10664E+03,  9.34301E+02,  7.79430E+02,  6.43294E+02,  5.25875E+02,  4.26249E+02,  3.42919E+02,  2.74079E+02,  2.17824E+02,  1.72284E+02,  1.35719E+02,  1.06567E+02,  8.34686E+01,  6.52609E+01,  5.09721E+01,  3.98005E+01,  3.10928E+01,  2.43225E+01,  1.90689E+01,  1.49983E+01,  1.18476E+01,  9.41064E+00,  7.52627E+00,  6.06920E+00,  4.94220E+00,  4.07003E+00,  3.39454E+00,  2.87086E+00,  2.46438E+00,  2.14846E+00,  1.90253E+00,  1.71079E+00,  1.56103E+00,  1.44384E+00,  1.35195E+00,  1.27976E+00,  1.22292E+00,  1.17807E+00,  1.14260E+00,  1.11449E+00,  1.09215E+00,  1.07436E+00,  1.06016E+00,  1.04880E+00,  1.03969E+00,  1.03236E+00,  1.02645E+00,  1.02168E+00,  1.01781E+00,  1.01467E+00,  1.01211E+00,  1.01003E+00,  1.00832E+00,  1.00692E+00,  1.00577E+00,  1.00483E+00
  1.00000E+00,  1.00000E+00,  1.00000E+00,  1.00002E+00,  1.00016E+00,  1.00066E+00,  1.00200E+00,  1.00486E+00,  1.01023E+00,  1.01971E+00,  1.03617E+00,  1.06504E+00,  1.11676E+00,  1.21154E+00,  1.38856E+00,  1.72339E+00,  2.36002E+00,  3.56752E+00,  5.83422E+00,  1.00138E+01,  1.75311E+01,  3.06353E+01,  5.26552E+01,  8.81573E+01,  1.42869E+02,  2.23220E+02,  3.35402E+02,  4.84019E+02,  6.70521E+02,  8.91859E+02,  1.13976E+03,  1.40099E+03,  1.65869E+03,  1.89450E+03,  2.09117E+03,  2.23488E+03,  2.31696E+03,  2.33466E+03,  2.29088E+03,  2.19319E+03,  2.05231E+03,  1.88052E+03,  1.69014E+03,  1.49240E+03,  1.29670E+03,  1.11025E+03,  9.38074E+02,  7.83158E+02,  6.46831E+02,  5.29128E+02,  4.29166E+02,  3.45480E+02,  2.76291E+02,  2.19705E+02,  1.73864E+02,  1.37033E+02,  1.07650E+02,  8.43540E+01,  6.59800E+01,  5.15529E+01,  4.02674E+01,  3.14666E+01,  2.46208E+01,  1.93064E+01,  1.51869E+01,  1.19972E+01,  9.52910E+00,  7.62002E+00,  6.14336E+00,  5.00086E+00,  4.11644E+00,  3.43127E+00,  2.89995E+00,  2.48744E+00,  2.16675E+00,  1.91707E+00,  1.72236E+00,  1.57025E+00,  1.45119E+00,  1.35783E+00,  1.28447E+00,  1.22670E+00,  1.18111E+00,  1.14505E+00,  1.11646E+00,  1.09375E+00,  1.07566E+00,  1.06122E+00,  1.04966E+00,  1.04039E+00,  1.03293E+00,  1.02692E+00,  1.02206E+00,  1.01813E+00,  1.01493E+00,  1.01233E+00,  1.01021E+00,  1.00847E+00,  1.00705E+00,  1.00588E+00,  1.00491E+00
  1.00000E+00,  1.00000E+00,  1.00000E+00,  1.00002E+00,  1.00016E+00,  1.00066E+00,  1.00198E+00,  1.00482E+00,  1.01015E+00,  1.01956E+00,  1.03589E+00,  1.06449E+00,  1.11569E+00,  1.20944E+00,  1.38436E+00,  1.71490E+00,  2.34291E+00,  3.53326E+00,  5.76664E+00,  9.88344E+00,  1.72865E+01,  3.01921E+01,  5.18826E+01,  8.68669E+01,  1.40811E+02,  2.20089E+02,  3.30871E+02,  4.77782E+02,  6.62360E+02,  8.81707E+02,  1.12775E+03,  1.38748E+03,  1.64423E+03,  1.87979E+03,  2.07695E+03,  2.22187E+03,  2.30573E+03,  2.32561E+03,  2.28419E+03,  2.18885E+03,  2.05015E+03,  1.88024E+03,  1.69138E+03,  1.49477E+03,  1.29983E+03,  1.11383E+03,  9.41818E+02,  7.86866E+02,  6.50356E+02,  5.32374E+02,  4.32080E+02,  3.48043E+02,  2.78505E+02,  2.21591E+02,  1.75450E+02,  1.38352E+02,  1.08738E+02,  8.52440E+01,  6.67033E+01,  5.21375E+01,  4.07375E+01,  3.18433E+01,  2.49216E+01,  1.95458E+01,  1.53772E+01,  1.21481E+01,  9.64871E+00,  7.71471E+00,  6.21829E+00,  5.06015E+00,  4.16336E+00,  3.46842E+00,  2.92937E+00,  2.51077E+00,  2.18527E+00,  1.93179E+00,  1.73407E+00,  1.57958E+00,  1.45864E+00,  1.36379E+00,  1.28924E+00,  1.23053E+00,  1.18419E+00,  1.14753E+00,  1.11846E+00,  1.09537E+00,  1.07697E+00,  1.06228E+00,  1.05053E+00,  1.04109E+00,  1.03351E+00,  1.02739E+00,  1.02245E+00,  1.01845E+00,  1.01520E+00,  1.01255E+00,  1.01039E+00,  1.00862E+00,  1.00718E+00,  1.00598E+00,  1.00500E+00
  1.00000E+00,  1.00000E+00,  1.00000E+00,  1.00002E+00,  1.00015E+00,  1.00065E+00,  1.00196E+00,  1.00478E+00,  1.01007E+00,  1.01941E+00,  1.03560E+00,  1.06395E+00,  1.11465E+00,  1.20737E+00,  1.38022E+00,  1.70656E+00,  2.32608E+00,  3.49959E+00,  5.70025E+00,  9.75538E+00,  1.70464E+01,  2.97569E+01,  5.11237E+01,  8.55989E+01,  1.38787E+02,  2.17009E+02,  3.26410E+02,  4.71635E+02,  6.54308E+02,  8.71678E+02,  1.11587E+03,  1.37410E+03,  1.62989E+03,  1.86518E+03,  2.06281E+03,  2.20889E+03,  2.29451E+03,  2.31653E+03,  2.27746E+03,  2.18446E+03,  2.04793E+03,  1.87990E+03,  1.69255E+03,  1.49708E+03,  1.30292E+03,  1.11736E+03,  9.45535E+02,  7.90556E+02,  6.53869E+02,  5.35614E+02,  4.34993E+02,  3.50607E+02,  2.80723E+02,  2.23481E+02,  1.77041E+02,  1.39677E+02,  1.09831E+02,  8.61388E+01,  6.74309E+01,  5.27258E+01,  4.12110E+01,  3.22227E+01,  2.52247E+01,  1.97873E+01,  1.55692E+01,  1.23005E+01,  9.76947E+00,  7.81035E+00,  6.29400E+00,  5.12008E+00,  4.21080E+00,  3.50598E+00,  2.95914E+00,  2.53438E+00,  2.20401E+00,  1.94668E+00,  1.74592E+00,  1.58902E+00,  1.46618E+00,  1.36982E+00,  1.29407E+00,  1.23440E+00,  1.18730E+00,  1.15004E+00,  1.12049E+00,  1.09701E+00,  1.07830E+00,  1.06336E+00,  1.05141E+00,  1.04181E+00,  1.03410E+00,  1.02788E+00,  1.02285E+00,  1.01878E+00,  1.01547E+00,  1.01277E+00,  1.01058E+00,  1.00878E+00,  1.00730E+00,  1.00609E+00,  1.00509E+00
  1.00000E+00,  1.00000E+00,  1.00000E+00,  1.00002E+00,  1.00015E+00,  1.00064E+00,  1.00195E+00,  1.00474E+00,  1.00999E+00,  1.01926E+00,  1.03532E+00,  1.06342E+00,  1.11361E+00,  1.20533E+00,  1.37614E+00,  1.69834E+00,  2.30953E+00,  3.46649E+00,  5.63503E+00,  9.62961E+00,  1.68106E+01,  2.93294E+01,  5.03782E+01,  8.43529E+01,  1.36797E+02,  2.13979E+02,  3.22016E+02,  4.65576E+02,  6.46364E+02,  8.61773E+02,  1.10413E+03,  1.36085E+03,  1.61568E+03,  1.85067E+03,  2.04874E+03,  2.19596E+03,  2.28330E+03,  2.30744E+03,  2.27069E+03,  2.18002E+03,  2.04565E+03,  1.87949E+03,  1.69367E+03,  1.49934E+03,  1.30596E+03,  1.12086E+03,  9.49224E+02,  7.94225E+02,  6.57370E+02,  5.38847E+02,  4.37903E+02,  3.53171E+02,  2.82943E+02,  2.25375E+02,  1.78636E+02,  1.41007E+02,  1.10929E+02,  8.70381E+01,  6.81628E+01,  5.33180E+01,  4.16877E+01,  3.26050E+01,  2.55302E+01,  2.00308E+01,  1.57628E+01,  1.24543E+01,  9.89139E+00,  7.90694E+00,  6.37049E+00,  5.18063E+00,  4.25875E+00,  3.54396E+00,  2.98924E+00,  2.55826E+00,  2.22297E+00,  1.96175E+00,  1.75792E+00,  1.59859E+00,  1.47382E+00,  1.37593E+00,  1.29897E+00,  1.23833E+00,  1.19046E+00,  1.15259E+00,  1.12255E+00,  1.09868E+00,  1.07965E+00,  1.06446E+00,  1.05230E+00,  1.04254E+00,  1.03470E+00,  1.02837E+00,  1.02325E+00,  1.01911E+00,  1.01574E+00,  1.01300E+00,  1.01076E+00,  1.00893E+00,  1.00743E+00,  1.00620E+00,  1.00518E+00
  1.00000E+00,  1.00000E+00,  1.00000E+00,  1.00002E+00,  1.00015E+00,  1.00063E+00,  1.00193E+00,  1.00470E+00,  1.00991E+00,  1.01911E+00,  1.03504E+00,  1.06289E+00,  1.11259E+00,  1.20331E+00,  1.37212E+00,  1.69025E+00,  2.29326E+00,  3.43396E+00,  5.57095E+00,  9.50607E+00,  1.65790E+01,  2.89096E+01,  4.96459E+01,  8.31283E+01,  1.34840E+02,  2.10997E+02,  3.17690E+02,  4.59605E+02,  6.38525E+02,  8.51989E+02,  1.09251E+03,  1.34773E+03,  1.60158E+03,  1.83626E+03,  2.03475E+03,  2.18307E+03,  2.27210E+03,  2.29833E+03,  2.26388E+03,  2.17552E+03,  2.04330E+03,  1.87902E+03,  1.69472E+03,  1.50155E+03,  1.30896E+03,  1.12433E+03,  9.52884E+02,  7.97875E+02,  6.60857E+02,  5.42072E+02,  4.40810E+02,  3.55736E+02,  2.85166E+02,  2.27273E+02,  1.80237E+02,  1.42341E+02,  1.12032E+02,  8.79421E+01,  6.88988E+01,  5.39138E+01,  4.21678E+01,  3.29902E+01,  2.58382E+01,  2.02764E+01,  1.59582E+01,  1.26094E+01,  1.00145E+01,  8.00449E+00,  6.44776E+00,  5.24183E+00,  4.30722E+00,  3.58237E+00,  3.01969E+00,  2.58242E+00,  2.24216E+00,  1.97701E+00,  1.77007E+00,  1.60828E+00,  1.48156E+00,  1.38212E+00,  1.30392E+00,  1.24232E+00,  1.19367E+00,  1.15517E+00,  1.12464E+00,  1.10036E+00,  1.08102E+00,  1.06557E+00,  1.05321E+00,  1.04328E+00,  1.03530E+00,  1.02886E+00,  1.02366E+00,  1.01944E+00,  1.01602E+00,  1.01323E+00,  1.01095E+00,  1.00909E+00,  1.00757E+00,  1.00631E+00,  1.00528E+00
  1.00000E+00,  1.00000E+00,  1.00000E+00,  1.00002E+00,  1.00015E+00,  1.00063E+00,  1.00191E+00,  1.00466E+00,  1.00984E+00,  1.01896E+00,  1.03477E+00,  1.06237E+00,  1.11158E+00,  1.20133E+00,  1.36815E+00,  1.68229E+00,  2.27724E+00,  3.40198E+00,  5.50799E+00,  9.38472E+00,  1.63515E+01,  2.84973E+01,  4.89264E+01,  8.19249E+01,  1.32916E+02,  2.08063E+02,  3.13430E+02,  4.53719E+02,  6.30792E+02,  8.42324E+02,  1.08102E+03,  1.33474E+03,  1.58759E+03,  1.82194E+03,  2.02082E+03,  2.17023E+03,  2.26091E+03,  2.28921E+03,  2.25704E+03,  2.17096E+03,  2.04089E+03,  1.87849E+03,  1.69572E+03,  1.50370E+03,  1.31191E+03,  1.12775E+03,  9.56516E+02,  8.01504E+02,  6.64332E+02,  5.45291E+02,  4.43714E+02,  3.58301E+02,  2.87391E+02,  2.29175E+02,  1.81842E+02,  1.43681E+02,  1.13139E+02,  8.88507E+01,  6.96391E+01,  5.45134E+01,  4.26511E+01,  3.33781E+01,  2.61486E+01,  2.05240E+01,  1.61553E+01,  1.27660E+01,  1.01387E+01,  8.10300E+00,  6.52582E+00,  5.30367E+00,  4.35621E+00,  3.62120E+00,  3.05048E+00,  2.60685E+00,  2.26157E+00,  1.99245E+00,  1.78236E+00,  1.61808E+00,  1.48939E+00,  1.38838E+00,  1.30895E+00,  1.24635E+00,  1.19691E+00,  1.15779E+00,  1.12675E+00,  1.10207E+00,  1.08241E+00,  1.06670E+00,  1.05413E+00,  1.04403E+00,  1.03591E+00,  1.02937E+00,  1.02407E+00,  1.01978E+00,  1.01630E+00,  1.01346E+00,  1.01115E+00,  1.00925E+00,  1.00770E+00,  1.00642E+00,  1.00537E+00
  1.00000E+00,  1.00000E+00,  1.00000E+00,  1.00002E+00,  1.00015E+00,  1.00062E+00,  1.00189E+00,  1.00462E+00,  1.00976E+00,  1.01882E+00,  1.03449E+00,  1.06185E+00,  1.11058E+00,  1.19937E+00,  1.36425E+00,  1.67445E+00,  2.26149E+00,  3.37054E+00,  5.44612E+00,  9.26553E+00,  1.61281E+01,  2.80922E+01,  4.82196E+01,  8.07421E+01,  1.31024E+02,  2.05176E+02,  3.09235E+02,  4.47918E+02,  6.23161E+02,  8.32778E+02,  1.06966E+03,  1.32188E+03,  1.57373E+03,  1.80773E+03,  2.00696E+03,  2.15742E+03,  2.24973E+03,  2.28007E+03,  2.25015E+03,  2.16636E+03,  2.03842E+03,  1.87789E+03,  1.69665E+03,  1.50580E+03,  1.31481E+03,  1.13114E+03,  9.60120E+02,  8.05114E+02,  6.67793E+02,  5.48502E+02,  4.46616E+02,  3.60867E+02,  2.89619E+02,  2.31081E+02,  1.83451E+02,  1.45025E+02,  1.14252E+02,  8.97639E+01,  7.03835E+01,  5.51168E+01,  4.31377E+01,  3.37689E+01,  2.64613E+01,  2.07736E+01,  1.63540E+01,  1.29240E+01,  1.02642E+01,  8.20248E+00,  6.60467E+00,  5.36616E+00,  4.40573E+00,  3.66046E+00,  3.08163E+00,  2.63158E+00,  2.28122E+00,  2.00808E+00,  1.79481E+00,  1.62801E+00,  1.49732E+00,  1.39473E+00,  1.31404E+00,  1.25044E+00,  1.20020E+00,  1.16044E+00,  1.12889E+00,  1.10381E+00,  1.08382E+00,  1.06785E+00,  1.05506E+00,  1.04479E+00,  1.03654E+00,  1.02988E+00,  1.02449E+00,  1.02013E+00,  1.01659E+00,  1.01370E+00,  1.01134E+00,  1.00942E+00,  1.00784E+00,  1.00654E+00,  1.00546E+00
  1.00000E+00,  1.00000E+00,  1.00000E+00,  1.00002E+00,  1.00015E+00,  1.00061E+00,  1.00187E+00,  1.00458E+00,  1.00968E+00,  1.01867E+00,  1.03422E+00,  1.06134E+00,  1.10960E+00,  1.19744E+00,  1.36041E+00,  1.66674E+00,  2.24600E+00,  3.33964E+00,  5.38533E+00,  9.14843E+00,  1.59087E+01,  2.76944E+01,  4.75252E+01,  7.95797E+01,  1.29163E+02,  2.02335E+02,  3.05103E+02,  4.42200E+02,  6.15632E+02,  8.23349E+02,  1.05843E+03,  1.30913E+03,  1.55998E+03,  1.79361E+03,  1.99318E+03,  2.14466E+03,  2.23856E+03,  2.27092E+03,  2.24323E+03,  2.16170E+03,  2.03589E+03,  1.87723E+03,  1.69752E+03,  1.50784E+03,  1.31767E+03,  1.13449E+03,  9.63695E+02,  8.08703E+02,  6.71242E+02,  5.51706E+02,  4.49514E+02,  3.63432E+02,  2.91850E+02,  2.32991E+02,  1.85065E+02,  1.46374E+02,  1.15369E+02,  9.06816E+01,  7.11321E+01,  5.57239E+01,  4.36275E+01,  3.41626E+01,  2.67765E+01,  2.10253E+01,  1.65545E+01,  1.30834E+01,  1.03908E+01,  8.30292E+00,  6.68431E+00,  5.42929E+00,  4.45578E+00,  3.70015E+00,  3.11312E+00,  2.65658E+00,  2.30109E+00,  2.02389E+00,  1.80741E+00,  1.63806E+00,  1.50535E+00,  1.40116E+00,  1.31919E+00,  1.25457E+00,  1.20353E+00,  1.16312E+00,  1.13106E+00,  1.10556E+00,  1.08524E+00,  1.06900E+00,  1.05600E+00,  1.04557E+00,  1.03717E+00,  1.03040E+00,  1.02492E+00,  1.02048E+00,  1.01688E+00,  1.01394E+00,  1.01154E+00,  1.00958E+00,  1.00797E+00,  1.00665E+00,  1.00556E+00
  1.00000E+00,  1.00000E+00,  1.00000E+00,  1.00002E+00,  1.00014E+00,  1.00061E+00,  1.00186E+00,  1.00454E+00,  1.00961E+00,  1.01853E+00,  1.03396E+00,  1.06084E+00,  1.10863E+00,  1.19554E+00,  1.35662E+00,  1.65914E+00,  2.23076E+00,  3.30925E+00,  5.32558E+00,  9.03339E+00,  1.56931E+01,  2.73036E+01,  4.68429E+01,  7.84371E+01,  1.27333E+02,  1.99540E+02,  3.01035E+02,  4.36563E+02,  6.08204E+02,  8.14035E+02,  1.04732E+03,  1.29652E+03,  1.54634E+03,  1.77959E+03,  1.97947E+03,  2.13194E+03,  2.22741E+03,  2.26175E+03,  2.23628E+03,  2.15700E+03,  2.03330E+03,  1.87650E+03,  1.69833E+03,  1.50983E+03,  1.32047E+03,  1.13780E+03,  9.67242E+02,  8.12272E+02,  6.74677E+02,  5.54902E+02,  4.52409E+02,  3.65998E+02,  2.94083E+02,  2.34904E+02,  1.86684E+02,  1.47728E+02,  1.16491E+02,  9.16038E+01,  7.18849E+01,  5.63347E+01,  4.41207E+01,  3.45590E+01,  2.70941E+01,  2.12790E+01,  1.67567E+01,  1.32443E+01,  1.05185E+01,  8.40434E+00,  6.76475E+00,  5.49308E+00,  4.50636E+00,  3.74027E+00,  3.14496E+00,  2.68187E+00,  2.32119E+00,  2.03989E+00,  1.82016E+00,  1.64824E+00,  1.51348E+00,  1.40767E+00,  1.32441E+00,  1.25877E+00,  1.20691E+00,  1.16584E+00,  1.13326E+00,  1.10734E+00,  1.08669E+00,  1.07018E+00,  1.05696E+00,  1.04635E+00,  1.03781E+00,  1.03092E+00,  1.02535E+00,  1.02084E+00,  1.01717E+00,  1.01418E+00,  1.01174E+00,  1.00975E+00,  1.00811E+00,  1.00677E+00,  1.00566E+00
  1.00000E+00,  1.00000E+00,  1.00000E+00,  1.00002E+00,  1.00014E+00,  1.00060E+00,  1.00184E+00,  1.00451E+00,  1.00953E+00,  1.01839E+00,  1.03369E+00,  1.06034E+00,  1.10767E+00,  1.19366E+00,  1.35289E+00,  1.65166E+00,  2.21576E+00,  3.27937E+00,  5.26687E+00,  8.92037E+00,  1.54814E+01,  2.69197E+01,  4.61725E+01,  7.73140E+01,  1.25534E+02,  1.96789E+02,  2.97028E+02,  4.31008E+02,  6.00874E+02,  8.04835E+02,  1.03633E+03,  1.28403E+03,  1.53283E+03,  1.76566E+03,  1.96584E+03,  2.11926E+03,  2.21628E+03,  2.25258E+03,  2.22929E+03,  2.15224E+03,  2.03066E+03,  1.87572E+03,  1.69909E+03,  1.51176E+03,  1.32324E+03,  1.14108E+03,  9.70760E+02,  8.15820E+02,  6.78098E+02,  5.58091E+02,  4.55301E+02,  3.68564E+02,  2.96318E+02,  2.36821E+02,  1.88307E+02,  1.49087E+02,  1.17618E+02,  9.25306E+01,  7.26418E+01,  5.69492E+01,  4.46171E+01,  3.49583E+01,  2.74142E+01,  2.15348E+01,  1.69606E+01,  1.34066E+01,  1.06475E+01,  8.50673E+00,  6.84600E+00,  5.55752E+00,  4.55748E+00,  3.78083E+00,  3.17716E+00,  2.70745E+00,  2.34153E+00,  2.05608E+00,  1.83306E+00,  1.65854E+00,  1.52172E+00,  1.41426E+00,  1.32969E+00,  1.26301E+00,  1.21032E+00,  1.16860E+00,  1.13549E+00,  1.10915E+00,  1.08815E+00,  1.07137E+00,  1.05793E+00,  1.04714E+00,  1.03846E+00,  1.03145E+00,  1.02579E+00,  1.02120E+00,  1.01747E+00,  1.01443E+00,  1.01195E+00,  1.00992E+00,  1.00825E+00,  1.00689E+00,  1.00576E+00
  1.00000E+00,  1.00000E+00,  1.00000E+00,  1.00002E+00,  1.00014E+00,  1.00060E+00,  1.00182E+00,  1.00447E+00,  1.00946E+00,  1.01825E+00,  1.03343E+00,  1.05985E+00,  1.10672E+00,  1.19181E+00,  1.34921E+00,  1.64430E+00,  2.20101E+00,  3.24999E+00,  5.20916E+00,  8.80932E+00,  1.52733E+01,  2.65425E+01,  4.55137E+01,  7.62101E+01,  1.23765E+02,  1.94082E+02,  2.93082E+02,  4.25531E+02,  5.93642E+02,  7.95747E+02,  1.02546E+03,  1.27166E+03,  1.51942E+03,  1.75184E+03,  1.95227E+03,  2.10663E+03,  2.20516E+03,  2.24339E+03,  2.22227E+03,  2.14744E+03,  2.02795E+03,  1.87487E+03,  1.69978E+03,  1.51364E+03,  1.32595E+03,  1.14431E+03,  9.74249E+02,  8.19347E+02,  6.81505E+02,  5.61271E+02,  4.58189E+02,  3.71129E+02,  2.98555E+02,  2.38742E+02,  1.89934E+02,  1.50451E+02,  1.18749E+02,  9.34618E+01,  7.34029E+01,  5.75675E+01,  4.51168E+01,  3.53605E+01,  2.77366E+01,  2.17926E+01,  1.71663E+01,  1.35703E+01,  1.07777E+01,  8.61011E+00,  6.92805E+00,  5.62262E+00,  4.60914E+00,  3.82183E+00,  3.20971E+00,  2.73332E+00,  2.36211E+00,  2.07246E+00,  1.84612E+00,  1.66896E+00,  1.53005E+00,  1.42093E+00,  1.33505E+00,  1.26732E+00,  1.21379E+00,  1.17139E+00,  1.13775E+00,  1.11098E+00,  1.08963E+00,  1.07258E+00,  1.05892E+00,  1.04794E+00,  1.03912E+00,  1.03199E+00,  1.02623E+00,  1.02156E+00,  1.01777E+00,  1.01468E+00,  1.01216E+00,  1.01009E+00,  1.00840E+00,  1.00701E+00,  1.00586E+00
  1.00000E+00,  1.00000E+00,  1.00000E+00,  1.00002E+00,  1.00014E+00,  1.00059E+00,  1.00181E+00,  1.00443E+00,  1.00939E+00,  1.01811E+00,  1.03318E+00,  1.05936E+00,  1.10579E+00,  1.18998E+00,  1.34558E+00,  1.63704E+00,  2.18649E+00,  3.22110E+00,  5.15244E+00,  8.70020E+00,  1.50690E+01,  2.61719E+01,  4.48664E+01,  7.51249E+01,  1.22024E+02,  1.91418E+02,  2.89195E+02,  4.20133E+02,  5.86506E+02,  7.86770E+02,  1.01471E+03,  1.25941E+03,  1.50613E+03,  1.73811E+03,  1.93878E+03,  2.09405E+03,  2.19405E+03,  2.23419E+03,  2.21522E+03,  2.14258E+03,  2.02519E+03,  1.87396E+03,  1.70041E+03,  1.51546E+03,  1.32863E+03,  1.14751E+03,  9.77709E+02,  8.22853E+02,  6.84899E+02,  5.64443E+02,  4.61074E+02,  3.73694E+02,  3.00793E+02,  2.40666E+02,  1.91566E+02,  1.51819E+02,  1.19886E+02,  9.43975E+01,  7.41681E+01,  5.81894E+01,  4.56197E+01,  3.57654E+01,  2.80615E+01,  2.20525E+01,  1.73737E+01,  1.37355E+01,  1.09090E+01,  8.71447E+00,  7.01091E+00,  5.68839E+00,  4.66134E+00,  3.86327E+00,  3.24262E+00,  2.75948E+00,  2.38292E+00,  2.08903E+00,  1.85934E+00,  1.67951E+00,  1.53849E+00,  1.42769E+00,  1.34047E+00,  1.27167E+00,  1.21730E+00,  1.17422E+00,  1.14003E+00,  1.11283E+00,  1.09114E+00,  1.07380E+00,  1.05991E+00,  1.04876E+00,  1.03978E+00,  1.03254E+00,  1.02668E+00,  1.02193E+00,  1.01808E+00,  1.01493E+00,  1.01237E+00,  1.01027E+00,  1.00854E+00,  1.00713E+00,  1.00596E+00
  1.00000E+00,  1.00000E+00,  1.00000E+00,  1.00002E+00,  1.00014E+00,  1.00058E+00,  1.00179E+00,  1.00440E+00,  1.00931E+00,  1.01798E+00,  1.03292E+00,  1.05888E+00,  1.10487E+00,  1.18817E+00,  1.34201E+00,  1.62990E+00,  2.17220E+00,  3.19269E+00,  5.09669E+00,  8.59298E+00,  1.48682E+01,  2.58079E+01,  4.42302E+01,  7.40581E+01,  1.20313E+02,  1.88796E+02,  2.85367E+02,  4.14812E+02,  5.79465E+02,  7.77904E+02,  1.00408E+03,  1.24728E+03,  1.49295E+03,  1.72447E+03,  1.92536E+03,  2.08151E+03,  2.18297E+03,  2.22498E+03,  2.20814E+03,  2.13769E+03,  2.02237E+03,  1.87300E+03,  1.70099E+03,  1.51724E+03,  1.33125E+03,  1.15068E+03,  9.81140E+02,  8.26338E+02,  6.88278E+02,  5.67606E+02,  4.63954E+02,  3.76258E+02,  3.03034E+02,  2.42593E+02,  1.93202E+02,  1.53191E+02,  1.21026E+02,  9.53376E+01,  7.49373E+01,  5.88151E+01,  4.61259E+01,  3.61732E+01,  2.83889E+01,  2.23144E+01,  1.75828E+01,  1.39021E+01,  1.10416E+01,  8.81982E+00,  7.09458E+00,  5.75482E+00,  4.71408E+00,  3.90515E+00,  3.27590E+00,  2.78593E+00,  2.40397E+00,  2.10580E+00,  1.87271E+00,  1.69019E+00,  1.54703E+00,  1.43453E+00,  1.34596E+00,  1.27609E+00,  1.22085E+00,  1.17709E+00,  1.14235E+00,  1.11471E+00,  1.09266E+00,  1.07504E+00,  1.06092E+00,  1.04959E+00,  1.04046E+00,  1.03310E+00,  1.02714E+00,  1.02231E+00,  1.01839E+00,  1.01519E+00,  1.01258E+00,  1.01044E+00,  1.00869E+00,  1.00725E+00,  1.00606E+00
  1.00000E+00,  1.00000E+00,  1.00000E+00,  1.00002E+00,  1.00013E+00,  1.00058E+00,  1.00177E+00,  1.00436E+00,  1.00924E+00,  1.01784E+00,  1.03267E+00,  1.05840E+00,  1.10396E+00,  1.18640E+00,  1.33848E+00,  1.62287E+00,  2.15814E+00,  3.16475E+00,  5.04189E+00,  8.48762E+00,  1.46709E+01,  2.54501E+01,  4.36051E+01,  7.30094E+01,  1.18629E+02,  1.86216E+02,  2.81597E+02,  4.09566E+02,  5.72517E+02,  7.69145E+02,  9.93574E+02,  1.23527E+03,  1.47988E+03,  1.71093E+03,  1.91202E+03,  2.06902E+03,  2.17190E+03,  2.21577E+03,  2.20103E+03,  2.13274E+03,  2.01950E+03,  1.87197E+03,  1.70151E+03,  1.51896E+03,  1.33383E+03,  1.15380E+03,  9.84542E+02,  8.29802E+02,  6.91643E+02,  5.70761E+02,  4.66831E+02,  3.78822E+02,  3.05277E+02,  2.44523E+02,  1.94841E+02,  1.54569E+02,  1.22172E+02,  9.62821E+01,  7.57106E+01,  5.94444E+01,  4.66354E+01,  3.65838E+01,  2.87186E+01,  2.25784E+01,  1.77936E+01,  1.40701E+01,  1.11753E+01,  8.92616E+00,  7.17907E+00,  5.82193E+00,  4.76737E+00,  3.94748E+00,  3.30953E+00,  2.81268E+00,  2.42525E+00,  2.12276E+00,  1.88624E+00,  1.70100E+00,  1.55567E+00,  1.44145E+00,  1.35152E+00,  1.28055E+00,  1.22445E+00,  1.18000E+00,  1.14470E+00,  1.11661E+00,  1.09421E+00,  1.07630E+00,  1.06195E+00,  1.05042E+00,  1.04114E+00,  1.03366E+00,  1.02760E+00,  1.02269E+00,  1.01870E+00,  1.01545E+00,  1.01280E+00,  1.01062E+00,  1.00884E+00,  1.00738E+00,  1.00617E+00
  1.00000E+00,  1.00000E+00,  1.00000E+00,  1.00002E+00,  1.00013E+00,  1.00057E+00,  1.00176E+00,  1.00432E+00,  1.00917E+00,  1.01771E+00,  1.03242E+00,  1.05793E+00,  1.10306E+00,  1.18464E+00,  1.33501E+00,  1.61594E+00,  2.14431E+00,  3.13727E+00,  4.98801E+00,  8.38407E+00,  1.44771E+01,  2.50986E+01,  4.29907E+01,  7.19784E+01,  1.16973E+02,  1.83676E+02,  2.77884E+02,  4.04395E+02,  5.65662E+02,  7.60494E+02,  9.83180E+02,  1.22338E+03,  1.46693E+03,  1.69749E+03,  1.89875E+03,  2.05657E+03,  2.16085E+03,  2.20655E+03,  2.19388E+03,  2.12775E+03,  2.01657E+03,  1.87089E+03,  1.70197E+03,  1.52062E+03,  1.33636E+03,  1.15689E+03,  9.87915E+02,  8.33245E+02,  6.94993E+02,  5.73907E+02,  4.69703E+02,  3.81385E+02,  3.07521E+02,  2.46457E+02,  1.96485E+02,  1.55950E+02,  1.23321E+02,  9.72310E+01,  7.64880E+01,  6.00774E+01,  4.71481E+01,  3.69973E+01,  2.90508E+01,  2.28445E+01,  1.80062E+01,  1.42396E+01,  1.13103E+01,  9.03351E+00,  7.26438E+00,  5.88970E+00,  4.82121E+00,  3.99025E+00,  3.34354E+00,  2.83972E+00,  2.44679E+00,  2.13992E+00,  1.89993E+00,  1.71193E+00,  1.56442E+00,  1.44847E+00,  1.35714E+00,  1.28508E+00,  1.22809E+00,  1.18294E+00,  1.14708E+00,  1.11854E+00,  1.09577E+00,  1.07757E+00,  1.06299E+00,  1.05127E+00,  1.04184E+00,  1.03423E+00,  1.02807E+00,  1.02308E+00,  1.01902E+00,  1.01572E+00,  1.01302E+00,  1.01081E+00,  1.00899E+00,  1.00750E+00,  1.00628E+00
  1.00000E+00,  1.00000E+00,  1.00000E+00,  1.00002E+00,  1.00013E+00,  1.00057E+00,  1.00174E+00,  1.00429E+00,  1.00910E+00,  1.01757E+00,  1.03217E+00,  1.05747E+00,  1.10217E+00,  1.18291E+00,  1.33159E+00,  1.60912E+00,  2.13069E+00,  3.11024E+00,  4.93505E+00,  8.28231E+00,  1.42866E+01,  2.47532E+01,  4.23868E+01,  7.09647E+01,  1.15344E+02,  1.81176E+02,  2.74227E+02,  3.99297E+02,  5.58897E+02,  7.51948E+02,  9.72901E+02,  1.21160E+03,  1.45408E+03,  1.68415E+03,  1.88555E+03,  2.04417E+03,  2.14982E+03,  2.19732E+03,  2.18671E+03,  2.12272E+03,  2.01359E+03,  1.86974E+03,  1.70237E+03,  1.52224E+03,  1.33885E+03,  1.15994E+03,  9.91258E+02,  8.36666E+02,  6.98329E+02,  5.77045E+02,  4.72571E+02,  3.83947E+02,  3.09766E+02,  2.48394E+02,  1.98133E+02,  1.57336E+02,  1.24476E+02,  9.81842E+01,  7.72695E+01,  6.07140E+01,  4.76641E+01,  3.74136E+01,  2.93854E+01,  2.31126E+01,  1.82205E+01,  1.44106E+01,  1.14465E+01,  9.14185E+00,  7.35052E+00,  5.95815E+00,  4.87560E+00,  4.03348E+00,  3.37791E+00,  2.86707E+00,  2.46856E+00,  2.15728E+00,  1.91378E+00,  1.72300E+00,  1.57328E+00,  1.45556E+00,  1.36284E+00,  1.28966E+00,  1.23178E+00,  1.18592E+00,  1.14949E+00,  1.12049E+00,  1.09736E+00,  1.07886E+00,  1.06404E+00,  1.05213E+00,  1.04254E+00,  1.03481E+00,  1.02855E+00,  1.02347E+00,  1.01935E+00,  1.01598E+00,  1.01324E+00,  1.01099E+00,  1.00915E+00,  1.00763E+00,  1.00638E+00
  1.00000E+00,  1.00000E+00,  1.00000E+00,  1.00002E+00,  1.00013E+00,  1.00056E+00,  1.00173E+00,  1.00425E+00,  1.00903E+00,  1.01744E+00,  1.03193E+00,  1.05701E+00,  1.10129E+00,  1.18120E+00,  1.32822E+00,  1.60240E+00,  2.11729E+00,  3.08366E+00,  4.88297E+00,  8.18229E+00,  1.40994E+01,  2.44137E+01,  4.17933E+01,  6.99681E+01,  1.13742E+02,  1.78716E+02,  2.70624E+02,  3.94272E+02,  5.52222E+02,  7.43506E+02,  9.62736E+02,  1.19995E+03,  1.44134E+03,  1.67089E+03,  1.87242E+03,  2.03182E+03,  2.13881E+03,  2.18809E+03,  2.17952E+03,  2.11764E+03,  2.01055E+03,  1.86854E+03,  1.70271E+03,  1.52380E+03,  1.34129E+03,  1.16295E+03,  9.94572E+02,  8.40065E+02,  7.01650E+02,  5.80173E+02,  4.75434E+02,  3.86508E+02,  3.12013E+02,  2.50334E+02,  1.99785E+02,  1.58727E+02,  1.25635E+02,  9.91418E+01,  7.80550E+01,  6.13543E+01,  4.81833E+01,  3.78327E+01,  2.97224E+01,  2.33828E+01,  1.84366E+01,  1.45830E+01,  1.15839E+01,  9.25120E+00,  7.43748E+00,  6.02729E+00,  4.93055E+00,  4.07717E+00,  3.41265E+00,  2.89472E+00,  2.49058E+00,  2.17483E+00,  1.92779E+00,  1.73420E+00,  1.58224E+00,  1.46275E+00,  1.36861E+00,  1.29430E+00,  1.23552E+00,  1.18894E+00,  1.15193E+00,  1.12247E+00,  1.09897E+00,  1.08017E+00,  1.06511E+00,  1.05300E+00,  1.04326E+00,  1.03539E+00,  1.02903E+00,  1.02387E+00,  1.01967E+00,  1.01626E+00,  1.01347E+00,  1.01118E+00,  1.00931E+00,  1.00776E+00,  1.00649E+00
  1.00000E+00,  1.00000E+00,  1.00000E+00,  1.00002E+00,  1.00013E+00,  1.00055E+00,  1.00171E+00,  1.00422E+00,  1.00896E+00,  1.01731E+00,  1.03169E+00,  1.05656E+00,  1.10042E+00,  1.17951E+00,  1.32489E+00,  1.59579E+00,  2.10410E+00,  3.05751E+00,  4.83178E+00,  8.08398E+00,  1.39154E+01,  2.40802E+01,  4.12100E+01,  6.89882E+01,  1.12166E+02,  1.76295E+02,  2.67076E+02,  3.89317E+02,  5.45635E+02,  7.35168E+02,  9.52684E+02,  1.18840E+03,  1.42872E+03,  1.65774E+03,  1.85937E+03,  2.01951E+03,  2.12782E+03,  2.17885E+03,  2.17230E+03,  2.11252E+03,  2.00747E+03,  1.86729E+03,  1.70300E+03,  1.52531E+03,  1.34369E+03,  1.16592E+03,  9.97856E+02,  8.43442E+02,  7.04956E+02,  5.83292E+02,  4.78293E+02,  3.89068E+02,  3.14261E+02,  2.52276E+02,  2.01441E+02,  1.60122E+02,  1.26798E+02,  1.00104E+02,  7.88444E+01,  6.19983E+01,  4.87057E+01,  3.82546E+01,  3.00619E+01,  2.36551E+01,  1.86544E+01,  1.47569E+01,  1.17225E+01,  9.36156E+00,  7.52528E+00,  6.09710E+00,  4.98606E+00,  4.12131E+00,  3.44777E+00,  2.92267E+00,  2.51285E+00,  2.19259E+00,  1.94196E+00,  1.74553E+00,  1.59131E+00,  1.47002E+00,  1.37445E+00,  1.29900E+00,  1.23931E+00,  1.19199E+00,  1.15440E+00,  1.12447E+00,  1.10059E+00,  1.08149E+00,  1.06619E+00,  1.05389E+00,  1.04398E+00,  1.03599E+00,  1.02952E+00,  1.02427E+00,  1.02001E+00,  1.01653E+00,  1.01369E+00,  1.01137E+00,  1.00946E+00,  1.00790E+00,  1.00660E+00
  1.00000E+00,  1.00000E+00,  1.00000E+00,  1.00002E+00,  1.00013E+00,  1.00055E+00,  1.00169E+00,  1.00418E+00,  1.00889E+00,  1.01718E+00,  1.03145E+00,  1.05611E+00,  1.09957E+00,  1.17785E+00,  1.32161E+00,  1.58927E+00,  2.09111E+00,  3.03178E+00,  4.78143E+00,  7.98735E+00,  1.37346E+01,  2.37523E+01,  4.06366E+01,  6.80247E+01,  1.10616E+02,  1.73911E+02,  2.63580E+02,  3.84433E+02,  5.39135E+02,  7.26931E+02,  9.42743E+02,  1.17697E+03,  1.41620E+03,  1.64467E+03,  1.84640E+03,  2.00726E+03,  2.11686E+03,  2.16961E+03,  2.16505E+03,  2.10736E+03,  2.00433E+03,  1.86598E+03,  1.70324E+03,  1.52676E+03,  1.34604E+03,  1.16886E+03,  1.00111E+03,  8.46798E+02,  7.08247E+02,  5.86402E+02,  4.81147E+02,  3.91626E+02,  3.16510E+02,  2.54222E+02,  2.03100E+02,  1.61521E+02,  1.27965E+02,  1.01070E+02,  7.96379E+01,  6.26458E+01,  4.92314E+01,  3.86794E+01,  3.04038E+01,  2.39294E+01,  1.88740E+01,  1.49323E+01,  1.18623E+01,  9.47293E+00,  7.61391E+00,  6.16760E+00,  5.04213E+00,  4.16591E+00,  3.48325E+00,  2.95092E+00,  2.53536E+00,  2.21054E+00,  1.95630E+00,  1.75699E+00,  1.60049E+00,  1.47738E+00,  1.38036E+00,  1.30375E+00,  1.24314E+00,  1.19509E+00,  1.15691E+00,  1.12650E+00,  1.10224E+00,  1.08284E+00,  1.06728E+00,  1.05478E+00,  1.04471E+00,  1.03659E+00,  1.03001E+00,  1.02468E+00,  1.02034E+00,  1.01681E+00,  1.01393E+00,  1.01156E+00,  1.00963E+00,  1.00803E+00,  1.00672E+00
  1.00000E+00,  1.00000E+00,  1.00000E+00,  1.00002E+00,  1.00013E+00,  1.00054E+00,  1.00168E+00,  1.00415E+00,  1.00882E+00,  1.01706E+00,  1.03121E+00,  1.05567E+00,  1.09872E+00,  1.17621E+00,  1.31838E+00,  1.58284E+00,  2.07833E+00,  3.00647E+00,  4.73193E+00,  7.89236E+00,  1.35569E+01,  2.34301E+01,  4.00729E+01,  6.70773E+01,  1.09090E+02,  1.71565E+02,  2.60137E+02,  3.79618E+02,  5.32721E+02,  7.18794E+02,  9.32912E+02,  1.16566E+03,  1.40379E+03,  1.63170E+03,  1.83349E+03,  1.99505E+03,  2.10591E+03,  2.16036E+03,  2.15778E+03,  2.10216E+03,  2.00114E+03,  1.86461E+03,  1.70342E+03,  1.52817E+03,  1.34834E+03,  1.17176E+03,  1.00434E+03,  8.50132E+02,  7.11523E+02,  5.89502E+02,  4.83996E+02,  3.94183E+02,  3.18760E+02,  2.56170E+02,  2.04764E+02,  1.62924E+02,  1.29137E+02,  1.02040E+02,  8.04354E+01,  6.32970E+01,  4.97602E+01,  3.91069E+01,  3.07482E+01,  2.42058E+01,  1.90953E+01,  1.51091E+01,  1.20034E+01,  9.58532E+00,  7.70338E+00,  6.23880E+00,  5.09877E+00,  4.21097E+00,  3.51912E+00,  2.97949E+00,  2.55812E+00,  2.22870E+00,  1.97081E+00,  1.76859E+00,  1.60978E+00,  1.48483E+00,  1.38634E+00,  1.30857E+00,  1.24702E+00,  1.19822E+00,  1.15944E+00,  1.12856E+00,  1.10391E+00,  1.08420E+00,  1.06839E+00,  1.05569E+00,  1.04546E+00,  1.03720E+00,  1.03051E+00,  1.02509E+00,  1.02069E+00,  1.01710E+00,  1.01416E+00,  1.01176E+00,  1.00979E+00,  1.00817E+00,  1.00683E+00
  1.00000E+00,  1.00000E+00,  1.00000E+00,  1.00002E+00,  1.00012E+00,  1.00054E+00,  1.00166E+00,  1.00412E+00,  1.00876E+00,  1.01693E+00,  1.03098E+00,  1.05523E+00,  1.09789E+00,  1.17459E+00,  1.31519E+00,  1.57652E+00,  2.06574E+00,  2.98157E+00,  4.68325E+00,  7.79899E+00,  1.33823E+01,  2.31134E+01,  3.95188E+01,  6.61456E+01,  1.07590E+02,  1.69255E+02,  2.56746E+02,  3.74871E+02,  5.26392E+02,  7.10757E+02,  9.23190E+02,  1.15445E+03,  1.39148E+03,  1.61883E+03,  1.82066E+03,  1.98289E+03,  2.09499E+03,  2.15112E+03,  2.15048E+03,  2.09692E+03,  1.99790E+03,  1.86318E+03,  1.70354E+03,  1.52952E+03,  1.35060E+03,  1.17462E+03,  1.00753E+03,  8.53443E+02,  7.14784E+02,  5.92593E+02,  4.86840E+02,  3.96738E+02,  3.21011E+02,  2.58120E+02,  2.06430E+02,  1.64331E+02,  1.30314E+02,  1.03015E+02,  8.12368E+01,  6.39518E+01,  5.02923E+01,  3.95373E+01,  3.10949E+01,  2.44844E+01,  1.93184E+01,  1.52874E+01,  1.21457E+01,  9.69873E+00,  7.79369E+00,  6.31068E+00,  5.15598E+00,  4.25650E+00,  3.55537E+00,  3.00836E+00,  2.58114E+00,  2.24707E+00,  1.98548E+00,  1.78032E+00,  1.61917E+00,  1.49237E+00,  1.39240E+00,  1.31344E+00,  1.25095E+00,  1.20140E+00,  1.16201E+00,  1.13064E+00,  1.10561E+00,  1.08557E+00,  1.06951E+00,  1.05661E+00,  1.04621E+00,  1.03782E+00,  1.03102E+00,  1.02551E+00,  1.02103E+00,  1.01738E+00,  1.01440E+00,  1.01196E+00,  1.00995E+00,  1.00831E+00,  1.00695E+00
  1.00000E+00,  1.00000E+00,  1.00000E+00,  1.00002E+00,  1.00012E+00,  1.00053E+00,  1.00165E+00,  1.00408E+00,  1.00869E+00,  1.01681E+00,  1.03074E+00,  1.05479E+00,  1.09706E+00,  1.17299E+00,  1.31205E+00,  1.57028E+00,  2.05336E+00,  2.95707E+00,  4.63538E+00,  7.70719E+00,  1.32106E+01,  2.28021E+01,  3.89740E+01,  6.52295E+01,  1.06114E+02,  1.66982E+02,  2.53404E+02,  3.70191E+02,  5.20146E+02,  7.02818E+02,  9.13576E+02,  1.14336E+03,  1.37929E+03,  1.60605E+03,  1.80791E+03,  1.97079E+03,  2.08409E+03,  2.14187E+03,  2.14317E+03,  2.09165E+03,  1.99461E+03,  1.86171E+03,  1.70361E+03,  1.53082E+03,  1.35282E+03,  1.17744E+03,  1.01070E+03,  8.56732E+02,  7.18029E+02,  5.95673E+02,  4.89679E+02,  3.99292E+02,  3.23263E+02,  2.60073E+02,  2.08101E+02,  1.65743E+02,  1.31494E+02,  1.03993E+02,  8.20421E+01,  6.46102E+01,  5.08277E+01,  3.99706E+01,  3.14442E+01,  2.47650E+01,  1.95432E+01,  1.54672E+01,  1.22892E+01,  9.81317E+00,  7.88486E+00,  6.38326E+00,  5.21375E+00,  4.30250E+00,  3.59199E+00,  3.03754E+00,  2.60441E+00,  2.26564E+00,  2.00032E+00,  1.79220E+00,  1.62868E+00,  1.50000E+00,  1.39853E+00,  1.31838E+00,  1.25493E+00,  1.20461E+00,  1.16461E+00,  1.13275E+00,  1.10732E+00,  1.08697E+00,  1.07065E+00,  1.05754E+00,  1.04697E+00,  1.03844E+00,  1.03154E+00,  1.02594E+00,  1.02138E+00,  1.01767E+00,  1.01464E+00,  1.01216E+00,  1.01012E+00,  1.00845E+00,  1.00706E+00
  1.00000E+00,  1.00000E+00,  1.00000E+00,  1.00002E+00,  1.00012E+00,  1.00053E+00,  1.00163E+00,  1.00405E+00,  1.00863E+00,  1.01668E+00,  1.03051E+00,  1.05436E+00,  1.09625E+00,  1.17141E+00,  1.30895E+00,  1.56414E+00,  2.04116E+00,  2.93297E+00,  4.58830E+00,  7.61693E+00,  1.30419E+01,  2.24961E+01,  3.84385E+01,  6.43285E+01,  1.04661E+02,  1.64744E+02,  2.50113E+02,  3.65577E+02,  5.13983E+02,  6.94975E+02,  9.04068E+02,  1.13238E+03,  1.36719E+03,  1.59336E+03,  1.79522E+03,  1.95873E+03,  2.07322E+03,  2.13262E+03,  2.13583E+03,  2.08633E+03,  1.99127E+03,  1.86017E+03,  1.70362E+03,  1.53208E+03,  1.35499E+03,  1.18023E+03,  1.01383E+03,  8.59999E+02,  7.21258E+02,  5.98744E+02,  4.92513E+02,  4.01844E+02,  3.25516E+02,  2.62029E+02,  2.09774E+02,  1.67158E+02,  1.32679E+02,  1.04976E+02,  8.28514E+01,  6.52722E+01,  5.13662E+01,  4.04066E+01,  3.17958E+01,  2.50476E+01,  1.97698E+01,  1.56485E+01,  1.24340E+01,  9.92863E+00,  7.97687E+00,  6.45654E+00,  5.27210E+00,  4.34896E+00,  3.62901E+00,  3.06704E+00,  2.62794E+00,  2.28442E+00,  2.01532E+00,  1.80420E+00,  1.63831E+00,  1.50772E+00,  1.40474E+00,  1.32337E+00,  1.25896E+00,  1.20786E+00,  1.16725E+00,  1.13489E+00,  1.10906E+00,  1.08838E+00,  1.07181E+00,  1.05848E+00,  1.04775E+00,  1.03908E+00,  1.03206E+00,  1.02637E+00,  1.02174E+00,  1.01797E+00,  1.01489E+00,  1.01236E+00,  1.01029E+00,  1.00859E+00,  1.00718E+00
  1.00000E+00,  1.00000E+00,  1.00000E+00,  1.00002E+00,  1.00012E+00,  1.00052E+00,  1.00162E+00,  1.00402E+00,  1.00856E+00,  1.01656E+00,  1.03029E+00,  1.05394E+00,  1.09544E+00,  1.16985E+00,  1.30589E+00,  1.55809E+00,  2.02915E+00,  2.90925E+00,  4.54199E+00,  7.52819E+00,  1.28760E+01,  2.21953E+01,  3.79120E+01,  6.34425E+01,  1.03232E+02,  1.62540E+02,  2.46871E+02,  3.61027E+02,  5.07901E+02,  6.87228E+02,  8.94666E+02,  1.12150E+03,  1.35521E+03,  1.58076E+03,  1.78261E+03,  1.94672E+03,  2.06237E+03,  2.12337E+03,  2.12847E+03,  2.08098E+03,  1.98788E+03,  1.85859E+03,  1.70358E+03,  1.53328E+03,  1.35711E+03,  1.18298E+03,  1.01694E+03,  8.63243E+02,  7.24471E+02,  6.01805E+02,  4.95340E+02,  4.04393E+02,  3.27769E+02,  2.63987E+02,  2.11452E+02,  1.68578E+02,  1.33868E+02,  1.05963E+02,  8.36645E+01,  6.59378E+01,  5.19079E+01,  4.08454E+01,  3.21499E+01,  2.53324E+01,  1.99982E+01,  1.58313E+01,  1.25800E+01,  1.00451E+01,  8.06973E+00,  6.53053E+00,  5.33103E+00,  4.39590E+00,  3.66640E+00,  3.09685E+00,  2.65172E+00,  2.30341E+00,  2.03050E+00,  1.81635E+00,  1.64804E+00,  1.51553E+00,  1.41102E+00,  1.32843E+00,  1.26304E+00,  1.21116E+00,  1.16991E+00,  1.13705E+00,  1.11081E+00,  1.08982E+00,  1.07298E+00,  1.05944E+00,  1.04853E+00,  1.03972E+00,  1.03259E+00,  1.02681E+00,  1.02210E+00,  1.01827E+00,  1.01513E+00,  1.01257E+00,  1.01046E+00,  1.00873E+00,  1.00730E+00
  1.00000E+00,  1.00000E+00,  1.00000E+00,  1.00002E+00,  1.00012E+00,  1.00051E+00,  1.00160E+00,  1.00398E+00,  1.00850E+00,  1.01644E+00,  1.03006E+00,  1.05352E+00,  1.09464E+00,  1.16832E+00,  1.30287E+00,  1.55212E+00,  2.01732E+00,  2.88590E+00,  4.49645E+00,  7.44094E+00,  1.27129E+01,  2.18996E+01,  3.73943E+01,  6.25710E+01,  1.01826E+02,  1.60371E+02,  2.43676E+02,  3.56542E+02,  5.01898E+02,  6.79575E+02,  8.85369E+02,  1.11074E+03,  1.34332E+03,  1.56826E+03,  1.77008E+03,  1.93476E+03,  2.05155E+03,  2.11413E+03,  2.12109E+03,  2.07559E+03,  1.98445E+03,  1.85695E+03,  1.70349E+03,  1.53443E+03,  1.35919E+03,  1.18569E+03,  1.02001E+03,  8.66465E+02,  7.27669E+02,  6.04855E+02,  4.98163E+02,  4.06941E+02,  3.30022E+02,  2.65947E+02,  2.13132E+02,  1.70001E+02,  1.35061E+02,  1.06954E+02,  8.44816E+01,  6.66069E+01,  5.24528E+01,  4.12871E+01,  3.25065E+01,  2.56193E+01,  2.02284E+01,  1.60156E+01,  1.27272E+01,  1.01627E+01,  8.16345E+00,  6.60522E+00,  5.39054E+00,  4.44331E+00,  3.70419E+00,  3.12698E+00,  2.67576E+00,  2.32261E+00,  2.04585E+00,  1.82864E+00,  1.65789E+00,  1.52343E+00,  1.41737E+00,  1.33355E+00,  1.26717E+00,  1.21450E+00,  1.17262E+00,  1.13924E+00,  1.11260E+00,  1.09127E+00,  1.07416E+00,  1.06041E+00,  1.04932E+00,  1.04037E+00,  1.03313E+00,  1.02725E+00,  1.02247E+00,  1.01857E+00,  1.01539E+00,  1.01278E+00,  1.01064E+00,  1.00888E+00,  1.00743E+00
  1.00000E+00,  1.00000E+00,  1.00000E+00,  1.00002E+00,  1.00012E+00,  1.00051E+00,  1.00159E+00,  1.00395E+00,  1.00843E+00,  1.01632E+00,  1.02984E+00,  1.05311E+00,  1.09386E+00,  1.16680E+00,  1.29990E+00,  1.54625E+00,  2.00568E+00,  2.86293E+00,  4.45165E+00,  7.35515E+00,  1.25526E+01,  2.16089E+01,  3.68853E+01,  6.17140E+01,  1.00443E+02,  1.58236E+02,  2.40529E+02,  3.52119E+02,  4.95975E+02,  6.72015E+02,  8.76174E+02,  1.10008E+03,  1.33154E+03,  1.55585E+03,  1.75762E+03,  1.92286E+03,  2.04075E+03,  2.10488E+03,  2.11369E+03,  2.07016E+03,  1.98097E+03,  1.85526E+03,  1.70334E+03,  1.53553E+03,  1.36123E+03,  1.18836E+03,  1.02306E+03,  8.69664E+02,  7.30850E+02,  6.07895E+02,  5.00979E+02,  4.09486E+02,  3.32276E+02,  2.67909E+02,  2.14816E+02,  1.71428E+02,  1.36258E+02,  1.07950E+02,  8.53025E+01,  6.72796E+01,  5.30010E+01,  4.17316E+01,  3.28654E+01,  2.59082E+01,  2.04603E+01,  1.62013E+01,  1.28758E+01,  1.02812E+01,  8.25803E+00,  6.68062E+00,  5.45063E+00,  4.49120E+00,  3.74237E+00,  3.15743E+00,  2.70006E+00,  2.34202E+00,  2.06137E+00,  1.84107E+00,  1.66785E+00,  1.53143E+00,  1.42380E+00,  1.33873E+00,  1.27135E+00,  1.21787E+00,  1.17535E+00,  1.14146E+00,  1.11440E+00,  1.09274E+00,  1.07536E+00,  1.06139E+00,  1.05013E+00,  1.04103E+00,  1.03367E+00,  1.02770E+00,  1.02284E+00,  1.01888E+00,  1.01564E+00,  1.01299E+00,  1.01082E+00,  1.00903E+00,  1.00755E+00
  1.00000E+00,  1.00000E+00,  1.00000E+00,  1.00002E+00,  1.00012E+00,  1.00050E+00,  1.00158E+00,  1.00392E+00,  1.00837E+00,  1.01620E+00,  1.02962E+00,  1.05270E+00,  1.09308E+00,  1.16530E+00,  1.29697E+00,  1.54046E+00,  1.99421E+00,  2.84032E+00,  4.40758E+00,  7.27078E+00,  1.23949E+01,  2.13230E+01,  3.63848E+01,  6.08710E+01,  9.90815E+01,  1.56133E+02,  2.37429E+02,  3.47759E+02,  4.90129E+02,  6.64547E+02,  8.67081E+02,  1.08953E+03,  1.31986E+03,  1.54353E+03,  1.74523E+03,  1.91100E+03,  2.02998E+03,  2.09564E+03,  2.10627E+03,  2.06470E+03,  1.97744E+03,  1.85352E+03,  1.70314E+03,  1.53658E+03,  1.36322E+03,  1.19099E+03,  1.02607E+03,  8.72840E+02,  7.34015E+02,  6.10925E+02,  5.03789E+02,  4.12029E+02,  3.34531E+02,  2.69873E+02,  2.16503E+02,  1.72859E+02,  1.37459E+02,  1.08949E+02,  8.61272E+01,  6.79558E+01,  5.35522E+01,  4.21789E+01,  3.32269E+01,  2.61992E+01,  2.06940E+01,  1.63886E+01,  1.30255E+01,  1.04008E+01,  8.35347E+00,  6.75673E+00,  5.51131E+00,  4.53957E+00,  3.78093E+00,  3.18820E+00,  2.72462E+00,  2.36165E+00,  2.07707E+00,  1.85363E+00,  1.67793E+00,  1.53952E+00,  1.43031E+00,  1.34397E+00,  1.27558E+00,  1.22129E+00,  1.17812E+00,  1.14371E+00,  1.11623E+00,  1.09423E+00,  1.07657E+00,  1.06238E+00,  1.05094E+00,  1.04170E+00,  1.03422E+00,  1.02815E+00,  1.02321E+00,  1.01919E+00,  1.01590E+00,  1.01321E+00,  1.01099E+00,  1.00918E+00,  1.00767E+00
  1.00000E+00,  1.00000E+00,  1.00000E+00,  1.00002E+00,  1.00011E+00,  1.00050E+00,  1.00156E+00,  1.00389E+00,  1.00831E+00,  1.01608E+00,  1.02940E+00,  1.05229E+00,  1.09231E+00,  1.16382E+00,  1.29408E+00,  1.53475E+00,  1.98292E+00,  2.81807E+00,  4.36423E+00,  7.18781E+00,  1.22399E+01,  2.10420E+01,  3.58926E+01,  6.00418E+01,  9.77420E+01,  1.54063E+02,  2.34374E+02,  3.43459E+02,  4.84361E+02,  6.57170E+02,  8.58090E+02,  1.07908E+03,  1.30829E+03,  1.53130E+03,  1.73291E+03,  1.89920E+03,  2.01924E+03,  2.08641E+03,  2.09884E+03,  2.05921E+03,  1.97387E+03,  1.85173E+03,  1.70289E+03,  1.53758E+03,  1.36517E+03,  1.19359E+03,  1.02906E+03,  8.75993E+02,  7.37164E+02,  6.13943E+02,  5.06594E+02,  4.14570E+02,  3.36785E+02,  2.71839E+02,  2.18193E+02,  1.74294E+02,  1.38665E+02,  1.09952E+02,  8.69558E+01,  6.86355E+01,  5.41067E+01,  4.26289E+01,  3.35907E+01,  2.64924E+01,  2.09295E+01,  1.65773E+01,  1.31765E+01,  1.05215E+01,  8.44979E+00,  6.83355E+00,  5.57257E+00,  4.58842E+00,  3.81990E+00,  3.21929E+00,  2.74945E+00,  2.38149E+00,  2.09294E+00,  1.86635E+00,  1.68812E+00,  1.54771E+00,  1.43689E+00,  1.34927E+00,  1.27986E+00,  1.22475E+00,  1.18092E+00,  1.14599E+00,  1.11808E+00,  1.09573E+00,  1.07780E+00,  1.06339E+00,  1.05177E+00,  1.04238E+00,  1.03478E+00,  1.02861E+00,  1.02360E+00,  1.01951E+00,  1.01616E+00,  1.01342E+00,  1.01118E+00,  1.00933E+00,  1.00780E+00
  1.00000E+00,  1.00000E+00,  1.00000E+00,  1.00002E+00,  1.00011E+00,  1.00049E+00,  1.00155E+00,  1.00386E+00,  1.00824E+00,  1.01596E+00,  1.02919E+00,  1.05189E+00,  1.09156E+00,  1.16236E+00,  1.29122E+00,  1.52912E+00,  1.97180E+00,  2.79617E+00,  4.32158E+00,  7.10622E+00,  1.20876E+01,  2.07657E+01,  3.54087E+01,  5.92262E+01,  9.64238E+01,  1.52025E+02,  2.31365E+02,  3.39220E+02,  4.78667E+02,  6.49883E+02,  8.49198E+02,  1.06873E+03,  1.29681E+03,  1.51916E+03,  1.72067E+03,  1.88745E+03,  2.00852E+03,  2.07717E+03,  2.09139E+03,  2.05368E+03,  1.97026E+03,  1.84988E+03,  1.70259E+03,  1.53853E+03,  1.36707E+03,  1.19615E+03,  1.03201E+03,  8.79123E+02,  7.40296E+02,  6.16951E+02,  5.09392E+02,  4.17107E+02,  3.39039E+02,  2.73807E+02,  2.19886E+02,  1.75733E+02,  1.39874E+02,  1.10959E+02,  8.77881E+01,  6.93188E+01,  5.46643E+01,  4.30818E+01,  3.39570E+01,  2.67876E+01,  2.11668E+01,  1.67676E+01,  1.33288E+01,  1.06432E+01,  8.54697E+00,  6.91110E+00,  5.63442E+00,  4.63776E+00,  3.85926E+00,  3.25070E+00,  2.77454E+00,  2.40154E+00,  2.10899E+00,  1.87920E+00,  1.69843E+00,  1.55599E+00,  1.44356E+00,  1.35464E+00,  1.28419E+00,  1.22826E+00,  1.18376E+00,  1.14829E+00,  1.11995E+00,  1.09726E+00,  1.07905E+00,  1.06441E+00,  1.05260E+00,  1.04307E+00,  1.03535E+00,  1.02908E+00,  1.02398E+00,  1.01982E+00,  1.01643E+00,  1.01365E+00,  1.01136E+00,  1.00948E+00,  1.00793E+00
  1.00000E+00,  1.00000E+00,  1.00000E+00,  1.00002E+00,  1.00011E+00,  1.00049E+00,  1.00153E+00,  1.00383E+00,  1.00818E+00,  1.01585E+00,  1.02897E+00,  1.05149E+00,  1.09081E+00,  1.16092E+00,  1.28841E+00,  1.52358E+00,  1.96084E+00,  2.77462E+00,  4.27962E+00,  7.02597E+00,  1.19377E+01,  2.04940E+01,  3.49327E+01,  5.84239E+01,  9.51266E+01,  1.50018E+02,  2.28399E+02,  3.35040E+02,  4.73049E+02,  6.42683E+02,  8.40404E+02,  1.05849E+03,  1.28544E+03,  1.50711E+03,  1.70851E+03,  1.87575E+03,  1.99784E+03,  2.06794E+03,  2.08392E+03,  2.04812E+03,  1.96660E+03,  1.84799E+03,  1.70224E+03,  1.53944E+03,  1.36893E+03,  1.19867E+03,  1.03494E+03,  8.82230E+02,  7.43412E+02,  6.19948E+02,  5.12184E+02,  4.19643E+02,  3.41294E+02,  2.75777E+02,  2.21582E+02,  1.77175E+02,  1.41087E+02,  1.11970E+02,  8.86243E+01,  7.00056E+01,  5.52251E+01,  4.35375E+01,  3.43257E+01,  2.70849E+01,  2.14059E+01,  1.69593E+01,  1.34824E+01,  1.07660E+01,  8.64502E+00,  6.98936E+00,  5.69687E+00,  4.68759E+00,  3.89902E+00,  3.28245E+00,  2.79990E+00,  2.42182E+00,  2.12522E+00,  1.89220E+00,  1.70886E+00,  1.56437E+00,  1.45030E+00,  1.36007E+00,  1.28858E+00,  1.23181E+00,  1.18664E+00,  1.15062E+00,  1.12185E+00,  1.09881E+00,  1.08031E+00,  1.06544E+00,  1.05345E+00,  1.04376E+00,  1.03592E+00,  1.02955E+00,  1.02437E+00,  1.02015E+00,  1.01670E+00,  1.01387E+00,  1.01155E+00,  1.00964E+00,  1.00806E+00
  1.00000E+00,  1.00000E+00,  1.00000E+00,  1.00001E+00,  1.00011E+00,  1.00048E+00,  1.00152E+00,  1.00380E+00,  1.00812E+00,  1.01573E+00,  1.02876E+00,  1.05110E+00,  1.09007E+00,  1.15950E+00,  1.28563E+00,  1.51811E+00,  1.95005E+00,  2.75340E+00,  4.23834E+00,  6.94705E+00,  1.17903E+01,  2.02269E+01,  3.44647E+01,  5.76347E+01,  9.38500E+01,  1.48042E+02,  2.25478E+02,  3.30918E+02,  4.67504E+02,  6.35572E+02,  8.31708E+02,  1.04835E+03,  1.27416E+03,  1.49515E+03,  1.69641E+03,  1.86410E+03,  1.98718E+03,  2.05872E+03,  2.07644E+03,  2.04253E+03,  1.96290E+03,  1.84605E+03,  1.70183E+03,  1.54029E+03,  1.37074E+03,  1.20116E+03,  1.03783E+03,  8.85313E+02,  7.46511E+02,  6.22934E+02,  5.14969E+02,  4.22175E+02,  3.43548E+02,  2.77749E+02,  2.23281E+02,  1.78621E+02,  1.42304E+02,  1.12985E+02,  8.94642E+01,  7.06958E+01,  5.57891E+01,  4.39960E+01,  3.46969E+01,  2.73844E+01,  2.16467E+01,  1.71526E+01,  1.36372E+01,  1.08898E+01,  8.74396E+00,  7.06836E+00,  5.75992E+00,  4.73790E+00,  3.93918E+00,  3.31452E+00,  2.82552E+00,  2.44231E+00,  2.14162E+00,  1.90535E+00,  1.71941E+00,  1.57285E+00,  1.45712E+00,  1.36557E+00,  1.29301E+00,  1.23540E+00,  1.18954E+00,  1.15298E+00,  1.12377E+00,  1.10037E+00,  1.08159E+00,  1.06649E+00,  1.05431E+00,  1.04447E+00,  1.03650E+00,  1.03003E+00,  1.02477E+00,  1.02048E+00,  1.01697E+00,  1.01410E+00,  1.01174E+00,  1.00980E+00,  1.00819E+00
  1.00000E+00,  1.00000E+00,  1.00000E+00,  1.00001E+00,  1.00011E+00,  1.00048E+00,  1.00151E+00,  1.00377E+00,  1.00806E+00,  1.01562E+00,  1.02855E+00,  1.05071E+00,  1.08933E+00,  1.15809E+00,  1.28289E+00,  1.51273E+00,  1.93942E+00,  2.73251E+00,  4.19772E+00,  6.86941E+00,  1.16454E+01,  1.99641E+01,  3.40044E+01,  5.68583E+01,  9.25937E+01,  1.46097E+02,  2.22599E+02,  3.26853E+02,  4.62031E+02,  6.28546E+02,  8.23109E+02,  1.03832E+03,  1.26299E+03,  1.48328E+03,  1.68439E+03,  1.85250E+03,  1.97655E+03,  2.04950E+03,  2.06894E+03,  2.03691E+03,  1.95915E+03,  1.84406E+03,  1.70138E+03,  1.54110E+03,  1.37252E+03,  1.20361E+03,  1.04070E+03,  8.88374E+02,  7.49593E+02,  6.25908E+02,  5.17748E+02,  4.24704E+02,  3.45801E+02,  2.79722E+02,  2.24983E+02,  1.80070E+02,  1.43525E+02,  1.14004E+02,  9.03078E+01,  7.13895E+01,  5.63562E+01,  4.44572E+01,  3.50705E+01,  2.76859E+01,  2.18894E+01,  1.73474E+01,  1.37933E+01,  1.10147E+01,  8.84377E+00,  7.14807E+00,  5.82357E+00,  4.78871E+00,  3.97975E+00,  3.34692E+00,  2.85142E+00,  2.46303E+00,  2.15820E+00,  1.91864E+00,  1.73008E+00,  1.58142E+00,  1.46402E+00,  1.37113E+00,  1.29751E+00,  1.23903E+00,  1.19249E+00,  1.15537E+00,  1.12571E+00,  1.10196E+00,  1.08289E+00,  1.06755E+00,  1.05518E+00,  1.04518E+00,  1.03709E+00,  1.03052E+00,  1.02517E+00,  1.02081E+00,  1.01725E+00,  1.01433E+00,  1.01193E+00,  1.00996E+00,  1.00833E+00
  1.00000E+00,  1.00000E+00,  1.00000E+00,  1.00001E+00,  1.00011E+00,  1.00047E+00,  1.00149E+00,  1.00374E+00,  1.00800E+00,  1.01551E+00,  1.02835E+00,  1.05033E+00,  1.08861E+00,  1.15670E+00,  1.28019E+00,  1.50742E+00,  1.92895E+00,  2.71195E+00,  4.15775E+00,  6.79305E+00,  1.15029E+01,  1.97058E+01,  3.35516E+01,  5.60945E+01,  9.13572E+01,  1.44181E+02,  2.19762E+02,  3.22845E+02,  4.56630E+02,  6.21606E+02,  8.14605E+02,  1.02838E+03,  1.25191E+03,  1.47150E+03,  1.67244E+03,  1.84096E+03,  1.96595E+03,  2.04029E+03,  2.06143E+03,  2.03125E+03,  1.95537E+03,  1.84202E+03,  1.70087E+03,  1.54186E+03,  1.37424E+03,  1.20602E+03,  1.04353E+03,  8.91411E+02,  7.52658E+02,  6.28872E+02,  5.20520E+02,  4.27230E+02,  3.48055E+02,  2.81697E+02,  2.26688E+02,  1.81523E+02,  1.44750E+02,  1.15027E+02,  9.11552E+01,  7.20867E+01,  5.69264E+01,  4.49213E+01,  3.54465E+01,  2.79895E+01,  2.21338E+01,  1.75437E+01,  1.39506E+01,  1.11406E+01,  8.94447E+00,  7.22853E+00,  5.88781E+00,  4.84001E+00,  4.02072E+00,  3.37966E+00,  2.87759E+00,  2.48396E+00,  2.17497E+00,  1.93208E+00,  1.74087E+00,  1.59009E+00,  1.47100E+00,  1.37676E+00,  1.30205E+00,  1.24271E+00,  1.19547E+00,  1.15779E+00,  1.12768E+00,  1.10356E+00,  1.08420E+00,  1.06862E+00,  1.05606E+00,  1.04591E+00,  1.03768E+00,  1.03101E+00,  1.02558E+00,  1.02115E+00,  1.01753E+00,  1.01456E+00,  1.01212E+00,  1.01012E+00,  1.00846E+00
  1.00000E+00,  1.00000E+00,  1.00000E+00,  1.00001E+00,  1.00011E+00,  1.00047E+00,  1.00148E+00,  1.00371E+00,  1.00794E+00,  1.01540E+00,  1.02814E+00,  1.04995E+00,  1.08789E+00,  1.15533E+00,  1.27752E+00,  1.50218E+00,  1.91864E+00,  2.69170E+00,  4.11842E+00,  6.71793E+00,  1.13628E+01,  1.94517E+01,  3.31063E+01,  5.53431E+01,  9.01403E+01,  1.42294E+02,  2.16967E+02,  3.18893E+02,  4.51299E+02,  6.14750E+02,  8.06196E+02,  1.01854E+03,  1.24093E+03,  1.45980E+03,  1.66057E+03,  1.82947E+03,  1.95538E+03,  2.03109E+03,  2.05391E+03,  2.02557E+03,  1.95154E+03,  1.83994E+03,  1.70032E+03,  1.54257E+03,  1.37593E+03,  1.20839E+03,  1.04634E+03,  8.94425E+02,  7.55706E+02,  6.31823E+02,  5.23285E+02,  4.29753E+02,  3.50308E+02,  2.83673E+02,  2.28395E+02,  1.82979E+02,  1.45978E+02,  1.16054E+02,  9.20062E+01,  7.27873E+01,  5.74997E+01,  4.53881E+01,  3.58250E+01,  2.82952E+01,  2.23800E+01,  1.77416E+01,  1.41093E+01,  1.12677E+01,  9.04605E+00,  7.30971E+00,  5.95267E+00,  4.89181E+00,  4.06210E+00,  3.41272E+00,  2.90403E+00,  2.50512E+00,  2.19192E+00,  1.94567E+00,  1.75178E+00,  1.59886E+00,  1.47806E+00,  1.38246E+00,  1.30665E+00,  1.24643E+00,  1.19849E+00,  1.16024E+00,  1.12967E+00,  1.10519E+00,  1.08552E+00,  1.06971E+00,  1.05695E+00,  1.04664E+00,  1.03829E+00,  1.03151E+00,  1.02599E+00,  1.02149E+00,  1.01781E+00,  1.01480E+00,  1.01232E+00,  1.01028E+00,  1.00860E+00
  1.00000E+00,  1.00000E+00,  1.00000E+00,  1.00001E+00,  1.00010E+00,  1.00046E+00,  1.00147E+00,  1.00368E+00,  1.00788E+00,  1.01529E+00,  1.02794E+00,  1.04957E+00,  1.08719E+00,  1.15398E+00,  1.27489E+00,  1.49702E+00,  1.90848E+00,  2.67177E+00,  4.07971E+00,  6.64404E+00,  1.12249E+01,  1.92018E+01,  3.26683E+01,  5.46038E+01,  8.89426E+01,  1.40436E+02,  2.14213E+02,  3.14996E+02,  4.46038E+02,  6.07976E+02,  7.97879E+02,  1.00880E+03,  1.23004E+03,  1.44820E+03,  1.64877E+03,  1.81803E+03,  1.94484E+03,  2.02190E+03,  2.04638E+03,  2.01986E+03,  1.94768E+03,  1.83780E+03,  1.69972E+03,  1.54323E+03,  1.37757E+03,  1.21073E+03,  1.04911E+03,  8.97415E+02,  7.58737E+02,  6.34763E+02,  5.26043E+02,  4.32272E+02,  3.52560E+02,  2.85650E+02,  2.30105E+02,  1.84438E+02,  1.47210E+02,  1.17084E+02,  9.28610E+01,  7.34913E+01,  5.80762E+01,  4.58577E+01,  3.62059E+01,  2.86031E+01,  2.26281E+01,  1.79409E+01,  1.42692E+01,  1.13957E+01,  9.14852E+00,  7.39163E+00,  6.01813E+00,  4.94411E+00,  4.10389E+00,  3.44613E+00,  2.93075E+00,  2.52650E+00,  2.20905E+00,  1.95941E+00,  1.76281E+00,  1.60774E+00,  1.48521E+00,  1.38822E+00,  1.31131E+00,  1.25019E+00,  1.20154E+00,  1.16272E+00,  1.13169E+00,  1.10683E+00,  1.08687E+00,  1.07081E+00,  1.05785E+00,  1.04738E+00,  1.03890E+00,  1.03201E+00,  1.02641E+00,  1.02183E+00,  1.01810E+00,  1.01503E+00,  1.01252E+00,  1.01045E+00,  1.00874E+00
  1.00000E+00,  1.00000E+00,  1.00000E+00,  1.00001E+00,  1.00010E+00,  1.00046E+00,  1.00145E+00,  1.00365E+00,  1.00782E+00,  1.01518E+00,  1.02774E+00,  1.04920E+00,  1.08649E+00,  1.15264E+00,  1.27230E+00,  1.49193E+00,  1.89847E+00,  2.65214E+00,  4.04162E+00,  6.57134E+00,  1.10893E+01,  1.89560E+01,  3.22374E+01,  5.38764E+01,  8.77636E+01,  1.38607E+02,  2.11499E+02,  3.11152E+02,  4.40845E+02,  6.01285E+02,  7.89655E+02,  9.99156E+02,  1.21925E+03,  1.43668E+03,  1.63704E+03,  1.80665E+03,  1.93433E+03,  2.01271E+03,  2.03883E+03,  2.01413E+03,  1.94377E+03,  1.83562E+03,  1.69907E+03,  1.54385E+03,  1.37917E+03,  1.21303E+03,  1.05185E+03,  9.00381E+02,  7.61751E+02,  6.37692E+02,  5.28794E+02,  4.34788E+02,  3.54811E+02,  2.87628E+02,  2.31817E+02,  1.85901E+02,  1.48446E+02,  1.18118E+02,  9.37193E+01,  7.41988E+01,  5.86558E+01,  4.63301E+01,  3.65892E+01,  2.89130E+01,  2.28779E+01,  1.81418E+01,  1.44304E+01,  1.15249E+01,  9.25189E+00,  7.47429E+00,  6.08420E+00,  4.99692E+00,  4.14610E+00,  3.47987E+00,  2.95774E+00,  2.54811E+00,  2.22636E+00,  1.97330E+00,  1.77397E+00,  1.61671E+00,  1.49243E+00,  1.39405E+00,  1.31601E+00,  1.25401E+00,  1.20463E+00,  1.16523E+00,  1.13374E+00,  1.10850E+00,  1.08823E+00,  1.07192E+00,  1.05877E+00,  1.04813E+00,  1.03952E+00,  1.03252E+00,  1.02683E+00,  1.02218E+00,  1.01839E+00,  1.01528E+00,  1.01272E+00,  1.01062E+00,  1.00888E+00
  1.00000E+00,  1.00000E+00,  1.00000E+00,  1.00001E+00,  1.00010E+00,  1.00046E+00,  1.00144E+00,  1.00362E+00,  1.00777E+00,  1.01507E+00,  1.02754E+00,  1.04883E+00,  1.08580E+00,  1.15132E+00,  1.26974E+00,  1.48691E+00,  1.88861E+00,  2.63282E+00,  4.00413E+00,  6.49981E+00,  1.09559E+01,  1.87143E+01,  3.18136E+01,  5.31607E+01,  8.66032E+01,  1.36805E+02,  2.08825E+02,  3.07362E+02,  4.35720E+02,  5.94675E+02,  7.81522E+02,  9.89609E+02,  1.20856E+03,  1.42525E+03,  1.62538E+03,  1.79532E+03,  1.92386E+03,  2.00353E+03,  2.03127E+03,  2.00836E+03,  1.93983E+03,  1.83340E+03,  1.69837E+03,  1.54442E+03,  1.38073E+03,  1.21529E+03,  1.05456E+03,  9.03324E+02,  7.64747E+02,  6.40608E+02,  5.31537E+02,  4.37301E+02,  3.57062E+02,  2.89608E+02,  2.33532E+02,  1.87367E+02,  1.49686E+02,  1.19156E+02,  9.45814E+01,  7.49096E+01,  5.92384E+01,  4.68052E+01,  3.69750E+01,  2.92250E+01,  2.31295E+01,  1.83442E+01,  1.45929E+01,  1.16551E+01,  9.35615E+00,  7.55769E+00,  6.15089E+00,  5.05023E+00,  4.18872E+00,  3.51396E+00,  2.98501E+00,  2.56995E+00,  2.24387E+00,  1.98734E+00,  1.78525E+00,  1.62578E+00,  1.49974E+00,  1.39994E+00,  1.32078E+00,  1.25786E+00,  1.20776E+00,  1.16777E+00,  1.13580E+00,  1.11018E+00,  1.08961E+00,  1.07305E+00,  1.05969E+00,  1.04889E+00,  1.04014E+00,  1.03304E+00,  1.02726E+00,  1.02254E+00,  1.01868E+00,  1.01552E+00,  1.01293E+00,  1.01079E+00,  1.00903E+00
  1.00000E+00,  1.00000E+00,  1.00000E+00,  1.00001E+00,  1.00010E+00,  1.00045E+00,  1.00143E+00,  1.00359E+00,  1.00771E+00,  1.01496E+00,  1.02734E+00,  1.04847E+00,  1.08512E+00,  1.15002E+00,  1.26721E+00,  1.48196E+00,  1.87889E+00,  2.61379E+00,  3.96724E+00,  6.42944E+00,  1.08247E+01,  1.84765E+01,  3.13967E+01,  5.24564E+01,  8.54610E+01,  1.35030E+02,  2.06189E+02,  3.03624E+02,  4.30662E+02,  5.88144E+02,  7.73480E+02,  9.80159E+02,  1.19796E+03,  1.41391E+03,  1.61380E+03,  1.78404E+03,  1.91341E+03,  1.99437E+03,  2.02371E+03,  2.00257E+03,  1.93584E+03,  1.83113E+03,  1.69762E+03,  1.54494E+03,  1.38224E+03,  1.21752E+03,  1.05725E+03,  9.06243E+02,  7.67726E+02,  6.43513E+02,  5.34274E+02,  4.39810E+02,  3.59312E+02,  2.91589E+02,  2.35249E+02,  1.88837E+02,  1.50929E+02,  1.20198E+02,  9.54470E+01,  7.56239E+01,  5.98242E+01,  4.72831E+01,  3.73632E+01,  2.95392E+01,  2.33830E+01,  1.85481E+01,  1.47566E+01,  1.17864E+01,  9.46132E+00,  7.64184E+00,  6.21819E+00,  5.10404E+00,  4.23175E+00,  3.54838E+00,  3.01257E+00,  2.59202E+00,  2.26156E+00,  2.00154E+00,  1.79665E+00,  1.63496E+00,  1.50713E+00,  1.40591E+00,  1.32560E+00,  1.26176E+00,  1.21092E+00,  1.17035E+00,  1.13790E+00,  1.11189E+00,  1.09100E+00,  1.07419E+00,  1.06063E+00,  1.04966E+00,  1.04078E+00,  1.03356E+00,  1.02769E+00,  1.02290E+00,  1.01898E+00,  1.01577E+00,  1.01313E+00,  1.01096E+00,  1.00917E+00
  1.00000E+00,  1.00000E+00,  1.00000E+00,  1.00001E+00,  1.00010E+00,  1.00045E+00,  1.00142E+00,  1.00356E+00,  1.00765E+00,  1.01486E+00,  1.02715E+00,  1.04811E+00,  1.08444E+00,  1.14873E+00,  1.26471E+00,  1.47709E+00,  1.86931E+00,  2.59505E+00,  3.93092E+00,  6.36020E+00,  1.06956E+01,  1.82426E+01,  3.09865E+01,  5.17635E+01,  8.43366E+01,  1.33283E+02,  2.03592E+02,  2.99938E+02,  4.25669E+02,  5.81693E+02,  7.65526E+02,  9.70802E+02,  1.18746E+03,  1.40265E+03,  1.60228E+03,  1.77282E+03,  1.90300E+03,  1.98521E+03,  2.01613E+03,  1.99676E+03,  1.93182E+03,  1.82882E+03,  1.69682E+03,  1.54542E+03,  1.38371E+03,  1.21971E+03,  1.05990E+03,  9.09138E+02,  7.70687E+02,  6.46405E+02,  5.37002E+02,  4.42314E+02,  3.61560E+02,  2.93571E+02,  2.36968E+02,  1.90309E+02,  1.52175E+02,  1.21243E+02,  9.63162E+01,  7.63415E+01,  6.04131E+01,  4.77638E+01,  3.77538E+01,  2.98554E+01,  2.36382E+01,  1.87536E+01,  1.49217E+01,  1.19188E+01,  9.56738E+00,  7.72674E+00,  6.28611E+00,  5.15837E+00,  4.27521E+00,  3.58315E+00,  3.04040E+00,  2.61432E+00,  2.27943E+00,  2.01589E+00,  1.80818E+00,  1.64423E+00,  1.51461E+00,  1.41194E+00,  1.33048E+00,  1.26571E+00,  1.21412E+00,  1.17295E+00,  1.14001E+00,  1.11362E+00,  1.09242E+00,  1.07535E+00,  1.06158E+00,  1.05044E+00,  1.04142E+00,  1.03409E+00,  1.02813E+00,  1.02326E+00,  1.01928E+00,  1.01602E+00,  1.01334E+00,  1.01114E+00,  1.00932E+00
  1.00000E+00,  1.00000E+00,  1.00000E+00,  1.00001E+00,  1.00010E+00,  1.00044E+00,  1.00140E+00,  1.00353E+00,  1.00760E+00,  1.01475E+00,  1.02695E+00,  1.04775E+00,  1.08377E+00,  1.14746E+00,  1.26225E+00,  1.47228E+00,  1.85988E+00,  2.57659E+00,  3.89517E+00,  6.29207E+00,  1.05687E+01,  1.80125E+01,  3.05830E+01,  5.10816E+01,  8.32298E+01,  1.31562E+02,  2.01033E+02,  2.96303E+02,  4.20741E+02,  5.75319E+02,  7.57661E+02,  9.61540E+02,  1.17705E+03,  1.39148E+03,  1.59084E+03,  1.76165E+03,  1.89262E+03,  1.97607E+03,  2.00855E+03,  1.99091E+03,  1.92777E+03,  1.82646E+03,  1.69598E+03,  1.54585E+03,  1.38514E+03,  1.22186E+03,  1.06252E+03,  9.12009E+02,  7.73630E+02,  6.49285E+02,  5.39724E+02,  4.44815E+02,  3.63808E+02,  2.95553E+02,  2.38690E+02,  1.91784E+02,  1.53425E+02,  1.22292E+02,  9.71889E+01,  7.70625E+01,  6.10050E+01,  4.82472E+01,  3.81468E+01,  3.01738E+01,  2.38952E+01,  1.89606E+01,  1.50881E+01,  1.20523E+01,  9.67435E+00,  7.81239E+00,  6.35465E+00,  5.21321E+00,  4.31908E+00,  3.61827E+00,  3.06852E+00,  2.63685E+00,  2.29750E+00,  2.03039E+00,  1.81984E+00,  1.65362E+00,  1.52217E+00,  1.41804E+00,  1.33541E+00,  1.26971E+00,  1.21737E+00,  1.17558E+00,  1.14216E+00,  1.11537E+00,  1.09385E+00,  1.07652E+00,  1.06254E+00,  1.05123E+00,  1.04207E+00,  1.03463E+00,  1.02857E+00,  1.02363E+00,  1.01959E+00,  1.01628E+00,  1.01356E+00,  1.01132E+00,  1.00947E+00
  1.00000E+00,  1.00000E+00,  1.00000E+00,  1.00001E+00,  1.00010E+00,  1.00044E+00,  1.00139E+00,  1.00351E+00,  1.00754E+00,  1.01465E+00,  1.02676E+00,  1.04740E+00,  1.08311E+00,  1.14620E+00,  1.25982E+00,  1.46753E+00,  1.85058E+00,  2.55842E+00,  3.85998E+00,  6.22503E+00,  1.04438E+01,  1.77861E+01,  3.01860E+01,  5.04105E+01,  8.21402E+01,  1.29866E+02,  1.98510E+02,  2.92718E+02,  4.15877E+02,  5.69022E+02,  7.49882E+02,  9.52370E+02,  1.16673E+03,  1.38039E+03,  1.57948E+03,  1.75053E+03,  1.88228E+03,  1.96694E+03,  2.00095E+03,  1.98505E+03,  1.92367E+03,  1.82406E+03,  1.69510E+03,  1.54623E+03,  1.38652E+03,  1.22397E+03,  1.06511E+03,  9.14856E+02,  7.76556E+02,  6.52153E+02,  5.42437E+02,  4.47312E+02,  3.66054E+02,  2.97536E+02,  2.40414E+02,  1.93263E+02,  1.54679E+02,  1.23345E+02,  9.80652E+01,  7.77868E+01,  6.16000E+01,  4.87334E+01,  3.85423E+01,  3.04942E+01,  2.41541E+01,  1.91692E+01,  1.52557E+01,  1.21869E+01,  9.78223E+00,  7.89880E+00,  6.42382E+00,  5.26856E+00,  4.36338E+00,  3.65373E+00,  3.09692E+00,  2.65961E+00,  2.31576E+00,  2.04505E+00,  1.83163E+00,  1.66310E+00,  1.52982E+00,  1.42422E+00,  1.34040E+00,  1.27375E+00,  1.22064E+00,  1.17825E+00,  1.14433E+00,  1.11714E+00,  1.09529E+00,  1.07770E+00,  1.06351E+00,  1.05203E+00,  1.04273E+00,  1.03518E+00,  1.02903E+00,  1.02401E+00,  1.01990E+00,  1.01654E+00,  1.01377E+00,  1.01150E+00,  1.00962E+00
  1.00000E+00,  1.00000E+00,  1.00000E+00,  1.00001E+00,  1.00010E+00,  1.00043E+00,  1.00138E+00,  1.00348E+00,  1.00749E+00,  1.01454E+00,  1.02657E+00,  1.04705E+00,  1.08246E+00,  1.14496E+00,  1.25742E+00,  1.46285E+00,  1.84141E+00,  2.54052E+00,  3.82534E+00,  6.15905E+00,  1.03209E+01,  1.75634E+01,  2.97954E+01,  4.97501E+01,  8.10675E+01,  1.28197E+02,  1.96024E+02,  2.89182E+02,  4.11076E+02,  5.62802E+02,  7.42190E+02,  9.43292E+02,  1.15650E+03,  1.36939E+03,  1.56818E+03,  1.73947E+03,  1.87196E+03,  1.95782E+03,  1.99336E+03,  1.97916E+03,  1.91954E+03,  1.82161E+03,  1.69416E+03,  1.54657E+03,  1.38787E+03,  1.22605E+03,  1.06767E+03,  9.17680E+02,  7.79463E+02,  6.55008E+02,  5.45142E+02,  4.49805E+02,  3.68299E+02,  2.99521E+02,  2.42140E+02,  1.94744E+02,  1.55936E+02,  1.24401E+02,  9.89450E+01,  7.85144E+01,  6.21980E+01,  4.92223E+01,  3.89401E+01,  3.08168E+01,  2.44148E+01,  1.93793E+01,  1.54247E+01,  1.23226E+01,  9.89102E+00,  7.98596E+00,  6.49361E+00,  5.32443E+00,  4.40811E+00,  3.68954E+00,  3.12561E+00,  2.68261E+00,  2.33421E+00,  2.05987E+00,  1.84354E+00,  1.67269E+00,  1.53755E+00,  1.43046E+00,  1.34545E+00,  1.27784E+00,  1.22396E+00,  1.18094E+00,  1.14653E+00,  1.11893E+00,  1.09676E+00,  1.07890E+00,  1.06450E+00,  1.05284E+00,  1.04340E+00,  1.03573E+00,  1.02948E+00,  1.02438E+00,  1.02022E+00,  1.01680E+00,  1.01399E+00,  1.01168E+00,  1.00977E+00
  1.00000E+00,  1.00000E+00,  1.00000E+00,  1.00001E+00,  1.00010E+00,  1.00043E+00,  1.00137E+00,  1.00345E+00,  1.00743E+00,  1.01444E+00,  1.02639E+00,  1.04671E+00,  1.08182E+00,  1.14373E+00,  1.25506E+00,  1.45824E+00,  1.83238E+00,  2.52288E+00,  3.79124E+00,  6.09413E+00,  1.01999E+01,  1.73443E+01,  2.94111E+01,  4.91002E+01,  8.00114E+01,  1.26552E+02,  1.93574E+02,  2.85694E+02,  4.06337E+02,  5.56656E+02,  7.34584E+02,  9.34305E+02,  1.14636E+03,  1.35847E+03,  1.55696E+03,  1.72846E+03,  1.86169E+03,  1.94871E+03,  1.98575E+03,  1.97325E+03,  1.91538E+03,  1.81912E+03,  1.69318E+03,  1.54687E+03,  1.38917E+03,  1.22809E+03,  1.07020E+03,  9.20479E+02,  7.82353E+02,  6.57851E+02,  5.47840E+02,  4.52293E+02,  3.70542E+02,  3.01505E+02,  2.43868E+02,  1.96228E+02,  1.57196E+02,  1.25460E+02,  9.98283E+01,  7.92454E+01,  6.27991E+01,  4.97139E+01,  3.93404E+01,  3.11415E+01,  2.46772E+01,  1.95909E+01,  1.55950E+01,  1.24593E+01,  1.00007E+01,  8.07388E+00,  6.56403E+00,  5.38082E+00,  4.45326E+00,  3.72571E+00,  3.15459E+00,  2.70584E+00,  2.35286E+00,  2.07485E+00,  1.85558E+00,  1.68239E+00,  1.54537E+00,  1.43677E+00,  1.35055E+00,  1.28198E+00,  1.22732E+00,  1.18367E+00,  1.14875E+00,  1.12074E+00,  1.09824E+00,  1.08012E+00,  1.06549E+00,  1.05366E+00,  1.04408E+00,  1.03629E+00,  1.02994E+00,  1.02477E+00,  1.02053E+00,  1.01706E+00,  1.01421E+00,  1.01187E+00,  1.00993E+00
  1.00000E+00,  1.00000E+00,  1.00000E+00,  1.00001E+00,  1.00009E+00,  1.00042E+00,  1.00136E+00,  1.00342E+00,  1.00738E+00,  1.01434E+00,  1.02620E+00,  1.04637E+00,  1.08118E+00,  1.14252E+00,  1.25272E+00,  1.45369E+00,  1.82348E+00,  2.50552E+00,  3.75766E+00,  6.03023E+00,  1.00809E+01,  1.71287E+01,  2.90330E+01,  4.84606E+01,  7.89717E+01,  1.24932E+02,  1.91159E+02,  2.82255E+02,  4.01660E+02,  5.50584E+02,  7.27061E+02,  9.25409E+02,  1.13632E+03,  1.34764E+03,  1.54581E+03,  1.71751E+03,  1.85144E+03,  1.93962E+03,  1.97814E+03,  1.96732E+03,  1.91118E+03,  1.81660E+03,  1.69216E+03,  1.54712E+03,  1.39043E+03,  1.23010E+03,  1.07270E+03,  9.23254E+02,  7.85224E+02,  6.60681E+02,  5.50529E+02,  4.54777E+02,  3.72784E+02,  3.03490E+02,  2.45598E+02,  1.97716E+02,  1.58460E+02,  1.26524E+02,  1.00715E+02,  7.99796E+01,  6.34032E+01,  5.02083E+01,  3.97432E+01,  3.14682E+01,  2.49415E+01,  1.98041E+01,  1.57666E+01,  1.25972E+01,  1.01114E+01,  8.16257E+00,  6.63509E+00,  5.43773E+00,  4.49885E+00,  3.76222E+00,  3.18385E+00,  2.72931E+00,  2.37169E+00,  2.08998E+00,  1.86776E+00,  1.69219E+00,  1.55327E+00,  1.44316E+00,  1.35572E+00,  1.28616E+00,  1.23072E+00,  1.18643E+00,  1.15100E+00,  1.12258E+00,  1.09974E+00,  1.08135E+00,  1.06650E+00,  1.05450E+00,  1.04476E+00,  1.03685E+00,  1.03041E+00,  1.02516E+00,  1.02086E+00,  1.01733E+00,  1.01444E+00,  1.01205E+00,  1.01009E+00
  1.00000E+00,  1.00000E+00,  1.00000E+00,  1.00001E+00,  1.00009E+00,  1.00042E+00,  1.00134E+00,  1.00340E+00,  1.00732E+00,  1.01424E+00,  1.02602E+00,  1.04603E+00,  1.08055E+00,  1.14132E+00,  1.25041E+00,  1.44920E+00,  1.81471E+00,  2.48841E+00,  3.72460E+00,  5.96734E+00,  9.96386E+00,  1.69166E+01,  2.86609E+01,  4.78311E+01,  7.79481E+01,  1.23336E+02,  1.88779E+02,  2.78862E+02,  3.97043E+02,  5.44585E+02,  7.19622E+02,  9.16601E+02,  1.12636E+03,  1.33689E+03,  1.53472E+03,  1.70661E+03,  1.84123E+03,  1.93054E+03,  1.97052E+03,  1.96136E+03,  1.90695E+03,  1.81403E+03,  1.69109E+03,  1.54732E+03,  1.39165E+03,  1.23207E+03,  1.07517E+03,  9.26004E+02,  7.88078E+02,  6.63498E+02,  5.53210E+02,  4.57256E+02,  3.75025E+02,  3.05476E+02,  2.47330E+02,  1.99206E+02,  1.59727E+02,  1.27590E+02,  1.01605E+02,  8.07171E+01,  6.40104E+01,  5.07054E+01,  4.01483E+01,  3.17971E+01,  2.52076E+01,  2.00188E+01,  1.59394E+01,  1.27362E+01,  1.02229E+01,  8.25202E+00,  6.70678E+00,  5.49517E+00,  4.54486E+00,  3.79909E+00,  3.21341E+00,  2.75302E+00,  2.39073E+00,  2.10528E+00,  1.88006E+00,  1.70211E+00,  1.56127E+00,  1.44961E+00,  1.36094E+00,  1.29039E+00,  1.23415E+00,  1.18923E+00,  1.15327E+00,  1.12444E+00,  1.10126E+00,  1.08259E+00,  1.06753E+00,  1.05534E+00,  1.04545E+00,  1.03742E+00,  1.03089E+00,  1.02555E+00,  1.02118E+00,  1.01761E+00,  1.01467E+00,  1.01224E+00,  1.01025E+00
  1.00000E+00,  1.00000E+00,  1.00000E+00,  1.00001E+00,  1.00009E+00,  1.00042E+00,  1.00133E+00,  1.00337E+00,  1.00727E+00,  1.01414E+00,  1.02583E+00,  1.04569E+00,  1.07992E+00,  1.14014E+00,  1.24814E+00,  1.44477E+00,  1.80606E+00,  2.47156E+00,  3.69206E+00,  5.90544E+00,  9.84864E+00,  1.67079E+01,  2.82947E+01,  4.72115E+01,  7.69402E+01,  1.21764E+02,  1.86433E+02,  2.75516E+02,  3.92485E+02,  5.38659E+02,  7.12265E+02,  9.07882E+02,  1.11649E+03,  1.32623E+03,  1.52371E+03,  1.69577E+03,  1.83106E+03,  1.92147E+03,  1.96290E+03,  1.95539E+03,  1.90269E+03,  1.81141E+03,  1.68997E+03,  1.54748E+03,  1.39283E+03,  1.23400E+03,  1.07761E+03,  9.28731E+02,  7.90913E+02,  6.66302E+02,  5.55883E+02,  4.59731E+02,  3.77263E+02,  3.07462E+02,  2.49063E+02,  2.00698E+02,  1.60997E+02,  1.28660E+02,  1.02499E+02,  8.14579E+01,  6.46205E+01,  5.12052E+01,  4.05558E+01,  3.21281E+01,  2.54755E+01,  2.02351E+01,  1.61136E+01,  1.28762E+01,  1.03354E+01,  8.34224E+00,  6.77911E+00,  5.55313E+00,  4.59131E+00,  3.83632E+00,  3.24326E+00,  2.77697E+00,  2.40996E+00,  2.12074E+00,  1.89250E+00,  1.71212E+00,  1.56935E+00,  1.45614E+00,  1.36623E+00,  1.29467E+00,  1.23763E+00,  1.19206E+00,  1.15558E+00,  1.12632E+00,  1.10280E+00,  1.08385E+00,  1.06856E+00,  1.05619E+00,  1.04616E+00,  1.03800E+00,  1.03137E+00,  1.02595E+00,  1.02151E+00,  1.01788E+00,  1.01490E+00,  1.01244E+00,  1.01041E+00
  1.00000E+00,  1.00000E+00,  1.00000E+00,  1.00001E+00,  1.00009E+00,  1.00041E+00,  1.00132E+00,  1.00334E+00,  1.00722E+00,  1.01404E+00,  1.02565E+00,  1.04536E+00,  1.07931E+00,  1.13897E+00,  1.24589E+00,  1.44040E+00,  1.79753E+00,  2.45495E+00,  3.66001E+00,  5.84451E+00,  9.73527E+00,  1.65025E+01,  2.79344E+01,  4.66016E+01,  7.59479E+01,  1.20216E+02,  1.84121E+02,  2.72216E+02,  3.87986E+02,  5.32804E+02,  7.04990E+02,  8.99251E+02,  1.10671E+03,  1.31564E+03,  1.51278E+03,  1.68498E+03,  1.82092E+03,  1.91242E+03,  1.95527E+03,  1.94939E+03,  1.89839E+03,  1.80876E+03,  1.68882E+03,  1.54760E+03,  1.39397E+03,  1.23590E+03,  1.08001E+03,  9.31433E+02,  7.93729E+02,  6.69093E+02,  5.58547E+02,  4.62201E+02,  3.79500E+02,  3.09448E+02,  2.50799E+02,  2.02193E+02,  1.62270E+02,  1.29734E+02,  1.03396E+02,  8.22019E+01,  6.52337E+01,  5.17078E+01,  4.09657E+01,  3.24612E+01,  2.57453E+01,  2.04529E+01,  1.62892E+01,  1.30174E+01,  1.04488E+01,  8.43323E+00,  6.85207E+00,  5.61163E+00,  4.63820E+00,  3.87391E+00,  3.27341E+00,  2.80117E+00,  2.42939E+00,  2.13636E+00,  1.90507E+00,  1.72225E+00,  1.57752E+00,  1.46275E+00,  1.37157E+00,  1.29901E+00,  1.24114E+00,  1.19492E+00,  1.15791E+00,  1.12822E+00,  1.10435E+00,  1.08513E+00,  1.06961E+00,  1.05705E+00,  1.04687E+00,  1.03859E+00,  1.03185E+00,  1.02635E+00,  1.02185E+00,  1.01816E+00,  1.01513E+00,  1.01263E+00,  1.01057E+00
  1.00000E+00,  1.00000E+00,  1.00000E+00,  1.00001E+00,  1.00009E+00,  1.00041E+00,  1.00131E+00,  1.00332E+00,  1.00717E+00,  1.01394E+00,  1.02547E+00,  1.04503E+00,  1.07870E+00,  1.13782E+00,  1.24367E+00,  1.43609E+00,  1.78913E+00,  2.43860E+00,  3.62845E+00,  5.78453E+00,  9.62369E+00,  1.63004E+01,  2.75798E+01,  4.60013E+01,  7.49707E+01,  1.18691E+02,  1.81842E+02,  2.68961E+02,  3.83545E+02,  5.27019E+02,  6.97795E+02,  8.90706E+02,  1.09702E+03,  1.30514E+03,  1.50191E+03,  1.67424E+03,  1.81081E+03,  1.90339E+03,  1.94765E+03,  1.94337E+03,  1.89406E+03,  1.80607E+03,  1.68762E+03,  1.54767E+03,  1.39507E+03,  1.23776E+03,  1.08239E+03,  9.34111E+02,  7.96527E+02,  6.71871E+02,  5.61203E+02,  4.64666E+02,  3.81734E+02,  3.11434E+02,  2.52536E+02,  2.03691E+02,  1.63547E+02,  1.30810E+02,  1.04296E+02,  8.29492E+01,  6.58498E+01,  5.22130E+01,  4.13781E+01,  3.27963E+01,  2.60168E+01,  2.06723E+01,  1.64660E+01,  1.31597E+01,  1.05631E+01,  8.52500E+00,  6.92568E+00,  5.67065E+00,  4.68552E+00,  3.91186E+00,  3.30385E+00,  2.82560E+00,  2.44902E+00,  2.15214E+00,  1.91777E+00,  1.73249E+00,  1.58578E+00,  1.46942E+00,  1.37697E+00,  1.30339E+00,  1.24470E+00,  1.19781E+00,  1.16027E+00,  1.13015E+00,  1.10593E+00,  1.08642E+00,  1.07067E+00,  1.05792E+00,  1.04759E+00,  1.03919E+00,  1.03234E+00,  1.02676E+00,  1.02219E+00,  1.01844E+00,  1.01536E+00,  1.01283E+00,  1.01074E+00
  1.00000E+00,  1.00000E+00,  1.00000E+00,  1.00001E+00,  1.00009E+00,  1.00040E+00,  1.00130E+00,  1.00329E+00,  1.00711E+00,  1.01385E+00,  1.02530E+00,  1.04471E+00,  1.07810E+00,  1.13668E+00,  1.24148E+00,  1.43184E+00,  1.78084E+00,  2.42248E+00,  3.59737E+00,  5.72550E+00,  9.51387E+00,  1.61016E+01,  2.72308E+01,  4.54104E+01,  7.40086E+01,  1.17188E+02,  1.79595E+02,  2.65750E+02,  3.79161E+02,  5.21303E+02,  6.90680E+02,  8.82247E+02,  1.08741E+03,  1.29472E+03,  1.49111E+03,  1.66356E+03,  1.80075E+03,  1.89437E+03,  1.94001E+03,  1.93734E+03,  1.88970E+03,  1.80334E+03,  1.68637E+03,  1.54770E+03,  1.39612E+03,  1.23958E+03,  1.08474E+03,  9.36765E+02,  7.99307E+02,  6.74636E+02,  5.63850E+02,  4.67127E+02,  3.83967E+02,  3.13421E+02,  2.54274E+02,  2.05192E+02,  1.64826E+02,  1.31890E+02,  1.05200E+02,  8.36997E+01,  6.64690E+01,  5.27210E+01,  4.17928E+01,  3.31336E+01,  2.62902E+01,  2.08932E+01,  1.66441E+01,  1.33031E+01,  1.06783E+01,  8.61754E+00,  6.99994E+00,  5.73021E+00,  4.73329E+00,  3.95017E+00,  3.33459E+00,  2.85028E+00,  2.46885E+00,  2.16809E+00,  1.93061E+00,  1.74284E+00,  1.59413E+00,  1.47617E+00,  1.38244E+00,  1.30782E+00,  1.24830E+00,  1.20074E+00,  1.16265E+00,  1.13209E+00,  1.10752E+00,  1.08773E+00,  1.07174E+00,  1.05880E+00,  1.04831E+00,  1.03979E+00,  1.03284E+00,  1.02717E+00,  1.02253E+00,  1.01873E+00,  1.01560E+00,  1.01303E+00,  1.01090E+00
  1.00000E+00,  1.00000E+00,  1.00000E+00,  1.00001E+00,  1.00009E+00,  1.00040E+00,  1.00129E+00,  1.00327E+00,  1.00706E+00,  1.01375E+00,  1.02512E+00,  1.04439E+00,  1.07750E+00,  1.13555E+00,  1.23932E+00,  1.42765E+00,  1.77268E+00,  2.40660E+00,  3.56677E+00,  5.66738E+00,  9.40579E+00,  1.59058E+01,  2.68873E+01,  4.48287E+01,  7.30611E+01,  1.15708E+02,  1.77381E+02,  2.62583E+02,  3.74834E+02,  5.15656E+02,  6.83644E+02,  8.73873E+02,  1.07789E+03,  1.28438E+03,  1.48038E+03,  1.65294E+03,  1.79071E+03,  1.88537E+03,  1.93238E+03,  1.93129E+03,  1.88531E+03,  1.80058E+03,  1.68509E+03,  1.54769E+03,  1.39714E+03,  1.24137E+03,  1.08706E+03,  9.39394E+02,  8.02068E+02,  6.77387E+02,  5.66488E+02,  4.69582E+02,  3.86197E+02,  3.15407E+02,  2.56014E+02,  2.06695E+02,  1.66109E+02,  1.32974E+02,  1.06107E+02,  8.44533E+01,  6.70911E+01,  5.32316E+01,  4.22100E+01,  3.34730E+01,  2.65654E+01,  2.11157E+01,  1.68236E+01,  1.34476E+01,  1.07945E+01,  8.71086E+00,  7.07484E+00,  5.79030E+00,  4.78149E+00,  3.98885E+00,  3.36564E+00,  2.87521E+00,  2.48888E+00,  2.18420E+00,  1.94359E+00,  1.75330E+00,  1.60258E+00,  1.48300E+00,  1.38796E+00,  1.31230E+00,  1.25194E+00,  1.20370E+00,  1.16507E+00,  1.13406E+00,  1.10914E+00,  1.08905E+00,  1.07283E+00,  1.05970E+00,  1.04905E+00,  1.04040E+00,  1.03335E+00,  1.02759E+00,  1.02288E+00,  1.01902E+00,  1.01584E+00,  1.01323E+00,  1.01107E+00
  1.00000E+00,  1.00000E+00,  1.00000E+00,  1.00001E+00,  1.00009E+00,  1.00040E+00,  1.00127E+00,  1.00324E+00,  1.00701E+00,  1.01366E+00,  1.02495E+00,  1.04407E+00,  1.07691E+00,  1.13443E+00,  1.23718E+00,  1.42351E+00,  1.76462E+00,  2.39096E+00,  3.53663E+00,  5.61016E+00,  9.29941E+00,  1.57132E+01,  2.65493E+01,  4.42561E+01,  7.21281E+01,  1.14249E+02,  1.75198E+02,  2.59459E+02,  3.70562E+02,  5.10077E+02,  6.76685E+02,  8.65584E+02,  1.06846E+03,  1.27412E+03,  1.46973E+03,  1.64237E+03,  1.78072E+03,  1.87638E+03,  1.92474E+03,  1.92522E+03,  1.88089E+03,  1.79777E+03,  1.68376E+03,  1.54764E+03,  1.39812E+03,  1.24312E+03,  1.08934E+03,  9.41998E+02,  8.04810E+02,  6.80125E+02,  5.69118E+02,  4.72032E+02,  3.88425E+02,  3.17394E+02,  2.57756E+02,  2.08200E+02,  1.67395E+02,  1.34060E+02,  1.07017E+02,  8.52101E+01,  6.77161E+01,  5.37449E+01,  4.26295E+01,  3.38145E+01,  2.68424E+01,  2.13398E+01,  1.70044E+01,  1.35932E+01,  1.09117E+01,  8.80497E+00,  7.15039E+00,  5.85093E+00,  4.83014E+00,  4.02789E+00,  3.39698E+00,  2.90039E+00,  2.50912E+00,  2.20048E+00,  1.95670E+00,  1.76387E+00,  1.61111E+00,  1.48990E+00,  1.39355E+00,  1.31683E+00,  1.25562E+00,  1.20669E+00,  1.16751E+00,  1.13606E+00,  1.11077E+00,  1.09039E+00,  1.07392E+00,  1.06060E+00,  1.04980E+00,  1.04101E+00,  1.03386E+00,  1.02801E+00,  1.02323E+00,  1.01931E+00,  1.01609E+00,  1.01344E+00,  1.01124E+00
  1.00000E+00,  1.00000E+00,  1.00000E+00,  1.00001E+00,  1.00009E+00,  1.00039E+00,  1.00126E+00,  1.00322E+00,  1.00696E+00,  1.01356E+00,  1.02478E+00,  1.04376E+00,  1.07633E+00,  1.13333E+00,  1.23507E+00,  1.41943E+00,  1.75668E+00,  2.37554E+00,  3.50694E+00,  5.55383E+00,  9.19470E+00,  1.55236E+01,  2.62165E+01,  4.36924E+01,  7.12094E+01,  1.12813E+02,  1.73046E+02,  2.56377E+02,  3.66345E+02,  5.04565E+02,  6.69803E+02,  8.57377E+02,  1.05911E+03,  1.26394E+03,  1.45914E+03,  1.63185E+03,  1.77076E+03,  1.86741E+03,  1.91711E+03,  1.91913E+03,  1.87644E+03,  1.79493E+03,  1.68239E+03,  1.54754E+03,  1.39905E+03,  1.24484E+03,  1.09160E+03,  9.44578E+02,  8.07534E+02,  6.82850E+02,  5.71738E+02,  4.74476E+02,  3.90651E+02,  3.19380E+02,  2.59498E+02,  2.09708E+02,  1.68683E+02,  1.35150E+02,  1.07931E+02,  8.59701E+01,  6.83441E+01,  5.42609E+01,  4.30515E+01,  3.41581E+01,  2.71212E+01,  2.15654E+01,  1.71866E+01,  1.37400E+01,  1.10297E+01,  8.89986E+00,  7.22660E+00,  5.91211E+00,  4.87924E+00,  4.06731E+00,  3.42862E+00,  2.92581E+00,  2.52956E+00,  2.21693E+00,  1.96995E+00,  1.77455E+00,  1.61974E+00,  1.49688E+00,  1.39920E+00,  1.32141E+00,  1.25934E+00,  1.20972E+00,  1.16998E+00,  1.13808E+00,  1.11242E+00,  1.09174E+00,  1.07504E+00,  1.06152E+00,  1.05055E+00,  1.04164E+00,  1.03437E+00,  1.02844E+00,  1.02359E+00,  1.01961E+00,  1.01634E+00,  1.01364E+00,  1.01142E+00
  1.00000E+00,  1.00000E+00,  1.00000E+00,  1.00001E+00,  1.00008E+00,  1.00039E+00,  1.00125E+00,  1.00319E+00,  1.00691E+00,  1.01347E+00,  1.02461E+00,  1.04345E+00,  1.07575E+00,  1.13225E+00,  1.23299E+00,  1.41540E+00,  1.74885E+00,  2.36035E+00,  3.47770E+00,  5.49836E+00,  9.09163E+00,  1.53370E+01,  2.58890E+01,  4.31374E+01,  7.03045E+01,  1.11397E+02,  1.70925E+02,  2.53337E+02,  3.62181E+02,  4.99118E+02,  6.62998E+02,  8.49253E+02,  1.04984E+03,  1.25384E+03,  1.44862E+03,  1.62139E+03,  1.76084E+03,  1.85846E+03,  1.90947E+03,  1.91303E+03,  1.87197E+03,  1.79205E+03,  1.68098E+03,  1.54740E+03,  1.39995E+03,  1.24652E+03,  1.09383E+03,  9.47134E+02,  8.10238E+02,  6.85561E+02,  5.74349E+02,  4.76915E+02,  3.92874E+02,  3.21366E+02,  2.61243E+02,  2.11218E+02,  1.69975E+02,  1.36243E+02,  1.08848E+02,  8.67333E+01,  6.89751E+01,  5.47796E+01,  4.34758E+01,  3.45038E+01,  2.74018E+01,  2.17926E+01,  1.73700E+01,  1.38878E+01,  1.11487E+01,  8.99553E+00,  7.30346E+00,  5.97382E+00,  4.92879E+00,  4.10709E+00,  3.46058E+00,  2.95148E+00,  2.55020E+00,  2.23354E+00,  1.98333E+00,  1.78535E+00,  1.62846E+00,  1.50393E+00,  1.40491E+00,  1.32604E+00,  1.26311E+00,  1.21279E+00,  1.17248E+00,  1.14012E+00,  1.11409E+00,  1.09311E+00,  1.07616E+00,  1.06244E+00,  1.05132E+00,  1.04227E+00,  1.03490E+00,  1.02888E+00,  1.02395E+00,  1.01991E+00,  1.01659E+00,  1.01385E+00,  1.01159E+00
  1.00000E+00,  1.00000E+00,  1.00000E+00,  1.00001E+00,  1.00008E+00,  1.00038E+00,  1.00124E+00,  1.00317E+00,  1.00686E+00,  1.01338E+00,  1.02444E+00,  1.04314E+00,  1.07518E+00,  1.13117E+00,  1.23093E+00,  1.41142E+00,  1.74113E+00,  2.34538E+00,  3.44891E+00,  5.44375E+00,  8.99017E+00,  1.51533E+01,  2.55666E+01,  4.25911E+01,  6.94134E+01,  1.10002E+02,  1.68834E+02,  2.50339E+02,  3.58072E+02,  4.93737E+02,  6.56267E+02,  8.41211E+02,  1.04066E+03,  1.24382E+03,  1.43817E+03,  1.61099E+03,  1.75095E+03,  1.84953E+03,  1.90183E+03,  1.90691E+03,  1.86746E+03,  1.78913E+03,  1.67953E+03,  1.54722E+03,  1.40080E+03,  1.24817E+03,  1.09602E+03,  9.49665E+02,  8.12924E+02,  6.88258E+02,  5.76951E+02,  4.79349E+02,  3.95095E+02,  3.23351E+02,  2.62988E+02,  2.12730E+02,  1.71269E+02,  1.37340E+02,  1.09768E+02,  8.74995E+01,  6.96090E+01,  5.53010E+01,  4.39025E+01,  3.48516E+01,  2.76843E+01,  2.20213E+01,  1.75548E+01,  1.40368E+01,  1.12687E+01,  9.09200E+00,  7.38097E+00,  6.03608E+00,  4.97879E+00,  4.14724E+00,  3.49283E+00,  2.97741E+00,  2.57106E+00,  2.25033E+00,  1.99686E+00,  1.79626E+00,  1.63727E+00,  1.51106E+00,  1.41069E+00,  1.33073E+00,  1.26692E+00,  1.21589E+00,  1.17500E+00,  1.14218E+00,  1.11578E+00,  1.09450E+00,  1.07730E+00,  1.06338E+00,  1.05209E+00,  1.04291E+00,  1.03543E+00,  1.02932E+00,  1.02432E+00,  1.02021E+00,  1.01684E+00,  1.01407E+00,  1.01177E+00
  1.00000E+00,  1.00000E+00,  1.00000E+00,  1.00001E+00,  1.00008E+00,  1.00038E+00,  1.00123E+00,  1.00314E+00,  1.00681E+00,  1.01329E+00,  1.02427E+00,  1.04283E+00,  1.07461E+00,  1.13011E+00,  1.22890E+00,  1.40750E+00,  1.73352E+00,  2.33063E+00,  3.42054E+00,  5.38998E+00,  8.89029E+00,  1.49726E+01,  2.52493E+01,  4.20531E+01,  6.85358E+01,  1.08628E+02,  1.66773E+02,  2.47381E+02,  3.54014E+02,  4.88420E+02,  6.49611E+02,  8.33250E+02,  1.03156E+03,  1.23388E+03,  1.42779E+03,  1.60064E+03,  1.74111E+03,  1.84062E+03,  1.89420E+03,  1.90078E+03,  1.86293E+03,  1.78618E+03,  1.67804E+03,  1.54700E+03,  1.40162E+03,  1.24978E+03,  1.09819E+03,  9.52172E+02,  8.15591E+02,  6.90941E+02,  5.79544E+02,  4.81777E+02,  3.97313E+02,  3.25336E+02,  2.64734E+02,  2.14245E+02,  1.72566E+02,  1.38439E+02,  1.10691E+02,  8.82689E+01,  7.02457E+01,  5.58250E+01,  4.43316E+01,  3.52014E+01,  2.79686E+01,  2.22516E+01,  1.77409E+01,  1.41870E+01,  1.13896E+01,  9.18926E+00,  7.45915E+00,  6.09889E+00,  5.02924E+00,  4.18777E+00,  3.52540E+00,  3.00359E+00,  2.59212E+00,  2.26728E+00,  2.01053E+00,  1.80729E+00,  1.64618E+00,  1.51826E+00,  1.41653E+00,  1.33547E+00,  1.27077E+00,  1.21902E+00,  1.17756E+00,  1.14427E+00,  1.11749E+00,  1.09590E+00,  1.07845E+00,  1.06433E+00,  1.05287E+00,  1.04355E+00,  1.03596E+00,  1.02976E+00,  1.02469E+00,  1.02052E+00,  1.01710E+00,  1.01428E+00,  1.01195E+00
  1.00000E+00,  1.00000E+00,  1.00000E+00,  1.00001E+00,  1.00008E+00,  1.00038E+00,  1.00122E+00,  1.00312E+00,  1.00677E+00,  1.01319E+00,  1.02411E+00,  1.04253E+00,  1.07405E+00,  1.12906E+00,  1.22689E+00,  1.40363E+00,  1.72601E+00,  2.31609E+00,  3.39259E+00,  5.33703E+00,  8.79197E+00,  1.47946E+01,  2.49369E+01,  4.15235E+01,  6.76715E+01,  1.07274E+02,  1.64740E+02,  2.44462E+02,  3.50009E+02,  4.83167E+02,  6.43029E+02,  8.25369E+02,  1.02254E+03,  1.22402E+03,  1.41748E+03,  1.59034E+03,  1.73130E+03,  1.83173E+03,  1.88656E+03,  1.89463E+03,  1.85837E+03,  1.78319E+03,  1.67651E+03,  1.54674E+03,  1.40240E+03,  1.25135E+03,  1.10032E+03,  9.54653E+02,  8.18238E+02,  6.93610E+02,  5.82127E+02,  4.84200E+02,  3.99528E+02,  3.27321E+02,  2.66482E+02,  2.15761E+02,  1.73866E+02,  1.39542E+02,  1.11618E+02,  8.90413E+01,  7.08854E+01,  5.63516E+01,  4.47630E+01,  3.55534E+01,  2.82547E+01,  2.24835E+01,  1.79284E+01,  1.43382E+01,  1.15115E+01,  9.28732E+00,  7.53799E+00,  6.16225E+00,  5.08015E+00,  4.22867E+00,  3.55827E+00,  3.03002E+00,  2.61339E+00,  2.28441E+00,  2.02433E+00,  1.81843E+00,  1.65519E+00,  1.52555E+00,  1.42243E+00,  1.34026E+00,  1.27466E+00,  1.22219E+00,  1.18015E+00,  1.14639E+00,  1.11922E+00,  1.09732E+00,  1.07962E+00,  1.06529E+00,  1.05366E+00,  1.04421E+00,  1.03650E+00,  1.03021E+00,  1.02506E+00,  1.02083E+00,  1.01736E+00,  1.01450E+00,  1.01214E+00
  1.00000E+00,  1.00000E+00,  1.00000E+00,  1.00001E+00,  1.00008E+00,  1.00037E+00,  1.00121E+00,  1.00309E+00,  1.00672E+00,  1.01310E+00,  1.02394E+00,  1.04223E+00,  1.07350E+00,  1.12802E+00,  1.22491E+00,  1.39981E+00,  1.71861E+00,  2.30176E+00,  3.36507E+00,  5.28489E+00,  8.69516E+00,  1.46194E+01,  2.46293E+01,  4.10020E+01,  6.68202E+01,  1.05940E+02,  1.62737E+02,  2.41584E+02,  3.46054E+02,  4.77977E+02,  6.36519E+02,  8.17567E+02,  1.01361E+03,  1.21424E+03,  1.40724E+03,  1.58010E+03,  1.72152E+03,  1.82285E+03,  1.87893E+03,  1.88847E+03,  1.85378E+03,  1.78016E+03,  1.67493E+03,  1.54644E+03,  1.40314E+03,  1.25289E+03,  1.10243E+03,  9.57111E+02,  8.20867E+02,  6.96266E+02,  5.84701E+02,  4.86617E+02,  4.01741E+02,  3.29305E+02,  2.68230E+02,  2.17280E+02,  1.75169E+02,  1.40647E+02,  1.12547E+02,  8.98168E+01,  7.15280E+01,  5.68809E+01,  4.51968E+01,  3.59075E+01,  2.85426E+01,  2.27169E+01,  1.81172E+01,  1.44906E+01,  1.16343E+01,  9.38617E+00,  7.61750E+00,  6.22616E+00,  5.13151E+00,  4.26995E+00,  3.59146E+00,  3.05671E+00,  2.63487E+00,  2.30171E+00,  2.03828E+00,  1.82969E+00,  1.66429E+00,  1.53291E+00,  1.42840E+00,  1.34510E+00,  1.27860E+00,  1.22540E+00,  1.18276E+00,  1.14852E+00,  1.12097E+00,  1.09875E+00,  1.08080E+00,  1.06626E+00,  1.05447E+00,  1.04487E+00,  1.03705E+00,  1.03067E+00,  1.02544E+00,  1.02115E+00,  1.01763E+00,  1.01472E+00,  1.01232E+00
  1.00000E+00,  1.00000E+00,  1.00000E+00,  1.00001E+00,  1.00008E+00,  1.00037E+00,  1.00120E+00,  1.00307E+00,  1.00667E+00,  1.01302E+00,  1.02378E+00,  1.04194E+00,  1.07296E+00,  1.12699E+00,  1.22296E+00,  1.39604E+00,  1.71131E+00,  2.28763E+00,  3.33795E+00,  5.23354E+00,  8.59985E+00,  1.44469E+01,  2.43266E+01,  4.04884E+01,  6.59816E+01,  1.04625E+02,  1.60762E+02,  2.38743E+02,  3.42150E+02,  4.72848E+02,  6.30081E+02,  8.09844E+02,  1.00475E+03,  1.20453E+03,  1.39707E+03,  1.56991E+03,  1.71179E+03,  1.81400E+03,  1.87130E+03,  1.88229E+03,  1.84917E+03,  1.77711E+03,  1.67332E+03,  1.54610E+03,  1.40384E+03,  1.25440E+03,  1.10450E+03,  9.59543E+02,  8.23476E+02,  6.98907E+02,  5.87265E+02,  4.89027E+02,  4.03950E+02,  3.31288E+02,  2.69980E+02,  2.18801E+02,  1.76474E+02,  1.41756E+02,  1.13480E+02,  9.05954E+01,  7.21734E+01,  5.74129E+01,  4.56330E+01,  3.62636E+01,  2.88323E+01,  2.29519E+01,  1.83073E+01,  1.46441E+01,  1.17580E+01,  9.48582E+00,  7.69767E+00,  6.29063E+00,  5.18333E+00,  4.31161E+00,  3.62495E+00,  3.08366E+00,  2.65656E+00,  2.31919E+00,  2.05237E+00,  1.84107E+00,  1.67348E+00,  1.54036E+00,  1.43443E+00,  1.35000E+00,  1.28258E+00,  1.22864E+00,  1.18541E+00,  1.15069E+00,  1.12274E+00,  1.10020E+00,  1.08199E+00,  1.06725E+00,  1.05528E+00,  1.04554E+00,  1.03761E+00,  1.03113E+00,  1.02582E+00,  1.02147E+00,  1.01789E+00,  1.01494E+00,  1.01251E+00
  1.00000E+00,  1.00000E+00,  1.00000E+00,  1.00001E+00,  1.00008E+00,  1.00037E+00,  1.00119E+00,  1.00305E+00,  1.00662E+00,  1.01293E+00,  1.02362E+00,  1.04164E+00,  1.07241E+00,  1.12598E+00,  1.22102E+00,  1.39232E+00,  1.70411E+00,  2.27371E+00,  3.31123E+00,  5.18297E+00,  8.50601E+00,  1.42771E+01,  2.40285E+01,  3.99828E+01,  6.51557E+01,  1.03329E+02,  1.58814E+02,  2.35942E+02,  3.38296E+02,  4.67780E+02,  6.23714E+02,  8.02199E+02,  9.95976E+02,  1.19490E+03,  1.38696E+03,  1.55978E+03,  1.70209E+03,  1.80516E+03,  1.86367E+03,  1.87610E+03,  1.84453E+03,  1.77402E+03,  1.67168E+03,  1.54571E+03,  1.40450E+03,  1.25587E+03,  1.10655E+03,  9.61951E+02,  8.26067E+02,  7.01534E+02,  5.89819E+02,  4.91432E+02,  4.06157E+02,  3.33271E+02,  2.71730E+02,  2.20323E+02,  1.77782E+02,  1.42867E+02,  1.14416E+02,  9.13770E+01,  7.28217E+01,  5.79475E+01,  4.60716E+01,  3.66219E+01,  2.91239E+01,  2.31885E+01,  1.84988E+01,  1.47988E+01,  1.18827E+01,  9.58628E+00,  7.77851E+00,  6.35565E+00,  5.23561E+00,  4.35365E+00,  3.65877E+00,  3.11087E+00,  2.67846E+00,  2.33684E+00,  2.06661E+00,  1.85256E+00,  1.68277E+00,  1.54788E+00,  1.44053E+00,  1.35495E+00,  1.28661E+00,  1.23192E+00,  1.18808E+00,  1.15287E+00,  1.12453E+00,  1.10167E+00,  1.08320E+00,  1.06824E+00,  1.05610E+00,  1.04622E+00,  1.03817E+00,  1.03159E+00,  1.02621E+00,  1.02179E+00,  1.01816E+00,  1.01517E+00,  1.01270E+00
  1.00000E+00,  1.00000E+00,  1.00000E+00,  1.00001E+00,  1.00008E+00,  1.00036E+00,  1.00118E+00,  1.00302E+00,  1.00658E+00,  1.01284E+00,  1.02346E+00,  1.04135E+00,  1.07188E+00,  1.12497E+00,  1.21911E+00,  1.38864E+00,  1.69700E+00,  2.25999E+00,  3.28491E+00,  5.13317E+00,  8.41360E+00,  1.41100E+01,  2.37350E+01,  3.94849E+01,  6.43422E+01,  1.02053E+02,  1.56894E+02,  2.33177E+02,  3.34491E+02,  4.62773E+02,  6.17417E+02,  7.94630E+02,  9.87279E+02,  1.18534E+03,  1.37693E+03,  1.54970E+03,  1.69244E+03,  1.79635E+03,  1.85605E+03,  1.86990E+03,  1.83987E+03,  1.77089E+03,  1.66999E+03,  1.54529E+03,  1.40513E+03,  1.25730E+03,  1.10856E+03,  9.64334E+02,  8.28637E+02,  7.04147E+02,  5.92364E+02,  4.93831E+02,  4.08360E+02,  3.35252E+02,  2.73481E+02,  2.21848E+02,  1.79093E+02,  1.43982E+02,  1.15355E+02,  9.21616E+01,  7.34729E+01,  5.84846E+01,  4.65125E+01,  3.69822E+01,  2.94173E+01,  2.34266E+01,  1.86916E+01,  1.49546E+01,  1.20084E+01,  9.68754E+00,  7.86002E+00,  6.42123E+00,  5.28836E+00,  4.39607E+00,  3.69289E+00,  3.13833E+00,  2.70058E+00,  2.35467E+00,  2.08099E+00,  1.86418E+00,  1.69216E+00,  1.55548E+00,  1.44669E+00,  1.35995E+00,  1.29068E+00,  1.23524E+00,  1.19079E+00,  1.15508E+00,  1.12634E+00,  1.10316E+00,  1.08442E+00,  1.06925E+00,  1.05693E+00,  1.04691E+00,  1.03874E+00,  1.03207E+00,  1.02660E+00,  1.02212E+00,  1.01844E+00,  1.01540E+00,  1.01289E+00
  1.00000E+00,  1.00000E+00,  1.00000E+00,  1.00001E+00,  1.00008E+00,  1.00036E+00,  1.00117E+00,  1.00300E+00,  1.00653E+00,  1.01275E+00,  1.02330E+00,  1.04107E+00,  1.07135E+00,  1.12398E+00,  1.21723E+00,  1.38502E+00,  1.69000E+00,  2.24646E+00,  3.25897E+00,  5.08411E+00,  8.32262E+00,  1.39454E+01,  2.34460E+01,  3.89945E+01,  6.35408E+01,  1.00795E+02,  1.55001E+02,  2.30450E+02,  3.30734E+02,  4.57826E+02,  6.11190E+02,  7.87138E+02,  9.78661E+02,  1.17586E+03,  1.36696E+03,  1.53968E+03,  1.68282E+03,  1.78756E+03,  1.84843E+03,  1.86369E+03,  1.83518E+03,  1.76774E+03,  1.66826E+03,  1.54483E+03,  1.40572E+03,  1.25870E+03,  1.11055E+03,  9.66693E+02,  8.31189E+02,  7.06745E+02,  5.94899E+02,  4.96223E+02,  4.10561E+02,  3.37233E+02,  2.75233E+02,  2.23374E+02,  1.80406E+02,  1.45099E+02,  1.16297E+02,  9.29492E+01,  7.41269E+01,  5.90245E+01,  4.69558E+01,  3.73446E+01,  2.97125E+01,  2.36664E+01,  1.88858E+01,  1.51115E+01,  1.21351E+01,  9.78961E+00,  7.94221E+00,  6.48737E+00,  5.34157E+00,  4.43888E+00,  3.72734E+00,  3.16606E+00,  2.72292E+00,  2.37267E+00,  2.09552E+00,  1.87591E+00,  1.70165E+00,  1.56316E+00,  1.45292E+00,  1.36501E+00,  1.29479E+00,  1.23859E+00,  1.19353E+00,  1.15732E+00,  1.12818E+00,  1.10466E+00,  1.08566E+00,  1.07026E+00,  1.05777E+00,  1.04760E+00,  1.03932E+00,  1.03255E+00,  1.02700E+00,  1.02245E+00,  1.01871E+00,  1.01563E+00,  1.01309E+00
  1.00000E+00,  1.00000E+00,  1.00000E+00,  1.00001E+00,  1.00008E+00,  1.00035E+00,  1.00116E+00,  1.00298E+00,  1.00648E+00,  1.01267E+00,  1.02314E+00,  1.04078E+00,  1.07083E+00,  1.12300E+00,  1.21537E+00,  1.38144E+00,  1.68308E+00,  2.23312E+00,  3.23342E+00,  5.03580E+00,  8.23302E+00,  1.37833E+01,  2.31615E+01,  3.85116E+01,  6.27514E+01,  9.95548E+01,  1.53134E+02,  2.27760E+02,  3.27024E+02,  4.52937E+02,  6.05031E+02,  7.79721E+02,  9.70121E+02,  1.16646E+03,  1.35706E+03,  1.52971E+03,  1.67324E+03,  1.77879E+03,  1.84081E+03,  1.85746E+03,  1.83048E+03,  1.76455E+03,  1.66650E+03,  1.54433E+03,  1.40626E+03,  1.26007E+03,  1.11250E+03,  9.69027E+02,  8.33721E+02,  7.09329E+02,  5.97423E+02,  4.98610E+02,  4.12757E+02,  3.39213E+02,  2.76986E+02,  2.24902E+02,  1.81722E+02,  1.46219E+02,  1.17242E+02,  9.37397E+01,  7.47837E+01,  5.95669E+01,  4.74014E+01,  3.77091E+01,  3.00095E+01,  2.39077E+01,  1.90813E+01,  1.52696E+01,  1.22627E+01,  9.89249E+00,  8.02508E+00,  6.55407E+00,  5.39525E+00,  4.48208E+00,  3.76210E+00,  3.19405E+00,  2.74547E+00,  2.39085E+00,  2.11019E+00,  1.88776E+00,  1.71124E+00,  1.57093E+00,  1.45922E+00,  1.37013E+00,  1.29895E+00,  1.24198E+00,  1.19629E+00,  1.15958E+00,  1.13003E+00,  1.10619E+00,  1.08691E+00,  1.07130E+00,  1.05862E+00,  1.04831E+00,  1.03990E+00,  1.03303E+00,  1.02740E+00,  1.02279E+00,  1.01899E+00,  1.01587E+00,  1.01328E+00
  1.00000E+00,  1.00000E+00,  1.00000E+00,  1.00001E+00,  1.00008E+00,  1.00035E+00,  1.00115E+00,  1.00295E+00,  1.00644E+00,  1.01258E+00,  1.02299E+00,  1.04050E+00,  1.07031E+00,  1.12203E+00,  1.21353E+00,  1.37791E+00,  1.67627E+00,  2.21997E+00,  3.20823E+00,  4.98820E+00,  8.14479E+00,  1.36237E+01,  2.28813E+01,  3.80361E+01,  6.19737E+01,  9.83330E+01,  1.51293E+02,  2.25105E+02,  3.23362E+02,  4.48107E+02,  5.98941E+02,  7.72379E+02,  9.61658E+02,  1.15713E+03,  1.34722E+03,  1.51980E+03,  1.66370E+03,  1.77004E+03,  1.83320E+03,  1.85123E+03,  1.82574E+03,  1.76133E+03,  1.66470E+03,  1.54379E+03,  1.40678E+03,  1.26140E+03,  1.11443E+03,  9.71336E+02,  8.36234E+02,  7.11899E+02,  5.99938E+02,  5.00989E+02,  4.14951E+02,  3.41192E+02,  2.78739E+02,  2.26432E+02,  1.83040E+02,  1.47342E+02,  1.18190E+02,  9.45333E+01,  7.54433E+01,  6.01119E+01,  4.78494E+01,  3.80757E+01,  3.03084E+01,  2.41505E+01,  1.92782E+01,  1.54288E+01,  1.23913E+01,  9.99618E+00,  8.10862E+00,  6.62134E+00,  5.44940E+00,  4.52566E+00,  3.79719E+00,  3.22231E+00,  2.76823E+00,  2.40921E+00,  2.12501E+00,  1.89974E+00,  1.72093E+00,  1.57877E+00,  1.46558E+00,  1.37530E+00,  1.30316E+00,  1.24541E+00,  1.19909E+00,  1.16187E+00,  1.13190E+00,  1.10772E+00,  1.08818E+00,  1.07234E+00,  1.05948E+00,  1.04902E+00,  1.04049E+00,  1.03352E+00,  1.02781E+00,  1.02313E+00,  1.01928E+00,  1.01610E+00,  1.01348E+00
  1.00000E+00,  1.00000E+00,  1.00000E+00,  1.00001E+00,  1.00007E+00,  1.00035E+00,  1.00114E+00,  1.00293E+00,  1.00639E+00,  1.01250E+00,  1.02284E+00,  1.04022E+00,  1.06980E+00,  1.12107E+00,  1.21171E+00,  1.37442E+00,  1.66954E+00,  2.20701E+00,  3.18342E+00,  4.94132E+00,  8.05791E+00,  1.34666E+01,  2.26054E+01,  3.75677E+01,  6.12076E+01,  9.71288E+01,  1.49478E+02,  2.22486E+02,  3.19746E+02,  4.43333E+02,  5.92917E+02,  7.65111E+02,  9.53272E+02,  1.14787E+03,  1.33745E+03,  1.50994E+03,  1.65420E+03,  1.76131E+03,  1.82559E+03,  1.84499E+03,  1.82099E+03,  1.75807E+03,  1.66287E+03,  1.54321E+03,  1.40725E+03,  1.26270E+03,  1.11632E+03,  9.73620E+02,  8.38727E+02,  7.14454E+02,  6.02442E+02,  5.03363E+02,  4.17141E+02,  3.43169E+02,  2.80492E+02,  2.27964E+02,  1.84360E+02,  1.48468E+02,  1.19140E+02,  9.53297E+01,  7.61057E+01,  6.06595E+01,  4.82997E+01,  3.84443E+01,  3.06091E+01,  2.43950E+01,  1.94764E+01,  1.55892E+01,  1.25208E+01,  1.01007E+01,  8.19285E+00,  6.68918E+00,  5.50402E+00,  4.56963E+00,  3.83260E+00,  3.25083E+00,  2.79122E+00,  2.42775E+00,  2.13998E+00,  1.91183E+00,  1.73071E+00,  1.58670E+00,  1.47201E+00,  1.38052E+00,  1.30741E+00,  1.24887E+00,  1.20192E+00,  1.16419E+00,  1.13380E+00,  1.10928E+00,  1.08946E+00,  1.07339E+00,  1.06035E+00,  1.04974E+00,  1.04108E+00,  1.03401E+00,  1.02822E+00,  1.02347E+00,  1.01956E+00,  1.01634E+00,  1.01368E+00
  1.00000E+00,  1.00000E+00,  1.00000E+00,  1.00001E+00,  1.00007E+00,  1.00034E+00,  1.00113E+00,  1.00291E+00,  1.00635E+00,  1.01241E+00,  1.02268E+00,  1.03994E+00,  1.06929E+00,  1.12013E+00,  1.20991E+00,  1.37098E+00,  1.66291E+00,  2.19423E+00,  3.15897E+00,  4.89514E+00,  7.97233E+00,  1.33119E+01,  2.23338E+01,  3.71064E+01,  6.04528E+01,  9.59421E+01,  1.47689E+02,  2.19902E+02,  3.16176E+02,  4.38617E+02,  5.86959E+02,  7.57916E+02,  9.44962E+02,  1.13869E+03,  1.32775E+03,  1.50014E+03,  1.64474E+03,  1.75261E+03,  1.81799E+03,  1.83873E+03,  1.81621E+03,  1.75479E+03,  1.66100E+03,  1.54260E+03,  1.40769E+03,  1.26396E+03,  1.11819E+03,  9.75880E+02,  8.41200E+02,  7.16994E+02,  6.04936E+02,  5.05729E+02,  4.19327E+02,  3.45145E+02,  2.82246E+02,  2.29497E+02,  1.85683E+02,  1.49597E+02,  1.20094E+02,  9.61291E+01,  7.67709E+01,  6.12096E+01,  4.87523E+01,  3.88151E+01,  3.09116E+01,  2.46410E+01,  1.96760E+01,  1.57508E+01,  1.26513E+01,  1.02060E+01,  8.27776E+00,  6.75759E+00,  5.55911E+00,  4.61400E+00,  3.86833E+00,  3.27962E+00,  2.81443E+00,  2.44648E+00,  2.15509E+00,  1.92405E+00,  1.74060E+00,  1.59471E+00,  1.47851E+00,  1.38581E+00,  1.31171E+00,  1.25238E+00,  1.20478E+00,  1.16653E+00,  1.13572E+00,  1.11085E+00,  1.09075E+00,  1.07446E+00,  1.06123E+00,  1.05047E+00,  1.04169E+00,  1.03452E+00,  1.02864E+00,  1.02382E+00,  1.01986E+00,  1.01659E+00,  1.01389E+00
  1.00000E+00,  1.00000E+00,  1.00000E+00,  1.00001E+00,  1.00007E+00,  1.00034E+00,  1.00112E+00,  1.00289E+00,  1.00630E+00,  1.01233E+00,  1.02253E+00,  1.03967E+00,  1.06879E+00,  1.11919E+00,  1.20814E+00,  1.36758E+00,  1.65636E+00,  2.18162E+00,  3.13487E+00,  4.84965E+00,  7.88806E+00,  1.31595E+01,  2.20662E+01,  3.66521E+01,  5.97093E+01,  9.47724E+01,  1.45924E+02,  2.17352E+02,  3.12651E+02,  4.33956E+02,  5.81067E+02,  7.50793E+02,  9.36727E+02,  1.12959E+03,  1.31811E+03,  1.49039E+03,  1.63532E+03,  1.74393E+03,  1.81040E+03,  1.83247E+03,  1.81141E+03,  1.75148E+03,  1.65909E+03,  1.54194E+03,  1.40809E+03,  1.26519E+03,  1.12002E+03,  9.78115E+02,  8.43654E+02,  7.19520E+02,  6.07420E+02,  5.08090E+02,  4.21510E+02,  3.47120E+02,  2.84001E+02,  2.31032E+02,  1.87008E+02,  1.50728E+02,  1.21051E+02,  9.69314E+01,  7.74389E+01,  6.17624E+01,  4.92073E+01,  3.91879E+01,  3.12159E+01,  2.48886E+01,  1.98769E+01,  1.59134E+01,  1.27828E+01,  1.03122E+01,  8.36335E+00,  6.82657E+00,  5.61468E+00,  4.65875E+00,  3.90438E+00,  3.30867E+00,  2.83786E+00,  2.46538E+00,  2.17036E+00,  1.93640E+00,  1.75059E+00,  1.60281E+00,  1.48508E+00,  1.39114E+00,  1.31605E+00,  1.25592E+00,  1.20768E+00,  1.16889E+00,  1.13766E+00,  1.11245E+00,  1.09206E+00,  1.07554E+00,  1.06212E+00,  1.05120E+00,  1.04230E+00,  1.03502E+00,  1.02906E+00,  1.02417E+00,  1.02015E+00,  1.01683E+00,  1.01409E+00
  1.00000E+00,  1.00000E+00,  1.00000E+00,  1.00001E+00,  1.00007E+00,  1.00034E+00,  1.00111E+00,  1.00286E+00,  1.00626E+00,  1.01225E+00,  1.02238E+00,  1.03940E+00,  1.06829E+00,  1.11826E+00,  1.20638E+00,  1.36422E+00,  1.64990E+00,  2.16920E+00,  3.11112E+00,  4.80483E+00,  7.80505E+00,  1.30095E+01,  2.18027E+01,  3.62046E+01,  5.89767E+01,  9.36196E+01,  1.44184E+02,  2.14836E+02,  3.09170E+02,  4.29351E+02,  5.75240E+02,  7.43742E+02,  9.28566E+02,  1.12055E+03,  1.30854E+03,  1.48070E+03,  1.62593E+03,  1.73527E+03,  1.80281E+03,  1.82620E+03,  1.80660E+03,  1.74813E+03,  1.65715E+03,  1.54125E+03,  1.40845E+03,  1.26639E+03,  1.12183E+03,  9.80325E+02,  8.46088E+02,  7.22031E+02,  6.09893E+02,  5.10443E+02,  4.23689E+02,  3.49094E+02,  2.85756E+02,  2.32568E+02,  1.88335E+02,  1.51862E+02,  1.22010E+02,  9.77365E+01,  7.81096E+01,  6.23177E+01,  4.96646E+01,  3.95628E+01,  3.15220E+01,  2.51378E+01,  2.00792E+01,  1.60773E+01,  1.29153E+01,  1.04191E+01,  8.44963E+00,  6.89612E+00,  5.67072E+00,  4.70391E+00,  3.94077E+00,  3.33800E+00,  2.86151E+00,  2.48447E+00,  2.18578E+00,  1.94886E+00,  1.76068E+00,  1.61099E+00,  1.49172E+00,  1.39654E+00,  1.32045E+00,  1.25950E+00,  1.21060E+00,  1.17129E+00,  1.13962E+00,  1.11406E+00,  1.09338E+00,  1.07663E+00,  1.06302E+00,  1.05195E+00,  1.04292E+00,  1.03554E+00,  1.02949E+00,  1.02453E+00,  1.02045E+00,  1.01708E+00,  1.01430E+00
  1.00000E+00,  1.00000E+00,  1.00000E+00,  1.00001E+00,  1.00007E+00,  1.00033E+00,  1.00110E+00,  1.00284E+00,  1.00621E+00,  1.01217E+00,  1.02223E+00,  1.03913E+00,  1.06780E+00,  1.11735E+00,  1.20465E+00,  1.36091E+00,  1.64353E+00,  2.15695E+00,  3.08771E+00,  4.76067E+00,  7.72329E+00,  1.28617E+01,  2.15432E+01,  3.57638E+01,  5.82549E+01,  9.24834E+01,  1.42468E+02,  2.12354E+02,  3.05734E+02,  4.24800E+02,  5.69477E+02,  7.36763E+02,  9.20480E+02,  1.11159E+03,  1.29904E+03,  1.47106E+03,  1.61659E+03,  1.72664E+03,  1.79523E+03,  1.81992E+03,  1.80176E+03,  1.74476E+03,  1.65517E+03,  1.54053E+03,  1.40878E+03,  1.26755E+03,  1.12361E+03,  9.82510E+02,  8.48503E+02,  7.24526E+02,  6.12356E+02,  5.12789E+02,  4.25864E+02,  3.51065E+02,  2.87510E+02,  2.34106E+02,  1.89665E+02,  1.52999E+02,  1.22973E+02,  9.85445E+01,  7.87831E+01,  6.28755E+01,  5.01242E+01,  3.99397E+01,  3.18300E+01,  2.53886E+01,  2.02828E+01,  1.62423E+01,  1.30488E+01,  1.05269E+01,  8.53661E+00,  6.96625E+00,  5.72724E+00,  4.74946E+00,  3.97748E+00,  3.36760E+00,  2.88539E+00,  2.50374E+00,  2.20135E+00,  1.96145E+00,  1.77088E+00,  1.61925E+00,  1.49843E+00,  1.40199E+00,  1.32489E+00,  1.26312E+00,  1.21356E+00,  1.17370E+00,  1.14160E+00,  1.11568E+00,  1.09472E+00,  1.07773E+00,  1.06393E+00,  1.05270E+00,  1.04354E+00,  1.03606E+00,  1.02992E+00,  1.02489E+00,  1.02075E+00,  1.01733E+00,  1.01451E+00
  1.00000E+00,  1.00000E+00,  1.00000E+00,  1.00001E+00,  1.00007E+00,  1.00033E+00,  1.00109E+00,  1.00282E+00,  1.00617E+00,  1.01208E+00,  1.02209E+00,  1.03886E+00,  1.06731E+00,  1.11644E+00,  1.20294E+00,  1.35764E+00,  1.63724E+00,  2.14486E+00,  3.06463E+00,  4.71717E+00,  7.64275E+00,  1.27161E+01,  2.12877E+01,  3.53297E+01,  5.75437E+01,  9.13634E+01,  1.40776E+02,  2.09904E+02,  3.02340E+02,  4.20303E+02,  5.63778E+02,  7.29853E+02,  9.12468E+02,  1.10270E+03,  1.28960E+03,  1.46147E+03,  1.60729E+03,  1.71802E+03,  1.78765E+03,  1.81364E+03,  1.79690E+03,  1.74136E+03,  1.65316E+03,  1.53976E+03,  1.40907E+03,  1.26868E+03,  1.12535E+03,  9.84671E+02,  8.50898E+02,  7.27007E+02,  6.14808E+02,  5.15129E+02,  4.28036E+02,  3.53036E+02,  2.89266E+02,  2.35645E+02,  1.90997E+02,  1.54138E+02,  1.23938E+02,  9.93553E+01,  7.94593E+01,  6.34359E+01,  5.05861E+01,  4.03187E+01,  3.21397E+01,  2.56409E+01,  2.04878E+01,  1.64084E+01,  1.31832E+01,  1.06355E+01,  8.62427E+00,  7.03695E+00,  5.78425E+00,  4.79541E+00,  4.01452E+00,  3.39747E+00,  2.90949E+00,  2.52320E+00,  2.21707E+00,  1.97417E+00,  1.78117E+00,  1.62760E+00,  1.50521E+00,  1.40750E+00,  1.32937E+00,  1.26678E+00,  1.21655E+00,  1.17615E+00,  1.14361E+00,  1.11733E+00,  1.09608E+00,  1.07885E+00,  1.06486E+00,  1.05347E+00,  1.04418E+00,  1.03658E+00,  1.03036E+00,  1.02525E+00,  1.02105E+00,  1.01759E+00,  1.01473E+00
  1.00000E+00,  1.00000E+00,  1.00000E+00,  1.00001E+00,  1.00007E+00,  1.00033E+00,  1.00108E+00,  1.00280E+00,  1.00613E+00,  1.01200E+00,  1.02194E+00,  1.03860E+00,  1.06683E+00,  1.11555E+00,  1.20125E+00,  1.35441E+00,  1.63104E+00,  2.13295E+00,  3.04189E+00,  4.67430E+00,  7.56343E+00,  1.25728E+01,  2.10359E+01,  3.49020E+01,  5.68430E+01,  9.02595E+01,  1.39107E+02,  2.07487E+02,  2.98990E+02,  4.15859E+02,  5.58140E+02,  7.23013E+02,  9.04528E+02,  1.09388E+03,  1.28023E+03,  1.45194E+03,  1.59803E+03,  1.70944E+03,  1.78009E+03,  1.80734E+03,  1.79202E+03,  1.73793E+03,  1.65112E+03,  1.53896E+03,  1.40932E+03,  1.26977E+03,  1.12707E+03,  9.86807E+02,  8.53273E+02,  7.29473E+02,  6.17249E+02,  5.17461E+02,  4.30203E+02,  3.55004E+02,  2.91021E+02,  2.37185E+02,  1.92331E+02,  1.55280E+02,  1.24906E+02,  1.00169E+02,  8.01382E+01,  6.39989E+01,  5.10504E+01,  4.06998E+01,  3.24513E+01,  2.58948E+01,  2.06941E+01,  1.65758E+01,  1.33186E+01,  1.07450E+01,  8.71263E+00,  7.10824E+00,  5.84173E+00,  4.84176E+00,  4.05190E+00,  3.42762E+00,  2.93381E+00,  2.54284E+00,  2.23295E+00,  1.98702E+00,  1.79158E+00,  1.63604E+00,  1.51206E+00,  1.41307E+00,  1.33391E+00,  1.27048E+00,  1.21957E+00,  1.17862E+00,  1.14563E+00,  1.11900E+00,  1.09745E+00,  1.07998E+00,  1.06579E+00,  1.05424E+00,  1.04482E+00,  1.03711E+00,  1.03080E+00,  1.02562E+00,  1.02136E+00,  1.01785E+00,  1.01495E+00
  1.00000E+00,  1.00000E+00,  1.00000E+00,  1.00001E+00,  1.00007E+00,  1.00032E+00,  1.00107E+00,  1.00278E+00,  1.00609E+00,  1.01192E+00,  1.02180E+00,  1.03834E+00,  1.06635E+00,  1.11466E+00,  1.19957E+00,  1.35122E+00,  1.62491E+00,  2.12120E+00,  3.01948E+00,  4.63206E+00,  7.48528E+00,  1.24316E+01,  2.07880E+01,  3.44807E+01,  5.61526E+01,  8.91714E+01,  1.37462E+02,  2.05102E+02,  2.95681E+02,  4.11468E+02,  5.52565E+02,  7.16242E+02,  8.96660E+02,  1.08513E+03,  1.27092E+03,  1.44247E+03,  1.58880E+03,  1.70088E+03,  1.77253E+03,  1.80104E+03,  1.78712E+03,  1.73447E+03,  1.64904E+03,  1.53813E+03,  1.40954E+03,  1.27084E+03,  1.12876E+03,  9.88918E+02,  8.55628E+02,  7.31924E+02,  6.19680E+02,  5.19787E+02,  4.32366E+02,  3.56971E+02,  2.92776E+02,  2.38727E+02,  1.93667E+02,  1.56425E+02,  1.25877E+02,  1.00985E+02,  8.08199E+01,  6.45643E+01,  5.15169E+01,  4.10829E+01,  3.27647E+01,  2.61503E+01,  2.09018E+01,  1.67442E+01,  1.34550E+01,  1.08552E+01,  8.80169E+00,  7.18011E+00,  5.89970E+00,  4.88851E+00,  4.08960E+00,  3.45804E+00,  2.95837E+00,  2.56268E+00,  2.24898E+00,  1.99999E+00,  1.80208E+00,  1.64456E+00,  1.51898E+00,  1.41870E+00,  1.33849E+00,  1.27422E+00,  1.22262E+00,  1.18112E+00,  1.14768E+00,  1.12068E+00,  1.09883E+00,  1.08112E+00,  1.06673E+00,  1.05502E+00,  1.04546E+00,  1.03765E+00,  1.03125E+00,  1.02600E+00,  1.02167E+00,  1.01811E+00,  1.01517E+00
  1.00000E+00,  1.00000E+00,  1.00000E+00,  1.00001E+00,  1.00007E+00,  1.00032E+00,  1.00106E+00,  1.00276E+00,  1.00604E+00,  1.01185E+00,  1.02165E+00,  1.03808E+00,  1.06588E+00,  1.11378E+00,  1.19792E+00,  1.34807E+00,  1.61887E+00,  2.10961E+00,  2.99738E+00,  4.59045E+00,  7.40830E+00,  1.22925E+01,  2.05438E+01,  3.40656E+01,  5.54722E+01,  8.80987E+01,  1.35838E+02,  2.02749E+02,  2.92414E+02,  4.07128E+02,  5.47051E+02,  7.09539E+02,  8.88864E+02,  1.07645E+03,  1.26167E+03,  1.43304E+03,  1.57962E+03,  1.69234E+03,  1.76498E+03,  1.79474E+03,  1.78221E+03,  1.73099E+03,  1.64692E+03,  1.53725E+03,  1.40973E+03,  1.27187E+03,  1.13042E+03,  9.91005E+02,  8.57963E+02,  7.34360E+02,  6.22099E+02,  5.22105E+02,  4.34525E+02,  3.58937E+02,  2.94531E+02,  2.40269E+02,  1.95005E+02,  1.57572E+02,  1.26850E+02,  1.01805E+02,  8.15042E+01,  6.51323E+01,  5.19858E+01,  4.14681E+01,  3.30799E+01,  2.64074E+01,  2.11109E+01,  1.69139E+01,  1.35924E+01,  1.09664E+01,  8.89145E+00,  7.25256E+00,  5.95816E+00,  4.93567E+00,  4.12765E+00,  3.48874E+00,  2.98315E+00,  2.58270E+00,  2.26517E+00,  2.01309E+00,  1.81270E+00,  1.65317E+00,  1.52597E+00,  1.42439E+00,  1.34312E+00,  1.27800E+00,  1.22571E+00,  1.18365E+00,  1.14976E+00,  1.12238E+00,  1.10023E+00,  1.08228E+00,  1.06769E+00,  1.05581E+00,  1.04612E+00,  1.03820E+00,  1.03170E+00,  1.02637E+00,  1.02199E+00,  1.01837E+00,  1.01539E+00
  1.00000E+00,  1.00000E+00,  1.00000E+00,  1.00001E+00,  1.00007E+00,  1.00032E+00,  1.00106E+00,  1.00274E+00,  1.00600E+00,  1.01177E+00,  1.02151E+00,  1.03783E+00,  1.06541E+00,  1.11292E+00,  1.19629E+00,  1.34496E+00,  1.61291E+00,  2.09817E+00,  2.97560E+00,  4.54943E+00,  7.33246E+00,  1.21555E+01,  2.03032E+01,  3.36567E+01,  5.48018E+01,  8.70414E+01,  1.34238E+02,  2.00426E+02,  2.89188E+02,  4.02840E+02,  5.41598E+02,  7.02904E+02,  8.81139E+02,  1.06784E+03,  1.25249E+03,  1.42367E+03,  1.57048E+03,  1.68382E+03,  1.75744E+03,  1.78843E+03,  1.77728E+03,  1.72748E+03,  1.64478E+03,  1.53635E+03,  1.40987E+03,  1.27286E+03,  1.13205E+03,  9.93067E+02,  8.60279E+02,  7.36780E+02,  6.24508E+02,  5.24416E+02,  4.36680E+02,  3.60900E+02,  2.96286E+02,  2.41813E+02,  1.96345E+02,  1.58721E+02,  1.27827E+02,  1.02627E+02,  8.21911E+01,  6.57028E+01,  5.24569E+01,  4.18554E+01,  3.33969E+01,  2.66660E+01,  2.13213E+01,  1.70847E+01,  1.37308E+01,  1.10783E+01,  8.98190E+00,  7.32560E+00,  6.01711E+00,  4.98323E+00,  4.16603E+00,  3.51971E+00,  3.00816E+00,  2.60291E+00,  2.28151E+00,  2.02632E+00,  1.82341E+00,  1.66186E+00,  1.53303E+00,  1.43013E+00,  1.34780E+00,  1.28182E+00,  1.22883E+00,  1.18621E+00,  1.15185E+00,  1.12410E+00,  1.10165E+00,  1.08345E+00,  1.06865E+00,  1.05661E+00,  1.04678E+00,  1.03875E+00,  1.03216E+00,  1.02676E+00,  1.02231E+00,  1.01864E+00,  1.01561E+00
  1.00000E+00,  1.00000E+00,  1.00000E+00,  1.00001E+00,  1.00007E+00,  1.00032E+00,  1.00105E+00,  1.00272E+00,  1.00596E+00,  1.01169E+00,  1.02137E+00,  1.03757E+00,  1.06495E+00,  1.11206E+00,  1.19468E+00,  1.34188E+00,  1.60703E+00,  2.08690E+00,  2.95412E+00,  4.50902E+00,  7.25774E+00,  1.20206E+01,  2.00663E+01,  3.32539E+01,  5.41412E+01,  8.59990E+01,  1.32659E+02,  1.98135E+02,  2.86002E+02,  3.98602E+02,  5.36204E+02,  6.96336E+02,  8.73484E+02,  1.05931E+03,  1.24338E+03,  1.41436E+03,  1.56138E+03,  1.67534E+03,  1.74991E+03,  1.78211E+03,  1.77233E+03,  1.72394E+03,  1.64260E+03,  1.53540E+03,  1.40999E+03,  1.27382E+03,  1.13365E+03,  9.95104E+02,  8.62574E+02,  7.39185E+02,  6.26906E+02,  5.26719E+02,  4.38830E+02,  3.62861E+02,  2.98041E+02,  2.43358E+02,  1.97686E+02,  1.59873E+02,  1.28805E+02,  1.03451E+02,  8.28808E+01,  6.62757E+01,  5.29303E+01,  4.22447E+01,  3.37158E+01,  2.69263E+01,  2.15331E+01,  1.72567E+01,  1.38702E+01,  1.11911E+01,  9.07307E+00,  7.39922E+00,  6.07654E+00,  5.03120E+00,  4.20474E+00,  3.55097E+00,  3.03341E+00,  2.62331E+00,  2.29801E+00,  2.03967E+00,  1.83424E+00,  1.67065E+00,  1.54017E+00,  1.43594E+00,  1.35253E+00,  1.28568E+00,  1.23199E+00,  1.18879E+00,  1.15397E+00,  1.12585E+00,  1.10308E+00,  1.08463E+00,  1.06963E+00,  1.05742E+00,  1.04745E+00,  1.03930E+00,  1.03263E+00,  1.02714E+00,  1.02263E+00,  1.01891E+00,  1.01584E+00
  1.00000E+00,  1.00000E+00,  1.00000E+00,  1.00001E+00,  1.00007E+00,  1.00031E+00,  1.00104E+00,  1.00270E+00,  1.00592E+00,  1.01161E+00,  1.02123E+00,  1.03732E+00,  1.06449E+00,  1.11121E+00,  1.19308E+00,  1.33885E+00,  1.60122E+00,  2.07578E+00,  2.93295E+00,  4.46919E+00,  7.18412E+00,  1.18876E+01,  1.98328E+01,  3.28570E+01,  5.34901E+01,  8.49715E+01,  1.31102E+02,  1.95873E+02,  2.82856E+02,  3.94414E+02,  5.30869E+02,  6.89833E+02,  8.65899E+02,  1.05084E+03,  1.23432E+03,  1.40510E+03,  1.55232E+03,  1.66688E+03,  1.74239E+03,  1.77579E+03,  1.76736E+03,  1.72037E+03,  1.64039E+03,  1.53443E+03,  1.41007E+03,  1.27476E+03,  1.13522E+03,  9.97117E+02,  8.64850E+02,  7.41575E+02,  6.29292E+02,  5.29015E+02,  4.40976E+02,  3.64820E+02,  2.99795E+02,  2.44905E+02,  1.99030E+02,  1.61027E+02,  1.29787E+02,  1.04279E+02,  8.35730E+01,  6.68512E+01,  5.34060E+01,  4.26360E+01,  3.40364E+01,  2.71881E+01,  2.17463E+01,  1.74298E+01,  1.40105E+01,  1.13047E+01,  9.16493E+00,  7.47344E+00,  6.13647E+00,  5.07958E+00,  4.24380E+00,  3.58250E+00,  3.05888E+00,  2.64390E+00,  2.31467E+00,  2.05316E+00,  1.84517E+00,  1.67952E+00,  1.54738E+00,  1.44180E+00,  1.35731E+00,  1.28958E+00,  1.23518E+00,  1.19140E+00,  1.15611E+00,  1.12761E+00,  1.10453E+00,  1.08582E+00,  1.07062E+00,  1.05823E+00,  1.04813E+00,  1.03987E+00,  1.03309E+00,  1.02753E+00,  1.02296E+00,  1.01919E+00,  1.01607E+00
  1.00000E+00,  1.00000E+00,  1.00000E+00,  1.00001E+00,  1.00006E+00,  1.00031E+00,  1.00103E+00,  1.00268E+00,  1.00588E+00,  1.01154E+00,  1.02110E+00,  1.03707E+00,  1.06404E+00,  1.11037E+00,  1.19150E+00,  1.33585E+00,  1.59549E+00,  2.06481E+00,  2.91208E+00,  4.42993E+00,  7.11159E+00,  1.17566E+01,  1.96029E+01,  3.24660E+01,  5.28485E+01,  8.39585E+01,  1.29566E+02,  1.93641E+02,  2.79750E+02,  3.90275E+02,  5.25593E+02,  6.83396E+02,  8.58383E+02,  1.04244E+03,  1.22533E+03,  1.39589E+03,  1.54330E+03,  1.65844E+03,  1.73488E+03,  1.76946E+03,  1.76238E+03,  1.71678E+03,  1.63815E+03,  1.53342E+03,  1.41011E+03,  1.27565E+03,  1.13676E+03,  9.99105E+02,  8.67106E+02,  7.43950E+02,  6.31667E+02,  5.31304E+02,  4.43117E+02,  3.66777E+02,  3.01550E+02,  2.46452E+02,  2.00376E+02,  1.62184E+02,  1.30771E+02,  1.05109E+02,  8.42679E+01,  6.74291E+01,  5.38839E+01,  4.30294E+01,  3.43589E+01,  2.74515E+01,  2.19608E+01,  1.76041E+01,  1.41519E+01,  1.14192E+01,  9.25751E+00,  7.54825E+00,  6.19689E+00,  5.12837E+00,  4.28319E+00,  3.61432E+00,  3.08459E+00,  2.66469E+00,  2.33149E+00,  2.06678E+00,  1.85622E+00,  1.68848E+00,  1.55466E+00,  1.44773E+00,  1.36214E+00,  1.29352E+00,  1.23840E+00,  1.19404E+00,  1.15828E+00,  1.12938E+00,  1.10600E+00,  1.08703E+00,  1.07161E+00,  1.05906E+00,  1.04881E+00,  1.04044E+00,  1.03357E+00,  1.02793E+00,  1.02329E+00,  1.01946E+00,  1.01630E+00
  1.00000E+00,  1.00000E+00,  1.00000E+00,  1.00001E+00,  1.00006E+00,  1.00031E+00,  1.00102E+00,  1.00266E+00,  1.00584E+00,  1.01146E+00,  1.02096E+00,  1.03683E+00,  1.06359E+00,  1.10954E+00,  1.18995E+00,  1.33289E+00,  1.58983E+00,  2.05399E+00,  2.89150E+00,  4.39124E+00,  7.04012E+00,  1.16276E+01,  1.93763E+01,  3.20807E+01,  5.22162E+01,  8.29598E+01,  1.28052E+02,  1.91438E+02,  2.76682E+02,  3.86185E+02,  5.20374E+02,  6.77024E+02,  8.50935E+02,  1.03410E+03,  1.21641E+03,  1.38674E+03,  1.53432E+03,  1.65003E+03,  1.72738E+03,  1.76314E+03,  1.75738E+03,  1.71317E+03,  1.63588E+03,  1.53237E+03,  1.41012E+03,  1.27652E+03,  1.13828E+03,  1.00107E+03,  8.69341E+02,  7.46309E+02,  6.34032E+02,  5.33585E+02,  4.45254E+02,  3.68732E+02,  3.03304E+02,  2.48000E+02,  2.01723E+02,  1.63343E+02,  1.31758E+02,  1.05942E+02,  8.49654E+01,  6.80095E+01,  5.43642E+01,  4.34248E+01,  3.46831E+01,  2.77164E+01,  2.21767E+01,  1.77796E+01,  1.42942E+01,  1.15345E+01,  9.35079E+00,  7.62365E+00,  6.25781E+00,  5.17757E+00,  4.32293E+00,  3.64643E+00,  3.11054E+00,  2.68567E+00,  2.34847E+00,  2.08053E+00,  1.86737E+00,  1.69753E+00,  1.56202E+00,  1.45372E+00,  1.36703E+00,  1.29751E+00,  1.24166E+00,  1.19671E+00,  1.16047E+00,  1.13118E+00,  1.10748E+00,  1.08825E+00,  1.07262E+00,  1.05990E+00,  1.04951E+00,  1.04101E+00,  1.03405E+00,  1.02833E+00,  1.02362E+00,  1.01974E+00,  1.01654E+00
  1.00000E+00,  1.00000E+00,  1.00000E+00,  1.00001E+00,  1.00006E+00,  1.00030E+00,  1.00101E+00,  1.00264E+00,  1.00580E+00,  1.01139E+00,  1.02082E+00,  1.03658E+00,  1.06315E+00,  1.10872E+00,  1.18841E+00,  1.32997E+00,  1.58424E+00,  2.04331E+00,  2.87120E+00,  4.35311E+00,  6.96970E+00,  1.15005E+01,  1.91531E+01,  3.17011E+01,  5.15930E+01,  8.19752E+01,  1.26558E+02,  1.89265E+02,  2.73652E+02,  3.82143E+02,  5.15213E+02,  6.70716E+02,  8.43556E+02,  1.02584E+03,  1.20754E+03,  1.37764E+03,  1.52538E+03,  1.64164E+03,  1.71989E+03,  1.75680E+03,  1.75236E+03,  1.70953E+03,  1.63358E+03,  1.53129E+03,  1.41010E+03,  1.27735E+03,  1.13976E+03,  1.00301E+03,  8.71557E+02,  7.48652E+02,  6.36384E+02,  5.35858E+02,  4.47386E+02,  3.70685E+02,  3.05057E+02,  2.49548E+02,  2.03072E+02,  1.64504E+02,  1.32747E+02,  1.06777E+02,  8.56655E+01,  6.85923E+01,  5.48466E+01,  4.38223E+01,  3.50092E+01,  2.79830E+01,  2.23940E+01,  1.79562E+01,  1.44376E+01,  1.16506E+01,  9.44478E+00,  7.69965E+00,  6.31923E+00,  5.22719E+00,  4.36302E+00,  3.67881E+00,  3.13672E+00,  2.70684E+00,  2.36560E+00,  2.09442E+00,  1.87863E+00,  1.70667E+00,  1.56945E+00,  1.45977E+00,  1.37196E+00,  1.30153E+00,  1.24495E+00,  1.19941E+00,  1.16268E+00,  1.13300E+00,  1.10898E+00,  1.08949E+00,  1.07364E+00,  1.06074E+00,  1.05021E+00,  1.04159E+00,  1.03453E+00,  1.02874E+00,  1.02396E+00,  1.02003E+00,  1.01677E+00
  1.00000E+00,  1.00000E+00,  1.00000E+00,  1.00001E+00,  1.00006E+00,  1.00030E+00,  1.00100E+00,  1.00262E+00,  1.00576E+00,  1.01131E+00,  1.02069E+00,  1.03634E+00,  1.06271E+00,  1.10791E+00,  1.18688E+00,  1.32708E+00,  1.57873E+00,  2.03278E+00,  2.85119E+00,  4.31553E+00,  6.90031E+00,  1.13753E+01,  1.89332E+01,  3.13270E+01,  5.09789E+01,  8.10045E+01,  1.25084E+02,  1.87119E+02,  2.70660E+02,  3.78148E+02,  5.10108E+02,  6.64472E+02,  8.36244E+02,  1.01764E+03,  1.19874E+03,  1.36859E+03,  1.51649E+03,  1.63329E+03,  1.71242E+03,  1.75047E+03,  1.74733E+03,  1.70587E+03,  1.63125E+03,  1.53018E+03,  1.41004E+03,  1.27815E+03,  1.14122E+03,  1.00492E+03,  8.73753E+02,  7.50980E+02,  6.38726E+02,  5.38124E+02,  4.49514E+02,  3.72635E+02,  3.06810E+02,  2.51098E+02,  2.04423E+02,  1.65668E+02,  1.33739E+02,  1.07615E+02,  8.63682E+01,  6.91776E+01,  5.53314E+01,  4.42218E+01,  3.53370E+01,  2.82511E+01,  2.26126E+01,  1.81341E+01,  1.45819E+01,  1.17676E+01,  9.53949E+00,  7.77625E+00,  6.38114E+00,  5.27722E+00,  4.40345E+00,  3.71149E+00,  3.16313E+00,  2.72821E+00,  2.38290E+00,  2.10844E+00,  1.89000E+00,  1.71591E+00,  1.57696E+00,  1.46588E+00,  1.37694E+00,  1.30560E+00,  1.24828E+00,  1.20213E+00,  1.16492E+00,  1.13484E+00,  1.11049E+00,  1.09074E+00,  1.07468E+00,  1.06160E+00,  1.05092E+00,  1.04218E+00,  1.03503E+00,  1.02915E+00,  1.02431E+00,  1.02031E+00,  1.01702E+00
  1.00000E+00,  1.00000E+00,  1.00000E+00,  1.00001E+00,  1.00006E+00,  1.00030E+00,  1.00099E+00,  1.00260E+00,  1.00572E+00,  1.01124E+00,  1.02056E+00,  1.03610E+00,  1.06227E+00,  1.10711E+00,  1.18538E+00,  1.32423E+00,  1.57329E+00,  2.02239E+00,  2.83146E+00,  4.27848E+00,  6.83193E+00,  1.12519E+01,  1.87165E+01,  3.09585E+01,  5.03735E+01,  8.00474E+01,  1.23630E+02,  1.85002E+02,  2.67706E+02,  3.74201E+02,  5.05059E+02,  6.58290E+02,  8.28998E+02,  1.00951E+03,  1.19000E+03,  1.35959E+03,  1.50763E+03,  1.62496E+03,  1.70495E+03,  1.74413E+03,  1.74229E+03,  1.70218E+03,  1.62889E+03,  1.52903E+03,  1.40995E+03,  1.27892E+03,  1.14265E+03,  1.00681E+03,  8.75928E+02,  7.53293E+02,  6.41055E+02,  5.40381E+02,  4.51636E+02,  3.74583E+02,  3.08562E+02,  2.52648E+02,  2.05776E+02,  1.66833E+02,  1.34733E+02,  1.08456E+02,  8.70735E+01,  6.97653E+01,  5.58183E+01,  4.46233E+01,  3.56667E+01,  2.85209E+01,  2.28326E+01,  1.83131E+01,  1.47273E+01,  1.18855E+01,  9.63491E+00,  7.85345E+00,  6.44356E+00,  5.32767E+00,  4.44422E+00,  3.74445E+00,  3.18979E+00,  2.74978E+00,  2.40037E+00,  2.12259E+00,  1.90148E+00,  1.72523E+00,  1.58454E+00,  1.47205E+00,  1.38197E+00,  1.30971E+00,  1.25164E+00,  1.20489E+00,  1.16718E+00,  1.13670E+00,  1.11202E+00,  1.09200E+00,  1.07572E+00,  1.06246E+00,  1.05163E+00,  1.04278E+00,  1.03552E+00,  1.02956E+00,  1.02465E+00,  1.02060E+00,  1.01726E+00
  1.00000E+00,  1.00000E+00,  1.00000E+00,  1.00001E+00,  1.00006E+00,  1.00029E+00,  1.00099E+00,  1.00258E+00,  1.00568E+00,  1.01117E+00,  1.02042E+00,  1.03586E+00,  1.06184E+00,  1.10631E+00,  1.18389E+00,  1.32141E+00,  1.56792E+00,  2.01214E+00,  2.81201E+00,  4.24196E+00,  6.76454E+00,  1.11303E+01,  1.85031E+01,  3.05953E+01,  4.97769E+01,  7.91038E+01,  1.22197E+02,  1.82912E+02,  2.64788E+02,  3.70299E+02,  5.00065E+02,  6.52171E+02,  8.21819E+02,  1.00144E+03,  1.18132E+03,  1.35065E+03,  1.49881E+03,  1.61665E+03,  1.69750E+03,  1.73779E+03,  1.73723E+03,  1.69847E+03,  1.62649E+03,  1.52785E+03,  1.40982E+03,  1.27966E+03,  1.14404E+03,  1.00867E+03,  8.78084E+02,  7.55589E+02,  6.43374E+02,  5.42631E+02,  4.53754E+02,  3.76528E+02,  3.10314E+02,  2.54199E+02,  2.07130E+02,  1.68001E+02,  1.35730E+02,  1.09299E+02,  8.77813E+01,  7.03555E+01,  5.63076E+01,  4.50268E+01,  3.59982E+01,  2.87921E+01,  2.30540E+01,  1.84933E+01,  1.48737E+01,  1.20042E+01,  9.73106E+00,  7.93125E+00,  6.50648E+00,  5.37854E+00,  4.48535E+00,  3.77770E+00,  3.21668E+00,  2.77154E+00,  2.41799E+00,  2.13688E+00,  1.91307E+00,  1.73465E+00,  1.59220E+00,  1.47829E+00,  1.38706E+00,  1.31386E+00,  1.25504E+00,  1.20767E+00,  1.16946E+00,  1.13858E+00,  1.11357E+00,  1.09328E+00,  1.07678E+00,  1.06333E+00,  1.05236E+00,  1.04338E+00,  1.03602E+00,  1.02998E+00,  1.02500E+00,  1.02090E+00,  1.01751E+00
  1.00000E+00,  1.00000E+00,  1.00000E+00,  1.00001E+00,  1.00006E+00,  1.00029E+00,  1.00098E+00,  1.00256E+00,  1.00564E+00,  1.01109E+00,  1.02029E+00,  1.03563E+00,  1.06141E+00,  1.10553E+00,  1.18242E+00,  1.31863E+00,  1.56261E+00,  2.00203E+00,  2.79282E+00,  4.20596E+00,  6.69813E+00,  1.10105E+01,  1.82927E+01,  3.02373E+01,  4.91888E+01,  7.81733E+01,  1.20782E+02,  1.80850E+02,  2.61906E+02,  3.66443E+02,  4.95125E+02,  6.46113E+02,  8.14705E+02,  9.93441E+02,  1.17270E+03,  1.34176E+03,  1.49004E+03,  1.60837E+03,  1.69006E+03,  1.73145E+03,  1.73216E+03,  1.69474E+03,  1.62407E+03,  1.52664E+03,  1.40967E+03,  1.28037E+03,  1.14541E+03,  1.01052E+03,  8.80219E+02,  7.57870E+02,  6.45681E+02,  5.44872E+02,  4.55866E+02,  3.78471E+02,  3.12065E+02,  2.55751E+02,  2.08485E+02,  1.69171E+02,  1.36730E+02,  1.10145E+02,  8.84916E+01,  7.09480E+01,  5.67990E+01,  4.54324E+01,  3.63315E+01,  2.90650E+01,  2.32768E+01,  1.86746E+01,  1.50210E+01,  1.21237E+01,  9.82792E+00,  8.00966E+00,  6.56991E+00,  5.42983E+00,  4.52682E+00,  3.81124E+00,  3.24382E+00,  2.79351E+00,  2.43579E+00,  2.15130E+00,  1.92477E+00,  1.74415E+00,  1.59993E+00,  1.48459E+00,  1.39220E+00,  1.31806E+00,  1.25847E+00,  1.21048E+00,  1.17177E+00,  1.14048E+00,  1.11513E+00,  1.09457E+00,  1.07784E+00,  1.06422E+00,  1.05309E+00,  1.04399E+00,  1.03653E+00,  1.03040E+00,  1.02536E+00,  1.02120E+00,  1.01775E+00
  1.00000E+00,  1.00000E+00,  1.00000E+00,  1.00001E+00,  1.00006E+00,  1.00029E+00,  1.00097E+00,  1.00254E+00,  1.00560E+00,  1.01102E+00,  1.02016E+00,  1.03540E+00,  1.06099E+00,  1.10475E+00,  1.18097E+00,  1.31588E+00,  1.55738E+00,  1.99205E+00,  2.77390E+00,  4.17047E+00,  6.63268E+00,  1.08924E+01,  1.80854E+01,  2.98846E+01,  4.86091E+01,  7.72559E+01,  1.19387E+02,  1.78815E+02,  2.59060E+02,  3.62632E+02,  4.90239E+02,  6.40116E+02,  8.07656E+02,  9.85506E+02,  1.16415E+03,  1.33293E+03,  1.48131E+03,  1.60012E+03,  1.68263E+03,  1.72511E+03,  1.72708E+03,  1.69098E+03,  1.62162E+03,  1.52540E+03,  1.40947E+03,  1.28104E+03,  1.14676E+03,  1.01233E+03,  8.82334E+02,  7.60136E+02,  6.47976E+02,  5.47106E+02,  4.57974E+02,  3.80411E+02,  3.13815E+02,  2.57303E+02,  2.09843E+02,  1.70343E+02,  1.37731E+02,  1.10993E+02,  8.92044E+01,  7.15430E+01,  5.72927E+01,  4.58400E+01,  3.66665E+01,  2.93395E+01,  2.35009E+01,  1.88572E+01,  1.51694E+01,  1.22441E+01,  9.92550E+00,  8.08867E+00,  6.63384E+00,  5.48155E+00,  4.56865E+00,  3.84508E+00,  3.27120E+00,  2.81567E+00,  2.45374E+00,  2.16586E+00,  1.93659E+00,  1.75376E+00,  1.60774E+00,  1.49095E+00,  1.39739E+00,  1.32230E+00,  1.26194E+00,  1.21333E+00,  1.17410E+00,  1.14240E+00,  1.11671E+00,  1.09587E+00,  1.07892E+00,  1.06511E+00,  1.05384E+00,  1.04461E+00,  1.03705E+00,  1.03083E+00,  1.02572E+00,  1.02150E+00,  1.01801E+00
  1.00000E+00,  1.00000E+00,  1.00000E+00,  1.00001E+00,  1.00006E+00,  1.00029E+00,  1.00096E+00,  1.00252E+00,  1.00556E+00,  1.01095E+00,  1.02003E+00,  1.03517E+00,  1.06057E+00,  1.10398E+00,  1.17953E+00,  1.31316E+00,  1.55221E+00,  1.98220E+00,  2.75523E+00,  4.13548E+00,  6.56817E+00,  1.07760E+01,  1.78812E+01,  2.95370E+01,  4.80377E+01,  7.63513E+01,  1.18011E+02,  1.76805E+02,  2.56249E+02,  3.58866E+02,  4.85407E+02,  6.34179E+02,  8.00672E+02,  9.77635E+02,  1.15565E+03,  1.32415E+03,  1.47262E+03,  1.59190E+03,  1.67521E+03,  1.71877E+03,  1.72198E+03,  1.68720E+03,  1.61914E+03,  1.52413E+03,  1.40925E+03,  1.28169E+03,  1.14807E+03,  1.01412E+03,  8.84429E+02,  7.62385E+02,  6.50259E+02,  5.49331E+02,  4.60076E+02,  3.82348E+02,  3.15564E+02,  2.58856E+02,  2.11201E+02,  1.71517E+02,  1.38735E+02,  1.11844E+02,  8.99198E+01,  7.21403E+01,  5.77886E+01,  4.62496E+01,  3.70034E+01,  2.96155E+01,  2.37264E+01,  1.90409E+01,  1.53188E+01,  1.23654E+01,  1.00238E+01,  8.16828E+00,  6.69828E+00,  5.53369E+00,  4.61083E+00,  3.87920E+00,  3.29882E+00,  2.83804E+00,  2.47187E+00,  2.18056E+00,  1.94852E+00,  1.76345E+00,  1.61563E+00,  1.49738E+00,  1.40263E+00,  1.32659E+00,  1.26545E+00,  1.21620E+00,  1.17646E+00,  1.14434E+00,  1.11831E+00,  1.09719E+00,  1.08001E+00,  1.06601E+00,  1.05459E+00,  1.04523E+00,  1.03757E+00,  1.03127E+00,  1.02608E+00,  1.02180E+00,  1.01826E+00
  1.00000E+00,  1.00000E+00,  1.00000E+00,  1.00001E+00,  1.00006E+00,  1.00028E+00,  1.00095E+00,  1.00250E+00,  1.00553E+00,  1.01088E+00,  1.01991E+00,  1.03494E+00,  1.06016E+00,  1.10322E+00,  1.17811E+00,  1.31048E+00,  1.54710E+00,  1.97249E+00,  2.73683E+00,  4.10099E+00,  6.50459E+00,  1.06614E+01,  1.76799E+01,  2.91944E+01,  4.74745E+01,  7.54592E+01,  1.16653E+02,  1.74822E+02,  2.53473E+02,  3.55144E+02,  4.80627E+02,  6.28302E+02,  7.93752E+02,  9.69829E+02,  1.14722E+03,  1.31541E+03,  1.46396E+03,  1.58371E+03,  1.66781E+03,  1.71243E+03,  1.71687E+03,  1.68340E+03,  1.61664E+03,  1.52282E+03,  1.40900E+03,  1.28230E+03,  1.14936E+03,  1.01589E+03,  8.86504E+02,  7.64619E+02,  6.52530E+02,  5.51548E+02,  4.62173E+02,  3.84283E+02,  3.17313E+02,  2.60409E+02,  2.12561E+02,  1.72694E+02,  1.39742E+02,  1.12697E+02,  9.06376E+01,  7.27401E+01,  5.82867E+01,  4.66612E+01,  3.73420E+01,  2.98931E+01,  2.39532E+01,  1.92258E+01,  1.54692E+01,  1.24875E+01,  1.01228E+01,  8.24851E+00,  6.76323E+00,  5.58625E+00,  4.65336E+00,  3.91362E+00,  3.32668E+00,  2.86061E+00,  2.49016E+00,  2.19539E+00,  1.96057E+00,  1.77324E+00,  1.62360E+00,  1.50387E+00,  1.40793E+00,  1.33091E+00,  1.26899E+00,  1.21911E+00,  1.17885E+00,  1.14630E+00,  1.11993E+00,  1.09852E+00,  1.08112E+00,  1.06693E+00,  1.05534E+00,  1.04586E+00,  1.03809E+00,  1.03170E+00,  1.02645E+00,  1.02211E+00,  1.01852E+00
  1.00000E+00,  1.00000E+00,  1.00000E+00,  1.00001E+00,  1.00006E+00,  1.00028E+00,  1.00095E+00,  1.00248E+00,  1.00549E+00,  1.01081E+00,  1.01978E+00,  1.03471E+00,  1.05975E+00,  1.10246E+00,  1.17670E+00,  1.30782E+00,  1.54206E+00,  1.96290E+00,  2.71867E+00,  4.06698E+00,  6.44192E+00,  1.05484E+01,  1.74815E+01,  2.88568E+01,  4.69192E+01,  7.45796E+01,  1.15313E+02,  1.72865E+02,  2.50732E+02,  3.51465E+02,  4.75900E+02,  6.22484E+02,  7.86894E+02,  9.62087E+02,  1.13884E+03,  1.30674E+03,  1.45535E+03,  1.57554E+03,  1.66043E+03,  1.70609E+03,  1.71175E+03,  1.67958E+03,  1.61410E+03,  1.52148E+03,  1.40871E+03,  1.28288E+03,  1.15061E+03,  1.01763E+03,  8.88559E+02,  7.66837E+02,  6.54790E+02,  5.53757E+02,  4.64265E+02,  3.86215E+02,  3.19060E+02,  2.61963E+02,  2.13923E+02,  1.73872E+02,  1.40751E+02,  1.13553E+02,  9.13579E+01,  7.33421E+01,  5.87870E+01,  4.70748E+01,  3.76825E+01,  3.01723E+01,  2.41814E+01,  1.94119E+01,  1.56206E+01,  1.26105E+01,  1.02226E+01,  8.32935E+00,  6.82870E+00,  5.63924E+00,  4.69625E+00,  3.94834E+00,  3.35479E+00,  2.88338E+00,  2.50861E+00,  2.21037E+00,  1.97273E+00,  1.78313E+00,  1.63164E+00,  1.51043E+00,  1.41328E+00,  1.33529E+00,  1.27257E+00,  1.22204E+00,  1.18126E+00,  1.14828E+00,  1.12156E+00,  1.09987E+00,  1.08223E+00,  1.06785E+00,  1.05611E+00,  1.04650E+00,  1.03862E+00,  1.03215E+00,  1.02682E+00,  1.02242E+00,  1.01878E+00
  1.00000E+00,  1.00000E+00,  1.00000E+00,  1.00001E+00,  1.00006E+00,  1.00028E+00,  1.00094E+00,  1.00246E+00,  1.00545E+00,  1.01074E+00,  1.01966E+00,  1.03449E+00,  1.05934E+00,  1.10172E+00,  1.17531E+00,  1.30520E+00,  1.53708E+00,  1.95344E+00,  2.70077E+00,  4.03345E+00,  6.38015E+00,  1.04370E+01,  1.72860E+01,  2.85240E+01,  4.63719E+01,  7.37122E+01,  1.13992E+02,  1.70933E+02,  2.48024E+02,  3.47828E+02,  4.71223E+02,  6.16725E+02,  7.80100E+02,  9.54408E+02,  1.13053E+03,  1.29811E+03,  1.44679E+03,  1.56740E+03,  1.65305E+03,  1.69975E+03,  1.70662E+03,  1.67574E+03,  1.61154E+03,  1.52011E+03,  1.40839E+03,  1.28343E+03,  1.15184E+03,  1.01935E+03,  8.90594E+02,  7.69038E+02,  6.57037E+02,  5.55958E+02,  4.66352E+02,  3.88144E+02,  3.20806E+02,  2.63517E+02,  2.15285E+02,  1.75052E+02,  1.41762E+02,  1.14411E+02,  9.20807E+01,  7.39466E+01,  5.92895E+01,  4.74904E+01,  3.80247E+01,  3.04530E+01,  2.44111E+01,  1.95992E+01,  1.57730E+01,  1.27343E+01,  1.03231E+01,  8.41080E+00,  6.89467E+00,  5.69266E+00,  4.73950E+00,  3.98335E+00,  3.38315E+00,  2.90635E+00,  2.52724E+00,  2.22548E+00,  1.98500E+00,  1.79311E+00,  1.63977E+00,  1.51705E+00,  1.41868E+00,  1.33970E+00,  1.27618E+00,  1.22500E+00,  1.18369E+00,  1.15028E+00,  1.12321E+00,  1.10123E+00,  1.08336E+00,  1.06879E+00,  1.05688E+00,  1.04715E+00,  1.03916E+00,  1.03260E+00,  1.02719E+00,  1.02273E+00,  1.01904E+00
  1.00000E+00,  1.00000E+00,  1.00000E+00,  1.00001E+00,  1.00006E+00,  1.00028E+00,  1.00093E+00,  1.00245E+00,  1.00541E+00,  1.01067E+00,  1.01953E+00,  1.03426E+00,  1.05894E+00,  1.10098E+00,  1.17394E+00,  1.30261E+00,  1.53217E+00,  1.94410E+00,  2.68310E+00,  4.00039E+00,  6.31925E+00,  1.03273E+01,  1.70934E+01,  2.81960E+01,  4.58323E+01,  7.28568E+01,  1.12688E+02,  1.69026E+02,  2.45349E+02,  3.44235E+02,  4.66598E+02,  6.11023E+02,  7.73368E+02,  9.46792E+02,  1.12227E+03,  1.28954E+03,  1.43826E+03,  1.55929E+03,  1.64569E+03,  1.69341E+03,  1.70148E+03,  1.67188E+03,  1.60895E+03,  1.51871E+03,  1.40804E+03,  1.28395E+03,  1.15304E+03,  1.02105E+03,  8.92608E+02,  7.71224E+02,  6.59273E+02,  5.58150E+02,  4.68433E+02,  3.90069E+02,  3.22552E+02,  2.65071E+02,  2.16649E+02,  1.76234E+02,  1.42775E+02,  1.15272E+02,  9.28059E+01,  7.45534E+01,  5.97941E+01,  4.79080E+01,  3.83687E+01,  3.07354E+01,  2.46420E+01,  1.97877E+01,  1.59265E+01,  1.28590E+01,  1.04243E+01,  8.49287E+00,  6.96117E+00,  5.74651E+00,  4.78310E+00,  4.01867E+00,  3.41175E+00,  2.92953E+00,  2.54604E+00,  2.24074E+00,  1.99739E+00,  1.80318E+00,  1.64797E+00,  1.52374E+00,  1.42414E+00,  1.34417E+00,  1.27984E+00,  1.22800E+00,  1.18615E+00,  1.15231E+00,  1.12488E+00,  1.10261E+00,  1.08450E+00,  1.06973E+00,  1.05767E+00,  1.04780E+00,  1.03970E+00,  1.03305E+00,  1.02757E+00,  1.02305E+00,  1.01931E+00
  1.00000E+00,  1.00000E+00,  1.00000E+00,  1.00001E+00,  1.00006E+00,  1.00027E+00,  1.00092E+00,  1.00243E+00,  1.00538E+00,  1.01060E+00,  1.01941E+00,  1.03404E+00,  1.05854E+00,  1.10025E+00,  1.17258E+00,  1.30005E+00,  1.52732E+00,  1.93488E+00,  2.66568E+00,  3.96779E+00,  6.25923E+00,  1.02191E+01,  1.69035E+01,  2.78727E+01,  4.53003E+01,  7.20132E+01,  1.11402E+02,  1.67144E+02,  2.42708E+02,  3.40683E+02,  4.62023E+02,  6.05379E+02,  7.66697E+02,  9.39238E+02,  1.11408E+03,  1.28101E+03,  1.42977E+03,  1.55121E+03,  1.63835E+03,  1.68707E+03,  1.69633E+03,  1.66800E+03,  1.60634E+03,  1.51729E+03,  1.40766E+03,  1.28444E+03,  1.15422E+03,  1.02272E+03,  8.94603E+02,  7.73394E+02,  6.61497E+02,  5.60333E+02,  4.70508E+02,  3.91992E+02,  3.24296E+02,  2.66626E+02,  2.18015E+02,  1.77418E+02,  1.43791E+02,  1.16135E+02,  9.35335E+01,  7.51625E+01,  6.03010E+01,  4.83276E+01,  3.87145E+01,  3.10193E+01,  2.48744E+01,  1.99773E+01,  1.60809E+01,  1.29846E+01,  1.05262E+01,  8.57555E+00,  7.02818E+00,  5.80080E+00,  4.82707E+00,  4.05428E+00,  3.44060E+00,  2.95292E+00,  2.56501E+00,  2.25613E+00,  2.00990E+00,  1.81336E+00,  1.65625E+00,  1.53049E+00,  1.42965E+00,  1.34867E+00,  1.28353E+00,  1.23103E+00,  1.18864E+00,  1.15435E+00,  1.12657E+00,  1.10400E+00,  1.08565E+00,  1.07068E+00,  1.05846E+00,  1.04846E+00,  1.04025E+00,  1.03351E+00,  1.02795E+00,  1.02337E+00,  1.01958E+00
  1.00000E+00,  1.00000E+00,  1.00000E+00,  1.00001E+00,  1.00006E+00,  1.00027E+00,  1.00092E+00,  1.00241E+00,  1.00534E+00,  1.01053E+00,  1.01929E+00,  1.03382E+00,  1.05815E+00,  1.09953E+00,  1.17123E+00,  1.29752E+00,  1.52252E+00,  1.92579E+00,  2.64849E+00,  3.93564E+00,  6.20006E+00,  1.01125E+01,  1.67163E+01,  2.75540E+01,  4.47758E+01,  7.11813E+01,  1.10133E+02,  1.65286E+02,  2.40098E+02,  3.37172E+02,  4.57498E+02,  5.99791E+02,  7.60087E+02,  9.31746E+02,  1.10594E+03,  1.27254E+03,  1.42133E+03,  1.54316E+03,  1.63102E+03,  1.68073E+03,  1.69116E+03,  1.66410E+03,  1.60370E+03,  1.51583E+03,  1.40724E+03,  1.28490E+03,  1.15536E+03,  1.02436E+03,  8.96577E+02,  7.75548E+02,  6.63708E+02,  5.62508E+02,  4.72578E+02,  3.93912E+02,  3.26038E+02,  2.68181E+02,  2.19381E+02,  1.78604E+02,  1.44808E+02,  1.17001E+02,  9.42635E+01,  7.57739E+01,  6.08100E+01,  4.87491E+01,  3.90621E+01,  3.13048E+01,  2.51081E+01,  2.01682E+01,  1.62364E+01,  1.31111E+01,  1.06289E+01,  8.65885E+00,  7.09570E+00,  5.85551E+00,  4.87140E+00,  4.09019E+00,  3.46971E+00,  2.97651E+00,  2.58415E+00,  2.27167E+00,  2.02253E+00,  1.82363E+00,  1.66462E+00,  1.53731E+00,  1.43522E+00,  1.35323E+00,  1.28726E+00,  1.23408E+00,  1.19115E+00,  1.15642E+00,  1.12827E+00,  1.10541E+00,  1.08681E+00,  1.07165E+00,  1.05926E+00,  1.04912E+00,  1.04081E+00,  1.03397E+00,  1.02834E+00,  1.02370E+00,  1.01985E+00
  1.00000E+00,  1.00000E+00,  1.00000E+00,  1.00001E+00,  1.00005E+00,  1.00027E+00,  1.00091E+00,  1.00239E+00,  1.00531E+00,  1.01047E+00,  1.01916E+00,  1.03361E+00,  1.05776E+00,  1.09881E+00,  1.16991E+00,  1.29503E+00,  1.51779E+00,  1.91681E+00,  2.63154E+00,  3.90394E+00,  6.14172E+00,  1.00074E+01,  1.65319E+01,  2.72399E+01,  4.42587E+01,  7.03608E+01,  1.08881E+02,  1.63451E+02,  2.37521E+02,  3.33702E+02,  4.53022E+02,  5.94260E+02,  7.53538E+02,  9.24316E+02,  1.09786E+03,  1.26412E+03,  1.41292E+03,  1.53513E+03,  1.62370E+03,  1.67439E+03,  1.68599E+03,  1.66018E+03,  1.60103E+03,  1.51434E+03,  1.40680E+03,  1.28533E+03,  1.15648E+03,  1.02598E+03,  8.98531E+02,  7.77685E+02,  6.65907E+02,  5.64674E+02,  4.74642E+02,  3.95828E+02,  3.27780E+02,  2.69735E+02,  2.20748E+02,  1.79791E+02,  1.45828E+02,  1.17869E+02,  9.49959E+01,  7.63877E+01,  6.13212E+01,  4.91727E+01,  3.94114E+01,  3.15918E+01,  2.53432E+01,  2.03602E+01,  1.63929E+01,  1.32384E+01,  1.07323E+01,  8.74278E+00,  7.16375E+00,  5.91067E+00,  4.91609E+00,  4.12641E+00,  3.49906E+00,  3.00031E+00,  2.60346E+00,  2.28735E+00,  2.03527E+00,  1.83400E+00,  1.67306E+00,  1.54420E+00,  1.44085E+00,  1.35783E+00,  1.29102E+00,  1.23717E+00,  1.19369E+00,  1.15851E+00,  1.12999E+00,  1.10683E+00,  1.08799E+00,  1.07262E+00,  1.06007E+00,  1.04980E+00,  1.04137E+00,  1.03444E+00,  1.02873E+00,  1.02402E+00,  1.02013E+00
  1.00000E+00,  1.00000E+00,  1.00000E+00,  1.00001E+00,  1.00005E+00,  1.00027E+00,  1.00090E+00,  1.00238E+00,  1.00527E+00,  1.01040E+00,  1.01904E+00,  1.03339E+00,  1.05737E+00,  1.09810E+00,  1.16859E+00,  1.29256E+00,  1.51312E+00,  1.90795E+00,  2.61481E+00,  3.87268E+00,  6.08421E+00,  9.90380E+00,  1.63500E+01,  2.69303E+01,  4.37489E+01,  6.95516E+01,  1.07646E+02,  1.61641E+02,  2.34976E+02,  3.30272E+02,  4.48594E+02,  5.88784E+02,  7.47049E+02,  9.16946E+02,  1.08984E+03,  1.25576E+03,  1.40456E+03,  1.52713E+03,  1.61641E+03,  1.66806E+03,  1.68081E+03,  1.65624E+03,  1.59834E+03,  1.51282E+03,  1.40632E+03,  1.28573E+03,  1.15757E+03,  1.02758E+03,  9.00464E+02,  7.79807E+02,  6.68095E+02,  5.66832E+02,  4.76701E+02,  3.97741E+02,  3.29520E+02,  2.71290E+02,  2.22117E+02,  1.80981E+02,  1.46851E+02,  1.18739E+02,  9.57307E+01,  7.70037E+01,  6.18346E+01,  4.95982E+01,  3.97626E+01,  3.18805E+01,  2.55797E+01,  2.05534E+01,  1.65504E+01,  1.33665E+01,  1.08365E+01,  8.82732E+00,  7.23233E+00,  5.96626E+00,  4.96115E+00,  4.16293E+00,  3.52866E+00,  3.02433E+00,  2.62294E+00,  2.30318E+00,  2.04814E+00,  1.84446E+00,  1.68159E+00,  1.55115E+00,  1.44653E+00,  1.36247E+00,  1.29483E+00,  1.24029E+00,  1.19625E+00,  1.16062E+00,  1.13173E+00,  1.10827E+00,  1.08918E+00,  1.07361E+00,  1.06089E+00,  1.05048E+00,  1.04193E+00,  1.03491E+00,  1.02913E+00,  1.02436E+00,  1.02041E+00
  1.00000E+00,  1.00000E+00,  1.00000E+00,  1.00001E+00,  1.00005E+00,  1.00026E+00,  1.00089E+00,  1.00236E+00,  1.00523E+00,  1.01033E+00,  1.01892E+00,  1.03318E+00,  1.05699E+00,  1.09740E+00,  1.16729E+00,  1.29011E+00,  1.50850E+00,  1.89920E+00,  2.59831E+00,  3.84184E+00,  6.02750E+00,  9.80168E+00,  1.61708E+01,  2.66250E+01,  4.32462E+01,  6.87536E+01,  1.06427E+02,  1.59853E+02,  2.32461E+02,  3.26882E+02,  4.44214E+02,  5.83363E+02,  7.40619E+02,  9.09638E+02,  1.08187E+03,  1.24744E+03,  1.39624E+03,  1.51917E+03,  1.60912E+03,  1.66173E+03,  1.67562E+03,  1.65228E+03,  1.59563E+03,  1.51127E+03,  1.40582E+03,  1.28610E+03,  1.15863E+03,  1.02915E+03,  9.02378E+02,  7.81912E+02,  6.70269E+02,  5.68980E+02,  4.78754E+02,  3.99651E+02,  3.31259E+02,  2.72845E+02,  2.23487E+02,  1.82172E+02,  1.47875E+02,  1.19611E+02,  9.64678E+01,  7.76220E+01,  6.23501E+01,  5.00257E+01,  4.01155E+01,  3.21706E+01,  2.58175E+01,  2.07478E+01,  1.67090E+01,  1.34956E+01,  1.09414E+01,  8.91249E+00,  7.30142E+00,  6.02229E+00,  5.00657E+00,  4.19975E+00,  3.55852E+00,  3.04855E+00,  2.64260E+00,  2.31915E+00,  2.06112E+00,  1.85503E+00,  1.69020E+00,  1.55817E+00,  1.45226E+00,  1.36716E+00,  1.29867E+00,  1.24345E+00,  1.19884E+00,  1.16275E+00,  1.13349E+00,  1.10972E+00,  1.09038E+00,  1.07461E+00,  1.06172E+00,  1.05117E+00,  1.04251E+00,  1.03539E+00,  1.02953E+00,  1.02469E+00,  1.02069E+00
  1.00000E+00,  1.00000E+00,  1.00000E+00,  1.00001E+00,  1.00005E+00,  1.00026E+00,  1.00089E+00,  1.00234E+00,  1.00520E+00,  1.01027E+00,  1.01881E+00,  1.03297E+00,  1.05661E+00,  1.09671E+00,  1.16601E+00,  1.28770E+00,  1.50394E+00,  1.89057E+00,  2.58202E+00,  3.81144E+00,  5.97160E+00,  9.70102E+00,  1.59941E+01,  2.63241E+01,  4.27506E+01,  6.79664E+01,  1.05225E+02,  1.58089E+02,  2.29978E+02,  3.23531E+02,  4.39882E+02,  5.77996E+02,  7.34248E+02,  9.02389E+02,  1.07397E+03,  1.23917E+03,  1.38796E+03,  1.51123E+03,  1.60186E+03,  1.65540E+03,  1.67042E+03,  1.64831E+03,  1.59288E+03,  1.50970E+03,  1.40528E+03,  1.28644E+03,  1.15967E+03,  1.03070E+03,  9.04271E+02,  7.84002E+02,  6.72432E+02,  5.71120E+02,  4.80800E+02,  4.01557E+02,  3.32996E+02,  2.74400E+02,  2.24857E+02,  1.83364E+02,  1.48901E+02,  1.20486E+02,  9.72072E+01,  7.82426E+01,  6.28677E+01,  5.04551E+01,  4.04701E+01,  3.24624E+01,  2.60568E+01,  2.09434E+01,  1.68685E+01,  1.36255E+01,  1.10470E+01,  8.99829E+00,  7.37105E+00,  6.07876E+00,  5.05236E+00,  4.23688E+00,  3.58864E+00,  3.07298E+00,  2.66244E+00,  2.33526E+00,  2.07422E+00,  1.86569E+00,  1.69889E+00,  1.56526E+00,  1.45805E+00,  1.37190E+00,  1.30255E+00,  1.24663E+00,  1.20146E+00,  1.16491E+00,  1.13527E+00,  1.11119E+00,  1.09159E+00,  1.07561E+00,  1.06255E+00,  1.05186E+00,  1.04309E+00,  1.03588E+00,  1.02994E+00,  1.02503E+00,  1.02098E+00
  1.00000E+00,  1.00000E+00,  1.00000E+00,  1.00001E+00,  1.00005E+00,  1.00026E+00,  1.00088E+00,  1.00232E+00,  1.00516E+00,  1.01020E+00,  1.01869E+00,  1.03276E+00,  1.05623E+00,  1.09602E+00,  1.16474E+00,  1.28532E+00,  1.49944E+00,  1.88205E+00,  2.56596E+00,  3.78145E+00,  5.91648E+00,  9.60177E+00,  1.58200E+01,  2.60275E+01,  4.22619E+01,  6.71901E+01,  1.04038E+02,  1.56347E+02,  2.27525E+02,  3.20219E+02,  4.35597E+02,  5.72683E+02,  7.27936E+02,  8.95200E+02,  1.06612E+03,  1.23096E+03,  1.37972E+03,  1.50332E+03,  1.59460E+03,  1.64908E+03,  1.66521E+03,  1.64432E+03,  1.59012E+03,  1.50809E+03,  1.40472E+03,  1.28675E+03,  1.16068E+03,  1.03223E+03,  9.06145E+02,  7.86075E+02,  6.74582E+02,  5.73251E+02,  4.82841E+02,  4.03460E+02,  3.34732E+02,  2.75955E+02,  2.26229E+02,  1.84559E+02,  1.49930E+02,  1.21363E+02,  9.79490E+01,  7.88655E+01,  6.33875E+01,  5.08866E+01,  4.08266E+01,  3.27557E+01,  2.62974E+01,  2.11402E+01,  1.70291E+01,  1.37563E+01,  1.11534E+01,  9.08471E+00,  7.44120E+00,  6.13567E+00,  5.09852E+00,  4.27432E+00,  3.61901E+00,  3.09763E+00,  2.68245E+00,  2.35152E+00,  2.08745E+00,  1.87646E+00,  1.70766E+00,  1.57242E+00,  1.46390E+00,  1.37669E+00,  1.30647E+00,  1.24985E+00,  1.20411E+00,  1.16708E+00,  1.13706E+00,  1.11267E+00,  1.09282E+00,  1.07663E+00,  1.06340E+00,  1.05256E+00,  1.04367E+00,  1.03637E+00,  1.03035E+00,  1.02538E+00,  1.02127E+00
  1.00000E+00,  1.00000E+00,  1.00000E+00,  1.00001E+00,  1.00005E+00,  1.00026E+00,  1.00087E+00,  1.00231E+00,  1.00513E+00,  1.01014E+00,  1.01857E+00,  1.03255E+00,  1.05586E+00,  1.09535E+00,  1.16348E+00,  1.28296E+00,  1.49499E+00,  1.87363E+00,  2.55011E+00,  3.75187E+00,  5.86212E+00,  9.50394E+00,  1.56483E+01,  2.57350E+01,  4.17800E+01,  6.64243E+01,  1.02867E+02,  1.54627E+02,  2.25101E+02,  3.16945E+02,  4.31358E+02,  5.67424E+02,  7.21681E+02,  8.88070E+02,  1.05833E+03,  1.22279E+03,  1.37153E+03,  1.49544E+03,  1.58737E+03,  1.64276E+03,  1.66000E+03,  1.64031E+03,  1.58733E+03,  1.50646E+03,  1.40412E+03,  1.28704E+03,  1.16166E+03,  1.03373E+03,  9.07998E+02,  7.88131E+02,  6.76719E+02,  5.75373E+02,  4.84876E+02,  4.05359E+02,  3.36466E+02,  2.77510E+02,  2.27602E+02,  1.85755E+02,  1.50960E+02,  1.22242E+02,  9.86931E+01,  7.94906E+01,  6.39093E+01,  5.13199E+01,  4.11848E+01,  3.30506E+01,  2.65393E+01,  2.13382E+01,  1.71908E+01,  1.38880E+01,  1.12605E+01,  9.17176E+00,  7.51187E+00,  6.19302E+00,  5.14505E+00,  4.31206E+00,  3.64964E+00,  3.12249E+00,  2.70264E+00,  2.36793E+00,  2.10079E+00,  1.88733E+00,  1.71652E+00,  1.57965E+00,  1.46981E+00,  1.38152E+00,  1.31043E+00,  1.25310E+00,  1.20678E+00,  1.16928E+00,  1.13888E+00,  1.11417E+00,  1.09406E+00,  1.07766E+00,  1.06425E+00,  1.05328E+00,  1.04427E+00,  1.03686E+00,  1.03076E+00,  1.02572E+00,  1.02156E+00
  1.00000E+00,  1.00000E+00,  1.00000E+00,  1.00001E+00,  1.00005E+00,  1.00025E+00,  1.00086E+00,  1.00229E+00,  1.00510E+00,  1.01007E+00,  1.01846E+00,  1.03235E+00,  1.05549E+00,  1.09467E+00,  1.16223E+00,  1.28063E+00,  1.49060E+00,  1.86533E+00,  2.53447E+00,  3.72270E+00,  5.80853E+00,  9.40748E+00,  1.54790E+01,  2.54466E+01,  4.13048E+01,  6.56690E+01,  1.01712E+02,  1.52929E+02,  2.22708E+02,  3.13709E+02,  4.27165E+02,  5.62217E+02,  7.15484E+02,  8.80998E+02,  1.05059E+03,  1.21468E+03,  1.36337E+03,  1.48759E+03,  1.58015E+03,  1.63644E+03,  1.65477E+03,  1.63628E+03,  1.58452E+03,  1.50480E+03,  1.40350E+03,  1.28729E+03,  1.16262E+03,  1.03521E+03,  9.09830E+02,  7.90172E+02,  6.78845E+02,  5.77486E+02,  4.86905E+02,  4.07255E+02,  3.38198E+02,  2.79064E+02,  2.28975E+02,  1.86952E+02,  1.51993E+02,  1.23124E+02,  9.94395E+01,  8.01180E+01,  6.44334E+01,  5.17552E+01,  4.15447E+01,  3.33471E+01,  2.67827E+01,  2.15374E+01,  1.73534E+01,  1.40206E+01,  1.13684E+01,  9.25944E+00,  7.58308E+00,  6.25082E+00,  5.19195E+00,  4.35012E+00,  3.68052E+00,  3.14756E+00,  2.72301E+00,  2.38448E+00,  2.11426E+00,  1.89829E+00,  1.72546E+00,  1.58695E+00,  1.47577E+00,  1.38640E+00,  1.31443E+00,  1.25638E+00,  1.20948E+00,  1.17151E+00,  1.14071E+00,  1.11569E+00,  1.09532E+00,  1.07870E+00,  1.06512E+00,  1.05399E+00,  1.04487E+00,  1.03736E+00,  1.03118E+00,  1.02607E+00,  1.02185E+00
  1.00000E+00,  1.00000E+00,  1.00000E+00,  1.00001E+00,  1.00005E+00,  1.00025E+00,  1.00086E+00,  1.00227E+00,  1.00506E+00,  1.01001E+00,  1.01834E+00,  1.03215E+00,  1.05513E+00,  1.09401E+00,  1.16100E+00,  1.27833E+00,  1.48625E+00,  1.85713E+00,  2.51903E+00,  3.69392E+00,  5.75568E+00,  9.31237E+00,  1.53122E+01,  2.51624E+01,  4.08362E+01,  6.49239E+01,  1.00572E+02,  1.51253E+02,  2.20343E+02,  3.10511E+02,  4.23017E+02,  5.57062E+02,  7.09343E+02,  8.73985E+02,  1.04291E+03,  1.20662E+03,  1.35525E+03,  1.47977E+03,  1.57295E+03,  1.63013E+03,  1.64954E+03,  1.63224E+03,  1.58168E+03,  1.50312E+03,  1.40284E+03,  1.28751E+03,  1.16354E+03,  1.03666E+03,  9.11643E+02,  7.92196E+02,  6.80957E+02,  5.79589E+02,  4.88928E+02,  4.09147E+02,  3.39929E+02,  2.80618E+02,  2.30349E+02,  1.88151E+02,  1.53027E+02,  1.24008E+02,  1.00188E+02,  8.07475E+01,  6.49595E+01,  5.21925E+01,  4.19065E+01,  3.36451E+01,  2.70274E+01,  2.17377E+01,  1.75171E+01,  1.41540E+01,  1.14770E+01,  9.34775E+00,  7.65482E+00,  6.30907E+00,  5.23923E+00,  4.38849E+00,  3.71166E+00,  3.17285E+00,  2.74355E+00,  2.40119E+00,  2.12785E+00,  1.90936E+00,  1.73448E+00,  1.59431E+00,  1.48179E+00,  1.39133E+00,  1.31847E+00,  1.25970E+00,  1.21220E+00,  1.17375E+00,  1.14256E+00,  1.11722E+00,  1.09658E+00,  1.07975E+00,  1.06599E+00,  1.05472E+00,  1.04547E+00,  1.03787E+00,  1.03160E+00,  1.02643E+00,  1.02215E+00
  1.00000E+00,  1.00000E+00,  1.00000E+00,  1.00001E+00,  1.00005E+00,  1.00025E+00,  1.00085E+00,  1.00226E+00,  1.00503E+00,  1.00995E+00,  1.01823E+00,  1.03194E+00,  1.05477E+00,  1.09335E+00,  1.15979E+00,  1.27605E+00,  1.48197E+00,  1.84903E+00,  2.50380E+00,  3.66553E+00,  5.70356E+00,  9.21861E+00,  1.51476E+01,  2.48821E+01,  4.03741E+01,  6.41890E+01,  9.94466E+01,  1.49598E+02,  2.18007E+02,  3.07349E+02,  4.18915E+02,  5.51959E+02,  7.03259E+02,  8.67030E+02,  1.03529E+03,  1.19860E+03,  1.34718E+03,  1.47198E+03,  1.56577E+03,  1.62383E+03,  1.64431E+03,  1.62818E+03,  1.57882E+03,  1.50140E+03,  1.40216E+03,  1.28771E+03,  1.16444E+03,  1.03809E+03,  9.13436E+02,  7.94204E+02,  6.83057E+02,  5.81684E+02,  4.90944E+02,  4.11035E+02,  3.41658E+02,  2.82172E+02,  2.31724E+02,  1.89352E+02,  1.54063E+02,  1.24894E+02,  1.00939E+02,  8.13793E+01,  6.54877E+01,  5.26317E+01,  4.22699E+01,  3.39447E+01,  2.72735E+01,  2.19393E+01,  1.76818E+01,  1.42883E+01,  1.15864E+01,  9.43670E+00,  7.72710E+00,  6.36776E+00,  5.28688E+00,  4.42717E+00,  3.74307E+00,  3.19835E+00,  2.76428E+00,  2.41804E+00,  2.14157E+00,  1.92053E+00,  1.74359E+00,  1.60175E+00,  1.48787E+00,  1.39630E+00,  1.32255E+00,  1.26305E+00,  1.21496E+00,  1.17602E+00,  1.14443E+00,  1.11876E+00,  1.09786E+00,  1.08081E+00,  1.06687E+00,  1.05545E+00,  1.04608E+00,  1.03838E+00,  1.03203E+00,  1.02679E+00,  1.02245E+00
  1.00000E+00,  1.00000E+00,  1.00000E+00,  1.00001E+00,  1.00005E+00,  1.00025E+00,  1.00084E+00,  1.00224E+00,  1.00499E+00,  1.00989E+00,  1.01812E+00,  1.03174E+00,  1.05441E+00,  1.09270E+00,  1.15858E+00,  1.27380E+00,  1.47773E+00,  1.84104E+00,  2.48877E+00,  3.63753E+00,  5.65216E+00,  9.12615E+00,  1.49854E+01,  2.46057E+01,  3.99184E+01,  6.34640E+01,  9.83364E+01,  1.47965E+02,  2.15700E+02,  3.04223E+02,  4.14856E+02,  5.46907E+02,  6.97231E+02,  8.60133E+02,  1.02772E+03,  1.19064E+03,  1.33915E+03,  1.46422E+03,  1.55860E+03,  1.61752E+03,  1.63907E+03,  1.62411E+03,  1.57594E+03,  1.49966E+03,  1.40145E+03,  1.28788E+03,  1.16532E+03,  1.03950E+03,  9.15208E+02,  7.96196E+02,  6.85145E+02,  5.83769E+02,  4.92954E+02,  4.12919E+02,  3.43385E+02,  2.83726E+02,  2.33100E+02,  1.90554E+02,  1.55102E+02,  1.25782E+02,  1.01692E+02,  8.20133E+01,  6.60179E+01,  5.30728E+01,  4.26351E+01,  3.42459E+01,  2.75210E+01,  2.21421E+01,  1.78475E+01,  1.44235E+01,  1.16965E+01,  9.52628E+00,  7.79991E+00,  6.42691E+00,  5.33490E+00,  4.46617E+00,  3.77474E+00,  3.22408E+00,  2.78518E+00,  2.43504E+00,  2.15540E+00,  1.93181E+00,  1.75279E+00,  1.60926E+00,  1.49401E+00,  1.40133E+00,  1.32667E+00,  1.26643E+00,  1.21774E+00,  1.17831E+00,  1.14632E+00,  1.12033E+00,  1.09916E+00,  1.08188E+00,  1.06776E+00,  1.05620E+00,  1.04670E+00,  1.03890E+00,  1.03246E+00,  1.02715E+00,  1.02276E+00
  1.00000E+00,  1.00000E+00,  1.00000E+00,  1.00001E+00,  1.00005E+00,  1.00024E+00,  1.00084E+00,  1.00222E+00,  1.00496E+00,  1.00982E+00,  1.01801E+00,  1.03155E+00,  1.05405E+00,  1.09205E+00,  1.15739E+00,  1.27158E+00,  1.47355E+00,  1.83315E+00,  2.47394E+00,  3.60991E+00,  5.60147E+00,  9.03499E+00,  1.48255E+01,  2.43332E+01,  3.94690E+01,  6.27488E+01,  9.72408E+01,  1.46352E+02,  2.13420E+02,  3.01134E+02,  4.10841E+02,  5.41906E+02,  6.91257E+02,  8.53292E+02,  1.02020E+03,  1.18272E+03,  1.33116E+03,  1.45649E+03,  1.55146E+03,  1.61123E+03,  1.63382E+03,  1.62002E+03,  1.57304E+03,  1.49789E+03,  1.40071E+03,  1.28802E+03,  1.16617E+03,  1.04088E+03,  9.16960E+02,  7.98171E+02,  6.87219E+02,  5.85845E+02,  4.94958E+02,  4.14800E+02,  3.45110E+02,  2.85279E+02,  2.34476E+02,  1.91757E+02,  1.56142E+02,  1.26672E+02,  1.02447E+02,  8.26494E+01,  6.65503E+01,  5.35159E+01,  4.30021E+01,  3.45486E+01,  2.77698E+01,  2.23460E+01,  1.80143E+01,  1.45596E+01,  1.18074E+01,  9.61650E+00,  7.87326E+00,  6.48650E+00,  5.38331E+00,  4.50548E+00,  3.80666E+00,  3.25002E+00,  2.80627E+00,  2.45220E+00,  2.16937E+00,  1.94319E+00,  1.76207E+00,  1.61684E+00,  1.50021E+00,  1.40640E+00,  1.33083E+00,  1.26985E+00,  1.22055E+00,  1.18063E+00,  1.14823E+00,  1.12191E+00,  1.10046E+00,  1.08297E+00,  1.06866E+00,  1.05695E+00,  1.04733E+00,  1.03942E+00,  1.03290E+00,  1.02752E+00,  1.02307E+00
  1.00000E+00,  1.00000E+00,  1.00000E+00,  1.00001E+00,  1.00005E+00,  1.00024E+00,  1.00083E+00,  1.00221E+00,  1.00493E+00,  1.00976E+00,  1.01790E+00,  1.03135E+00,  1.05370E+00,  1.09141E+00,  1.15621E+00,  1.26938E+00,  1.46941E+00,  1.82535E+00,  2.45930E+00,  3.58266E+00,  5.55148E+00,  8.94510E+00,  1.46678E+01,  2.40644E+01,  3.90258E+01,  6.20433E+01,  9.61595E+01,  1.44759E+02,  2.11169E+02,  2.98080E+02,  4.06870E+02,  5.36955E+02,  6.85339E+02,  8.46508E+02,  1.01275E+03,  1.17486E+03,  1.32320E+03,  1.44879E+03,  1.54433E+03,  1.60494E+03,  1.62857E+03,  1.61592E+03,  1.57011E+03,  1.49610E+03,  1.39994E+03,  1.28813E+03,  1.16699E+03,  1.04224E+03,  9.18693E+02,  8.00130E+02,  6.89281E+02,  5.87912E+02,  4.96956E+02,  4.16676E+02,  3.46833E+02,  2.86832E+02,  2.35853E+02,  1.92962E+02,  1.57184E+02,  1.27564E+02,  1.03205E+02,  8.32878E+01,  6.70848E+01,  5.39608E+01,  4.33708E+01,  3.48528E+01,  2.80200E+01,  2.25512E+01,  1.81821E+01,  1.46966E+01,  1.19190E+01,  9.70736E+00,  7.94715E+00,  6.54655E+00,  5.43209E+00,  4.54510E+00,  3.83886E+00,  3.27618E+00,  2.82754E+00,  2.46950E+00,  2.18346E+00,  1.95467E+00,  1.77144E+00,  1.62449E+00,  1.50647E+00,  1.41153E+00,  1.33503E+00,  1.27330E+00,  1.22339E+00,  1.18296E+00,  1.15016E+00,  1.12350E+00,  1.10178E+00,  1.08406E+00,  1.06957E+00,  1.05770E+00,  1.04796E+00,  1.03995E+00,  1.03334E+00,  1.02789E+00,  1.02338E+00
  1.00000E+00,  1.00000E+00,  1.00000E+00,  1.00001E+00,  1.00005E+00,  1.00024E+00,  1.00082E+00,  1.00219E+00,  1.00490E+00,  1.00970E+00,  1.01779E+00,  1.03115E+00,  1.05335E+00,  1.09078E+00,  1.15505E+00,  1.26721E+00,  1.46533E+00,  1.81766E+00,  2.44485E+00,  3.55577E+00,  5.50218E+00,  8.85646E+00,  1.45123E+01,  2.37995E+01,  3.85886E+01,  6.13473E+01,  9.50925E+01,  1.43187E+02,  2.08944E+02,  2.95061E+02,  4.02941E+02,  5.32053E+02,  6.79475E+02,  8.39780E+02,  1.00534E+03,  1.16704E+03,  1.31529E+03,  1.44112E+03,  1.53721E+03,  1.59865E+03,  1.62331E+03,  1.61180E+03,  1.56717E+03,  1.49428E+03,  1.39914E+03,  1.28821E+03,  1.16778E+03,  1.04357E+03,  9.20405E+02,  8.02072E+02,  6.91330E+02,  5.89969E+02,  4.98947E+02,  4.18549E+02,  3.48555E+02,  2.88384E+02,  2.37231E+02,  1.94168E+02,  1.58228E+02,  1.28459E+02,  1.03965E+02,  8.39283E+01,  6.76213E+01,  5.44077E+01,  4.37413E+01,  3.51587E+01,  2.82716E+01,  2.27575E+01,  1.83509E+01,  1.48344E+01,  1.20314E+01,  9.79886E+00,  8.02157E+00,  6.60705E+00,  5.48125E+00,  4.58505E+00,  3.87131E+00,  3.30256E+00,  2.84900E+00,  2.48696E+00,  2.19767E+00,  1.96626E+00,  1.78089E+00,  1.63221E+00,  1.51278E+00,  1.41670E+00,  1.33928E+00,  1.27678E+00,  1.22625E+00,  1.18533E+00,  1.15211E+00,  1.12511E+00,  1.10312E+00,  1.08517E+00,  1.07049E+00,  1.05847E+00,  1.04860E+00,  1.04048E+00,  1.03379E+00,  1.02826E+00,  1.02369E+00
  1.00000E+00,  1.00000E+00,  1.00000E+00,  1.00001E+00,  1.00005E+00,  1.00024E+00,  1.00082E+00,  1.00218E+00,  1.00486E+00,  1.00964E+00,  1.01768E+00,  1.03096E+00,  1.05301E+00,  1.09015E+00,  1.15389E+00,  1.26506E+00,  1.46129E+00,  1.81006E+00,  2.43059E+00,  3.52925E+00,  5.45355E+00,  8.76904E+00,  1.43590E+01,  2.35382E+01,  3.81575E+01,  6.06607E+01,  9.40394E+01,  1.41634E+02,  2.06746E+02,  2.92076E+02,  3.99055E+02,  5.27200E+02,  6.73664E+02,  8.33107E+02,  9.97991E+02,  1.15928E+03,  1.30742E+03,  1.43348E+03,  1.53012E+03,  1.59238E+03,  1.61804E+03,  1.60767E+03,  1.56420E+03,  1.49244E+03,  1.39832E+03,  1.28826E+03,  1.16855E+03,  1.04488E+03,  9.22097E+02,  8.03998E+02,  6.93367E+02,  5.92017E+02,  5.00931E+02,  4.20418E+02,  3.50274E+02,  2.89935E+02,  2.38609E+02,  1.95375E+02,  1.59273E+02,  1.29355E+02,  1.04726E+02,  8.45709E+01,  6.81598E+01,  5.48565E+01,  4.41135E+01,  3.54660E+01,  2.85245E+01,  2.29651E+01,  1.85208E+01,  1.49732E+01,  1.21446E+01,  9.89100E+00,  8.09654E+00,  6.66801E+00,  5.53080E+00,  4.62531E+00,  3.90404E+00,  3.32917E+00,  2.87063E+00,  2.50457E+00,  2.21202E+00,  1.97795E+00,  1.79043E+00,  1.64001E+00,  1.51916E+00,  1.42192E+00,  1.34356E+00,  1.28030E+00,  1.22915E+00,  1.18771E+00,  1.15408E+00,  1.12674E+00,  1.10447E+00,  1.08629E+00,  1.07142E+00,  1.05924E+00,  1.04925E+00,  1.04102E+00,  1.03424E+00,  1.02864E+00,  1.02401E+00
  1.00000E+00,  1.00000E+00,  1.00000E+00,  1.00001E+00,  1.00005E+00,  1.00023E+00,  1.00081E+00,  1.00216E+00,  1.00483E+00,  1.00958E+00,  1.01757E+00,  1.03077E+00,  1.05266E+00,  1.08953E+00,  1.15275E+00,  1.26293E+00,  1.45730E+00,  1.80255E+00,  2.41651E+00,  3.50308E+00,  5.40558E+00,  8.68284E+00,  1.42078E+01,  2.32805E+01,  3.77323E+01,  5.99833E+01,  9.30001E+01,  1.40101E+02,  2.04575E+02,  2.89126E+02,  3.95210E+02,  5.22396E+02,  6.67907E+02,  8.26490E+02,  9.90695E+02,  1.15156E+03,  1.29960E+03,  1.42587E+03,  1.52305E+03,  1.58611E+03,  1.61278E+03,  1.60352E+03,  1.56121E+03,  1.49057E+03,  1.39747E+03,  1.28829E+03,  1.16929E+03,  1.04617E+03,  9.23768E+02,  8.05908E+02,  6.95390E+02,  5.94055E+02,  5.02909E+02,  4.22282E+02,  3.51990E+02,  2.91486E+02,  2.39987E+02,  1.96584E+02,  1.60321E+02,  1.30253E+02,  1.05490E+02,  8.52157E+01,  6.87004E+01,  5.53072E+01,  4.44874E+01,  3.57750E+01,  2.87789E+01,  2.31738E+01,  1.86917E+01,  1.51128E+01,  1.22584E+01,  9.98378E+00,  8.17205E+00,  6.72942E+00,  5.58072E+00,  4.66589E+00,  3.93703E+00,  3.35599E+00,  2.89246E+00,  2.52233E+00,  2.22649E+00,  1.98975E+00,  1.80006E+00,  1.64788E+00,  1.52560E+00,  1.42720E+00,  1.34789E+00,  1.28386E+00,  1.23207E+00,  1.19012E+00,  1.15607E+00,  1.12838E+00,  1.10583E+00,  1.08742E+00,  1.07236E+00,  1.06003E+00,  1.04990E+00,  1.04157E+00,  1.03470E+00,  1.02903E+00,  1.02433E+00
  1.00000E+00,  1.00000E+00,  1.00000E+00,  1.00001E+00,  1.00005E+00,  1.00023E+00,  1.00080E+00,  1.00214E+00,  1.00480E+00,  1.00952E+00,  1.01746E+00,  1.03058E+00,  1.05232E+00,  1.08892E+00,  1.15162E+00,  1.26083E+00,  1.45336E+00,  1.79514E+00,  2.40262E+00,  3.47725E+00,  5.35827E+00,  8.59782E+00,  1.40587E+01,  2.30264E+01,  3.73128E+01,  5.93149E+01,  9.19744E+01,  1.38587E+02,  2.02430E+02,  2.86210E+02,  3.91407E+02,  5.17640E+02,  6.62203E+02,  8.19928E+02,  9.83452E+02,  1.14389E+03,  1.29181E+03,  1.41829E+03,  1.51599E+03,  1.57984E+03,  1.60751E+03,  1.59936E+03,  1.55820E+03,  1.48867E+03,  1.39659E+03,  1.28829E+03,  1.17001E+03,  1.04744E+03,  9.25420E+02,  8.07801E+02,  6.97401E+02,  5.96084E+02,  5.04880E+02,  4.24142E+02,  3.53705E+02,  2.93036E+02,  2.41366E+02,  1.97794E+02,  1.61370E+02,  1.31154E+02,  1.06257E+02,  8.58626E+01,  6.92430E+01,  5.57598E+01,  4.48630E+01,  3.60854E+01,  2.90346E+01,  2.33838E+01,  1.88636E+01,  1.52533E+01,  1.23731E+01,  1.00772E+01,  8.24811E+00,  6.79129E+00,  5.63104E+00,  4.70680E+00,  3.97029E+00,  3.38304E+00,  2.91446E+00,  2.54025E+00,  2.24109E+00,  2.00165E+00,  1.80978E+00,  1.65582E+00,  1.53210E+00,  1.43252E+00,  1.35226E+00,  1.28745E+00,  1.23503E+00,  1.19256E+00,  1.15808E+00,  1.13005E+00,  1.10721E+00,  1.08856E+00,  1.07331E+00,  1.06082E+00,  1.05056E+00,  1.04212E+00,  1.03516E+00,  1.02941E+00,  1.02466E+00
  1.00000E+00,  1.00000E+00,  1.00000E+00,  1.00001E+00,  1.00005E+00,  1.00023E+00,  1.00080E+00,  1.00213E+00,  1.00477E+00,  1.00946E+00,  1.01736E+00,  1.03039E+00,  1.05199E+00,  1.08831E+00,  1.15051E+00,  1.25875E+00,  1.44947E+00,  1.78782E+00,  2.38891E+00,  3.45178E+00,  5.31160E+00,  8.51398E+00,  1.39117E+01,  2.27758E+01,  3.68992E+01,  5.86556E+01,  9.09620E+01,  1.37093E+02,  2.00311E+02,  2.83326E+02,  3.87644E+02,  5.12931E+02,  6.56551E+02,  8.13420E+02,  9.76263E+02,  1.13627E+03,  1.28406E+03,  1.41075E+03,  1.50895E+03,  1.57359E+03,  1.60223E+03,  1.59519E+03,  1.55517E+03,  1.48675E+03,  1.39569E+03,  1.28826E+03,  1.17070E+03,  1.04868E+03,  9.27052E+02,  8.09678E+02,  6.99399E+02,  5.98103E+02,  5.06845E+02,  4.25998E+02,  3.55418E+02,  2.94586E+02,  2.42746E+02,  1.99005E+02,  1.62421E+02,  1.32056E+02,  1.07025E+02,  8.65115E+01,  6.97877E+01,  5.62143E+01,  4.52404E+01,  3.63975E+01,  2.92916E+01,  2.35949E+01,  1.90366E+01,  1.53948E+01,  1.24885E+01,  1.01713E+01,  8.32471E+00,  6.85363E+00,  5.68173E+00,  4.74803E+00,  4.00382E+00,  3.41031E+00,  2.93666E+00,  2.55832E+00,  2.25581E+00,  2.01366E+00,  1.81959E+00,  1.66383E+00,  1.53866E+00,  1.43790E+00,  1.35667E+00,  1.29107E+00,  1.23801E+00,  1.19501E+00,  1.16011E+00,  1.13172E+00,  1.10860E+00,  1.08971E+00,  1.07427E+00,  1.06162E+00,  1.05122E+00,  1.04267E+00,  1.03563E+00,  1.02980E+00,  1.02499E+00
  1.00000E+00,  1.00000E+00,  1.00000E+00,  1.00001E+00,  1.00005E+00,  1.00023E+00,  1.00079E+00,  1.00211E+00,  1.00474E+00,  1.00940E+00,  1.01725E+00,  1.03021E+00,  1.05166E+00,  1.08771E+00,  1.14940E+00,  1.25670E+00,  1.44562E+00,  1.78060E+00,  2.37537E+00,  3.42664E+00,  5.26557E+00,  8.43129E+00,  1.37667E+01,  2.25286E+01,  3.64911E+01,  5.80050E+01,  8.99627E+01,  1.35617E+02,  1.98217E+02,  2.80476E+02,  3.83922E+02,  5.08269E+02,  6.50950E+02,  8.06965E+02,  9.69126E+02,  1.12870E+03,  1.27636E+03,  1.40323E+03,  1.50194E+03,  1.56734E+03,  1.59695E+03,  1.59101E+03,  1.55213E+03,  1.48481E+03,  1.39475E+03,  1.28821E+03,  1.17137E+03,  1.04990E+03,  9.28664E+02,  8.11538E+02,  7.01384E+02,  6.00112E+02,  5.08802E+02,  4.27850E+02,  3.57128E+02,  2.96135E+02,  2.44126E+02,  2.00217E+02,  1.63473E+02,  1.32961E+02,  1.07795E+02,  8.71626E+01,  7.03343E+01,  5.66706E+01,  4.56195E+01,  3.67110E+01,  2.95500E+01,  2.38072E+01,  1.92106E+01,  1.55371E+01,  1.26047E+01,  1.02660E+01,  8.40186E+00,  6.91642E+00,  5.73282E+00,  4.78958E+00,  4.03762E+00,  3.43781E+00,  2.95904E+00,  2.57655E+00,  2.27067E+00,  2.02578E+00,  1.82949E+00,  1.67192E+00,  1.54528E+00,  1.44332E+00,  1.36112E+00,  1.29473E+00,  1.24102E+00,  1.19750E+00,  1.16216E+00,  1.13342E+00,  1.11000E+00,  1.09088E+00,  1.07524E+00,  1.06242E+00,  1.05190E+00,  1.04324E+00,  1.03610E+00,  1.03020E+00,  1.02532E+00
  1.00000E+00,  1.00000E+00,  1.00000E+00,  1.00001E+00,  1.00004E+00,  1.00023E+00,  1.00078E+00,  1.00210E+00,  1.00471E+00,  1.00934E+00,  1.01715E+00,  1.03002E+00,  1.05133E+00,  1.08711E+00,  1.14831E+00,  1.25467E+00,  1.44181E+00,  1.77346E+00,  2.36201E+00,  3.40183E+00,  5.22015E+00,  8.34973E+00,  1.36237E+01,  2.22848E+01,  3.60886E+01,  5.73631E+01,  8.89765E+01,  1.34159E+02,  1.96149E+02,  2.77659E+02,  3.80240E+02,  5.03654E+02,  6.45401E+02,  8.00565E+02,  9.62042E+02,  1.12118E+03,  1.26869E+03,  1.39574E+03,  1.49494E+03,  1.56109E+03,  1.59167E+03,  1.58681E+03,  1.54906E+03,  1.48284E+03,  1.39379E+03,  1.28813E+03,  1.17201E+03,  1.05109E+03,  9.30256E+02,  8.13381E+02,  7.03355E+02,  6.02112E+02,  5.10753E+02,  4.29697E+02,  3.58835E+02,  2.97683E+02,  2.45506E+02,  2.01431E+02,  1.64527E+02,  1.33867E+02,  1.08568E+02,  8.78158E+01,  7.08830E+01,  5.71289E+01,  4.60003E+01,  3.70261E+01,  2.98098E+01,  2.40208E+01,  1.93857E+01,  1.56803E+01,  1.27217E+01,  1.03614E+01,  8.47956E+00,  6.97967E+00,  5.78429E+00,  4.83146E+00,  4.07169E+00,  3.46554E+00,  2.98161E+00,  2.59494E+00,  2.28566E+00,  2.03801E+00,  1.83947E+00,  1.68009E+00,  1.55196E+00,  1.44880E+00,  1.36561E+00,  1.29842E+00,  1.24406E+00,  1.20000E+00,  1.16423E+00,  1.13513E+00,  1.11142E+00,  1.09206E+00,  1.07622E+00,  1.06324E+00,  1.05258E+00,  1.04381E+00,  1.03657E+00,  1.03060E+00,  1.02565E+00
  1.00000E+00,  1.00000E+00,  1.00000E+00,  1.00001E+00,  1.00004E+00,  1.00022E+00,  1.00078E+00,  1.00208E+00,  1.00467E+00,  1.00929E+00,  1.01704E+00,  1.02984E+00,  1.05100E+00,  1.08652E+00,  1.14723E+00,  1.25266E+00,  1.43806E+00,  1.76641E+00,  2.34881E+00,  3.37735E+00,  5.17535E+00,  8.26928E+00,  1.34826E+01,  2.20444E+01,  3.56915E+01,  5.67297E+01,  8.80030E+01,  1.32720E+02,  1.94105E+02,  2.74873E+02,  3.76598E+02,  4.99085E+02,  6.39903E+02,  7.94218E+02,  9.55010E+02,  1.11370E+03,  1.26106E+03,  1.38829E+03,  1.48796E+03,  1.55486E+03,  1.58639E+03,  1.58260E+03,  1.54597E+03,  1.48085E+03,  1.39281E+03,  1.28802E+03,  1.17262E+03,  1.05227E+03,  9.31828E+02,  8.15209E+02,  7.05314E+02,  6.04102E+02,  5.12697E+02,  4.31540E+02,  3.60541E+02,  2.99230E+02,  2.46886E+02,  2.02645E+02,  1.65583E+02,  1.34775E+02,  1.09342E+02,  8.84710E+01,  7.14337E+01,  5.75890E+01,  4.63828E+01,  3.73428E+01,  3.00710E+01,  2.42355E+01,  1.95618E+01,  1.58244E+01,  1.28394E+01,  1.04574E+01,  8.55781E+00,  7.04339E+00,  5.83616E+00,  4.87366E+00,  4.10603E+00,  3.49349E+00,  3.00437E+00,  2.61348E+00,  2.30078E+00,  2.05035E+00,  1.84955E+00,  1.68833E+00,  1.55870E+00,  1.45433E+00,  1.37015E+00,  1.30216E+00,  1.24713E+00,  1.20254E+00,  1.16632E+00,  1.13686E+00,  1.11285E+00,  1.09325E+00,  1.07721E+00,  1.06406E+00,  1.05326E+00,  1.04438E+00,  1.03705E+00,  1.03100E+00,  1.02599E+00
  1.00000E+00,  1.00000E+00,  1.00000E+00,  1.00000E+00,  1.00004E+00,  1.00022E+00,  1.00077E+00,  1.00207E+00,  1.00464E+00,  1.00923E+00,  1.01694E+00,  1.02966E+00,  1.05068E+00,  1.08594E+00,  1.14615E+00,  1.25067E+00,  1.43434E+00,  1.75944E+00,  2.33579E+00,  3.35319E+00,  5.13115E+00,  8.18993E+00,  1.33435E+01,  2.18072E+01,  3.52998E+01,  5.61048E+01,  8.70422E+01,  1.31299E+02,  1.92086E+02,  2.72119E+02,  3.72994E+02,  4.94561E+02,  6.34456E+02,  7.87923E+02,  9.48030E+02,  1.10627E+03,  1.25348E+03,  1.38086E+03,  1.48100E+03,  1.54864E+03,  1.58110E+03,  1.57838E+03,  1.54287E+03,  1.47883E+03,  1.39180E+03,  1.28789E+03,  1.17321E+03,  1.05342E+03,  9.33380E+02,  8.17019E+02,  7.07260E+02,  6.06082E+02,  5.14634E+02,  4.33378E+02,  3.62243E+02,  3.00776E+02,  2.48267E+02,  2.03861E+02,  1.66640E+02,  1.35685E+02,  1.10118E+02,  8.91283E+01,  7.19863E+01,  5.80509E+01,  4.67670E+01,  3.76610E+01,  3.03335E+01,  2.44514E+01,  1.97389E+01,  1.59694E+01,  1.29578E+01,  1.05541E+01,  8.63661E+00,  7.10758E+00,  5.88841E+00,  4.91619E+00,  4.14065E+00,  3.52167E+00,  3.02733E+00,  2.63218E+00,  2.31603E+00,  2.06280E+00,  1.85972E+00,  1.69664E+00,  1.56551E+00,  1.45991E+00,  1.37473E+00,  1.30592E+00,  1.25024E+00,  1.20509E+00,  1.16843E+00,  1.13861E+00,  1.11430E+00,  1.09445E+00,  1.07821E+00,  1.06489E+00,  1.05396E+00,  1.04496E+00,  1.03754E+00,  1.03141E+00,  1.02634E+00
  1.00000E+00,  1.00000E+00,  1.00000E+00,  1.00000E+00,  1.00004E+00,  1.00022E+00,  1.00076E+00,  1.00205E+00,  1.00461E+00,  1.00917E+00,  1.01684E+00,  1.02948E+00,  1.05035E+00,  1.08536E+00,  1.14509E+00,  1.24871E+00,  1.43067E+00,  1.75256E+00,  2.32293E+00,  3.32935E+00,  5.08754E+00,  8.11167E+00,  1.32063E+01,  2.15733E+01,  3.49134E+01,  5.54882E+01,  8.60937E+01,  1.29896E+02,  1.90091E+02,  2.69396E+02,  3.69429E+02,  4.90083E+02,  6.29058E+02,  7.81680E+02,  9.41102E+02,  1.09889E+03,  1.24594E+03,  1.37347E+03,  1.47406E+03,  1.54242E+03,  1.57581E+03,  1.57415E+03,  1.53974E+03,  1.47679E+03,  1.39076E+03,  1.28773E+03,  1.17377E+03,  1.05454E+03,  9.34912E+02,  8.18813E+02,  7.09192E+02,  6.08052E+02,  5.16564E+02,  4.35212E+02,  3.63944E+02,  3.02321E+02,  2.49647E+02,  2.05077E+02,  1.67699E+02,  1.36597E+02,  1.10897E+02,  8.97876E+01,  7.25409E+01,  5.85148E+01,  4.71530E+01,  3.79807E+01,  3.05974E+01,  2.46686E+01,  1.99171E+01,  1.61153E+01,  1.30771E+01,  1.06514E+01,  8.71597E+00,  7.17223E+00,  5.94106E+00,  4.95905E+00,  4.17554E+00,  3.55009E+00,  3.05047E+00,  2.65104E+00,  2.33141E+00,  2.07535E+00,  1.86997E+00,  1.70503E+00,  1.57238E+00,  1.46554E+00,  1.37936E+00,  1.30972E+00,  1.25337E+00,  1.20768E+00,  1.17057E+00,  1.14037E+00,  1.11576E+00,  1.09566E+00,  1.07922E+00,  1.06574E+00,  1.05466E+00,  1.04555E+00,  1.03803E+00,  1.03182E+00,  1.02668E+00
  1.00000E+00,  1.00000E+00,  1.00000E+00,  1.00000E+00,  1.00004E+00,  1.00022E+00,  1.00076E+00,  1.00204E+00,  1.00458E+00,  1.00912E+00,  1.01674E+00,  1.02930E+00,  1.05004E+00,  1.08479E+00,  1.14405E+00,  1.24677E+00,  1.42704E+00,  1.74577E+00,  2.31023E+00,  3.30582E+00,  5.04452E+00,  8.03446E+00,  1.30710E+01,  2.13426E+01,  3.45322E+01,  5.48797E+01,  8.51575E+01,  1.28510E+02,  1.88120E+02,  2.66705E+02,  3.65902E+02,  4.85649E+02,  6.23710E+02,  7.75490E+02,  9.34224E+02,  1.09156E+03,  1.23843E+03,  1.36610E+03,  1.46714E+03,  1.53621E+03,  1.57052E+03,  1.56991E+03,  1.53660E+03,  1.47473E+03,  1.38970E+03,  1.28754E+03,  1.17431E+03,  1.05565E+03,  9.36424E+02,  8.20591E+02,  7.11112E+02,  6.10013E+02,  5.18487E+02,  4.37041E+02,  3.65641E+02,  3.03865E+02,  2.51028E+02,  2.06295E+02,  1.68759E+02,  1.37511E+02,  1.11677E+02,  9.04489E+01,  7.30975E+01,  5.89804E+01,  4.75406E+01,  3.83020E+01,  3.08627E+01,  2.48869E+01,  2.00963E+01,  1.62621E+01,  1.31971E+01,  1.07494E+01,  8.79588E+00,  7.23735E+00,  5.99410E+00,  5.00224E+00,  4.21071E+00,  3.57873E+00,  3.07380E+00,  2.67007E+00,  2.34693E+00,  2.08802E+00,  1.88033E+00,  1.71350E+00,  1.57932E+00,  1.47123E+00,  1.38403E+00,  1.31356E+00,  1.25653E+00,  1.21028E+00,  1.17272E+00,  1.14216E+00,  1.11724E+00,  1.09689E+00,  1.08024E+00,  1.06659E+00,  1.05537E+00,  1.04614E+00,  1.03853E+00,  1.03224E+00,  1.02703E+00
  1.00000E+00,  1.00000E+00,  1.00000E+00,  1.00000E+00,  1.00004E+00,  1.00022E+00,  1.00075E+00,  1.00202E+00,  1.00455E+00,  1.00906E+00,  1.01664E+00,  1.02912E+00,  1.04972E+00,  1.08422E+00,  1.14301E+00,  1.24484E+00,  1.42346E+00,  1.73906E+00,  2.29770E+00,  3.28259E+00,  5.00207E+00,  7.95830E+00,  1.29375E+01,  2.11150E+01,  3.41562E+01,  5.42792E+01,  8.42333E+01,  1.27141E+02,  1.86172E+02,  2.64044E+02,  3.62413E+02,  4.81259E+02,  6.18411E+02,  7.69351E+02,  9.27398E+02,  1.08427E+03,  1.23097E+03,  1.35877E+03,  1.46024E+03,  1.53001E+03,  1.56523E+03,  1.56565E+03,  1.53344E+03,  1.47264E+03,  1.38861E+03,  1.28733E+03,  1.17482E+03,  1.05673E+03,  9.37916E+02,  8.22352E+02,  7.13018E+02,  6.11963E+02,  5.20403E+02,  4.38866E+02,  3.67336E+02,  3.05408E+02,  2.52409E+02,  2.07513E+02,  1.69821E+02,  1.38427E+02,  1.12460E+02,  9.11123E+01,  7.36561E+01,  5.94480E+01,  4.79299E+01,  3.86248E+01,  3.11293E+01,  2.51064E+01,  2.02766E+01,  1.64097E+01,  1.33179E+01,  1.08480E+01,  8.87635E+00,  7.30294E+00,  6.04753E+00,  5.04576E+00,  4.24615E+00,  3.60760E+00,  3.09733E+00,  2.68925E+00,  2.36258E+00,  2.10080E+00,  1.89077E+00,  1.72205E+00,  1.58632E+00,  1.47697E+00,  1.38874E+00,  1.31744E+00,  1.25972E+00,  1.21292E+00,  1.17490E+00,  1.14396E+00,  1.11873E+00,  1.09813E+00,  1.08127E+00,  1.06744E+00,  1.05609E+00,  1.04674E+00,  1.03903E+00,  1.03266E+00,  1.02739E+00
  1.00000E+00,  1.00000E+00,  1.00000E+00,  1.00000E+00,  1.00004E+00,  1.00021E+00,  1.00075E+00,  1.00201E+00,  1.00452E+00,  1.00900E+00,  1.01654E+00,  1.02894E+00,  1.04941E+00,  1.08366E+00,  1.14198E+00,  1.24294E+00,  1.41991E+00,  1.73243E+00,  2.28532E+00,  3.25967E+00,  4.96019E+00,  7.88316E+00,  1.28058E+01,  2.08905E+01,  3.37852E+01,  5.36867E+01,  8.33211E+01,  1.25790E+02,  1.84248E+02,  2.61413E+02,  3.58961E+02,  4.76913E+02,  6.13160E+02,  7.63263E+02,  9.20622E+02,  1.07703E+03,  1.22354E+03,  1.35147E+03,  1.45336E+03,  1.52382E+03,  1.55993E+03,  1.56139E+03,  1.53026E+03,  1.47054E+03,  1.38750E+03,  1.28709E+03,  1.17531E+03,  1.05778E+03,  9.39389E+02,  8.24097E+02,  7.14911E+02,  6.13903E+02,  5.22312E+02,  4.40685E+02,  3.69028E+02,  3.06950E+02,  2.53790E+02,  2.08732E+02,  1.70884E+02,  1.39344E+02,  1.13244E+02,  9.17776E+01,  7.42166E+01,  5.99173E+01,  4.83209E+01,  3.89491E+01,  3.13973E+01,  2.53271E+01,  2.04579E+01,  1.65583E+01,  1.34394E+01,  1.09473E+01,  8.95737E+00,  7.36900E+00,  6.10136E+00,  5.08962E+00,  4.28188E+00,  3.63671E+00,  3.12105E+00,  2.70859E+00,  2.37836E+00,  2.11369E+00,  1.90131E+00,  1.73067E+00,  1.59338E+00,  1.48276E+00,  1.39350E+00,  1.32135E+00,  1.26294E+00,  1.21558E+00,  1.17709E+00,  1.14577E+00,  1.12024E+00,  1.09938E+00,  1.08231E+00,  1.06831E+00,  1.05681E+00,  1.04735E+00,  1.03954E+00,  1.03309E+00,  1.02775E+00
  1.00000E+00,  1.00000E+00,  1.00000E+00,  1.00000E+00,  1.00004E+00,  1.00021E+00,  1.00074E+00,  1.00200E+00,  1.00449E+00,  1.00895E+00,  1.01644E+00,  1.02877E+00,  1.04910E+00,  1.08310E+00,  1.14096E+00,  1.24106E+00,  1.41641E+00,  1.72587E+00,  2.27310E+00,  3.23705E+00,  4.91886E+00,  7.80904E+00,  1.26760E+01,  2.06691E+01,  3.34191E+01,  5.31020E+01,  8.24205E+01,  1.24455E+02,  1.82346E+02,  2.58812E+02,  3.55546E+02,  4.72610E+02,  6.07958E+02,  7.57225E+02,  9.13896E+02,  1.06984E+03,  1.21616E+03,  1.34420E+03,  1.44650E+03,  1.51764E+03,  1.55464E+03,  1.55712E+03,  1.52707E+03,  1.46841E+03,  1.38636E+03,  1.28682E+03,  1.17578E+03,  1.05882E+03,  9.40841E+02,  8.25825E+02,  7.16791E+02,  6.15833E+02,  5.24214E+02,  4.42500E+02,  3.70718E+02,  3.08490E+02,  2.55171E+02,  2.09953E+02,  1.71949E+02,  1.40264E+02,  1.14031E+02,  9.24450E+01,  7.47790E+01,  6.03885E+01,  4.87137E+01,  3.92749E+01,  3.16666E+01,  2.55491E+01,  2.06402E+01,  1.67078E+01,  1.35618E+01,  1.10473E+01,  9.03896E+00,  7.43553E+00,  6.15559E+00,  5.13380E+00,  4.31788E+00,  3.66605E+00,  3.14497E+00,  2.72810E+00,  2.39428E+00,  2.12669E+00,  1.91194E+00,  1.73937E+00,  1.60051E+00,  1.48861E+00,  1.39830E+00,  1.32530E+00,  1.26620E+00,  1.21826E+00,  1.17931E+00,  1.14761E+00,  1.12176E+00,  1.10064E+00,  1.08336E+00,  1.06919E+00,  1.05754E+00,  1.04796E+00,  1.04005E+00,  1.03352E+00,  1.02811E+00
  1.00000E+00,  1.00000E+00,  1.00000E+00,  1.00000E+00,  1.00004E+00,  1.00021E+00,  1.00073E+00,  1.00198E+00,  1.00447E+00,  1.00890E+00,  1.01634E+00,  1.02860E+00,  1.04879E+00,  1.08255E+00,  1.13996E+00,  1.23920E+00,  1.41295E+00,  1.71940E+00,  2.26103E+00,  3.21472E+00,  4.87808E+00,  7.73592E+00,  1.25478E+01,  2.04506E+01,  3.30580E+01,  5.25250E+01,  8.15315E+01,  1.23137E+02,  1.80467E+02,  2.56240E+02,  3.52167E+02,  4.68350E+02,  6.02803E+02,  7.51238E+02,  9.07221E+02,  1.06269E+03,  1.20882E+03,  1.33696E+03,  1.43967E+03,  1.51147E+03,  1.54935E+03,  1.55283E+03,  1.52386E+03,  1.46626E+03,  1.38520E+03,  1.28653E+03,  1.17622E+03,  1.05983E+03,  9.42274E+02,  8.27536E+02,  7.18658E+02,  6.17754E+02,  5.26108E+02,  4.44311E+02,  3.72405E+02,  3.10030E+02,  2.56552E+02,  2.11173E+02,  1.73015E+02,  1.41185E+02,  1.14819E+02,  9.31143E+01,  7.53433E+01,  6.08615E+01,  4.91080E+01,  3.96023E+01,  3.19374E+01,  2.57722E+01,  2.08236E+01,  1.68582E+01,  1.36849E+01,  1.11479E+01,  9.12110E+00,  7.50254E+00,  6.21022E+00,  5.17833E+00,  4.35416E+00,  3.69562E+00,  3.16908E+00,  2.74777E+00,  2.41033E+00,  2.13980E+00,  1.92266E+00,  1.74814E+00,  1.60770E+00,  1.49451E+00,  1.40315E+00,  1.32929E+00,  1.26948E+00,  1.22097E+00,  1.18155E+00,  1.14946E+00,  1.12330E+00,  1.10192E+00,  1.08442E+00,  1.07007E+00,  1.05828E+00,  1.04857E+00,  1.04057E+00,  1.03395E+00,  1.02847E+00
  1.00000E+00,  1.00000E+00,  1.00000E+00,  1.00000E+00,  1.00004E+00,  1.00021E+00,  1.00073E+00,  1.00197E+00,  1.00444E+00,  1.00884E+00,  1.01625E+00,  1.02843E+00,  1.04849E+00,  1.08200E+00,  1.13896E+00,  1.23736E+00,  1.40952E+00,  1.71301E+00,  2.24912E+00,  3.19268E+00,  4.83784E+00,  7.66377E+00,  1.24214E+01,  2.02351E+01,  3.27017E+01,  5.19555E+01,  8.06538E+01,  1.21835E+02,  1.78611E+02,  2.53697E+02,  3.48824E+02,  4.64132E+02,  5.97695E+02,  7.45301E+02,  9.00594E+02,  1.05559E+03,  1.20151E+03,  1.32975E+03,  1.43285E+03,  1.50531E+03,  1.54405E+03,  1.54854E+03,  1.52063E+03,  1.46409E+03,  1.38401E+03,  1.28622E+03,  1.17663E+03,  1.06082E+03,  9.43688E+02,  8.29231E+02,  7.20511E+02,  6.19664E+02,  5.27995E+02,  4.46116E+02,  3.74088E+02,  3.11568E+02,  2.57933E+02,  2.12395E+02,  1.74083E+02,  1.42107E+02,  1.15609E+02,  9.37855E+01,  7.59096E+01,  6.13363E+01,  4.95041E+01,  3.99312E+01,  3.22094E+01,  2.59965E+01,  2.10080E+01,  1.70095E+01,  1.38088E+01,  1.12492E+01,  9.20381E+00,  7.57002E+00,  6.26525E+00,  5.22319E+00,  4.39073E+00,  3.72543E+00,  3.19339E+00,  2.76760E+00,  2.42653E+00,  2.15303E+00,  1.93348E+00,  1.75700E+00,  1.61496E+00,  1.50047E+00,  1.40804E+00,  1.33332E+00,  1.27280E+00,  1.22371E+00,  1.18381E+00,  1.15134E+00,  1.12485E+00,  1.10321E+00,  1.08549E+00,  1.07097E+00,  1.05903E+00,  1.04920E+00,  1.04109E+00,  1.03439E+00,  1.02884E+00
  1.00000E+00,  1.00000E+00,  1.00000E+00,  1.00000E+00,  1.00004E+00,  1.00021E+00,  1.00072E+00,  1.00195E+00,  1.00441E+00,  1.00879E+00,  1.01615E+00,  1.02826E+00,  1.04819E+00,  1.08146E+00,  1.13797E+00,  1.23555E+00,  1.40614E+00,  1.70669E+00,  2.23735E+00,  3.17092E+00,  4.79812E+00,  7.59259E+00,  1.22967E+01,  2.00225E+01,  3.23501E+01,  5.13935E+01,  7.97874E+01,  1.20549E+02,  1.76776E+02,  2.51183E+02,  3.45517E+02,  4.59957E+02,  5.92634E+02,  7.39413E+02,  8.94017E+02,  1.04854E+03,  1.19425E+03,  1.32257E+03,  1.42606E+03,  1.49916E+03,  1.53876E+03,  1.54424E+03,  1.51739E+03,  1.46189E+03,  1.38280E+03,  1.28588E+03,  1.17702E+03,  1.06179E+03,  9.45081E+02,  8.30909E+02,  7.22351E+02,  6.21563E+02,  5.29874E+02,  4.47916E+02,  3.75769E+02,  3.13105E+02,  2.59314E+02,  2.13618E+02,  1.75151E+02,  1.43032E+02,  1.16401E+02,  9.44587E+01,  7.64778E+01,  6.18129E+01,  4.99018E+01,  4.02616E+01,  3.24828E+01,  2.62220E+01,  2.11935E+01,  1.71617E+01,  1.39334E+01,  1.13511E+01,  9.28708E+00,  7.63798E+00,  6.32068E+00,  5.26838E+00,  4.42758E+00,  3.75547E+00,  3.21790E+00,  2.78760E+00,  2.44285E+00,  2.16638E+00,  1.94439E+00,  1.76593E+00,  1.62228E+00,  1.50648E+00,  1.41298E+00,  1.33738E+00,  1.27615E+00,  1.22647E+00,  1.18610E+00,  1.15323E+00,  1.12642E+00,  1.10451E+00,  1.08658E+00,  1.07187E+00,  1.05978E+00,  1.04983E+00,  1.04162E+00,  1.03483E+00,  1.02921E+00
  1.00000E+00,  1.00000E+00,  1.00000E+00,  1.00000E+00,  1.00004E+00,  1.00020E+00,  1.00072E+00,  1.00194E+00,  1.00438E+00,  1.00873E+00,  1.01605E+00,  1.02809E+00,  1.04789E+00,  1.08092E+00,  1.13700E+00,  1.23375E+00,  1.40279E+00,  1.70045E+00,  2.22573E+00,  3.14944E+00,  4.75894E+00,  7.52237E+00,  1.21737E+01,  1.98127E+01,  3.20032E+01,  5.08388E+01,  7.89320E+01,  1.19279E+02,  1.74963E+02,  2.48698E+02,  3.42245E+02,  4.55822E+02,  5.87620E+02,  7.33574E+02,  8.87489E+02,  1.04153E+03,  1.18702E+03,  1.31542E+03,  1.41928E+03,  1.49302E+03,  1.53346E+03,  1.53993E+03,  1.51413E+03,  1.45968E+03,  1.38157E+03,  1.28551E+03,  1.17739E+03,  1.06274E+03,  9.46455E+02,  8.32571E+02,  7.24178E+02,  6.23453E+02,  5.31747E+02,  4.49712E+02,  3.77447E+02,  3.14640E+02,  2.60695E+02,  2.14841E+02,  1.76222E+02,  1.43958E+02,  1.17195E+02,  9.51338E+01,  7.70478E+01,  6.22914E+01,  5.03013E+01,  4.05935E+01,  3.27576E+01,  2.64487E+01,  2.13800E+01,  1.73148E+01,  1.40589E+01,  1.14537E+01,  9.37091E+00,  7.70642E+00,  6.37651E+00,  5.31391E+00,  4.46471E+00,  3.78575E+00,  3.24260E+00,  2.80776E+00,  2.45932E+00,  2.17983E+00,  1.95540E+00,  1.77495E+00,  1.62967E+00,  1.51254E+00,  1.41797E+00,  1.34148E+00,  1.27953E+00,  1.22926E+00,  1.18840E+00,  1.15514E+00,  1.12800E+00,  1.10583E+00,  1.08767E+00,  1.07278E+00,  1.06054E+00,  1.05047E+00,  1.04215E+00,  1.03528E+00,  1.02959E+00
  1.00000E+00,  1.00000E+00,  1.00000E+00,  1.00000E+00,  1.00004E+00,  1.00020E+00,  1.00071E+00,  1.00193E+00,  1.00435E+00,  1.00868E+00,  1.01596E+00,  1.02792E+00,  1.04759E+00,  1.08039E+00,  1.13603E+00,  1.23197E+00,  1.39949E+00,  1.69428E+00,  2.21425E+00,  3.12824E+00,  4.72026E+00,  7.45307E+00,  1.20523E+01,  1.96057E+01,  3.16609E+01,  5.02914E+01,  7.80875E+01,  1.18025E+02,  1.73172E+02,  2.46240E+02,  3.39008E+02,  4.51729E+02,  5.82652E+02,  7.27784E+02,  8.81010E+02,  1.03457E+03,  1.17984E+03,  1.30831E+03,  1.41253E+03,  1.48690E+03,  1.52817E+03,  1.53561E+03,  1.51085E+03,  1.45744E+03,  1.38031E+03,  1.28512E+03,  1.17773E+03,  1.06366E+03,  9.47809E+02,  8.34216E+02,  7.25991E+02,  6.25332E+02,  5.33611E+02,  4.51502E+02,  3.79122E+02,  3.16174E+02,  2.62075E+02,  2.16065E+02,  1.77293E+02,  1.44885E+02,  1.17991E+02,  9.58108E+01,  7.76198E+01,  6.27716E+01,  5.07023E+01,  4.09270E+01,  3.30337E+01,  2.66766E+01,  2.15676E+01,  1.74688E+01,  1.41851E+01,  1.15570E+01,  9.45531E+00,  7.77533E+00,  6.43275E+00,  5.35979E+00,  4.50212E+00,  3.81628E+00,  3.26750E+00,  2.82809E+00,  2.47592E+00,  2.19341E+00,  1.96650E+00,  1.78404E+00,  1.63713E+00,  1.51866E+00,  1.42300E+00,  1.34562E+00,  1.28294E+00,  1.23208E+00,  1.19073E+00,  1.15706E+00,  1.12960E+00,  1.10716E+00,  1.08878E+00,  1.07370E+00,  1.06131E+00,  1.05111E+00,  1.04269E+00,  1.03573E+00,  1.02997E+00
