  4.86558E+00,  4.10550E+02,  6.28963E+04,  7.11577E+06,  4.23712E+08,  1.22810E+10,  1.82490E+11,  1.53512E+12,  8.12155E+12,  2.96997E+13,  8.12247E+13,  1.76980E+14,  3.22929E+14,  5.13013E+14,  7.31320E+14,  9.57696E+14,  1.17328E+15,  1.36395E+15,  1.52135E+15,  1.64236E+15,  1.72779E+15,  1.78090E+15,  1.80624E+15,  1.80874E+15,  1.79317E+15,  1.76381E+15,  1.72434E+15,  1.67782E+15,  1.62668E+15,  1.57286E+15,  1.51784E+15,  1.46272E+15,  1.40834E+15,  1.35528E+15,  1.30394E+15,  1.25459E+15,  1.20737E+15,  1.16238E+15,  1.11963E+15,  1.07910E+15,  1.04073E+15,  1.00446E+15,  9.70186E+14,  9.37826E+14,  9.07278E+14,  8.78444E+14,  8.51223E+14,  8.25521E+14,  8.01244E+14,  7.78305E+14,  7.56618E+14,  7.36105E+14,  7.16691E+14,  6.98305E+14,  6.80882E+14,  6.64360E+14,  6.48683E+14,  6.33796E+14,  6.19650E+14,  6.06199E+14,  5.93400E+14,  5.81212E+14,  5.69599E+14,  5.58526E+14,  5.47960E+14,  5.37872E+14,  5.28233E+14,  5.19018E+14,  5.10202E+14,  5.01763E+14,  4.93680E+14,  4.85932E+14,  4.78502E+14,  4.71373E+14,  4.64527E+14,  4.57951E+14,  4.51630E+14,  4.45551E+14,  4.39702E+14,  4.34070E+14,  4.28646E+14,  4.23419E+14,  4.18379E+14,  4.13518E+14,  4.08826E+14,  4.04296E+14,  3.99921E+14,  3.95692E+14,  3.91605E+14,  3.87651E+14,  3.83825E+14,  3.80122E+14,  3.76537E+14,  3.73063E+14,  3.69697E+14,  3.66434E+14,  3.63269E+14,  3.60199E+14,  3.57220E+14,  3.54327E+14,  3.51518E+14
  2.21735E+00,  7.08187E+01,  6.82398E+03,  6.14091E+05,  3.46981E+07,  1.06585E+09,  1.77926E+10,  1.72243E+11,  1.05288E+12,  4.41893E+12,  1.37079E+13,  3.34226E+13,  6.73214E+13,  1.16565E+14,  1.79034E+14,  2.50046E+14,  3.23817E+14,  3.94877E+14,  4.58970E+14,  5.13395E+14,  5.56910E+14,  5.89432E+14,  6.11666E+14,  6.24777E+14,  6.30134E+14,  6.29128E+14,  6.23068E+14,  6.13119E+14,  6.00281E+14,  5.85387E+14,  5.69113E+14,  5.52002E+14,  5.34475E+14,  5.16858E+14,  4.99396E+14,  4.82269E+14,  4.65608E+14,  4.49499E+14,  4.34003E+14,  4.19151E+14,  4.04961E+14,  3.91432E+14,  3.78558E+14,  3.66323E+14,  3.54706E+14,  3.43684E+14,  3.33231E+14,  3.23320E+14,  3.13924E+14,  3.05016E+14,  2.96568E+14,  2.88555E+14,  2.80953E+14,  2.73737E+14,  2.66885E+14,  2.60375E+14,  2.54187E+14,  2.48302E+14,  2.42702E+14,  2.37370E+14,  2.32290E+14,  2.27448E+14,  2.22830E+14,  2.18422E+14,  2.14213E+14,  2.10190E+14,  2.06345E+14,  2.02666E+14,  1.99145E+14,  1.95772E+14,  1.92539E+14,  1.89440E+14,  1.86466E+14,  1.83612E+14,  1.80871E+14,  1.78236E+14,  1.75703E+14,  1.73266E+14,  1.70921E+14,  1.68663E+14,  1.66488E+14,  1.64391E+14,  1.62369E+14,  1.60418E+14,  1.58535E+14,  1.56717E+14,  1.54961E+14,  1.53264E+14,  1.51623E+14,  1.50035E+14,  1.48499E+14,  1.47013E+14,  1.45573E+14,  1.44178E+14,  1.42827E+14,  1.41516E+14,  1.40246E+14,  1.39013E+14,  1.37817E+14,  1.36655E+14,  1.35527E+14
  1.52651E+00,  1.96556E+01,  1.21758E+03,  8.60287E+04,  4.42935E+06,  1.37431E+08,  2.46250E+09,  2.63754E+10,  1.80355E+11,  8.46492E+11,  2.91797E+12,  7.83387E+12,  1.72002E+13,  3.21406E+13,  5.27788E+13,  7.81433E+13,  1.06471E+14,  1.35696E+14,  1.63885E+14,  1.89525E+14,  2.11624E+14,  2.29689E+14,  2.43630E+14,  2.53646E+14,  2.60113E+14,  2.63498E+14,  2.64293E+14,  2.62977E+14,  2.59986E+14,  2.55703E+14,  2.50457E+14,  2.44522E+14,  2.38121E+14,  2.31435E+14,  2.24605E+14,  2.17744E+14,  2.10935E+14,  2.04243E+14,  1.97714E+14,  1.91381E+14,  1.85267E+14,  1.79384E+14,  1.73742E+14,  1.68342E+14,  1.63182E+14,  1.58260E+14,  1.53568E+14,  1.49099E+14,  1.44846E+14,  1.40799E+14,  1.36949E+14,  1.33286E+14,  1.29801E+14,  1.26485E+14,  1.23329E+14,  1.20325E+14,  1.17464E+14,  1.14739E+14,  1.12141E+14,  1.09664E+14,  1.07302E+14,  1.05047E+14,  1.02894E+14,  1.00837E+14,  9.88706E+13,  9.69903E+13,  9.51911E+13,  9.34686E+13,  9.18187E+13,  9.02375E+13,  8.87213E+13,  8.72667E+13,  8.58704E+13,  8.45296E+13,  8.32412E+13,  8.20026E+13,  8.08114E+13,  7.96651E+13,  7.85616E+13,  7.74987E+13,  7.64744E+13,  7.54869E+13,  7.45345E+13,  7.36155E+13,  7.27284E+13,  7.18716E+13,  7.10438E+13,  7.02437E+13,  6.94701E+13,  6.87217E+13,  6.79974E+13,  6.72963E+13,  6.66174E+13,  6.59596E+13,  6.53220E+13,  6.47040E+13,  6.41046E+13,  6.35230E+13,  6.29587E+13,  6.24108E+13,  6.18787E+13
  1.27783E+00,  7.73960E+00,  3.08968E+02,  1.71632E+04,  7.87596E+05,  2.39160E+07,  4.45322E+08,  5.12532E+09,  3.82431E+10,  1.96671E+11,  7.41048E+11,  2.16200E+12,  5.12059E+12,  1.02411E+13,  1.78626E+13,  2.78915E+13,  3.98192E+13,  5.28674E+13,  6.61754E+13,  7.89599E+13,  9.06106E+13,  1.00725E+14,  1.09098E+14,  1.15683E+14,  1.20554E+14,  1.23856E+14,  1.25778E+14,  1.26521E+14,  1.26285E+14,  1.25257E+14,  1.23602E+14,  1.21466E+14,  1.18972E+14,  1.16222E+14,  1.13301E+14,  1.10277E+14,  1.07204E+14,  1.04124E+14,  1.01070E+14,  9.80678E+13,  9.51352E+13,  9.22856E+13,  8.95282E+13,  8.68689E+13,  8.43110E+13,  8.18559E+13,  7.95034E+13,  7.72523E+13,  7.51002E+13,  7.30445E+13,  7.10820E+13,  6.92090E+13,  6.74221E+13,  6.57173E+13,  6.40910E+13,  6.25395E+13,  6.10590E+13,  5.96460E+13,  5.82971E+13,  5.70090E+13,  5.57785E+13,  5.46026E+13,  5.34784E+13,  5.24033E+13,  5.13746E+13,  5.03898E+13,  4.94468E+13,  4.85432E+13,  4.76771E+13,  4.68464E+13,  4.60494E+13,  4.52844E+13,  4.45496E+13,  4.38437E+13,  4.31650E+13,  4.25124E+13,  4.18844E+13,  4.12799E+13,  4.06977E+13,  4.01368E+13,  3.95961E+13,  3.90747E+13,  3.85717E+13,  3.80862E+13,  3.76175E+13,  3.71647E+13,  3.67271E+13,  3.63042E+13,  3.58951E+13,  3.54993E+13,  3.51163E+13,  3.47455E+13,  3.43863E+13,  3.40383E+13,  3.37010E+13,  3.33739E+13,  3.30567E+13,  3.27490E+13,  3.24503E+13,  3.21603E+13,  3.18787E+13
  1.16714E+00,  4.00614E+00,  1.01723E+02,  4.47154E+03,  1.80835E+05,  5.26259E+06,  9.94706E+07,  1.20315E+09,  9.60723E+09,  5.32549E+10,  2.16404E+11,  6.78647E+11,  1.71868E+12,  3.65319E+12,  6.72997E+12,  1.10326E+13,  1.64441E+13,  2.26786E+13,  2.93536E+13,  3.60707E+13,  4.24780E+13,  4.83058E+13,  5.33780E+13,  5.76049E+13,  6.09675E+13,  6.34986E+13,  6.52649E+13,  6.63521E+13,  6.68534E+13,  6.68618E+13,  6.64652E+13,  6.57429E+13,  6.47653E+13,  6.35927E+13,  6.22761E+13,  6.08581E+13,  5.93734E+13,  5.78504E+13,  5.63117E+13,  5.47750E+13,  5.32543E+13,  5.17600E+13,  5.03002E+13,  4.88805E+13,  4.75049E+13,  4.61761E+13,  4.48955E+13,  4.36639E+13,  4.24811E+13,  4.13466E+13,  4.02595E+13,  3.92185E+13,  3.82224E+13,  3.72694E+13,  3.63581E+13,  3.54866E+13,  3.46533E+13,  3.38565E+13,  3.30944E+13,  3.23655E+13,  3.16682E+13,  3.10010E+13,  3.03622E+13,  2.97507E+13,  2.91648E+13,  2.86035E+13,  2.80655E+13,  2.75495E+13,  2.70545E+13,  2.65795E+13,  2.61234E+13,  2.56853E+13,  2.52643E+13,  2.48596E+13,  2.44703E+13,  2.40958E+13,  2.37352E+13,  2.33880E+13,  2.30536E+13,  2.27312E+13,  2.24203E+13,  2.21205E+13,  2.18311E+13,  2.15517E+13,  2.12819E+13,  2.10213E+13,  2.07693E+13,  2.05257E+13,  2.02901E+13,  2.00621E+13,  1.98414E+13,  1.96277E+13,  1.94206E+13,  1.92200E+13,  1.90256E+13,  1.88370E+13,  1.86541E+13,  1.84766E+13,  1.83043E+13,  1.81371E+13,  1.79746E+13
  1.11002E+00,  2.56118E+00,  4.09397E+01,  1.43276E+03,  5.08233E+04,  1.39788E+06,  2.63629E+07,  3.29417E+08,  2.77158E+09,  1.63403E+10,  7.08127E+10,  2.36519E+11,  6.35700E+11,  1.42738E+12,  2.76371E+12,  4.73777E+12,  7.34913E+12,  1.05011E+13,  1.40254E+13,  1.77201E+13,  2.13858E+13,  2.48524E+13,  2.79924E+13,  3.07238E+13,  3.30067E+13,  3.48343E+13,  3.62245E+13,  3.72116E+13,  3.78388E+13,  3.81534E+13,  3.82027E+13,  3.80316E+13,  3.76811E+13,  3.71878E+13,  3.65833E+13,  3.58950E+13,  3.51455E+13,  3.43539E+13,  3.35358E+13,  3.27037E+13,  3.18679E+13,  3.10363E+13,  3.02151E+13,  2.94092E+13,  2.86221E+13,  2.78565E+13,  2.71141E+13,  2.63962E+13,  2.57034E+13,  2.50360E+13,  2.43940E+13,  2.37771E+13,  2.31849E+13,  2.26167E+13,  2.20718E+13,  2.15496E+13,  2.10491E+13,  2.05696E+13,  2.01102E+13,  1.96700E+13,  1.92482E+13,  1.88440E+13,  1.84566E+13,  1.80852E+13,  1.77291E+13,  1.73875E+13,  1.70597E+13,  1.67451E+13,  1.64430E+13,  1.61529E+13,  1.58742E+13,  1.56062E+13,  1.53486E+13,  1.51008E+13,  1.48623E+13,  1.46328E+13,  1.44117E+13,  1.41987E+13,  1.39934E+13,  1.37955E+13,  1.36045E+13,  1.34203E+13,  1.32425E+13,  1.30707E+13,  1.29048E+13,  1.27445E+13,  1.25895E+13,  1.24396E+13,  1.22945E+13,  1.21542E+13,  1.20183E+13,  1.18867E+13,  1.17592E+13,  1.16356E+13,  1.15158E+13,  1.13996E+13,  1.12869E+13,  1.11775E+13,  1.10713E+13,  1.09682E+13,  1.08681E+13
  1.07720E+00,  1.90750E+00,  1.93658E+01,  5.40916E+02,  1.68141E+04,  4.33133E+05,  8.04702E+06,  1.02492E+08,  8.97281E+08,  5.56466E+09,  2.54775E+10,  8.99265E+10,  2.54862E+11,  6.01325E+11,  1.21845E+12,  2.17663E+12,  3.50379E+12,  5.17519E+12,  7.11913E+12,  9.23361E+12,  1.14063E+13,  1.35319E+13,  1.55232E+13,  1.73169E+13,  1.88736E+13,  2.01750E+13,  2.12198E+13,  2.20191E+13,  2.25922E+13,  2.29629E+13,  2.31568E+13,  2.31999E+13,  2.31166E+13,  2.29295E+13,  2.26589E+13,  2.23224E+13,  2.19353E+13,  2.15104E+13,  2.10588E+13,  2.05894E+13,  2.01095E+13,  1.96251E+13,  1.91412E+13,  1.86613E+13,  1.81886E+13,  1.77253E+13,  1.72732E+13,  1.68333E+13,  1.64067E+13,  1.59938E+13,  1.55950E+13,  1.52103E+13,  1.48398E+13,  1.44832E+13,  1.41404E+13,  1.38110E+13,  1.34945E+13,  1.31907E+13,  1.28991E+13,  1.26191E+13,  1.23505E+13,  1.20926E+13,  1.18452E+13,  1.16076E+13,  1.13795E+13,  1.11605E+13,  1.09502E+13,  1.07481E+13,  1.05539E+13,  1.03673E+13,  1.01878E+13,  1.00151E+13,  9.84903E+12,  9.68914E+12,  9.53520E+12,  9.38693E+12,  9.24407E+12,  9.10636E+12,  8.97359E+12,  8.84551E+12,  8.72193E+12,  8.60264E+12,  8.48745E+12,  8.37617E+12,  8.26865E+12,  8.16471E+12,  8.06419E+12,  7.96696E+12,  7.87287E+12,  7.78179E+12,  7.69360E+12,  7.60816E+12,  7.52538E+12,  7.44513E+12,  7.36733E+12,  7.29186E+12,  7.21864E+12,  7.14758E+12,  7.07859E+12,  7.01159E+12,  6.94650E+12
  1.05676E+00,  1.57452E+00,  1.04848E+01,  2.33191E+02,  6.35873E+03,  1.52531E+05,  2.76531E+06,  3.55224E+07,  3.20298E+08,  2.07034E+09,  9.93500E+09,  3.68086E+10,  1.09386E+11,  2.69942E+11,  5.70237E+11,  1.05822E+12,  1.76324E+12,  2.68647E+12,  3.79980E+12,  5.05236E+12,  6.38096E+12,  7.72081E+12,  9.01383E+12,  1.02137E+13,  1.12876E+13,  1.22162E+13,  1.29913E+13,  1.36138E+13,  1.40911E+13,  1.44348E+13,  1.46588E+13,  1.47781E+13,  1.48076E+13,  1.47614E+13,  1.46527E+13,  1.44931E+13,  1.42931E+13,  1.40617E+13,  1.38064E+13,  1.35337E+13,  1.32491E+13,  1.29571E+13,  1.26614E+13,  1.23648E+13,  1.20698E+13,  1.17783E+13,  1.14918E+13,  1.12113E+13,  1.09377E+13,  1.06717E+13,  1.04136E+13,  1.01638E+13,  9.92220E+12,  9.68902E+12,  9.46416E+12,  9.24751E+12,  9.03893E+12,  8.83822E+12,  8.64517E+12,  8.45954E+12,  8.28108E+12,  8.10954E+12,  7.94465E+12,  7.78617E+12,  7.63383E+12,  7.48739E+12,  7.34658E+12,  7.21117E+12,  7.08094E+12,  6.95564E+12,  6.83506E+12,  6.71900E+12,  6.60726E+12,  6.49963E+12,  6.39595E+12,  6.29602E+12,  6.19969E+12,  6.10679E+12,  6.01718E+12,  5.93071E+12,  5.84723E+12,  5.76662E+12,  5.68876E+12,  5.61352E+12,  5.54079E+12,  5.47046E+12,  5.40244E+12,  5.33662E+12,  5.27291E+12,  5.21122E+12,  5.15148E+12,  5.09360E+12,  5.03750E+12,  4.98311E+12,  4.93036E+12,  4.87920E+12,  4.82955E+12,  4.78135E+12,  4.73456E+12,  4.68911E+12,  4.64496E+12
  1.04323E+00,  1.38848E+00,  6.37264E+00,  1.12155E+02,  2.68758E+03,  5.98277E+04,  1.05098E+06,  1.35023E+07,  1.24341E+08,  8.31214E+08,  4.15224E+09,  1.60538E+10,  4.97795E+10,  1.27964E+11,  2.80859E+11,  5.39927E+11,  9.29080E+11,  1.45741E+12,  2.11622E+12,  2.88088E+12,  3.71600E+12,  4.58185E+12,  5.44002E+12,  6.25751E+12,  7.00891E+12,  7.67694E+12,  8.25189E+12,  8.73043E+12,  9.11417E+12,  9.40821E+12,  9.61994E+12,  9.75798E+12,  9.83145E+12,  9.84936E+12,  9.82030E+12,  9.75217E+12,  9.65212E+12,  9.52644E+12,  9.38062E+12,  9.21938E+12,  9.04674E+12,  8.86606E+12,  8.68016E+12,  8.49136E+12,  8.30156E+12,  8.11230E+12,  7.92481E+12,  7.74006E+12,  7.55880E+12,  7.38161E+12,  7.20892E+12,  7.04102E+12,  6.87812E+12,  6.72034E+12,  6.56774E+12,  6.42031E+12,  6.27801E+12,  6.14077E+12,  6.00850E+12,  5.88106E+12,  5.75834E+12,  5.64019E+12,  5.52645E+12,  5.41698E+12,  5.31161E+12,  5.21021E+12,  5.11260E+12,  5.01864E+12,  4.92818E+12,  4.84108E+12,  4.75720E+12,  4.67639E+12,  4.59853E+12,  4.52349E+12,  4.45116E+12,  4.38140E+12,  4.31412E+12,  4.24921E+12,  4.18656E+12,  4.12608E+12,  4.06767E+12,  4.01124E+12,  3.95672E+12,  3.90402E+12,  3.85305E+12,  3.80376E+12,  3.75607E+12,  3.70991E+12,  3.66522E+12,  3.62194E+12,  3.58001E+12,  3.53937E+12,  3.49999E+12,  3.46179E+12,  3.42475E+12,  3.38881E+12,  3.35392E+12,  3.32006E+12,  3.28717E+12,  3.25523E+12,  3.22419E+12
  1.03382E+00,  1.27661E+00,  4.27905E+00,  5.91393E+01,  1.24736E+03,  2.57215E+04,  4.35547E+05,  5.55881E+06,  5.19179E+07,  3.56590E+08,  1.84344E+09,  7.39994E+09,  2.38385E+10,  6.36003E+10,  1.44596E+11,  2.87232E+11,  5.09361E+11,  8.21223E+11,  1.22242E+12,  1.70177E+12,  2.23969E+12,  2.81183E+12,  3.39290E+12,  3.95970E+12,  4.49306E+12,  4.97876E+12,  5.40756E+12,  5.77468E+12,  6.07904E+12,  6.32233E+12,  6.50820E+12,  6.64156E+12,  6.72795E+12,  6.77315E+12,  6.78287E+12,  6.76248E+12,  6.71696E+12,  6.65079E+12,  6.56795E+12,  6.47192E+12,  6.36568E+12,  6.25181E+12,  6.13247E+12,  6.00947E+12,  5.88432E+12,  5.75828E+12,  5.63235E+12,  5.50735E+12,  5.38393E+12,  5.26262E+12,  5.14380E+12,  5.02779E+12,  4.91478E+12,  4.80495E+12,  4.69839E+12,  4.59514E+12,  4.49523E+12,  4.39865E+12,  4.30536E+12,  4.21531E+12,  4.12843E+12,  4.04464E+12,  3.96386E+12,  3.88600E+12,  3.81097E+12,  3.73867E+12,  3.66899E+12,  3.60186E+12,  3.53716E+12,  3.47480E+12,  3.41470E+12,  3.35675E+12,  3.30088E+12,  3.24700E+12,  3.19503E+12,  3.14488E+12,  3.09648E+12,  3.04976E+12,  3.00465E+12,  2.96107E+12,  2.91898E+12,  2.87829E+12,  2.83896E+12,  2.80093E+12,  2.76415E+12,  2.72856E+12,  2.69411E+12,  2.66076E+12,  2.62847E+12,  2.59718E+12,  2.56687E+12,  2.53748E+12,  2.50899E+12,  2.48136E+12,  2.45456E+12,  2.42855E+12,  2.40330E+12,  2.37878E+12,  2.35497E+12,  2.33184E+12,  2.30936E+12
  1.02702E+00,  1.20522E+00,  3.12704E+00,  3.37431E+01,  6.26902E+02,  1.19658E+04,  1.94568E+05,  2.45370E+06,  2.31078E+07,  1.62154E+08,  8.63107E+08,  3.58115E+09,  1.19394E+10,  3.29528E+10,  7.73925E+10,  1.58494E+11,  2.89101E+11,  4.78305E+11,  7.28906E+11,  1.03656E+12,  1.39066E+12,  1.77637E+12,  2.17704E+12,  2.57644E+12,  2.96035E+12,  3.31748E+12,  3.63978E+12,  3.92230E+12,  4.16280E+12,  4.36122E+12,  4.51910E+12,  4.63911E+12,  4.72460E+12,  4.77927E+12,  4.80691E+12,  4.81124E+12,  4.79575E+12,  4.76366E+12,  4.71790E+12,  4.66103E+12,  4.59532E+12,  4.52273E+12,  4.44494E+12,  4.36338E+12,  4.27925E+12,  4.19356E+12,  4.10715E+12,  4.02068E+12,  3.93473E+12,  3.84974E+12,  3.76606E+12,  3.68398E+12,  3.60370E+12,  3.52539E+12,  3.44916E+12,  3.37508E+12,  3.30321E+12,  3.23355E+12,  3.16612E+12,  3.10090E+12,  3.03786E+12,  2.97696E+12,  2.91816E+12,  2.86139E+12,  2.80661E+12,  2.75376E+12,  2.70278E+12,  2.65359E+12,  2.60615E+12,  2.56038E+12,  2.51622E+12,  2.47362E+12,  2.43251E+12,  2.39284E+12,  2.35455E+12,  2.31757E+12,  2.28187E+12,  2.24739E+12,  2.21408E+12,  2.18189E+12,  2.15077E+12,  2.12069E+12,  2.09160E+12,  2.06345E+12,  2.03622E+12,  2.00987E+12,  1.98435E+12,  1.95964E+12,  1.93571E+12,  1.91252E+12,  1.89004E+12,  1.86824E+12,  1.84711E+12,  1.82661E+12,  1.80671E+12,  1.78740E+12,  1.76866E+12,  1.75045E+12,  1.73277E+12,  1.71559E+12,  1.69889E+12
  1.02196E+00,  1.15739E+00,  2.45095E+00,  2.06258E+01,  3.37384E+02,  5.96039E+03,  9.28128E+04,  1.15156E+06,  1.08822E+07,  7.76449E+07,  4.23638E+08,  1.80966E+09,  6.22267E+09,  1.77153E+10,  4.28733E+10,  9.03302E+10,  1.69184E+11,  2.86815E+11,  4.46938E+11,  6.48594E+11,  8.86284E+11,  1.15103E+12,  1.43191E+12,  1.71759E+12,  1.99760E+12,  2.26314E+12,  2.50750E+12,  2.72611E+12,  2.91637E+12,  3.07733E+12,  3.20938E+12,  3.31383E+12,  3.39266E+12,  3.44821E+12,  3.48302E+12,  3.49966E+12,  3.50061E+12,  3.48820E+12,  3.46459E+12,  3.43172E+12,  3.39129E+12,  3.34483E+12,  3.29365E+12,  3.23887E+12,  3.18147E+12,  3.12225E+12,  3.06190E+12,  3.00098E+12,  2.93998E+12,  2.87927E+12,  2.81916E+12,  2.75991E+12,  2.70172E+12,  2.64473E+12,  2.58906E+12,  2.53480E+12,  2.48200E+12,  2.43071E+12,  2.38094E+12,  2.33270E+12,  2.28598E+12,  2.24076E+12,  2.19703E+12,  2.15476E+12,  2.11390E+12,  2.07444E+12,  2.03632E+12,  1.99951E+12,  1.96396E+12,  1.92964E+12,  1.89649E+12,  1.86449E+12,  1.83359E+12,  1.80374E+12,  1.77491E+12,  1.74706E+12,  1.72015E+12,  1.69414E+12,  1.66900E+12,  1.64470E+12,  1.62120E+12,  1.59847E+12,  1.57647E+12,  1.55519E+12,  1.53459E+12,  1.51465E+12,  1.49533E+12,  1.47662E+12,  1.45849E+12,  1.44092E+12,  1.42388E+12,  1.40736E+12,  1.39134E+12,  1.37579E+12,  1.36070E+12,  1.34605E+12,  1.33183E+12,  1.31801E+12,  1.30459E+12,  1.29155E+12,  1.27887E+12
  1.01810E+00,  1.12401E+00,  2.03213E+00,  1.34029E+01,  1.92684E+02,  3.15161E+03,  4.69066E+04,  5.70619E+05,  5.38880E+06,  3.89330E+07,  2.16897E+08,  9.50554E+08,  3.36083E+09,  9.84305E+09,  2.44921E+10,  5.29882E+10,  1.01742E+11,  1.76500E+11,  2.80919E+11,  4.15622E+11,  5.78001E+11,  7.62708E+11,  9.62590E+11,  1.16975E+12,  1.37651E+12,  1.57609E+12,  1.76301E+12,  1.93328E+12,  2.08432E+12,  2.21483E+12,  2.32451E+12,  2.41391E+12,  2.48412E+12,  2.53660E+12,  2.57305E+12,  2.59523E+12,  2.60493E+12,  2.60386E+12,  2.59359E+12,  2.57561E+12,  2.55123E+12,  2.52163E+12,  2.48784E+12,  2.45076E+12,  2.41115E+12,  2.36970E+12,  2.32695E+12,  2.28338E+12,  2.23939E+12,  2.19531E+12,  2.15140E+12,  2.10790E+12,  2.06497E+12,  2.02277E+12,  1.98139E+12,  1.94093E+12,  1.90144E+12,  1.86298E+12,  1.82557E+12,  1.78923E+12,  1.75396E+12,  1.71977E+12,  1.68665E+12,  1.65458E+12,  1.62354E+12,  1.59352E+12,  1.56449E+12,  1.53642E+12,  1.50929E+12,  1.48306E+12,  1.45772E+12,  1.43322E+12,  1.40955E+12,  1.38667E+12,  1.36455E+12,  1.34317E+12,  1.32251E+12,  1.30252E+12,  1.28319E+12,  1.26450E+12,  1.24641E+12,  1.22890E+12,  1.21196E+12,  1.19556E+12,  1.17968E+12,  1.16430E+12,  1.14940E+12,  1.13496E+12,  1.12097E+12,  1.10740E+12,  1.09425E+12,  1.08148E+12,  1.06910E+12,  1.05709E+12,  1.04542E+12,  1.03410E+12,  1.02310E+12,  1.01241E+12,  1.00203E+12,  9.91934E+11,  9.82123E+11
  1.01508E+00,  1.09991E+00,  1.76054E+00,  9.20148E+00,  1.15924E+02,  1.75621E+03,  2.49510E+04,  2.96781E+05,  2.79130E+06,  2.03472E+07,  1.15348E+08,  5.17009E+08,  1.87438E+09,  5.63398E+09,  1.43839E+10,  3.18993E+10,  6.26984E+10,  1.11164E+11,  1.80524E+11,  2.72060E+11,  3.84771E+11,  5.15559E+11,  6.59764E+11,  8.11895E+11,  9.66324E+11,  1.11785E+12,  1.26209E+12,  1.39565E+12,  1.51614E+12,  1.62214E+12,  1.71306E+12,  1.78894E+12,  1.85033E+12,  1.89812E+12,  1.93342E+12,  1.95746E+12,  1.97152E+12,  1.97683E+12,  1.97460E+12,  1.96594E+12,  1.95188E+12,  1.93332E+12,  1.91109E+12,  1.88590E+12,  1.85838E+12,  1.82908E+12,  1.79846E+12,  1.76691E+12,  1.73477E+12,  1.70232E+12,  1.66979E+12,  1.63737E+12,  1.60523E+12,  1.57349E+12,  1.54226E+12,  1.51162E+12,  1.48162E+12,  1.45232E+12,  1.42375E+12,  1.39594E+12,  1.36889E+12,  1.34262E+12,  1.31712E+12,  1.29240E+12,  1.26844E+12,  1.24523E+12,  1.22275E+12,  1.20100E+12,  1.17995E+12,  1.15958E+12,  1.13988E+12,  1.12082E+12,  1.10239E+12,  1.08456E+12,  1.06732E+12,  1.05064E+12,  1.03450E+12,  1.01888E+12,  1.00378E+12,  9.89155E+11,  9.75002E+11,  9.61301E+11,  9.48034E+11,  9.35186E+11,  9.22740E+11,  9.10681E+11,  8.98995E+11,  8.87667E+11,  8.76685E+11,  8.66034E+11,  8.55703E+11,  8.45680E+11,  8.35952E+11,  8.26510E+11,  8.17343E+11,  8.08439E+11,  7.99790E+11,  7.91387E+11,  7.83220E+11,  7.75280E+11,  7.67561E+11
  1.01269E+00,  1.08200E+00,  1.57738E+00,  6.63917E+00,  7.30329E+01,  1.02513E+03,  1.38912E+04,  1.61204E+05,  1.50562E+06,  1.10392E+07,  6.34879E+07,  2.90226E+08,  1.07624E+09,  3.31280E+09,  8.66182E+09,  1.96593E+10,  3.95007E+10,  7.14947E+10,  1.18347E+11,  1.81526E+11,  2.60907E+11,  3.54775E+11,  4.60126E+11,  5.73147E+11,  6.89721E+11,  8.05879E+11,  9.18123E+11,  1.02362E+12,  1.12025E+12,  1.20664E+12,  1.28203E+12,  1.34620E+12,  1.39936E+12,  1.44200E+12,  1.47486E+12,  1.49878E+12,  1.51465E+12,  1.52341E+12,  1.52596E+12,  1.52313E+12,  1.51574E+12,  1.50450E+12,  1.49005E+12,  1.47299E+12,  1.45382E+12,  1.43298E+12,  1.41085E+12,  1.38778E+12,  1.36404E+12,  1.33987E+12,  1.31547E+12,  1.29101E+12,  1.26663E+12,  1.24245E+12,  1.21856E+12,  1.19503E+12,  1.17193E+12,  1.14930E+12,  1.12718E+12,  1.10559E+12,  1.08456E+12,  1.06408E+12,  1.04418E+12,  1.02485E+12,  1.00608E+12,  9.87876E+11,  9.70229E+11,  9.53127E+11,  9.36559E+11,  9.20513E+11,  9.04977E+11,  8.89935E+11,  8.75374E+11,  8.61279E+11,  8.47636E+11,  8.34429E+11,  8.21645E+11,  8.09269E+11,  7.97286E+11,  7.85684E+11,  7.74448E+11,  7.63566E+11,  7.53024E+11,  7.42810E+11,  7.32912E+11,  7.23318E+11,  7.14018E+11,  7.05000E+11,  6.96254E+11,  6.87771E+11,  6.79539E+11,  6.71550E+11,  6.63796E+11,  6.56267E+11,  6.48955E+11,  6.41853E+11,  6.34952E+11,  6.28246E+11,  6.21727E+11,  6.15389E+11,  6.09225E+11
  1.01076E+00,  1.06836E+00,  1.44962E+00,  5.01082E+00,  4.79459E+01,  6.23616E+02,  8.05601E+03,  9.10526E+04,  8.42436E+05,  6.19595E+06,  3.60540E+07,  1.67675E+08,  6.34561E+08,  1.99632E+09,  5.33640E+09,  1.23771E+10,  2.53905E+10,  4.68636E+10,  7.90018E+10,  1.23236E+11,  1.79890E+11,  2.48100E+11,  3.25958E+11,  4.10825E+11,  4.99694E+11,  5.89539E+11,  6.77585E+11,  7.61491E+11,  8.39430E+11,  9.10114E+11,  9.72747E+11,  1.02697E+12,  1.07277E+12,  1.11039E+12,  1.14030E+12,  1.16305E+12,  1.17931E+12,  1.18975E+12,  1.19504E+12,  1.19584E+12,  1.19278E+12,  1.18642E+12,  1.17728E+12,  1.16583E+12,  1.15249E+12,  1.13762E+12,  1.12154E+12,  1.10454E+12,  1.08685E+12,  1.06867E+12,  1.05018E+12,  1.03152E+12,  1.01283E+12,  9.94190E+11,  9.75699E+11,  9.57422E+11,  9.39416E+11,  9.21725E+11,  9.04385E+11,  8.87421E+11,  8.70854E+11,  8.54699E+11,  8.38963E+11,  8.23653E+11,  8.08769E+11,  7.94312E+11,  7.80277E+11,  7.66660E+11,  7.53453E+11,  7.40649E+11,  7.28239E+11,  7.16214E+11,  7.04563E+11,  6.93276E+11,  6.82342E+11,  6.71751E+11,  6.61493E+11,  6.51555E+11,  6.41929E+11,  6.32602E+11,  6.23566E+11,  6.14810E+11,  6.06324E+11,  5.98098E+11,  5.90124E+11,  5.82392E+11,  5.74894E+11,  5.67622E+11,  5.60566E+11,  5.53720E+11,  5.47075E+11,  5.40625E+11,  5.34362E+11,  5.28280E+11,  5.22372E+11,  5.16631E+11,  5.11053E+11,  5.05631E+11,  5.00359E+11,  4.95233E+11,  4.90247E+11
  1.00919E+00,  1.05774E+00,  1.35786E+00,  3.93804E+00,  3.26686E+01,  3.93641E+02,  4.84666E+03,  5.32799E+04,  4.87326E+05,  3.58689E+06,  2.10679E+07,  9.94562E+07,  3.83338E+08,  1.23032E+09,  3.35703E+09,  7.94595E+09,  1.66227E+10,  3.12556E+10,  5.36139E+10,  8.49924E+10,  1.25924E+11,  1.76057E+11,  2.34211E+11,  2.98570E+11,  3.66941E+11,  4.37018E+11,  5.06608E+11,  5.73791E+11,  6.37007E+11,  6.95094E+11,  7.47277E+11,  7.93123E+11,  8.32493E+11,  8.65476E+11,  8.92335E+11,  9.13452E+11,  9.29286E+11,  9.40335E+11,  9.47113E+11,  9.50125E+11,  9.49857E+11,  9.46762E+11,  9.41258E+11,  9.33728E+11,  9.24510E+11,  9.13910E+11,  9.02195E+11,  8.89597E+11,  8.76320E+11,  8.62539E+11,  8.48404E+11,  8.34043E+11,  8.19563E+11,  8.05055E+11,  7.90596E+11,  7.76249E+11,  7.62064E+11,  7.48084E+11,  7.34343E+11,  7.20866E+11,  7.07675E+11,  6.94784E+11,  6.82205E+11,  6.69944E+11,  6.58007E+11,  6.46394E+11,  6.35106E+11,  6.24139E+11,  6.13491E+11,  6.03157E+11,  5.93131E+11,  5.83406E+11,  5.73976E+11,  5.64833E+11,  5.55970E+11,  5.47379E+11,  5.39051E+11,  5.30980E+11,  5.23156E+11,  5.15572E+11,  5.08220E+11,  5.01093E+11,  4.94182E+11,  4.87481E+11,  4.80982E+11,  4.74678E+11,  4.68563E+11,  4.62629E+11,  4.56870E+11,  4.51281E+11,  4.45854E+11,  4.40585E+11,  4.35468E+11,  4.30497E+11,  4.25667E+11,  4.20974E+11,  4.16412E+11,  4.11976E+11,  4.07663E+11,  4.03468E+11,  3.99388E+11
  1.00789E+00,  1.04932E+00,  1.29025E+00,  3.20852E+00,  2.30258E+01,  2.56872E+02,  3.01414E+03,  3.21944E+04,  2.90598E+05,  2.13612E+06,  1.26377E+07,  6.04358E+07,  2.36800E+08,  7.74067E+08,  2.15278E+09,  5.19348E+09,  1.10674E+10,  2.11800E+10,  3.69383E+10,  5.94686E+10,  8.93763E+10,  1.26613E+11,  1.70479E+11,  2.19735E+11,  2.72784E+11,  3.27872E+11,  3.83269E+11,  4.37406E+11,  4.88964E+11,  5.36917E+11,  5.80535E+11,  6.19367E+11,  6.53198E+11,  6.82013E+11,  7.05946E+11,  7.25243E+11,  7.40226E+11,  7.51261E+11,  7.58735E+11,  7.63039E+11,  7.64554E+11,  7.63643E+11,  7.60643E+11,  7.55865E+11,  7.49591E+11,  7.42071E+11,  7.33532E+11,  7.24169E+11,  7.14156E+11,  7.03643E+11,  6.92759E+11,  6.81616E+11,  6.70307E+11,  6.58915E+11,  6.47507E+11,  6.36139E+11,  6.24859E+11,  6.13706E+11,  6.02711E+11,  5.91899E+11,  5.81292E+11,  5.70904E+11,  5.60747E+11,  5.50830E+11,  5.41158E+11,  5.31736E+11,  5.22563E+11,  5.13641E+11,  5.04968E+11,  4.96541E+11,  4.88358E+11,  4.80412E+11,  4.72701E+11,  4.65218E+11,  4.57959E+11,  4.50918E+11,  4.44088E+11,  4.37463E+11,  4.31039E+11,  4.24807E+11,  4.18764E+11,  4.12902E+11,  4.07215E+11,  4.01699E+11,  3.96346E+11,  3.91153E+11,  3.86112E+11,  3.81220E+11,  3.76471E+11,  3.71859E+11,  3.67381E+11,  3.63032E+11,  3.58807E+11,  3.54701E+11,  3.50711E+11,  3.46833E+11,  3.43063E+11,  3.39397E+11,  3.35831E+11,  3.32362E+11,  3.28987E+11
  1.00682E+00,  1.04254E+00,  1.23929E+00,  2.69832E+00,  1.67419E+01,  1.72738E+02,  1.93170E+03,  2.00312E+04,  1.78172E+05,  1.30566E+06,  7.76589E+06,  3.75523E+07,  1.49323E+08,  4.96386E+08,  1.40520E+09,  3.45108E+09,  7.48397E+09,  1.45642E+10,  2.58055E+10,  4.21652E+10,  6.42475E+10,  9.21769E+10,  1.25568E+11,  1.63587E+11,  2.05075E+11,  2.48698E+11,  2.93094E+11,  3.36985E+11,  3.79261E+11,  4.19027E+11,  4.55617E+11,  4.88583E+11,  5.17676E+11,  5.42811E+11,  5.64039E+11,  5.81507E+11,  5.95438E+11,  6.06096E+11,  6.13774E+11,  6.18775E+11,  6.21399E+11,  6.21936E+11,  6.20660E+11,  6.17825E+11,  6.13665E+11,  6.08389E+11,  6.02185E+11,  5.95222E+11,  5.87647E+11,  5.79588E+11,  5.71159E+11,  5.62455E+11,  5.53560E+11,  5.44546E+11,  5.35473E+11,  5.26393E+11,  5.17348E+11,  5.08373E+11,  4.99499E+11,  4.90750E+11,  4.82144E+11,  4.73698E+11,  4.65424E+11,  4.57329E+11,  4.49422E+11,  4.41707E+11,  4.34185E+11,  4.26860E+11,  4.19730E+11,  4.12795E+11,  4.06053E+11,  3.99501E+11,  3.93137E+11,  3.86956E+11,  3.80955E+11,  3.75129E+11,  3.69475E+11,  3.63987E+11,  3.58662E+11,  3.53494E+11,  3.48478E+11,  3.43612E+11,  3.38888E+11,  3.34304E+11,  3.29854E+11,  3.25535E+11,  3.21342E+11,  3.17270E+11,  3.13316E+11,  3.09475E+11,  3.05745E+11,  3.02121E+11,  2.98599E+11,  2.95176E+11,  2.91849E+11,  2.88614E+11,  2.85468E+11,  2.82409E+11,  2.79432E+11,  2.76537E+11,  2.73718E+11
  1.00592E+00,  1.03700E+00,  1.20012E+00,  2.33248E+00,  1.25279E+01,  1.19380E+02,  1.27232E+03,  1.28013E+04,  1.12067E+05,  8.17407E+05,  4.87965E+06,  2.38196E+07,  9.59736E+07,  3.23990E+08,  9.32409E+08,  2.32866E+09,  5.13403E+09,  1.01516E+10,  1.82610E+10,  3.02645E+10,  4.67282E+10,  6.78674E+10,  9.35013E+10,  1.23080E+11,  1.55767E+11,  1.90551E+11,  2.26356E+11,  2.62145E+11,  2.96990E+11,  3.30115E+11,  3.60921E+11,  3.88982E+11,  4.14036E+11,  4.35957E+11,  4.54737E+11,  4.70457E+11,  4.83263E+11,  4.93347E+11,  5.00929E+11,  5.06242E+11,  5.09523E+11,  5.11006E+11,  5.10912E+11,  5.09452E+11,  5.06817E+11,  5.03185E+11,  4.98713E+11,  4.93546E+11,  4.87808E+11,  4.81611E+11,  4.75053E+11,  4.68217E+11,  4.61178E+11,  4.53999E+11,  4.46734E+11,  4.39428E+11,  4.32121E+11,  4.24845E+11,  4.17627E+11,  4.10491E+11,  4.03454E+11,  3.96531E+11,  3.89735E+11,  3.83075E+11,  3.76557E+11,  3.70187E+11,  3.63968E+11,  3.57904E+11,  3.51994E+11,  3.46239E+11,  3.40638E+11,  3.35189E+11,  3.29892E+11,  3.24743E+11,  3.19739E+11,  3.14879E+11,  3.10158E+11,  3.05574E+11,  3.01122E+11,  2.96799E+11,  2.92602E+11,  2.88527E+11,  2.84570E+11,  2.80728E+11,  2.76997E+11,  2.73374E+11,  2.69855E+11,  2.66437E+11,  2.63117E+11,  2.59891E+11,  2.56756E+11,  2.53710E+11,  2.50749E+11,  2.47871E+11,  2.45072E+11,  2.42351E+11,  2.39704E+11,  2.37129E+11,  2.34623E+11,  2.32185E+11,  2.29811E+11
  1.00516E+00,  1.03242E+00,  1.16946E+00,  2.06426E+00,  9.62830E+00,  8.45911E+01,  8.59210E+02,  8.38423E+03,  7.21651E+04,  5.23196E+05,  3.13003E+06,  1.54007E+07,  6.27870E+07,  2.14967E+08,  6.28202E+08,  1.59382E+09,  3.56927E+09,  7.16536E+09,  1.30770E+10,  2.19703E+10,  3.43567E+10,  5.04925E+10,  7.03277E+10,  9.35112E+10,  1.19443E+11,  1.47357E+11,  1.76407E+11,  2.05750E+11,  2.34611E+11,  2.62324E+11,  2.88356E+11,  3.12312E+11,  3.33927E+11,  3.53057E+11,  3.69653E+11,  3.83749E+11,  3.95436E+11,  4.04851E+11,  4.12156E+11,  4.17534E+11,  4.21170E+11,  4.23252E+11,  4.23962E+11,  4.23471E+11,  4.21941E+11,  4.19519E+11,  4.16340E+11,  4.12526E+11,  4.08184E+11,  4.03411E+11,  3.98292E+11,  3.92901E+11,  3.87303E+11,  3.81553E+11,  3.75700E+11,  3.69784E+11,  3.63842E+11,  3.57903E+11,  3.51992E+11,  3.46130E+11,  3.40334E+11,  3.34619E+11,  3.28996E+11,  3.23475E+11,  3.18062E+11,  3.12764E+11,  3.07584E+11,  3.02525E+11,  2.97589E+11,  2.92776E+11,  2.88088E+11,  2.83522E+11,  2.79079E+11,  2.74757E+11,  2.70553E+11,  2.66467E+11,  2.62495E+11,  2.58635E+11,  2.54884E+11,  2.51241E+11,  2.47701E+11,  2.44262E+11,  2.40921E+11,  2.37676E+11,  2.34524E+11,  2.31461E+11,  2.28485E+11,  2.25593E+11,  2.22784E+11,  2.20053E+11,  2.17398E+11,  2.14818E+11,  2.12309E+11,  2.09870E+11,  2.07497E+11,  2.05190E+11,  2.02944E+11,  2.00760E+11,  1.98634E+11,  1.96565E+11,  1.94550E+11
  1.00451E+00,  1.02859E+00,  1.14510E+00,  1.86364E+00,  7.58623E+00,  6.13327E+01,  5.93668E+02,  5.61665E+03,  4.74910E+04,  3.41823E+05,  2.04659E+06,  1.01363E+07,  4.17593E+07,  1.44830E+08,  4.29309E+08,  1.10543E+09,  2.51247E+09,  5.11714E+09,  9.46903E+09,  1.61181E+10,  2.55163E+10,  3.79309E+10,  5.33932E+10,  7.16905E+10,  9.23973E+10,  1.14934E+11,  1.38636E+11,  1.62819E+11,  1.86837E+11,  2.10121E+11,  2.32199E+11,  2.52710E+11,  2.71399E+11,  2.88111E+11,  3.02775E+11,  3.15388E+11,  3.26004E+11,  3.34716E+11,  3.41646E+11,  3.46931E+11,  3.50720E+11,  3.53163E+11,  3.54408E+11,  3.54598E+11,  3.53867E+11,  3.52340E+11,  3.50130E+11,  3.47342E+11,  3.44069E+11,  3.40394E+11,  3.36391E+11,  3.32126E+11,  3.27655E+11,  3.23027E+11,  3.18287E+11,  3.13471E+11,  3.08610E+11,  3.03733E+11,  2.98861E+11,  2.94015E+11,  2.89211E+11,  2.84462E+11,  2.79779E+11,  2.75171E+11,  2.70646E+11,  2.66209E+11,  2.61864E+11,  2.57615E+11,  2.53464E+11,  2.49412E+11,  2.45459E+11,  2.41607E+11,  2.37855E+11,  2.34201E+11,  2.30644E+11,  2.27184E+11,  2.23819E+11,  2.20546E+11,  2.17364E+11,  2.14271E+11,  2.11264E+11,  2.08341E+11,  2.05501E+11,  2.02740E+11,  2.00057E+11,  1.97450E+11,  1.94915E+11,  1.92451E+11,  1.90057E+11,  1.87728E+11,  1.85464E+11,  1.83263E+11,  1.81122E+11,  1.79040E+11,  1.77014E+11,  1.75043E+11,  1.73125E+11,  1.71259E+11,  1.69442E+11,  1.67673E+11,  1.65951E+11
  1.00396E+00,  1.02535E+00,  1.12545E+00,  1.71085E+00,  6.11749E+00,  4.54228E+01,  4.18915E+02,  3.84181E+03,  3.18882E+04,  2.27623E+05,  1.36228E+06,  6.78308E+06,  2.82051E+07,  9.89812E+07,  2.97313E+08,  7.76272E+08,  1.78924E+09,  3.69458E+09,  6.92774E+09,  1.19415E+10,  1.91293E+10,  2.87520E+10,  4.08895E+10,  5.54247E+10,  7.20601E+10,  9.03594E+10,  1.09800E+11,  1.29829E+11,  1.49907E+11,  1.69549E+11,  1.88340E+11,  2.05954E+11,  2.22152E+11,  2.36774E+11,  2.49735E+11,  2.61011E+11,  2.70625E+11,  2.78639E+11,  2.85142E+11,  2.90239E+11,  2.94047E+11,  2.96686E+11,  2.98278E+11,  2.98941E+11,  2.98787E+11,  2.97921E+11,  2.96440E+11,  2.94434E+11,  2.91984E+11,  2.89161E+11,  2.86030E+11,  2.82648E+11,  2.79066E+11,  2.75327E+11,  2.71471E+11,  2.67530E+11,  2.63534E+11,  2.59507E+11,  2.55470E+11,  2.51441E+11,  2.47435E+11,  2.43465E+11,  2.39541E+11,  2.35672E+11,  2.31866E+11,  2.28127E+11,  2.24460E+11,  2.20869E+11,  2.17355E+11,  2.13922E+11,  2.10569E+11,  2.07298E+11,  2.04108E+11,  2.00999E+11,  1.97971E+11,  1.95022E+11,  1.92152E+11,  1.89359E+11,  1.86642E+11,  1.83999E+11,  1.81428E+11,  1.78928E+11,  1.76497E+11,  1.74134E+11,  1.71835E+11,  1.69601E+11,  1.67428E+11,  1.65315E+11,  1.63260E+11,  1.61262E+11,  1.59318E+11,  1.57428E+11,  1.55589E+11,  1.53800E+11,  1.52059E+11,  1.50364E+11,  1.48715E+11,  1.47110E+11,  1.45547E+11,  1.44025E+11,  1.42543E+11
  1.00349E+00,  1.02259E+00,  1.10940E+00,  1.59259E+00,  5.04070E+00,  3.43095E+01,  3.01394E+02,  2.67890E+03,  2.18150E+04,  1.54290E+05,  9.22011E+05,  4.61019E+06,  1.93271E+07,  6.85591E+07,  2.08482E+08,  5.51497E+08,  1.28814E+09,  2.69494E+09,  5.11776E+09,  8.92888E+09,  1.44673E+10,  2.19782E+10,  3.15683E+10,  4.31858E+10,  5.66273E+10,  7.15659E+10,  8.75922E+10,  1.04257E+11,  1.21114E+11,  1.37747E+11,  1.53797E+11,  1.68969E+11,  1.83040E+11,  1.95856E+11,  2.07323E+11,  2.17400E+11,  2.26092E+11,  2.33435E+11,  2.39493E+11,  2.44345E+11,  2.48084E+11,  2.50806E+11,  2.52611E+11,  2.53596E+11,  2.53856E+11,  2.53479E+11,  2.52548E+11,  2.51141E+11,  2.49327E+11,  2.47168E+11,  2.44722E+11,  2.42038E+11,  2.39162E+11,  2.36132E+11,  2.32984E+11,  2.29746E+11,  2.26445E+11,  2.23104E+11,  2.19741E+11,  2.16374E+11,  2.13016E+11,  2.09680E+11,  2.06374E+11,  2.03107E+11,  1.99887E+11,  1.96718E+11,  1.93606E+11,  1.90553E+11,  1.87562E+11,  1.84636E+11,  1.81775E+11,  1.78981E+11,  1.76253E+11,  1.73593E+11,  1.70999E+11,  1.68471E+11,  1.66009E+11,  1.63611E+11,  1.61277E+11,  1.59005E+11,  1.56794E+11,  1.54643E+11,  1.52550E+11,  1.50514E+11,  1.48534E+11,  1.46607E+11,  1.44733E+11,  1.42910E+11,  1.41136E+11,  1.39411E+11,  1.37732E+11,  1.36099E+11,  1.34510E+11,  1.32963E+11,  1.31458E+11,  1.29992E+11,  1.28566E+11,  1.27177E+11,  1.25824E+11,  1.24507E+11,  1.23223E+11
  1.00308E+00,  1.02022E+00,  1.09614E+00,  1.49968E+00,  4.23739E+00,  2.63963E+01,  2.20770E+02,  1.90163E+03,  1.51852E+04,  1.06329E+05,  6.33829E+05,  3.17928E+06,  1.34240E+07,  4.80883E+07,  1.47913E+08,  3.96108E+08,  9.36907E+08,  1.98476E+09,  3.81515E+09,  6.73404E+09,  1.10317E+10,  1.69330E+10,  2.45571E+10,  3.38963E+10,  4.48160E+10,  5.70731E+10,  7.03472E+10,  8.42752E+10,  9.84850E+10,  1.12624E+11,  1.26378E+11,  1.39484E+11,  1.51739E+11,  1.62992E+11,  1.73148E+11,  1.82157E+11,  1.90007E+11,  1.96718E+11,  2.02333E+11,  2.06912E+11,  2.10526E+11,  2.13254E+11,  2.15176E+11,  2.16375E+11,  2.16928E+11,  2.16911E+11,  2.16396E+11,  2.15447E+11,  2.14127E+11,  2.12490E+11,  2.10584E+11,  2.08456E+11,  2.06144E+11,  2.03683E+11,  2.01104E+11,  1.98434E+11,  1.95697E+11,  1.92913E+11,  1.90100E+11,  1.87273E+11,  1.84444E+11,  1.81626E+11,  1.78827E+11,  1.76055E+11,  1.73317E+11,  1.70617E+11,  1.67961E+11,  1.65352E+11,  1.62793E+11,  1.60285E+11,  1.57831E+11,  1.55431E+11,  1.53087E+11,  1.50797E+11,  1.48563E+11,  1.46385E+11,  1.44261E+11,  1.42191E+11,  1.40175E+11,  1.38211E+11,  1.36299E+11,  1.34438E+11,  1.32626E+11,  1.30862E+11,  1.29146E+11,  1.27476E+11,  1.25850E+11,  1.24269E+11,  1.22729E+11,  1.21231E+11,  1.19773E+11,  1.18355E+11,  1.16973E+11,  1.15629E+11,  1.14320E+11,  1.13045E+11,  1.11804E+11,  1.10596E+11,  1.09418E+11,  1.08271E+11,  1.07154E+11
  1.00273E+00,  1.01818E+00,  1.08508E+00,  1.42572E+00,  3.62847E+00,  2.06614E+01,  1.64429E+02,  1.37245E+03,  1.07427E+04,  7.44193E+04,  4.42130E+05,  2.22264E+06,  9.44328E+06,  3.41313E+07,  1.06103E+08,  2.87441E+08,  6.88034E+08,  1.47501E+09,  2.86848E+09,  5.12003E+09,  8.47716E+09,  1.31426E+10,  1.92391E+10,  2.67878E+10,  3.57043E+10,  4.58096E+10,  5.68537E+10,  6.85428E+10,  8.05680E+10,  9.26293E+10,  1.04454E+11,  1.15809E+11,  1.26508E+11,  1.36409E+11,  1.45417E+11,  1.53475E+11,  1.60563E+11,  1.66686E+11,  1.71872E+11,  1.76165E+11,  1.79621E+11,  1.82303E+11,  1.84276E+11,  1.85608E+11,  1.86365E+11,  1.86612E+11,  1.86410E+11,  1.85814E+11,  1.84879E+11,  1.83651E+11,  1.82176E+11,  1.80490E+11,  1.78631E+11,  1.76629E+11,  1.74512E+11,  1.72304E+11,  1.70027E+11,  1.67699E+11,  1.65335E+11,  1.62952E+11,  1.60559E+11,  1.58168E+11,  1.55787E+11,  1.53424E+11,  1.51084E+11,  1.48774E+11,  1.46496E+11,  1.44256E+11,  1.42055E+11,  1.39895E+11,  1.37780E+11,  1.35708E+11,  1.33682E+11,  1.31702E+11,  1.29769E+11,  1.27881E+11,  1.26040E+11,  1.24244E+11,  1.22494E+11,  1.20788E+11,  1.19126E+11,  1.17507E+11,  1.15930E+11,  1.14395E+11,  1.12900E+11,  1.11445E+11,  1.10028E+11,  1.08648E+11,  1.07305E+11,  1.05998E+11,  1.04725E+11,  1.03486E+11,  1.02280E+11,  1.01105E+11,  9.99606E+10,  9.88464E+10,  9.77611E+10,  9.67039E+10,  9.56740E+10,  9.46705E+10,  9.36926E+10
  1.00242E+00,  1.01639E+00,  1.07576E+00,  1.36611E+00,  3.16011E+00,  1.64371E+01,  1.24380E+02,  1.00593E+03,  7.71565E+03,  5.28468E+04,  3.12668E+05,  1.57395E+06,  6.72306E+06,  2.44968E+07,  7.69059E+07,  2.10617E+08,  5.09878E+08,  1.10558E+09,  2.17415E+09,  3.92267E+09,  6.56164E+09,  1.02718E+10,  1.51737E+10,  2.13067E+10,  2.86228E+10,  3.69920E+10,  4.62199E+10,  5.60693E+10,  6.62835E+10,  7.66078E+10,  8.68059E+10,  9.66713E+10,  1.06034E+11,  1.14763E+11,  1.22764E+11,  1.29979E+11,  1.36379E+11,  1.41960E+11,  1.46738E+11,  1.50746E+11,  1.54026E+11,  1.56627E+11,  1.58603E+11,  1.60012E+11,  1.60907E+11,  1.61345E+11,  1.61377E+11,  1.61053E+11,  1.60418E+11,  1.59514E+11,  1.58381E+11,  1.57051E+11,  1.55558E+11,  1.53928E+11,  1.52188E+11,  1.50357E+11,  1.48457E+11,  1.46503E+11,  1.44511E+11,  1.42493E+11,  1.40461E+11,  1.38424E+11,  1.36390E+11,  1.34367E+11,  1.32359E+11,  1.30373E+11,  1.28412E+11,  1.26479E+11,  1.24578E+11,  1.22710E+11,  1.20877E+11,  1.19081E+11,  1.17322E+11,  1.15602E+11,  1.13921E+11,  1.12278E+11,  1.10674E+11,  1.09109E+11,  1.07582E+11,  1.06093E+11,  1.04641E+11,  1.03227E+11,  1.01848E+11,  1.00505E+11,  9.91966E+10,  9.79223E+10,  9.66812E+10,  9.54724E+10,  9.42952E+10,  9.31488E+10,  9.20323E+10,  9.09450E+10,  8.98859E+10,  8.88544E+10,  8.78496E+10,  8.68708E+10,  8.59172E+10,  8.49880E+10,  8.40827E+10,  8.32003E+10,  8.23403E+10
  1.00215E+00,  1.01483E+00,  1.06783E+00,  1.31752E+00,  2.79500E+00,  1.32785E+01,  9.54575E+01,  7.47981E+02,  5.62044E+03,  3.80418E+04,  2.23983E+05,  1.12816E+06,  4.84085E+06,  1.77682E+07,  5.62933E+07,  1.55747E+08,  3.81108E+08,  8.35376E+08,  1.66046E+09,  3.02706E+09,  5.11390E+09,  8.08085E+09,  1.20427E+10,  1.70501E+10,  2.30806E+10,  3.00420E+10,  3.77836E+10,  4.61142E+10,  5.48209E+10,  6.36875E+10,  7.25091E+10,  8.11033E+10,  8.93166E+10,  9.70274E+10,  1.04146E+11,  1.10612E+11,  1.16394E+11,  1.21479E+11,  1.25875E+11,  1.29604E+11,  1.32699E+11,  1.35198E+11,  1.37145E+11,  1.38588E+11,  1.39573E+11,  1.40147E+11,  1.40354E+11,  1.40238E+11,  1.39837E+11,  1.39190E+11,  1.38330E+11,  1.37287E+11,  1.36091E+11,  1.34765E+11,  1.33332E+11,  1.31811E+11,  1.30222E+11,  1.28578E+11,  1.26893E+11,  1.25180E+11,  1.23448E+11,  1.21706E+11,  1.19962E+11,  1.18223E+11,  1.16493E+11,  1.14779E+11,  1.13082E+11,  1.11408E+11,  1.09759E+11,  1.08136E+11,  1.06542E+11,  1.04978E+11,  1.03445E+11,  1.01944E+11,  1.00475E+11,  9.90391E+10,  9.76359E+10,  9.62655E+10,  9.49277E+10,  9.36224E+10,  9.23490E+10,  9.11073E+10,  8.98966E+10,  8.87166E+10,  8.75665E+10,  8.64458E+10,  8.53538E+10,  8.42899E+10,  8.32534E+10,  8.22436E+10,  8.12598E+10,  8.03014E+10,  7.93676E+10,  7.84579E+10,  7.75715E+10,  7.67078E+10,  7.58661E+10,  7.50458E+10,  7.42463E+10,  7.34670E+10,  7.27073E+10
  1.00192E+00,  1.01346E+00,  1.06104E+00,  1.27751E+00,  2.50684E+00,  1.08837E+01,  7.42611E+01,  5.63713E+02,  4.14881E+03,  2.77368E+04,  1.62415E+05,  8.17922E+05,  3.52303E+06,  1.30168E+07,  4.15901E+07,  1.16176E+08,  2.87183E+08,  6.36047E+08,  1.27730E+09,  2.35190E+09,  4.01149E+09,  6.39669E+09,  9.61475E+09,  1.37220E+10,  1.87146E+10,  2.45287E+10,  3.10485E+10,  3.81200E+10,  4.55668E+10,  5.32052E+10,  6.08582E+10,  6.83647E+10,  7.55866E+10,  8.24119E+10,  8.87556E+10,  9.45583E+10,  9.97840E+10,  1.04417E+11,  1.08457E+11,  1.11920E+11,  1.14828E+11,  1.17212E+11,  1.19108E+11,  1.20556E+11,  1.21594E+11,  1.22262E+11,  1.22599E+11,  1.22641E+11,  1.22424E+11,  1.21980E+11,  1.21339E+11,  1.20528E+11,  1.19573E+11,  1.18495E+11,  1.17315E+11,  1.16051E+11,  1.14719E+11,  1.13332E+11,  1.11904E+11,  1.10445E+11,  1.08964E+11,  1.07469E+11,  1.05969E+11,  1.04468E+11,  1.02973E+11,  1.01487E+11,  1.00015E+11,  9.85588E+10,  9.71223E+10,  9.57071E+10,  9.43151E+10,  9.29477E+10,  9.16060E+10,  9.02908E+10,  8.90028E+10,  8.77424E+10,  8.65098E+10,  8.53051E+10,  8.41282E+10,  8.29791E+10,  8.18575E+10,  8.07631E+10,  7.96956E+10,  7.86544E+10,  7.76393E+10,  7.66496E+10,  7.56848E+10,  7.47445E+10,  7.38280E+10,  7.29348E+10,  7.20644E+10,  7.12161E+10,  7.03894E+10,  6.95838E+10,  6.87985E+10,  6.80332E+10,  6.72872E+10,  6.65600E+10,  6.58510E+10,  6.51599E+10,  6.44859E+10
  1.00171E+00,  1.01225E+00,  1.05518E+00,  1.24425E+00,  2.27679E+00,  9.04445E+00,  5.85123E+01,  4.30230E+02,  3.10083E+03,  2.04682E+04,  1.19128E+05,  5.99438E+05,  2.59002E+06,  9.62646E+06,  3.09991E+07,  8.73744E+07,  2.18080E+08,  4.87798E+08,  9.89283E+08,  1.83917E+09,  3.16610E+09,  5.09328E+09,  7.71950E+09,  1.11034E+10,  1.52539E+10,  2.01287E+10,  2.56397E+10,  3.16632E+10,  3.80528E+10,  4.46531E+10,  5.13107E+10,  5.78838E+10,  6.42485E+10,  7.03021E+10,  7.59646E+10,  8.11784E+10,  8.59059E+10,  9.01277E+10,  9.38395E+10,  9.70488E+10,  9.97730E+10,  1.02036E+11,  1.03867E+11,  1.05298E+11,  1.06362E+11,  1.07092E+11,  1.07523E+11,  1.07686E+11,  1.07612E+11,  1.07330E+11,  1.06865E+11,  1.06242E+11,  1.05484E+11,  1.04610E+11,  1.03639E+11,  1.02588E+11,  1.01470E+11,  1.00298E+11,  9.90837E+10,  9.78373E+10,  9.65673E+10,  9.52814E+10,  9.39862E+10,  9.26874E+10,  9.13900E+10,  9.00982E+10,  8.88155E+10,  8.75451E+10,  8.62894E+10,  8.50507E+10,  8.38307E+10,  8.26308E+10,  8.14521E+10,  8.02955E+10,  7.91618E+10,  7.80513E+10,  7.69644E+10,  7.59013E+10,  7.48621E+10,  7.38467E+10,  7.28549E+10,  7.18867E+10,  7.09417E+10,  7.00196E+10,  6.91200E+10,  6.82426E+10,  6.73870E+10,  6.65526E+10,  6.57392E+10,  6.49461E+10,  6.41729E+10,  6.34192E+10,  6.26844E+10,  6.19681E+10,  6.12698E+10,  6.05890E+10,  5.99252E+10,  5.92780E+10,  5.86469E+10,  5.80314E+10,  5.74312E+10
  1.00153E+00,  1.01118E+00,  1.05009E+00,  1.21635E+00,  2.09120E+00,  7.61495E+00,  4.66605E+01,  3.32261E+02,  2.34483E+03,  1.52767E+04,  8.83294E+04,  4.43831E+05,  1.92245E+06,  7.18323E+06,  2.32993E+07,  6.62290E+07,  1.66821E+08,  3.76683E+08,  7.71191E+08,  1.44706E+09,  2.51347E+09,  4.07805E+09,  6.23091E+09,  9.03057E+09,  1.24947E+10,  1.65973E+10,  2.12718E+10,  2.64194E+10,  3.19189E+10,  3.76385E+10,  4.34456E+10,  4.92155E+10,  5.48372E+10,  6.02169E+10,  6.52799E+10,  6.99708E+10,  7.42516E+10,  7.81006E+10,  8.15096E+10,  8.44815E+10,  8.70281E+10,  8.91680E+10,  9.09243E+10,  9.23234E+10,  9.33933E+10,  9.41628E+10,  9.46607E+10,  9.49147E+10,  9.49516E+10,  9.47967E+10,  9.44734E+10,  9.40035E+10,  9.34068E+10,  9.27015E+10,  9.19041E+10,  9.10291E+10,  9.00899E+10,  8.90981E+10,  8.80641E+10,  8.69972E+10,  8.59054E+10,  8.47958E+10,  8.36745E+10,  8.25470E+10,  8.14178E+10,  8.02910E+10,  7.91699E+10,  7.80576E+10,  7.69565E+10,  7.58685E+10,  7.47955E+10,  7.37389E+10,  7.26998E+10,  7.16792E+10,  7.06777E+10,  6.96959E+10,  6.87341E+10,  6.77927E+10,  6.68717E+10,  6.59712E+10,  6.50911E+10,  6.42314E+10,  6.33918E+10,  6.25722E+10,  6.17722E+10,  6.09915E+10,  6.02299E+10,  5.94870E+10,  5.87623E+10,  5.80555E+10,  5.73663E+10,  5.66941E+10,  5.60386E+10,  5.53994E+10,  5.47761E+10,  5.41683E+10,  5.35755E+10,  5.29974E+10,  5.24335E+10,  5.18835E+10,  5.13470E+10
  1.00138E+00,  1.01022E+00,  1.04564E+00,  1.19277E+00,  1.94000E+00,  6.49146E+00,  3.76342E+01,  2.59472E+02,  1.79278E+03,  1.15248E+04,  6.61680E+04,  3.31818E+05,  1.43998E+06,  5.40593E+06,  1.76518E+07,  5.05756E+07,  1.28502E+08,  2.92787E+08,  6.04895E+08,  1.14520E+09,  2.00644E+09,  3.28246E+09,  5.05485E+09,  7.38045E+09,  1.02826E+10,  1.37475E+10,  1.77258E+10,  2.21387E+10,  2.68860E+10,  3.18561E+10,  3.69345E+10,  4.20113E+10,  4.69874E+10,  5.17774E+10,  5.63120E+10,  6.05382E+10,  6.44185E+10,  6.79297E+10,  7.10608E+10,  7.38111E+10,  7.61880E+10,  7.82056E+10,  7.98821E+10,  8.12393E+10,  8.23008E+10,  8.30911E+10,  8.36349E+10,  8.39565E+10,  8.40793E+10,  8.40256E+10,  8.38162E+10,  8.34706E+10,  8.30065E+10,  8.24404E+10,  8.17870E+10,  8.10597E+10,  8.02705E+10,  7.94301E+10,  7.85482E+10,  7.76331E+10,  7.66923E+10,  7.57324E+10,  7.47592E+10,  7.37776E+10,  7.27921E+10,  7.18063E+10,  7.08236E+10,  6.98467E+10,  6.88780E+10,  6.79194E+10,  6.69728E+10,  6.60394E+10,  6.51204E+10,  6.42167E+10,  6.33291E+10,  6.24582E+10,  6.16043E+10,  6.07678E+10,  5.99489E+10,  5.91476E+10,  5.83640E+10,  5.75981E+10,  5.68497E+10,  5.61187E+10,  5.54048E+10,  5.47079E+10,  5.40276E+10,  5.33638E+10,  5.27160E+10,  5.20840E+10,  5.14674E+10,  5.08659E+10,  5.02792E+10,  4.97069E+10,  4.91486E+10,  4.86041E+10,  4.80729E+10,  4.75546E+10,  4.70491E+10,  4.65559E+10,  4.60747E+10
  1.00124E+00,  1.00936E+00,  1.04173E+00,  1.17269E+00,  1.81569E+00,  5.59926E+00,  3.06824E+01,  2.04764E+02,  1.38501E+03,  8.78285E+03,  5.00504E+04,  2.50367E+05,  1.08797E+06,  4.10146E+06,  1.34749E+07,  3.88965E+07,  9.96443E+07,  2.28999E+08,  4.77251E+08,  9.11361E+08,  1.61015E+09,  2.65538E+09,  4.12051E+09,  6.05975E+09,  8.49988E+09,  1.14362E+10,  1.48328E+10,  1.86272E+10,  2.27368E+10,  2.70670E+10,  3.15190E+10,  3.59962E+10,  4.04101E+10,  4.46831E+10,  4.87511E+10,  5.25639E+10,  5.60850E+10,  5.92904E+10,  6.21670E+10,  6.47113E+10,  6.69275E+10,  6.88256E+10,  7.04200E+10,  7.17287E+10,  7.27713E+10,  7.35687E+10,  7.41423E+10,  7.45132E+10,  7.47019E+10,  7.47281E+10,  7.46103E+10,  7.43660E+10,  7.40110E+10,  7.35602E+10,  7.30269E+10,  7.24233E+10,  7.17604E+10,  7.10479E+10,  7.02947E+10,  6.95085E+10,  6.86963E+10,  6.78641E+10,  6.70173E+10,  6.61607E+10,  6.52982E+10,  6.44335E+10,  6.35696E+10,  6.27092E+10,  6.18545E+10,  6.10075E+10,  6.01698E+10,  5.93427E+10,  5.85275E+10,  5.77250E+10,  5.69359E+10,  5.61609E+10,  5.54005E+10,  5.46549E+10,  5.39244E+10,  5.32092E+10,  5.25094E+10,  5.18248E+10,  5.11556E+10,  5.05015E+10,  4.98624E+10,  4.92383E+10,  4.86288E+10,  4.80337E+10,  4.74528E+10,  4.68858E+10,  4.63325E+10,  4.57926E+10,  4.52657E+10,  4.47516E+10,  4.42500E+10,  4.37605E+10,  4.32829E+10,  4.28169E+10,  4.23622E+10,  4.19185E+10,  4.14855E+10
  1.00111E+00,  1.00859E+00,  1.03827E+00,  1.15547E+00,  1.71262E+00,  4.88385E+00,  2.52721E+01,  1.63197E+02,  1.08053E+03,  6.75769E+03,  3.82091E+04,  1.90568E+05,  8.28805E+05,  3.13587E+06,  1.03609E+07,  3.01171E+07,  7.77575E+07,  1.80176E+08,  3.78656E+08,  7.29115E+08,  1.29864E+09,  2.15840E+09,  3.37427E+09,  4.99728E+09,  7.05602E+09,  9.55240E+09,  1.24612E+10,  1.57332E+10,  1.93004E+10,  2.30828E+10,  2.69948E+10,  3.09520E+10,  3.48750E+10,  3.86938E+10,  4.23492E+10,  4.57939E+10,  4.89927E+10,  5.19211E+10,  5.45651E+10,  5.69187E+10,  5.89835E+10,  6.07663E+10,  6.22785E+10,  6.35345E+10,  6.45508E+10,  6.53452E+10,  6.59360E+10,  6.63418E+10,  6.65805E+10,  6.66695E+10,  6.66254E+10,  6.64636E+10,  6.61985E+10,  6.58435E+10,  6.54106E+10,  6.49110E+10,  6.43546E+10,  6.37504E+10,  6.31066E+10,  6.24303E+10,  6.17278E+10,  6.10050E+10,  6.02667E+10,  5.95173E+10,  5.87607E+10,  5.80003E+10,  5.72389E+10,  5.64791E+10,  5.57230E+10,  5.49725E+10,  5.42291E+10,  5.34942E+10,  5.27689E+10,  5.20542E+10,  5.13507E+10,  5.06591E+10,  4.99799E+10,  4.93134E+10,  4.86599E+10,  4.80196E+10,  4.73927E+10,  4.67790E+10,  4.61788E+10,  4.55918E+10,  4.50180E+10,  4.44573E+10,  4.39096E+10,  4.33745E+10,  4.28521E+10,  4.23419E+10,  4.18438E+10,  4.13576E+10,  4.08831E+10,  4.04199E+10,  3.99678E+10,  3.95265E+10,  3.90959E+10,  3.86756E+10,  3.82653E+10,  3.78649E+10,  3.74740E+10
  1.00100E+00,  1.00790E+00,  1.03521E+00,  1.14060E+00,  1.62649E+00,  4.30498E+00,  2.10196E+01,  1.31291E+02,  8.50836E+02,  5.24692E+03,  2.94255E+04,  1.46263E+05,  6.36345E+05,  2.41531E+06,  8.02157E+06,  2.34702E+07,  6.10459E+07,  1.42570E+08,  3.02041E+08,  5.86269E+08,  1.05243E+09,  1.76247E+09,  2.77527E+09,  4.13838E+09,  5.88108E+09,  8.01007E+09,  1.05085E+10,  1.33378E+10,  1.64422E+10,  1.97540E+10,  2.31995E+10,  2.67044E+10,  3.01981E+10,  3.36170E+10,  3.69069E+10,  4.00234E+10,  4.29326E+10,  4.56104E+10,  4.80418E+10,  5.02193E+10,  5.21421E+10,  5.38148E+10,  5.52458E+10,  5.64469E+10,  5.74318E+10,  5.82157E+10,  5.88142E+10,  5.92436E+10,  5.95196E+10,  5.96577E+10,  5.96725E+10,  5.95780E+10,  5.93870E+10,  5.91117E+10,  5.87629E+10,  5.83509E+10,  5.78847E+10,  5.73726E+10,  5.68220E+10,  5.62396E+10,  5.56313E+10,  5.50023E+10,  5.43573E+10,  5.37005E+10,  5.30353E+10,  5.23650E+10,  5.16924E+10,  5.10197E+10,  5.03491E+10,  4.96824E+10,  4.90210E+10,  4.83663E+10,  4.77194E+10,  4.70811E+10,  4.64522E+10,  4.58333E+10,  4.52249E+10,  4.46275E+10,  4.40413E+10,  4.34665E+10,  4.29033E+10,  4.23517E+10,  4.18118E+10,  4.12835E+10,  4.07669E+10,  4.02618E+10,  3.97681E+10,  3.92857E+10,  3.88144E+10,  3.83541E+10,  3.79045E+10,  3.74655E+10,  3.70368E+10,  3.66182E+10,  3.62096E+10,  3.58107E+10,  3.54212E+10,  3.50410E+10,  3.46698E+10,  3.43074E+10,  3.39536E+10
  1.00090E+00,  1.00728E+00,  1.03247E+00,  1.12769E+00,  1.55398E+00,  3.83260E+00,  1.76463E+01,  1.06563E+02,  6.75878E+02,  4.10915E+03,  2.28503E+04,  1.13151E+05,  4.92244E+05,  1.87344E+06,  6.25147E+06,  1.84034E+07,  4.82038E+07,  1.13426E+08,  2.42163E+08,  4.73692E+08,  8.56816E+08,  1.44545E+09,  2.29213E+09,  3.44083E+09,  4.92067E+09,  6.74175E+09,  8.89364E+09,  1.13466E+10,  1.40550E+10,  1.69616E+10,  2.00029E+10,  2.31135E+10,  2.62308E+10,  2.92971E+10,  3.22626E+10,  3.50860E+10,  3.77350E+10,  4.01859E+10,  4.24231E+10,  4.44381E+10,  4.62284E+10,  4.77964E+10,  4.91485E+10,  5.02939E+10,  5.12441E+10,  5.20118E+10,  5.26108E+10,  5.30549E+10,  5.33582E+10,  5.35342E+10,  5.35961E+10,  5.35563E+10,  5.34265E+10,  5.32175E+10,  5.29394E+10,  5.26013E+10,  5.22117E+10,  5.17780E+10,  5.13071E+10,  5.08053E+10,  5.02778E+10,  4.97298E+10,  4.91654E+10,  4.85885E+10,  4.80025E+10,  4.74105E+10,  4.68149E+10,  4.62180E+10,  4.56219E+10,  4.50282E+10,  4.44383E+10,  4.38536E+10,  4.32750E+10,  4.27036E+10,  4.21399E+10,  4.15847E+10,  4.10384E+10,  4.05015E+10,  3.99742E+10,  3.94569E+10,  3.89496E+10,  3.84524E+10,  3.79655E+10,  3.74889E+10,  3.70225E+10,  3.65663E+10,  3.61201E+10,  3.56840E+10,  3.52578E+10,  3.48412E+10,  3.44343E+10,  3.40368E+10,  3.36485E+10,  3.32693E+10,  3.28989E+10,  3.25373E+10,  3.21841E+10,  3.18393E+10,  3.15025E+10,  3.11737E+10,  3.08525E+10
  1.00082E+00,  1.00672E+00,  1.03002E+00,  1.11641E+00,  1.49251E+00,  3.44404E+00,  1.49469E+01,  8.72238E+01,  5.41384E+02,  3.24453E+03,  1.78853E+04,  8.81990E+04,  3.83504E+05,  1.46293E+06,  4.90274E+06,  1.45158E+07,  3.82745E+07,  9.07105E+07,  1.95109E+08,  3.84507E+08,  7.00625E+08,  1.19041E+09,  1.90065E+09,  2.87179E+09,  4.13225E+09,  5.69441E+09,  7.55285E+09,  9.68498E+09,  1.20535E+10,  1.46102E+10,  1.73004E+10,  2.00666E+10,  2.28530E+10,  2.56077E+10,  2.82850E+10,  3.08463E+10,  3.32611E+10,  3.55064E+10,  3.75664E+10,  3.94318E+10,  4.10986E+10,  4.25677E+10,  4.38436E+10,  4.49336E+10,  4.58470E+10,  4.65947E+10,  4.71885E+10,  4.76404E+10,  4.79629E+10,  4.81679E+10,  4.82672E+10,  4.82718E+10,  4.81924E+10,  4.80388E+10,  4.78201E+10,  4.75446E+10,  4.72200E+10,  4.68533E+10,  4.64508E+10,  4.60182E+10,  4.55605E+10,  4.50824E+10,  4.45878E+10,  4.40803E+10,  4.35632E+10,  4.30391E+10,  4.25107E+10,  4.19800E+10,  4.14489E+10,  4.09190E+10,  4.03917E+10,  3.98683E+10,  3.93497E+10,  3.88368E+10,  3.83305E+10,  3.78311E+10,  3.73394E+10,  3.68557E+10,  3.63803E+10,  3.59134E+10,  3.54554E+10,  3.50062E+10,  3.45660E+10,  3.41348E+10,  3.37127E+10,  3.32996E+10,  3.28954E+10,  3.25001E+10,  3.21136E+10,  3.17358E+10,  3.13665E+10,  3.10057E+10,  3.06531E+10,  3.03086E+10,  2.99721E+10,  2.96434E+10,  2.93224E+10,  2.90088E+10,  2.87025E+10,  2.84033E+10,  2.81111E+10
  1.00074E+00,  1.00621E+00,  1.02782E+00,  1.10651E+00,  1.44008E+00,  3.12204E+00,  1.27690E+01,  7.19682E+01,  4.37093E+02,  2.58185E+03,  1.41050E+04,  6.92463E+04,  3.00830E+05,  1.14973E+06,  3.86825E+06,  1.15144E+07,  3.05520E+07,  7.29063E+07,  1.57936E+08,  3.13499E+08,  5.75319E+08,  9.84296E+08,  1.58206E+09,  2.40564E+09,  3.48237E+09,  4.82610E+09,  6.43527E+09,  8.29303E+09,  1.03691E+10,  1.26230E+10,  1.50073E+10,  1.74720E+10,  1.99672E+10,  2.24460E+10,  2.48666E+10,  2.71933E+10,  2.93972E+10,  3.14562E+10,  3.33544E+10,  3.50819E+10,  3.66340E+10,  3.80100E+10,  3.92128E+10,  4.02483E+10,  4.11239E+10,  4.18488E+10,  4.24332E+10,  4.28876E+10,  4.32229E+10,  4.34496E+10,  4.35783E+10,  4.36190E+10,  4.35812E+10,  4.34737E+10,  4.33049E+10,  4.30825E+10,  4.28134E+10,  4.25040E+10,  4.21603E+10,  4.17874E+10,  4.13900E+10,  4.09724E+10,  4.05384E+10,  4.00914E+10,  3.96342E+10,  3.91696E+10,  3.86999E+10,  3.82270E+10,  3.77529E+10,  3.72790E+10,  3.68066E+10,  3.63370E+10,  3.58712E+10,  3.54099E+10,  3.49539E+10,  3.45039E+10,  3.40602E+10,  3.36234E+10,  3.31937E+10,  3.27715E+10,  3.23569E+10,  3.19501E+10,  3.15512E+10,  3.11603E+10,  3.07773E+10,  3.04023E+10,  3.00353E+10,  2.96761E+10,  2.93248E+10,  2.89813E+10,  2.86454E+10,  2.83171E+10,  2.79961E+10,  2.76825E+10,  2.73760E+10,  2.70765E+10,  2.67839E+10,  2.64980E+10,  2.62188E+10,  2.59459E+10,  2.56793E+10
  1.00067E+00,  1.00574E+00,  1.02584E+00,  1.09778E+00,  1.39507E+00,  2.85330E+00,  1.09983E+01,  5.98356E+01,  3.55552E+02,  2.06978E+03,  1.12040E+04,  5.47417E+04,  2.37525E+05,  9.09155E+05,  3.06972E+06,  9.18316E+06,  2.45120E+07,  5.88773E+07,  1.28423E+08,  2.56694E+08,  4.74330E+08,  8.16993E+08,  1.32169E+09,  2.02222E+09,  2.94459E+09,  4.10349E+09,  5.50029E+09,  7.12279E+09,  8.94660E+09,  1.09376E+10,  1.30551E+10,  1.52551E+10,  1.74933E+10,  1.97274E+10,  2.19191E+10,  2.40355E+10,  2.60493E+10,  2.79392E+10,  2.96896E+10,  3.12904E+10,  3.27359E+10,  3.40244E+10,  3.51578E+10,  3.61401E+10,  3.69776E+10,  3.76780E+10,  3.82499E+10,  3.87026E+10,  3.90455E+10,  3.92881E+10,  3.94398E+10,  3.95095E+10,  3.95058E+10,  3.94369E+10,  3.93102E+10,  3.91327E+10,  3.89110E+10,  3.86509E+10,  3.83577E+10,  3.80364E+10,  3.76913E+10,  3.73264E+10,  3.69452E+10,  3.65508E+10,  3.61461E+10,  3.57334E+10,  3.53152E+10,  3.48931E+10,  3.44690E+10,  3.40443E+10,  3.36204E+10,  3.31982E+10,  3.27788E+10,  3.23631E+10,  3.19516E+10,  3.15451E+10,  3.11440E+10,  3.07486E+10,  3.03595E+10,  2.99768E+10,  2.96007E+10,  2.92315E+10,  2.88691E+10,  2.85139E+10,  2.81656E+10,  2.78245E+10,  2.74904E+10,  2.71634E+10,  2.68434E+10,  2.65303E+10,  2.62241E+10,  2.59246E+10,  2.56318E+10,  2.53455E+10,  2.50657E+10,  2.47923E+10,  2.45250E+10,  2.42638E+10,  2.40086E+10,  2.37592E+10,  2.35154E+10
  1.00061E+00,  1.00532E+00,  1.02404E+00,  1.09004E+00,  1.35622E+00,  2.62753E+00,  9.54797E+00,  5.01121E+01,  2.91298E+02,  1.67101E+03,  8.96085E+03,  4.35610E+04,  1.88716E+05,  7.23172E+05,  2.44957E+06,  7.36213E+06,  1.97624E+07,  4.77666E+07,  1.04877E+08,  2.11041E+08,  3.92584E+08,  6.80624E+08,  1.10806E+09,  1.70563E+09,  2.49789E+09,  3.49993E+09,  4.71530E+09,  6.13555E+09,  7.74114E+09,  9.50349E+09,  1.13876E+10,  1.33549E+10,  1.53658E+10,  1.73825E+10,  1.93698E+10,  2.12974E+10,  2.31395E+10,  2.48759E+10,  2.64914E+10,  2.79755E+10,  2.93221E+10,  3.05288E+10,  3.15961E+10,  3.25271E+10,  3.33268E+10,  3.40016E+10,  3.45588E+10,  3.50065E+10,  3.53530E+10,  3.56067E+10,  3.57761E+10,  3.58690E+10,  3.58934E+10,  3.58565E+10,  3.57653E+10,  3.56261E+10,  3.54449E+10,  3.52271E+10,  3.49776E+10,  3.47010E+10,  3.44013E+10,  3.40822E+10,  3.37471E+10,  3.33988E+10,  3.30400E+10,  3.26730E+10,  3.23000E+10,  3.19226E+10,  3.15426E+10,  3.11614E+10,  3.07801E+10,  3.03999E+10,  3.00216E+10,  2.96461E+10,  2.92741E+10,  2.89061E+10,  2.85427E+10,  2.81842E+10,  2.78310E+10,  2.74833E+10,  2.71415E+10,  2.68056E+10,  2.64759E+10,  2.61523E+10,  2.58350E+10,  2.55240E+10,  2.52193E+10,  2.49208E+10,  2.46287E+10,  2.43427E+10,  2.40629E+10,  2.37892E+10,  2.35215E+10,  2.32597E+10,  2.30037E+10,  2.27534E+10,  2.25088E+10,  2.22696E+10,  2.20358E+10,  2.18073E+10,  2.15840E+10
  1.00055E+00,  1.00493E+00,  1.02241E+00,  1.08316E+00,  1.32250E+00,  2.43668E+00,  8.35189E+00,  4.22621E+01,  2.40286E+02,  1.35817E+03,  7.21393E+03,  3.48828E+04,  1.50837E+05,  5.78497E+05,  1.96514E+06,  5.93178E+06,  1.60080E+07,  3.89239E+07,  8.60047E+07,  1.74190E+08,  3.26136E+08,  5.69025E+08,  9.32087E+08,  1.44324E+09,  2.12553E+09,  2.99406E+09,  4.05401E+09,  5.29992E+09,  6.71632E+09,  8.27930E+09,  9.95878E+09,  1.17209E+10,  1.35307E+10,  1.53538E+10,  1.71583E+10,  1.89161E+10,  2.06031E+10,  2.22000E+10,  2.36921E+10,  2.50690E+10,  2.63240E+10,  2.74541E+10,  2.84589E+10,  2.93406E+10,  3.01031E+10,  3.07517E+10,  3.12926E+10,  3.17329E+10,  3.20798E+10,  3.23409E+10,  3.25235E+10,  3.26350E+10,  3.26823E+10,  3.26721E+10,  3.26108E+10,  3.25041E+10,  3.23576E+10,  3.21762E+10,  3.19645E+10,  3.17266E+10,  3.14665E+10,  3.11875E+10,  3.08926E+10,  3.05848E+10,  3.02663E+10,  2.99395E+10,  2.96063E+10,  2.92684E+10,  2.89274E+10,  2.85845E+10,  2.82410E+10,  2.78979E+10,  2.75561E+10,  2.72164E+10,  2.68794E+10,  2.65457E+10,  2.62157E+10,  2.58900E+10,  2.55688E+10,  2.52524E+10,  2.49410E+10,  2.46349E+10,  2.43342E+10,  2.40389E+10,  2.37491E+10,  2.34650E+10,  2.31865E+10,  2.29136E+10,  2.26463E+10,  2.23846E+10,  2.21285E+10,  2.18778E+10,  2.16325E+10,  2.13925E+10,  2.11578E+10,  2.09283E+10,  2.07039E+10,  2.04844E+10,  2.02699E+10,  2.00601E+10,  1.98550E+10
  1.00050E+00,  1.00458E+00,  1.02092E+00,  1.07700E+00,  1.29309E+00,  2.27438E+00,  7.35900E+00,  3.58806E+01,  1.99499E+02,  1.11101E+03,  5.84407E+03,  2.81024E+04,  1.21256E+05,  4.65285E+05,  1.58458E+06,  4.80234E+06,  1.30255E+07,  3.18531E+07,  7.08110E+07,  1.44318E+08,  2.71906E+08,  4.77342E+08,  7.86605E+08,  1.22501E+09,  1.81407E+09,  2.56866E+09,  3.49511E+09,  4.59039E+09,  5.84237E+09,  7.23114E+09,  8.73086E+09,  1.03119E+10,  1.19432E+10,  1.35937E+10,  1.52344E+10,  1.68393E+10,  1.83860E+10,  1.98561E+10,  2.12354E+10,  2.25135E+10,  2.36836E+10,  2.47421E+10,  2.56880E+10,  2.65226E+10,  2.72489E+10,  2.78711E+10,  2.83947E+10,  2.88257E+10,  2.91705E+10,  2.94358E+10,  2.96281E+10,  2.97541E+10,  2.98201E+10,  2.98322E+10,  2.97960E+10,  2.97170E+10,  2.96002E+10,  2.94502E+10,  2.92712E+10,  2.90671E+10,  2.88415E+10,  2.85975E+10,  2.83380E+10,  2.80657E+10,  2.77827E+10,  2.74914E+10,  2.71933E+10,  2.68903E+10,  2.65838E+10,  2.62750E+10,  2.59650E+10,  2.56549E+10,  2.53455E+10,  2.50376E+10,  2.47317E+10,  2.44285E+10,  2.41285E+10,  2.38319E+10,  2.35393E+10,  2.32508E+10,  2.29667E+10,  2.26871E+10,  2.24123E+10,  2.21423E+10,  2.18773E+10,  2.16172E+10,  2.13621E+10,  2.11121E+10,  2.08671E+10,  2.06271E+10,  2.03921E+10,  2.01621E+10,  1.99369E+10,  1.97166E+10,  1.95010E+10,  1.92901E+10,  1.90838E+10,  1.88820E+10,  1.86847E+10,  1.84918E+10,  1.83031E+10
  1.00046E+00,  1.00426E+00,  1.01957E+00,  1.07148E+00,  1.26732E+00,  2.13560E+00,  6.52965E+00,  3.06584E+01,  1.66667E+02,  9.14411E+02,  4.76279E+03,  2.27711E+04,  9.80142E+04,  3.76185E+05,  1.28402E+06,  3.90596E+06,  1.06448E+07,  2.61734E+07,  5.85263E+07,  1.20004E+08,  2.27474E+08,  4.01743E+08,  6.65902E+08,  1.04288E+09,  1.55267E+09,  2.20976E+09,  3.02129E+09,  3.98609E+09,  5.09486E+09,  6.33107E+09,  7.67256E+09,  9.09345E+09,  1.05660E+10,  1.20624E+10,  1.35561E+10,  1.50232E+10,  1.64427E+10,  1.77974E+10,  1.90734E+10,  2.02607E+10,  2.13522E+10,  2.23439E+10,  2.32344E+10,  2.40240E+10,  2.47151E+10,  2.53112E+10,  2.58169E+10,  2.62373E+10,  2.65780E+10,  2.68450E+10,  2.70441E+10,  2.71814E+10,  2.72625E+10,  2.72929E+10,  2.72780E+10,  2.72225E+10,  2.71312E+10,  2.70082E+10,  2.68576E+10,  2.66829E+10,  2.64875E+10,  2.62742E+10,  2.60458E+10,  2.58047E+10,  2.55532E+10,  2.52931E+10,  2.50262E+10,  2.47542E+10,  2.44782E+10,  2.41997E+10,  2.39195E+10,  2.36388E+10,  2.33583E+10,  2.30787E+10,  2.28007E+10,  2.25247E+10,  2.22514E+10,  2.19810E+10,  2.17138E+10,  2.14503E+10,  2.11906E+10,  2.09348E+10,  2.06833E+10,  2.04360E+10,  2.01930E+10,  1.99545E+10,  1.97205E+10,  1.94910E+10,  1.92661E+10,  1.90456E+10,  1.88296E+10,  1.86181E+10,  1.84110E+10,  1.82083E+10,  1.80098E+10,  1.78157E+10,  1.76257E+10,  1.74399E+10,  1.72581E+10,  1.70802E+10,  1.69063E+10
  1.00042E+00,  1.00396E+00,  1.01833E+00,  1.06651E+00,  1.24463E+00,  2.01631E+00,  5.83283E+00,  2.63581E+01,  1.40067E+02,  7.57029E+02,  3.90391E+03,  1.85537E+04,  7.96477E+04,  3.05676E+05,  1.04540E+06,  3.19107E+06,  8.73575E+06,  2.15914E+07,  4.85525E+07,  1.00136E+08,  1.90935E+08,  3.39184E+08,  5.65416E+08,  8.90381E+08,  1.33260E+09,  1.90606E+09,  2.61838E+09,  3.46992E+09,  4.45368E+09,  5.55601E+09,  6.75795E+09,  8.03686E+09,  9.36808E+09,  1.07266E+10,  1.20882E+10,  1.34309E+10,  1.47352E+10,  1.59846E+10,  1.71661E+10,  1.82698E+10,  1.92885E+10,  2.02179E+10,  2.10561E+10,  2.18031E+10,  2.24603E+10,  2.30308E+10,  2.35181E+10,  2.39269E+10,  2.42620E+10,  2.45287E+10,  2.47323E+10,  2.48781E+10,  2.49713E+10,  2.50169E+10,  2.50198E+10,  2.49843E+10,  2.49149E+10,  2.48154E+10,  2.46894E+10,  2.45404E+10,  2.43713E+10,  2.41850E+10,  2.39840E+10,  2.37705E+10,  2.35467E+10,  2.33144E+10,  2.30752E+10,  2.28305E+10,  2.25819E+10,  2.23302E+10,  2.20767E+10,  2.18222E+10,  2.15674E+10,  2.13132E+10,  2.10601E+10,  2.08085E+10,  2.05591E+10,  2.03121E+10,  2.00678E+10,  1.98267E+10,  1.95888E+10,  1.93545E+10,  1.91238E+10,  1.88969E+10,  1.86738E+10,  1.84548E+10,  1.82397E+10,  1.80287E+10,  1.78217E+10,  1.76188E+10,  1.74199E+10,  1.72251E+10,  1.70343E+10,  1.68474E+10,  1.66645E+10,  1.64854E+10,  1.63102E+10,  1.61387E+10,  1.59709E+10,  1.58067E+10,  1.56461E+10
  1.00038E+00,  1.00369E+00,  1.01719E+00,  1.06202E+00,  1.22458E+00,  1.91325E+00,  5.24408E+00,  2.27958E+01,  1.18383E+02,  6.30259E+02,  3.21756E+03,  1.51981E+04,  6.50529E+04,  2.49584E+05,  8.55009E+05,  2.61822E+06,  7.19803E+06,  1.78792E+07,  4.04228E+07,  8.38403E+07,  1.60779E+08,  2.87238E+08,  4.81483E+08,  7.62285E+08,  1.14676E+09,  1.64829E+09,  2.27479E+09,  3.02779E+09,  3.90219E+09,  4.88681E+09,  5.96544E+09,  7.11829E+09,  8.32347E+09,  9.55842E+09,  1.08012E+10,  1.20314E+10,  1.32310E+10,  1.43846E+10,  1.54795E+10,  1.65060E+10,  1.74572E+10,  1.83286E+10,  1.91178E+10,  1.98243E+10,  2.04491E+10,  2.09944E+10,  2.14633E+10,  2.18599E+10,  2.21882E+10,  2.24531E+10,  2.26592E+10,  2.28112E+10,  2.29140E+10,  2.29721E+10,  2.29899E+10,  2.29715E+10,  2.29208E+10,  2.28415E+10,  2.27370E+10,  2.26104E+10,  2.24645E+10,  2.23019E+10,  2.21250E+10,  2.19360E+10,  2.17367E+10,  2.15290E+10,  2.13144E+10,  2.10942E+10,  2.08698E+10,  2.06423E+10,  2.04125E+10,  2.01814E+10,  1.99498E+10,  1.97182E+10,  1.94874E+10,  1.92577E+10,  1.90297E+10,  1.88038E+10,  1.85801E+10,  1.83591E+10,  1.81409E+10,  1.79258E+10,  1.77139E+10,  1.75054E+10,  1.73003E+10,  1.70987E+10,  1.69007E+10,  1.67063E+10,  1.65156E+10,  1.63285E+10,  1.61451E+10,  1.59654E+10,  1.57893E+10,  1.56168E+10,  1.54478E+10,  1.52824E+10,  1.51204E+10,  1.49619E+10,  1.48067E+10,  1.46549E+10,  1.45063E+10
  1.00035E+00,  1.00344E+00,  1.01614E+00,  1.05796E+00,  1.20678E+00,  1.82379E+00,  4.74399E+00,  1.98280E+01,  1.00603E+02,  5.27546E+02,  2.66590E+03,  1.25131E+04,  5.33929E+04,  2.04734E+05,  7.02370E+05,  2.15711E+06,  5.95412E+06,  1.48596E+07,  3.37708E+07,  7.04258E+07,  1.35804E+08,  2.43961E+08,  4.11156E+08,  6.54360E+08,  9.89365E+08,  1.42888E+09,  1.98098E+09,  2.64806E+09,  3.42661E+09,  4.30752E+09,  5.27699E+09,  6.31773E+09,  7.41029E+09,  8.53439E+09,  9.67006E+09,  1.07985E+10,  1.19030E+10,  1.29689E+10,  1.39844E+10,  1.49399E+10,  1.58287E+10,  1.66459E+10,  1.73891E+10,  1.80572E+10,  1.86509E+10,  1.91718E+10,  1.96225E+10,  2.00064E+10,  2.03271E+10,  2.05889E+10,  2.07958E+10,  2.09523E+10,  2.10626E+10,  2.11309E+10,  2.11611E+10,  2.11572E+10,  2.11226E+10,  2.10609E+10,  2.09750E+10,  2.08680E+10,  2.07424E+10,  2.06007E+10,  2.04452E+10,  2.02778E+10,  2.01003E+10,  1.99145E+10,  1.97218E+10,  1.95235E+10,  1.93208E+10,  1.91147E+10,  1.89062E+10,  1.86961E+10,  1.84852E+10,  1.82740E+10,  1.80632E+10,  1.78533E+10,  1.76446E+10,  1.74375E+10,  1.72324E+10,  1.70295E+10,  1.68291E+10,  1.66314E+10,  1.64364E+10,  1.62444E+10,  1.60555E+10,  1.58697E+10,  1.56871E+10,  1.55078E+10,  1.53318E+10,  1.51591E+10,  1.49897E+10,  1.48236E+10,  1.46607E+10,  1.45012E+10,  1.43449E+10,  1.41918E+10,  1.40419E+10,  1.38952E+10,  1.37515E+10,  1.36108E+10,  1.34731E+10
  1.00032E+00,  1.00321E+00,  1.01518E+00,  1.05426E+00,  1.19092E+00,  1.74579E+00,  4.31707E+00,  1.73420E+01,  8.59411E+01,  4.43852E+02,  2.22003E+03,  1.03531E+04,  4.40296E+04,  1.68697E+05,  5.79427E+05,  1.78431E+06,  4.94370E+06,  1.23937E+07,  2.83076E+07,  5.93442E+07,  1.15052E+08,  2.07791E+08,  3.52049E+08,  5.63163E+08,  8.55677E+08,  1.24162E+09,  1.72906E+09,  2.32108E+09,  3.01544E+09,  3.80482E+09,  4.67748E+09,  5.61834E+09,  6.61014E+09,  7.63462E+09,  8.67361E+09,  9.70988E+09,  1.07278E+10,  1.17137E+10,  1.26562E+10,  1.35463E+10,  1.43771E+10,  1.51439E+10,  1.58439E+10,  1.64758E+10,  1.70398E+10,  1.75371E+10,  1.79698E+10,  1.83408E+10,  1.86533E+10,  1.89109E+10,  1.91175E+10,  1.92768E+10,  1.93929E+10,  1.94694E+10,  1.95100E+10,  1.95183E+10,  1.94976E+10,  1.94510E+10,  1.93814E+10,  1.92915E+10,  1.91838E+10,  1.90606E+10,  1.89239E+10,  1.87757E+10,  1.86177E+10,  1.84514E+10,  1.82782E+10,  1.80994E+10,  1.79161E+10,  1.77293E+10,  1.75399E+10,  1.73487E+10,  1.71564E+10,  1.69636E+10,  1.67708E+10,  1.65785E+10,  1.63872E+10,  1.61973E+10,  1.60089E+10,  1.58224E+10,  1.56380E+10,  1.54559E+10,  1.52763E+10,  1.50993E+10,  1.49250E+10,  1.47535E+10,  1.45849E+10,  1.44193E+10,  1.42565E+10,  1.40968E+10,  1.39401E+10,  1.37863E+10,  1.36356E+10,  1.34878E+10,  1.33430E+10,  1.32011E+10,  1.30622E+10,  1.29260E+10,  1.27928E+10,  1.26623E+10,  1.25345E+10
  1.00029E+00,  1.00300E+00,  1.01429E+00,  1.05089E+00,  1.17674E+00,  1.67750E+00,  3.95085E+00,  1.52488E+01,  7.37863E+01,  3.75286E+02,  1.85774E+03,  8.60655E+03,  3.64733E+04,  1.39603E+05,  4.79960E+05,  1.48164E+06,  4.11968E+06,  1.03724E+07,  2.38048E+07,  5.01587E+07,  9.77513E+07,  1.77469E+08,  3.02224E+08,  4.85882E+08,  7.41818E+08,  1.08138E+09,  1.51251E+09,  2.03881E+09,  2.65910E+09,  3.36754E+09,  4.15421E+09,  5.00594E+09,  5.90743E+09,  6.84226E+09,  7.79390E+09,  8.74649E+09,  9.68552E+09,  1.05982E+10,  1.14737E+10,  1.23034E+10,  1.30805E+10,  1.38004E+10,  1.44599E+10,  1.50576E+10,  1.55933E+10,  1.60678E+10,  1.64829E+10,  1.68409E+10,  1.71448E+10,  1.73975E+10,  1.76026E+10,  1.77636E+10,  1.78839E+10,  1.79670E+10,  1.80162E+10,  1.80349E+10,  1.80260E+10,  1.79926E+10,  1.79371E+10,  1.78623E+10,  1.77703E+10,  1.76634E+10,  1.75435E+10,  1.74124E+10,  1.72716E+10,  1.71227E+10,  1.69670E+10,  1.68057E+10,  1.66398E+10,  1.64703E+10,  1.62980E+10,  1.61238E+10,  1.59482E+10,  1.57719E+10,  1.55954E+10,  1.54192E+10,  1.52436E+10,  1.50690E+10,  1.48958E+10,  1.47241E+10,  1.45542E+10,  1.43863E+10,  1.42206E+10,  1.40572E+10,  1.38962E+10,  1.37377E+10,  1.35818E+10,  1.34284E+10,  1.32778E+10,  1.31299E+10,  1.29846E+10,  1.28421E+10,  1.27024E+10,  1.25653E+10,  1.24309E+10,  1.22992E+10,  1.21702E+10,  1.20438E+10,  1.19200E+10,  1.17987E+10,  1.16800E+10
  1.00027E+00,  1.00280E+00,  1.01346E+00,  1.04781E+00,  1.16402E+00,  1.61745E+00,  3.63528E+00,  1.34777E+01,  6.36577E+01,  3.18822E+02,  1.56185E+03,  7.18720E+03,  3.03460E+04,  1.16010E+05,  3.99139E+05,  1.23490E+06,  3.44507E+06,  8.70956E+06,  2.00808E+07,  4.25200E+07,  8.32842E+07,  1.51973E+08,  2.60105E+08,  4.20214E+08,  6.44591E+08,  9.43896E+08,  1.32590E+09,  1.79456E+09,  2.34955E+09,  2.98630E+09,  3.69644E+09,  4.46851E+09,  5.28895E+09,  6.14299E+09,  7.01558E+09,  7.89217E+09,  8.75928E+09,  9.60492E+09,  1.04189E+10,  1.11928E+10,  1.19201E+10,  1.25961E+10,  1.32177E+10,  1.37831E+10,  1.42919E+10,  1.47446E+10,  1.51425E+10,  1.54877E+10,  1.57825E+10,  1.60298E+10,  1.62326E+10,  1.63941E+10,  1.65174E+10,  1.66057E+10,  1.66621E+10,  1.66895E+10,  1.66908E+10,  1.66687E+10,  1.66256E+10,  1.65639E+10,  1.64859E+10,  1.63934E+10,  1.62883E+10,  1.61724E+10,  1.60470E+10,  1.59137E+10,  1.57736E+10,  1.56280E+10,  1.54777E+10,  1.53238E+10,  1.51670E+10,  1.50080E+10,  1.48476E+10,  1.46862E+10,  1.45244E+10,  1.43626E+10,  1.42012E+10,  1.40406E+10,  1.38811E+10,  1.37228E+10,  1.35661E+10,  1.34111E+10,  1.32580E+10,  1.31070E+10,  1.29580E+10,  1.28113E+10,  1.26669E+10,  1.25248E+10,  1.23851E+10,  1.22479E+10,  1.21132E+10,  1.19809E+10,  1.18511E+10,  1.17238E+10,  1.15989E+10,  1.14765E+10,  1.13565E+10,  1.12390E+10,  1.11238E+10,  1.10109E+10,  1.09004E+10
  1.00024E+00,  1.00262E+00,  1.01270E+00,  1.04499E+00,  1.15256E+00,  1.56446E+00,  3.36214E+00,  1.19719E+01,  5.51759E+01,  2.72091E+02,  1.31900E+03,  6.02824E+03,  2.53546E+04,  9.67912E+04,  3.33194E+05,  1.03296E+06,  2.89072E+06,  7.33668E+06,  1.69905E+07,  3.61474E+07,  7.11498E+07,  1.30473E+08,  2.24402E+08,  3.64267E+08,  5.61355E+08,  8.25656E+08,  1.16471E+09,  1.58271E+09,  2.08004E+09,  2.65318E+09,  3.29511E+09,  3.99588E+09,  4.74346E+09,  5.52459E+09,  6.32557E+09,  7.13304E+09,  7.93449E+09,  8.71869E+09,  9.47598E+09,  1.01984E+10,  1.08795E+10,  1.15147E+10,  1.21007E+10,  1.26357E+10,  1.31189E+10,  1.35507E+10,  1.39319E+10,  1.42643E+10,  1.45500E+10,  1.47914E+10,  1.49913E+10,  1.51524E+10,  1.52777E+10,  1.53700E+10,  1.54322E+10,  1.54670E+10,  1.54770E+10,  1.54646E+10,  1.54323E+10,  1.53823E+10,  1.53164E+10,  1.52367E+10,  1.51449E+10,  1.50425E+10,  1.49309E+10,  1.48115E+10,  1.46855E+10,  1.45539E+10,  1.44177E+10,  1.42778E+10,  1.41349E+10,  1.39897E+10,  1.38429E+10,  1.36951E+10,  1.35466E+10,  1.33979E+10,  1.32494E+10,  1.31015E+10,  1.29544E+10,  1.28083E+10,  1.26636E+10,  1.25203E+10,  1.23787E+10,  1.22388E+10,  1.21008E+10,  1.19648E+10,  1.18309E+10,  1.16991E+10,  1.15694E+10,  1.14420E+10,  1.13168E+10,  1.11938E+10,  1.10731E+10,  1.09547E+10,  1.08385E+10,  1.07246E+10,  1.06129E+10,  1.05034E+10,  1.03961E+10,  1.02909E+10,  1.01879E+10
  1.00022E+00,  1.00245E+00,  1.01199E+00,  1.04239E+00,  1.14222E+00,  1.51752E+00,  3.12476E+00,  1.06859E+01,  4.80396E+01,  2.33231E+02,  1.11873E+03,  5.07752E+03,  2.12704E+04,  8.10704E+04,  2.79169E+05,  8.67050E+05,  2.43354E+06,  6.19936E+06,  1.44178E+07,  3.08148E+07,  6.09423E+07,  1.12293E+08,  1.94056E+08,  3.16480E+08,  4.89920E+08,  7.23721E+08,  1.02515E+09,  1.39856E+09,  1.84487E+09,  2.36148E+09,  2.94253E+09,  3.57938E+09,  4.26139E+09,  4.97662E+09,  5.71264E+09,  6.45717E+09,  7.19861E+09,  7.92646E+09,  8.63158E+09,  9.30631E+09,  9.94455E+09,  1.05417E+10,  1.10944E+10,  1.16007E+10,  1.20597E+10,  1.24714E+10,  1.28365E+10,  1.31563E+10,  1.34328E+10,  1.36680E+10,  1.38644E+10,  1.40245E+10,  1.41509E+10,  1.42463E+10,  1.43131E+10,  1.43541E+10,  1.43715E+10,  1.43676E+10,  1.43447E+10,  1.43048E+10,  1.42498E+10,  1.41814E+10,  1.41013E+10,  1.40110E+10,  1.39117E+10,  1.38048E+10,  1.36914E+10,  1.35725E+10,  1.34490E+10,  1.33217E+10,  1.31914E+10,  1.30587E+10,  1.29243E+10,  1.27886E+10,  1.26522E+10,  1.25154E+10,  1.23787E+10,  1.22422E+10,  1.21064E+10,  1.19715E+10,  1.18376E+10,  1.17050E+10,  1.15738E+10,  1.14441E+10,  1.13162E+10,  1.11900E+10,  1.10656E+10,  1.09431E+10,  1.08226E+10,  1.07041E+10,  1.05876E+10,  1.04732E+10,  1.03608E+10,  1.02505E+10,  1.01423E+10,  1.00361E+10,  9.93196E+09,  9.82984E+09,  9.72974E+09,  9.63162E+09,  9.53547E+09
  1.00020E+00,  1.00230E+00,  1.01134E+00,  1.04001E+00,  1.13286E+00,  1.47579E+00,  2.91764E+00,  9.58297E+00,  4.20081E+01,  2.00767E+02,  9.52829E+02,  4.29415E+03,  1.79142E+04,  6.81579E+04,  2.34739E+05,  7.30245E+05,  2.05519E+06,  5.25408E+06,  1.22693E+07,  2.63392E+07,  5.23315E+07,  9.68782E+07,  1.68198E+08,  2.75562E+08,  4.28469E+08,  6.35642E+08,  9.04056E+08,  1.23813E+09,  1.63924E+09,  2.10553E+09,  2.63214E+09,  3.21161E+09,  3.83451E+09,  4.49013E+09,  5.16715E+09,  5.85431E+09,  6.54084E+09,  7.21695E+09,  7.87398E+09,  8.50465E+09,  9.10306E+09,  9.66464E+09,  1.01861E+10,  1.06654E+10,  1.11014E+10,  1.14940E+10,  1.18435E+10,  1.21511E+10,  1.24184E+10,  1.26472E+10,  1.28397E+10,  1.29982E+10,  1.31250E+10,  1.32225E+10,  1.32931E+10,  1.33392E+10,  1.33629E+10,  1.33663E+10,  1.33516E+10,  1.33207E+10,  1.32752E+10,  1.32169E+10,  1.31472E+10,  1.30677E+10,  1.29795E+10,  1.28838E+10,  1.27817E+10,  1.26742E+10,  1.25621E+10,  1.24463E+10,  1.23273E+10,  1.22060E+10,  1.20828E+10,  1.19582E+10,  1.18328E+10,  1.17068E+10,  1.15807E+10,  1.14547E+10,  1.13292E+10,  1.12044E+10,  1.10804E+10,  1.09575E+10,  1.08358E+10,  1.07155E+10,  1.05967E+10,  1.04794E+10,  1.03638E+10,  1.02499E+10,  1.01377E+10,  1.00274E+10,  9.91888E+09,  9.81225E+09,  9.70749E+09,  9.60462E+09,  9.50364E+09,  9.40454E+09,  9.30733E+09,  9.21198E+09,  9.11848E+09,  9.02681E+09,  8.93696E+09
  1.00019E+00,  1.00216E+00,  1.01072E+00,  1.03781E+00,  1.12436E+00,  1.43858E+00,  2.73622E+00,  8.63303E+00,  3.68882E+01,  1.73526E+02,  8.14789E+02,  3.64590E+03,  1.51448E+04,  5.75101E+04,  1.98060E+05,  6.17033E+05,  1.74102E+06,  4.46589E+06,  1.04697E+07,  2.25720E+07,  4.50477E+07,  8.37743E+07,  1.46108E+08,  2.40442E+08,  3.75483E+08,  5.59366E+08,  7.98754E+08,  1.09808E+09,  1.45906E+09,  1.88049E+09,  2.35837E+09,  2.88625E+09,  3.45581E+09,  4.05741E+09,  4.68079E+09,  5.31559E+09,  5.95185E+09,  6.58039E+09,  7.19307E+09,  7.78296E+09,  8.34434E+09,  8.87278E+09,  9.36501E+09,  9.81885E+09,  1.02331E+10,  1.06073E+10,  1.09419E+10,  1.12376E+10,  1.14958E+10,  1.17181E+10,  1.19064E+10,  1.20627E+10,  1.21893E+10,  1.22883E+10,  1.23618E+10,  1.24121E+10,  1.24411E+10,  1.24509E+10,  1.24434E+10,  1.24202E+10,  1.23832E+10,  1.23338E+10,  1.22735E+10,  1.22036E+10,  1.21253E+10,  1.20397E+10,  1.19478E+10,  1.18506E+10,  1.17489E+10,  1.16433E+10,  1.15347E+10,  1.14237E+10,  1.13106E+10,  1.11962E+10,  1.10807E+10,  1.09645E+10,  1.08481E+10,  1.07317E+10,  1.06156E+10,  1.04999E+10,  1.03850E+10,  1.02710E+10,  1.01581E+10,  1.00463E+10,  9.93580E+09,  9.82670E+09,  9.71908E+09,  9.61299E+09,  9.50850E+09,  9.40564E+09,  9.30445E+09,  9.20496E+09,  9.10719E+09,  9.01114E+09,  8.91682E+09,  8.82423E+09,  8.73337E+09,  8.64423E+09,  8.55679E+09,  8.47105E+09,  8.38698E+09
  1.00017E+00,  1.00202E+00,  1.01015E+00,  1.03577E+00,  1.11662E+00,  1.40528E+00,  2.57674E+00,  7.81164E+00,  3.25241E+01,  1.50572E+02,  6.99446E+02,  3.10723E+03,  1.28504E+04,  4.86960E+04,  1.67671E+05,  5.23022E+05,  1.47928E+06,  3.80664E+06,  8.95779E+06,  1.93923E+07,  3.88700E+07,  7.26065E+07,  1.27192E+08,  2.10227E+08,  3.29694E+08,  4.93168E+08,  7.06993E+08,  9.75573E+08,  1.30088E+09,  1.68226E+09,  2.11644E+09,  2.59788E+09,  3.11923E+09,  3.67184E+09,  4.24638E+09,  4.83335E+09,  5.42351E+09,  6.00831E+09,  6.58005E+09,  7.13215E+09,  7.65911E+09,  8.15661E+09,  8.62142E+09,  9.05129E+09,  9.44490E+09,  9.80172E+09,  1.01219E+10,  1.04060E+10,  1.06552E+10,  1.08709E+10,  1.10548E+10,  1.12087E+10,  1.13346E+10,  1.14344E+10,  1.15102E+10,  1.15639E+10,  1.15974E+10,  1.16126E+10,  1.16113E+10,  1.15951E+10,  1.15655E+10,  1.15240E+10,  1.14720E+10,  1.14108E+10,  1.13413E+10,  1.12648E+10,  1.11822E+10,  1.10943E+10,  1.10019E+10,  1.09057E+10,  1.08065E+10,  1.07047E+10,  1.06009E+10,  1.04956E+10,  1.03892E+10,  1.02821E+10,  1.01745E+10,  1.00668E+10,  9.95924E+09,  9.85206E+09,  9.74543E+09,  9.63955E+09,  9.53456E+09,  9.43059E+09,  9.32776E+09,  9.22616E+09,  9.12587E+09,  9.02696E+09,  8.92948E+09,  8.83349E+09,  8.73901E+09,  8.64608E+09,  8.55472E+09,  8.46493E+09,  8.37673E+09,  8.29012E+09,  8.20510E+09,  8.12167E+09,  8.03980E+09,  7.95950E+09,  7.88075E+09
  1.00016E+00,  1.00190E+00,  1.00962E+00,  1.03389E+00,  1.10955E+00,  1.37540E+00,  2.43606E+00,  7.09870E+00,  2.87891E+01,  1.31149E+02,  6.02673E+02,  2.65784E+03,  1.09423E+04,  4.13729E+04,  1.42404E+05,  4.44694E+05,  1.26053E+06,  3.25360E+06,  7.68403E+06,  1.67012E+07,  3.36171E+07,  6.30655E+07,  1.10956E+08,  1.84175E+08,  2.90040E+08,  4.35597E+08,  6.26871E+08,  8.68199E+08,  1.16175E+09,  1.50731E+09,  1.90225E+09,  2.34183E+09,  2.81956E+09,  3.32768E+09,  3.85772E+09,  4.40094E+09,  4.94881E+09,  5.49332E+09,  6.02725E+09,  6.54431E+09,  7.03925E+09,  7.50787E+09,  7.94695E+09,  8.35424E+09,  8.72834E+09,  9.06857E+09,  9.37489E+09,  9.64779E+09,  9.88818E+09,  1.00973E+10,  1.02766E+10,  1.04277E+10,  1.05525E+10,  1.06526E+10,  1.07301E+10,  1.07865E+10,  1.08239E+10,  1.08438E+10,  1.08478E+10,  1.08376E+10,  1.08147E+10,  1.07803E+10,  1.07357E+10,  1.06822E+10,  1.06207E+10,  1.05524E+10,  1.04781E+10,  1.03986E+10,  1.03147E+10,  1.02270E+10,  1.01363E+10,  1.00430E+10,  9.94766E+09,  9.85073E+09,  9.75259E+09,  9.65362E+09,  9.55413E+09,  9.45440E+09,  9.35469E+09,  9.25522E+09,  9.15618E+09,  9.05775E+09,  8.96006E+09,  8.86326E+09,  8.76745E+09,  8.67272E+09,  8.57917E+09,  8.48685E+09,  8.39582E+09,  8.30613E+09,  8.21783E+09,  8.13093E+09,  8.04546E+09,  7.96143E+09,  7.87886E+09,  7.79776E+09,  7.71811E+09,  7.63993E+09,  7.56320E+09,  7.48791E+09,  7.41406E+09
  1.00015E+00,  1.00178E+00,  1.00912E+00,  1.03214E+00,  1.10308E+00,  1.34850E+00,  2.31154E+00,  6.47764E+00,  2.55804E+01,  1.14650E+02,  5.21162E+02,  2.28147E+03,  9.34937E+03,  3.52666E+04,  1.21323E+05,  3.79220E+05,  1.07715E+06,  2.78828E+06,  6.60793E+06,  1.44177E+07,  2.91393E+07,  5.48948E+07,  9.69889E+07,  1.61663E+08,  2.55626E+08,  3.85428E+08,  5.56775E+08,  7.73909E+08,  1.03915E+09,  1.35263E+09,  1.71230E+09,  2.11410E+09,  2.55230E+09,  3.01997E+09,  3.50940E+09,  4.01257E+09,  4.52159E+09,  5.02899E+09,  5.52795E+09,  6.01251E+09,  6.47765E+09,  6.91928E+09,  7.33424E+09,  7.72027E+09,  8.07589E+09,  8.40033E+09,  8.69341E+09,  8.95547E+09,  9.18724E+09,  9.38978E+09,  9.56439E+09,  9.71255E+09,  9.83583E+09,  9.93591E+09,  1.00145E+10,  1.00732E+10,  1.01136E+10,  1.01375E+10,  1.01463E+10,  1.01414E+10,  1.01243E+10,  1.00961E+10,  1.00582E+10,  1.00116E+10,  9.95737E+09,  9.89641E+09,  9.82960E+09,  9.75772E+09,  9.68150E+09,  9.60160E+09,  9.51860E+09,  9.43303E+09,  9.34538E+09,  9.25608E+09,  9.16551E+09,  9.07402E+09,  8.98193E+09,  8.88950E+09,  8.79698E+09,  8.70458E+09,  8.61249E+09,  8.52089E+09,  8.42991E+09,  8.33969E+09,  8.25033E+09,  8.16192E+09,  8.07456E+09,  7.98830E+09,  7.90321E+09,  7.81933E+09,  7.73670E+09,  7.65535E+09,  7.57531E+09,  7.49659E+09,  7.41921E+09,  7.34318E+09,  7.26849E+09,  7.19515E+09,  7.12315E+09,  7.05248E+09,  6.98315E+09
  1.00013E+00,  1.00168E+00,  1.00865E+00,  1.03051E+00,  1.09715E+00,  1.32423E+00,  2.20099E+00,  5.93471E+00,  2.28135E+01,  1.00581E+02,  4.52244E+02,  1.96509E+03,  8.01483E+03,  3.01573E+04,  1.03677E+05,  3.24318E+05,  9.22958E+05,  2.39568E+06,  5.69637E+06,  1.24750E+07,  2.53131E+07,  4.78816E+07,  8.49465E+07,  1.42169E+08,  2.25699E+08,  3.41623E+08,  4.95333E+08,  6.90958E+08,  9.30909E+08,  1.21563E+09,  1.54354E+09,  1.91120E+09,  2.31356E+09,  2.74441E+09,  3.19674E+09,  3.66322E+09,  4.13653E+09,  4.60968E+09,  5.07629E+09,  5.53069E+09,  5.96806E+09,  6.38446E+09,  6.77680E+09,  7.14280E+09,  7.48095E+09,  7.79037E+09,  8.07078E+09,  8.32238E+09,  8.54574E+09,  8.74179E+09,  8.91164E+09,  9.05663E+09,  9.17818E+09,  9.27781E+09,  9.35706E+09,  9.41747E+09,  9.46056E+09,  9.48781E+09,  9.50066E+09,  9.50045E+09,  9.48847E+09,  9.46592E+09,  9.43395E+09,  9.39358E+09,  9.34580E+09,  9.29149E+09,  9.23148E+09,  9.16652E+09,  9.09729E+09,  9.02442E+09,  8.94846E+09,  8.86994E+09,  8.78930E+09,  8.70698E+09,  8.62333E+09,  8.53870E+09,  8.45338E+09,  8.36764E+09,  8.28171E+09,  8.19581E+09,  8.11011E+09,  8.02478E+09,  7.93997E+09,  7.85580E+09,  7.77237E+09,  7.68979E+09,  7.60812E+09,  7.52745E+09,  7.44782E+09,  7.36929E+09,  7.29189E+09,  7.21566E+09,  7.14063E+09,  7.06681E+09,  6.99422E+09,  6.92286E+09,  6.85275E+09,  6.78388E+09,  6.71625E+09,  6.64985E+09,  6.58469E+09
  1.00012E+00,  1.00158E+00,  1.00822E+00,  1.02900E+00,  1.09170E+00,  1.30226E+00,  2.10254E+00,  5.45849E+00,  2.04191E+01,  8.85413E+01,  3.93759E+02,  1.69817E+03,  6.89282E+03,  2.58678E+04,  8.88588E+04,  2.78141E+05,  7.92934E+05,  2.06351E+06,  4.92218E+06,  1.08183E+07,  2.20358E+07,  4.18484E+07,  7.45415E+07,  1.25253E+08,  1.99623E+08,  3.03301E+08,  4.41379E+08,  6.17851E+08,  8.35191E+08,  1.09409E+09,  1.39337E+09,  1.73013E+09,  2.09995E+09,  2.49724E+09,  2.91567E+09,  3.34848E+09,  3.78892E+09,  4.23047E+09,  4.66711E+09,  5.09349E+09,  5.50500E+09,  5.89781E+09,  6.26891E+09,  6.61605E+09,  6.93765E+09,  7.23280E+09,  7.50109E+09,  7.74261E+09,  7.95781E+09,  8.14745E+09,  8.31253E+09,  8.45422E+09,  8.57382E+09,  8.67270E+09,  8.75228E+09,  8.81397E+09,  8.85920E+09,  8.88933E+09,  8.90569E+09,  8.90956E+09,  8.90214E+09,  8.88457E+09,  8.85790E+09,  8.82313E+09,  8.78118E+09,  8.73289E+09,  8.67905E+09,  8.62036E+09,  8.55748E+09,  8.49101E+09,  8.42148E+09,  8.34939E+09,  8.27517E+09,  8.19923E+09,  8.12192E+09,  8.04357E+09,  7.96447E+09,  7.88487E+09,  7.80500E+09,  7.72506E+09,  7.64523E+09,  7.56569E+09,  7.48655E+09,  7.40795E+09,  7.32999E+09,  7.25276E+09,  7.17635E+09,  7.10083E+09,  7.02624E+09,  6.95265E+09,  6.88008E+09,  6.80858E+09,  6.73817E+09,  6.66887E+09,  6.60070E+09,  6.53367E+09,  6.46779E+09,  6.40305E+09,  6.33946E+09,  6.27701E+09,  6.21571E+09
  1.00011E+00,  1.00148E+00,  1.00781E+00,  1.02758E+00,  1.08668E+00,  1.28232E+00,  2.01460E+00,  5.03944E+00,  1.83400E+01,  7.82009E+01,  3.43953E+02,  1.47219E+03,  5.94630E+03,  2.22547E+04,  7.63760E+04,  2.39187E+05,  6.82980E+05,  1.78172E+06,  4.26300E+06,  9.40201E+06,  1.92224E+07,  3.66469E+07,  6.55326E+07,  1.10545E+08,  1.76859E+08,  2.69715E+08,  3.93914E+08,  5.53309E+08,  7.50402E+08,  9.86082E+08,  1.25953E+09,  1.56830E+09,  1.90853E+09,  2.27521E+09,  2.66260E+09,  3.06451E+09,  3.47467E+09,  3.88702E+09,  4.29590E+09,  4.69623E+09,  5.08361E+09,  5.45436E+09,  5.80553E+09,  6.13488E+09,  6.44085E+09,  6.72242E+09,  6.97914E+09,  7.21096E+09,  7.41824E+09,  7.60160E+09,  7.76191E+09,  7.90021E+09,  8.01768E+09,  8.11556E+09,  8.19515E+09,  8.25776E+09,  8.30471E+09,  8.33726E+09,  8.35666E+09,  8.36410E+09,  8.36070E+09,  8.34755E+09,  8.32564E+09,  8.29590E+09,  8.25920E+09,  8.21636E+09,  8.16810E+09,  8.11511E+09,  8.05802E+09,  7.99738E+09,  7.93372E+09,  7.86751E+09,  7.79916E+09,  7.72907E+09,  7.65758E+09,  7.58500E+09,  7.51160E+09,  7.43764E+09,  7.36334E+09,  7.28889E+09,  7.21448E+09,  7.14025E+09,  7.06634E+09,  6.99288E+09,  6.91996E+09,  6.84769E+09,  6.77613E+09,  6.70536E+09,  6.63543E+09,  6.56639E+09,  6.49830E+09,  6.43117E+09,  6.36503E+09,  6.29992E+09,  6.23584E+09,  6.17281E+09,  6.11084E+09,  6.04992E+09,  5.99008E+09,  5.93129E+09,  5.87356E+09
  1.00011E+00,  1.00140E+00,  1.00742E+00,  1.02626E+00,  1.08204E+00,  1.26419E+00,  1.93582E+00,  4.66954E+00,  1.65286E+01,  6.92899E+01,  3.01392E+02,  1.28023E+03,  5.14519E+03,  1.92019E+04,  6.58288E+04,  2.06231E+05,  5.89745E+05,  1.54205E+06,  3.70036E+06,  8.18843E+06,  1.68018E+07,  3.21529E+07,  5.77166E+07,  9.77326E+07,  1.56948E+08,  2.40227E+08,  3.52086E+08,  4.96231E+08,  6.75170E+08,  8.89950E+08,  1.14005E+09,  1.42344E+09,  1.73673E+09,  2.07547E+09,  2.43442E+09,  2.80793E+09,  3.19018E+09,  3.57554E+09,  3.95867E+09,  4.33476E+09,  4.69963E+09,  5.04972E+09,  5.38217E+09,  5.69478E+09,  5.98594E+09,  6.25462E+09,  6.50028E+09,  6.72279E+09,  6.92239E+09,  7.09960E+09,  7.25517E+09,  7.39003E+09,  7.50523E+09,  7.60191E+09,  7.68125E+09,  7.74446E+09,  7.79276E+09,  7.82734E+09,  7.84934E+09,  7.85990E+09,  7.86006E+09,  7.85084E+09,  7.83318E+09,  7.80796E+09,  7.77601E+09,  7.73809E+09,  7.69491E+09,  7.64711E+09,  7.59528E+09,  7.53997E+09,  7.48168E+09,  7.42084E+09,  7.35788E+09,  7.29315E+09,  7.22700E+09,  7.15971E+09,  7.09157E+09,  7.02280E+09,  6.95363E+09,  6.88424E+09,  6.81481E+09,  6.74549E+09,  6.67641E+09,  6.60769E+09,  6.53943E+09,  6.47173E+09,  6.40465E+09,  6.33828E+09,  6.27266E+09,  6.20784E+09,  6.14387E+09,  6.08079E+09,  6.01862E+09,  5.95738E+09,  5.89709E+09,  5.83777E+09,  5.77942E+09,  5.72205E+09,  5.66567E+09,  5.61028E+09,  5.55586E+09
  1.00010E+00,  1.00132E+00,  1.00706E+00,  1.02503E+00,  1.07776E+00,  1.24767E+00,  1.86508E+00,  4.34205E+00,  1.49455E+01,  6.15854E+01,  2.64901E+02,  1.11663E+03,  4.46499E+03,  1.66145E+04,  5.68910E+04,  1.78272E+05,  5.10476E+05,  1.33770E+06,  3.21897E+06,  7.14619E+06,  1.47147E+07,  2.82622E+07,  5.09223E+07,  8.65500E+07,  1.39502E+08,  2.14290E+08,  3.15163E+08,  4.45674E+08,  6.08313E+08,  8.04255E+08,  1.03324E+09,  1.29358E+09,  1.58233E+09,  1.89552E+09,  2.22840E+09,  2.57577E+09,  2.93228E+09,  3.29265E+09,  3.65188E+09,  4.00542E+09,  4.34927E+09,  4.68002E+09,  4.99489E+09,  5.29170E+09,  5.56886E+09,  5.82529E+09,  6.06039E+09,  6.27396E+09,  6.46614E+09,  6.63735E+09,  6.78824E+09,  6.91962E+09,  7.03245E+09,  7.12775E+09,  7.20661E+09,  7.27015E+09,  7.31950E+09,  7.35575E+09,  7.37999E+09,  7.39326E+09,  7.39656E+09,  7.39084E+09,  7.37698E+09,  7.35583E+09,  7.32816E+09,  7.29471E+09,  7.25613E+09,  7.21305E+09,  7.16603E+09,  7.11558E+09,  7.06220E+09,  7.00629E+09,  6.94826E+09,  6.88846E+09,  6.82721E+09,  6.76480E+09,  6.70149E+09,  6.63750E+09,  6.57306E+09,  6.50834E+09,  6.44351E+09,  6.37872E+09,  6.31410E+09,  6.24977E+09,  6.18582E+09,  6.12234E+09,  6.05942E+09,  5.99711E+09,  5.93548E+09,  5.87457E+09,  5.81443E+09,  5.75510E+09,  5.69660E+09,  5.63895E+09,  5.58218E+09,  5.52629E+09,  5.47131E+09,  5.41724E+09,  5.36407E+09,  5.31183E+09,  5.26049E+09
  1.00009E+00,  1.00124E+00,  1.00672E+00,  1.02387E+00,  1.07378E+00,  1.23257E+00,  1.80137E+00,  4.05128E+00,  1.35576E+01,  5.49030E+01,  2.33516E+02,  9.76765E+02,  3.88568E+03,  1.44149E+04,  4.92954E+04,  1.54487E+05,  4.42906E+05,  1.16302E+06,  2.80614E+06,  6.24911E+06,  1.29113E+07,  2.48871E+07,  4.50048E+07,  7.67720E+07,  1.24188E+08,  1.91440E+08,  2.82517E+08,  4.00819E+08,  5.48807E+08,  7.27749E+08,  9.37598E+08,  1.17699E+09,  1.44337E+09,  1.73317E+09,  2.04212E+09,  2.36543E+09,  2.69817E+09,  3.03540E+09,  3.37243E+09,  3.70496E+09,  4.02918E+09,  4.34181E+09,  4.64015E+09,  4.92207E+09,  5.18598E+09,  5.43077E+09,  5.65579E+09,  5.86078E+09,  6.04580E+09,  6.21117E+09,  6.35744E+09,  6.48534E+09,  6.59572E+09,  6.68950E+09,  6.76770E+09,  6.83134E+09,  6.88145E+09,  6.91907E+09,  6.94521E+09,  6.96084E+09,  6.96691E+09,  6.96429E+09,  6.95385E+09,  6.93636E+09,  6.91256E+09,  6.88315E+09,  6.84876E+09,  6.80997E+09,  6.76734E+09,  6.72135E+09,  6.67245E+09,  6.62107E+09,  6.56757E+09,  6.51230E+09,  6.45557E+09,  6.39764E+09,  6.33878E+09,  6.27921E+09,  6.21913E+09,  6.15872E+09,  6.09815E+09,  6.03755E+09,  5.97705E+09,  5.91677E+09,  5.85681E+09,  5.79725E+09,  5.73817E+09,  5.67963E+09,  5.62170E+09,  5.56442E+09,  5.50783E+09,  5.45198E+09,  5.39688E+09,  5.34257E+09,  5.28906E+09,  5.23637E+09,  5.18452E+09,  5.13350E+09,  5.08333E+09,  5.03401E+09,  4.98553E+09
  1.00008E+00,  1.00117E+00,  1.00640E+00,  1.02279E+00,  1.07010E+00,  1.21874E+00,  1.74386E+00,  3.79239E+00,  1.23372E+01,  4.90893E+01,  2.06437E+02,  8.56817E+02,  3.39080E+03,  1.25398E+04,  4.28224E+04,  1.34200E+05,  3.85165E+05,  1.01336E+06,  2.45130E+06,  5.47531E+06,  1.13499E+07,  2.19536E+07,  3.98413E+07,  6.82070E+07,  1.10724E+08,  1.71274E+08,  2.53606E+08,  3.60963E+08,  4.95763E+08,  6.59346E+08,  8.51847E+08,  1.07218E+09,  1.31812E+09,  1.58652E+09,  1.87347E+09,  2.17462E+09,  2.48538E+09,  2.80116E+09,  3.11756E+09,  3.43052E+09,  3.73638E+09,  4.03202E+09,  4.31482E+09,  4.58270E+09,  4.83406E+09,  5.06780E+09,  5.28322E+09,  5.47998E+09,  5.65808E+09,  5.81777E+09,  5.95952E+09,  6.08394E+09,  6.19181E+09,  6.28398E+09,  6.36135E+09,  6.42488E+09,  6.47553E+09,  6.51425E+09,  6.54199E+09,  6.55967E+09,  6.56817E+09,  6.56832E+09,  6.56092E+09,  6.54672E+09,  6.52642E+09,  6.50068E+09,  6.47009E+09,  6.43523E+09,  6.39660E+09,  6.35469E+09,  6.30991E+09,  6.26268E+09,  6.21335E+09,  6.16224E+09,  6.10966E+09,  6.05588E+09,  6.00113E+09,  5.94563E+09,  5.88958E+09,  5.83316E+09,  5.77652E+09,  5.71979E+09,  5.66312E+09,  5.60660E+09,  5.55033E+09,  5.49440E+09,  5.43889E+09,  5.38385E+09,  5.32935E+09,  5.27544E+09,  5.22215E+09,  5.16953E+09,  5.11759E+09,  5.06638E+09,  5.01591E+09,  4.96619E+09,  4.91724E+09,  4.86907E+09,  4.82168E+09,  4.77508E+09,  4.72927E+09
  1.00008E+00,  1.00110E+00,  1.00610E+00,  1.02177E+00,  1.06667E+00,  1.20605E+00,  1.69182E+00,  3.56127E+00,  1.12611E+01,  4.40163E+01,  1.83003E+02,  7.53646E+02,  2.96683E+03,  1.09366E+04,  3.72914E+04,  1.16852E+05,  3.35701E+05,  8.84830E+05,  2.14563E+06,  4.80646E+06,  9.99536E+06,  1.93989E+07,  3.53276E+07,  6.06913E+07,  9.88650E+07,  1.53450E+08,  2.27962E+08,  3.25496E+08,  4.48411E+08,  5.98102E+08,  7.74855E+08,  9.77823E+08,  1.20510E+09,  1.45386E+09,  1.72059E+09,  2.00129E+09,  2.29173E+09,  2.58762E+09,  2.88483E+09,  3.17952E+09,  3.46822E+09,  3.74793E+09,  4.01612E+09,  4.27074E+09,  4.51024E+09,  4.73347E+09,  4.93972E+09,  5.12860E+09,  5.30004E+09,  5.45422E+09,  5.59153E+09,  5.71250E+09,  5.81784E+09,  5.90829E+09,  5.98471E+09,  6.04796E+09,  6.09893E+09,  6.13853E+09,  6.16761E+09,  6.18706E+09,  6.19769E+09,  6.20029E+09,  6.19562E+09,  6.18438E+09,  6.16725E+09,  6.14483E+09,  6.11771E+09,  6.08643E+09,  6.05146E+09,  6.01328E+09,  5.97229E+09,  5.92887E+09,  5.88337E+09,  5.83610E+09,  5.78735E+09,  5.73738E+09,  5.68643E+09,  5.63470E+09,  5.58238E+09,  5.52964E+09,  5.47664E+09,  5.42351E+09,  5.37038E+09,  5.31735E+09,  5.26451E+09,  5.21195E+09,  5.15975E+09,  5.10796E+09,  5.05665E+09,  5.00586E+09,  4.95564E+09,  4.90602E+09,  4.85704E+09,  4.80871E+09,  4.76106E+09,  4.71411E+09,  4.66786E+09,  4.62234E+09,  4.57754E+09,  4.53348E+09,  4.49015E+09
  1.00007E+00,  1.00104E+00,  1.00582E+00,  1.02081E+00,  1.06348E+00,  1.19439E+00,  1.64461E+00,  3.35442E+00,  1.03097E+01,  3.95769E+01,  1.62666E+02,  6.64650E+02,  2.60257E+03,  9.56229E+03,  3.25528E+04,  1.01980E+05,  2.93227E+05,  7.74199E+05,  1.88176E+06,  4.22714E+06,  8.81790E+06,  1.71701E+07,  3.13749E+07,  5.40854E+07,  8.84037E+07,  1.37670E+08,  2.05183E+08,  2.93887E+08,  4.06081E+08,  5.43192E+08,  7.05634E+08,  8.92769E+08,  1.10296E+09,  1.33371E+09,  1.58183E+09,  1.84366E+09,  2.11528E+09,  2.39270E+09,  2.67206E+09,  2.94970E+09,  3.22235E+09,  3.48710E+09,  3.74154E+09,  3.98366E+09,  4.21191E+09,  4.42517E+09,  4.62268E+09,  4.80401E+09,  4.96904E+09,  5.11787E+09,  5.25084E+09,  5.36840E+09,  5.47118E+09,  5.55986E+09,  5.63522E+09,  5.69804E+09,  5.74916E+09,  5.78942E+09,  5.81962E+09,  5.84058E+09,  5.85308E+09,  5.85786E+09,  5.85562E+09,  5.84706E+09,  5.83278E+09,  5.81338E+09,  5.78942E+09,  5.76140E+09,  5.72979E+09,  5.69503E+09,  5.65751E+09,  5.61760E+09,  5.57563E+09,  5.53190E+09,  5.48669E+09,  5.44025E+09,  5.39280E+09,  5.34455E+09,  5.29568E+09,  5.24637E+09,  5.19674E+09,  5.14695E+09,  5.09710E+09,  5.04730E+09,  4.99765E+09,  4.94822E+09,  4.89909E+09,  4.85033E+09,  4.80199E+09,  4.75411E+09,  4.70675E+09,  4.65993E+09,  4.61368E+09,  4.56804E+09,  4.52302E+09,  4.47865E+09,  4.43492E+09,  4.39187E+09,  4.34949E+09,  4.30779E+09,  4.26678E+09
  1.00007E+00,  1.00098E+00,  1.00555E+00,  1.01991E+00,  1.06050E+00,  1.18364E+00,  1.60171E+00,  3.16882E+00,  9.46609E+00,  3.56814E+01,  1.44966E+02,  5.87666E+02,  2.28876E+03,  8.38099E+03,  2.84827E+04,  8.91989E+04,  2.56672E+05,  6.78766E+05,  1.65349E+06,  3.72436E+06,  7.79248E+06,  1.52221E+07,  2.79076E+07,  4.82695E+07,  7.91604E+07,  1.23680E+08,  1.84919E+08,  2.65677E+08,  3.68187E+08,  4.93894E+08,  6.43318E+08,  8.16003E+08,  1.01056E+09,  1.22476E+09,  1.45573E+09,  1.70013E+09,  1.95432E+09,  2.21459E+09,  2.47731E+09,  2.73903E+09,  2.99664E+09,  3.24737E+09,  3.48885E+09,  3.71916E+09,  3.93678E+09,  4.14056E+09,  4.32973E+09,  4.50383E+09,  4.66269E+09,  4.80635E+09,  4.93508E+09,  5.04929E+09,  5.14950E+09,  5.23636E+09,  5.31056E+09,  5.37283E+09,  5.42395E+09,  5.46469E+09,  5.49581E+09,  5.51806E+09,  5.53219E+09,  5.53890E+09,  5.53885E+09,  5.53268E+09,  5.52098E+09,  5.50433E+09,  5.48325E+09,  5.45821E+09,  5.42967E+09,  5.39805E+09,  5.36372E+09,  5.32704E+09,  5.28832E+09,  5.24785E+09,  5.20591E+09,  5.16273E+09,  5.11853E+09,  5.07351E+09,  5.02784E+09,  4.98169E+09,  4.93520E+09,  4.88850E+09,  4.84170E+09,  4.79491E+09,  4.74822E+09,  4.70171E+09,  4.65544E+09,  4.60949E+09,  4.56391E+09,  4.51875E+09,  4.47404E+09,  4.42983E+09,  4.38614E+09,  4.34300E+09,  4.30044E+09,  4.25847E+09,  4.21710E+09,  4.17635E+09,  4.13623E+09,  4.09674E+09,  4.05788E+09
  1.00006E+00,  1.00093E+00,  1.00530E+00,  1.01905E+00,  1.05772E+00,  1.17372E+00,  1.56262E+00,  3.00190E+00,  8.71627E+00,  3.22537E+01,  1.29519E+02,  5.20892E+02,  2.01770E+03,  7.36300E+03,  2.49782E+04,  7.81896E+04,  2.25138E+05,  5.96264E+05,  1.45561E+06,  3.28717E+06,  6.89781E+06,  1.35165E+07,  2.48608E+07,  4.31408E+07,  7.09807E+07,  1.11256E+08,  1.66866E+08,  2.40466E+08,  3.34218E+08,  4.49576E+08,  5.87146E+08,  7.46629E+08,  9.26847E+08,  1.12584E+09,  1.34101E+09,  1.56928E+09,  1.80731E+09,  2.05164E+09,  2.29885E+09,  2.54571E+09,  2.78923E+09,  3.02677E+09,  3.25606E+09,  3.47522E+09,  3.68276E+09,  3.87753E+09,  4.05876E+09,  4.22594E+09,  4.37886E+09,  4.51752E+09,  4.64213E+09,  4.75303E+09,  4.85069E+09,  4.93569E+09,  5.00866E+09,  5.07028E+09,  5.12126E+09,  5.16232E+09,  5.19417E+09,  5.21753E+09,  5.23308E+09,  5.24149E+09,  5.24339E+09,  5.23937E+09,  5.23002E+09,  5.21587E+09,  5.19740E+09,  5.17509E+09,  5.14937E+09,  5.12063E+09,  5.08923E+09,  5.05552E+09,  5.01980E+09,  4.98235E+09,  4.94343E+09,  4.90327E+09,  4.86207E+09,  4.82004E+09,  4.77734E+09,  4.73414E+09,  4.69056E+09,  4.64673E+09,  4.60277E+09,  4.55878E+09,  4.51484E+09,  4.47104E+09,  4.42745E+09,  4.38412E+09,  4.34111E+09,  4.29847E+09,  4.25625E+09,  4.21447E+09,  4.17317E+09,  4.13237E+09,  4.09209E+09,  4.05237E+09,  4.01320E+09,  3.97460E+09,  3.93658E+09,  3.89916E+09,  3.86232E+09
  1.00006E+00,  1.00088E+00,  1.00506E+00,  1.01825E+00,  1.05512E+00,  1.16455E+00,  1.52694E+00,  2.85142E+00,  8.04814E+00,  2.92300E+01,  1.16004E+02,  4.62822E+02,  1.78295E+03,  6.48353E+03,  2.19534E+04,  6.86843E+04,  1.97876E+05,  5.24793E+05,  1.28374E+06,  2.90629E+06,  6.11582E+06,  1.20206E+07,  2.21793E+07,  3.86111E+07,  6.37315E+07,  1.00209E+08,  1.50760E+08,  2.17904E+08,  3.03729E+08,  4.09686E+08,  5.36450E+08,  6.83859E+08,  8.50929E+08,  1.03593E+09,  1.23651E+09,  1.44986E+09,  1.67290E+09,  1.90240E+09,  2.13515E+09,  2.36810E+09,  2.59842E+09,  2.82357E+09,  3.04137E+09,  3.25000E+09,  3.44799E+09,  3.63421E+09,  3.80785E+09,  3.96841E+09,  4.11562E+09,  4.24945E+09,  4.37005E+09,  4.47770E+09,  4.57283E+09,  4.65595E+09,  4.72764E+09,  4.78852E+09,  4.83924E+09,  4.88049E+09,  4.91292E+09,  4.93720E+09,  4.95399E+09,  4.96390E+09,  4.96753E+09,  4.96546E+09,  4.95822E+09,  4.94633E+09,  4.93026E+09,  4.91044E+09,  4.88730E+09,  4.86121E+09,  4.83251E+09,  4.80154E+09,  4.76859E+09,  4.73393E+09,  4.69780E+09,  4.66044E+09,  4.62203E+09,  4.58278E+09,  4.54283E+09,  4.50236E+09,  4.46148E+09,  4.42033E+09,  4.37901E+09,  4.33763E+09,  4.29626E+09,  4.25498E+09,  4.21388E+09,  4.17299E+09,  4.13239E+09,  4.09211E+09,  4.05220E+09,  4.01269E+09,  3.97362E+09,  3.93500E+09,  3.89687E+09,  3.85924E+09,  3.82213E+09,  3.78554E+09,  3.74950E+09,  3.71400E+09,  3.67906E+09
  1.00005E+00,  1.00083E+00,  1.00483E+00,  1.01749E+00,  1.05268E+00,  1.15606E+00,  1.49431E+00,  2.71547E+00,  7.45135E+00,  2.65559E+01,  1.04147E+02,  4.12191E+02,  1.57914E+03,  5.72188E+03,  1.93365E+04,  6.04589E+04,  1.74258E+05,  4.62752E+05,  1.13417E+06,  2.57386E+06,  5.43111E+06,  1.07064E+07,  1.98154E+07,  3.46043E+07,  5.72973E+07,  9.03718E+07,  1.36372E+08,  1.97687E+08,  2.76328E+08,  3.73735E+08,  4.90640E+08,  6.26999E+08,  7.81995E+08,  9.54107E+08,  1.14122E+09,  1.34076E+09,  1.54988E+09,  1.76557E+09,  1.98483E+09,  2.20477E+09,  2.42270E+09,  2.63620E+09,  2.84318E+09,  3.04185E+09,  3.23079E+09,  3.40887E+09,  3.57529E+09,  3.72951E+09,  3.87124E+09,  4.00041E+09,  4.11710E+09,  4.22158E+09,  4.31420E+09,  4.39543E+09,  4.46579E+09,  4.52585E+09,  4.57623E+09,  4.61754E+09,  4.65041E+09,  4.67546E+09,  4.69331E+09,  4.70454E+09,  4.70972E+09,  4.70940E+09,  4.70408E+09,  4.69424E+09,  4.68035E+09,  4.66282E+09,  4.64204E+09,  4.61838E+09,  4.59218E+09,  4.56374E+09,  4.53335E+09,  4.50126E+09,  4.46773E+09,  4.43295E+09,  4.39713E+09,  4.36045E+09,  4.32307E+09,  4.28514E+09,  4.24678E+09,  4.20812E+09,  4.16926E+09,  4.13030E+09,  4.09133E+09,  4.05241E+09,  4.01362E+09,  3.97502E+09,  3.93666E+09,  3.89858E+09,  3.86084E+09,  3.82345E+09,  3.78646E+09,  3.74989E+09,  3.71376E+09,  3.67809E+09,  3.64290E+09,  3.60820E+09,  3.57400E+09,  3.54031E+09,  3.50714E+09
  1.00005E+00,  1.00078E+00,  1.00462E+00,  1.01678E+00,  1.05039E+00,  1.14818E+00,  1.46440E+00,  2.59237E+00,  6.91705E+00,  2.41852E+01,  9.37195E+01,  3.67937E+02,  1.40176E+03,  5.06069E+03,  1.70672E+04,  5.33257E+04,  1.53753E+05,  4.08788E+05,  1.00375E+06,  2.28318E+06,  4.83056E+06,  9.54996E+06,  1.77283E+07,  3.10547E+07,  5.15784E+07,  8.15994E+07,  1.23501E+08,  1.79547E+08,  2.51671E+08,  3.41296E+08,  4.49197E+08,  5.75432E+08,  7.19334E+08,  8.79568E+08,  1.05423E+09,  1.24097E+09,  1.43716E+09,  1.63999E+09,  1.84665E+09,  2.05441E+09,  2.26072E+09,  2.46326E+09,  2.66003E+09,  2.84929E+09,  3.02964E+09,  3.19999E+09,  3.35952E+09,  3.50768E+09,  3.64415E+09,  3.76881E+09,  3.88172E+09,  3.98310E+09,  4.07324E+09,  4.15258E+09,  4.22157E+09,  4.28076E+09,  4.33070E+09,  4.37197E+09,  4.40515E+09,  4.43084E+09,  4.44960E+09,  4.46200E+09,  4.46856E+09,  4.46980E+09,  4.46621E+09,  4.45825E+09,  4.44634E+09,  4.43090E+09,  4.41230E+09,  4.39088E+09,  4.36697E+09,  4.34086E+09,  4.31284E+09,  4.28314E+09,  4.25200E+09,  4.21963E+09,  4.18621E+09,  4.15193E+09,  4.11693E+09,  4.08136E+09,  4.04535E+09,  4.00901E+09,  3.97244E+09,  3.93575E+09,  3.89901E+09,  3.86229E+09,  3.82567E+09,  3.78920E+09,  3.75294E+09,  3.71692E+09,  3.68120E+09,  3.64580E+09,  3.61076E+09,  3.57610E+09,  3.54184E+09,  3.50801E+09,  3.47463E+09,  3.44169E+09,  3.40922E+09,  3.37722E+09,  3.34571E+09
  1.00005E+00,  1.00074E+00,  1.00441E+00,  1.01610E+00,  1.04824E+00,  1.14086E+00,  1.43694E+00,  2.48069E+00,  6.43761E+00,  2.20785E+01,  8.45273E+01,  3.29164E+02,  1.24702E+03,  4.48540E+03,  1.50951E+04,  4.71262E+04,  1.35914E+05,  3.61760E+05,  8.89835E+05,  2.02858E+06,  4.30294E+06,  8.53071E+06,  1.58828E+07,  2.79056E+07,  4.64881E+07,  7.37664E+07,  1.11973E+08,  1.63250E+08,  2.29456E+08,  3.11990E+08,  4.11661E+08,  5.28612E+08,  6.62311E+08,  8.11590E+08,  9.74737E+08,  1.14961E+09,  1.33377E+09,  1.52461E+09,  1.71950E+09,  1.91585E+09,  2.11125E+09,  2.30348E+09,  2.49061E+09,  2.67097E+09,  2.84319E+09,  3.00619E+09,  3.15915E+09,  3.30150E+09,  3.43291E+09,  3.55323E+09,  3.66248E+09,  3.76082E+09,  3.84853E+09,  3.92598E+09,  3.99359E+09,  4.05185E+09,  4.10128E+09,  4.14242E+09,  4.17581E+09,  4.20201E+09,  4.22155E+09,  4.23496E+09,  4.24275E+09,  4.24540E+09,  4.24337E+09,  4.23711E+09,  4.22702E+09,  4.21349E+09,  4.19688E+09,  4.17753E+09,  4.15573E+09,  4.13178E+09,  4.10595E+09,  4.07846E+09,  4.04955E+09,  4.01941E+09,  3.98822E+09,  3.95617E+09,  3.92338E+09,  3.89002E+09,  3.85619E+09,  3.82201E+09,  3.78759E+09,  3.75301E+09,  3.71836E+09,  3.68370E+09,  3.64910E+09,  3.61463E+09,  3.58033E+09,  3.54624E+09,  3.51241E+09,  3.47887E+09,  3.44565E+09,  3.41279E+09,  3.38029E+09,  3.34818E+09,  3.31648E+09,  3.28520E+09,  3.25435E+09,  3.22395E+09,  3.19399E+09
  1.00004E+00,  1.00070E+00,  1.00422E+00,  1.01545E+00,  1.04622E+00,  1.13405E+00,  1.41168E+00,  2.37915E+00,  6.00647E+00,  2.02021E+01,  7.64049E+01,  2.95112E+02,  1.11170E+03,  3.98371E+03,  1.33775E+04,  4.17271E+04,  1.20364E+05,  3.20697E+05,  7.90144E+05,  1.80518E+06,  3.83863E+06,  7.63097E+06,  1.42484E+07,  2.51078E+07,  4.19512E+07,  6.67629E+07,  1.01634E+08,  1.48592E+08,  2.09419E+08,  2.85486E+08,  3.77626E+08,  4.86057E+08,  6.10363E+08,  7.49530E+08,  9.02020E+08,  1.06588E+09,  1.23885E+09,  1.41851E+09,  1.60239E+09,  1.78805E+09,  1.97319E+09,  2.15572E+09,  2.33376E+09,  2.50569E+09,  2.67020E+09,  2.82620E+09,  2.97289E+09,  3.10970E+09,  3.23625E+09,  3.35238E+09,  3.45808E+09,  3.55347E+09,  3.63879E+09,  3.71435E+09,  3.78056E+09,  3.83785E+09,  3.88672E+09,  3.92765E+09,  3.96115E+09,  3.98775E+09,  4.00795E+09,  4.02225E+09,  4.03112E+09,  4.03503E+09,  4.03442E+09,  4.02970E+09,  4.02127E+09,  4.00950E+09,  3.99472E+09,  3.97727E+09,  3.95742E+09,  3.93547E+09,  3.91166E+09,  3.88622E+09,  3.85938E+09,  3.83131E+09,  3.80220E+09,  3.77222E+09,  3.74150E+09,  3.71019E+09,  3.67840E+09,  3.64625E+09,  3.61382E+09,  3.58122E+09,  3.54851E+09,  3.51578E+09,  3.48308E+09,  3.45047E+09,  3.41800E+09,  3.38572E+09,  3.35367E+09,  3.32187E+09,  3.29037E+09,  3.25918E+09,  3.22833E+09,  3.19784E+09,  3.16772E+09,  3.13800E+09,  3.10867E+09,  3.07975E+09,  3.05126E+09
  1.00004E+00,  1.00067E+00,  1.00404E+00,  1.01484E+00,  1.04432E+00,  1.12771E+00,  1.38841E+00,  2.28666E+00,  5.61793E+00,  1.85272E+01,  6.92116E+01,  2.65139E+02,  9.93117E+02,  3.54525E+03,  1.18784E+04,  3.70155E+04,  1.06783E+05,  2.84777E+05,  7.02752E+05,  1.60884E+06,  3.42939E+06,  6.83552E+06,  1.27990E+07,  2.26187E+07,  3.79021E+07,  6.04930E+07,  9.23504E+07,  1.35392E+08,  1.91324E+08,  2.61488E+08,  3.46731E+08,  4.47336E+08,  5.62990E+08,  6.92815E+08,  8.35432E+08,  9.89056E+08,  1.15161E+09,  1.32084E+09,  1.49442E+09,  1.67005E+09,  1.84557E+09,  2.01894E+09,  2.18839E+09,  2.35236E+09,  2.50955E+09,  2.65890E+09,  2.79961E+09,  2.93110E+09,  3.05300E+09,  3.16510E+09,  3.26736E+09,  3.35987E+09,  3.44283E+09,  3.51654E+09,  3.58134E+09,  3.63763E+09,  3.68588E+09,  3.72653E+09,  3.76006E+09,  3.78697E+09,  3.80772E+09,  3.82278E+09,  3.83262E+09,  3.83766E+09,  3.83832E+09,  3.83501E+09,  3.82809E+09,  3.81793E+09,  3.80484E+09,  3.78913E+09,  3.77109E+09,  3.75098E+09,  3.72905E+09,  3.70551E+09,  3.68058E+09,  3.65445E+09,  3.62727E+09,  3.59922E+09,  3.57043E+09,  3.54103E+09,  3.51115E+09,  3.48088E+09,  3.45032E+09,  3.41957E+09,  3.38869E+09,  3.35775E+09,  3.32683E+09,  3.29597E+09,  3.26522E+09,  3.23464E+09,  3.20425E+09,  3.17409E+09,  3.14419E+09,  3.11457E+09,  3.08527E+09,  3.05630E+09,  3.02767E+09,  2.99940E+09,  2.97150E+09,  2.94399E+09,  2.91687E+09
  1.00004E+00,  1.00063E+00,  1.00386E+00,  1.01427E+00,  1.04253E+00,  1.12178E+00,  1.36693E+00,  2.20225E+00,  5.26709E+00,  1.70289E+01,  6.28268E+01,  2.38698E+02,  8.88963E+02,  3.16123E+03,  1.05672E+04,  3.28956E+04,  9.48992E+04,  2.53299E+05,  6.26009E+05,  1.43599E+06,  3.06812E+06,  6.13123E+06,  1.15117E+07,  2.04012E+07,  3.42836E+07,  5.48730E+07,  8.40043E+07,  1.23490E+08,  1.74965E+08,  2.39734E+08,  3.18657E+08,  4.12067E+08,  5.19744E+08,  6.40933E+08,  7.74398E+08,  9.18514E+08,  1.07136E+09,  1.23084E+09,  1.39478E+09,  1.56101E+09,  1.72747E+09,  1.89222E+09,  2.05356E+09,  2.20998E+09,  2.36022E+09,  2.50324E+09,  2.63826E+09,  2.76467E+09,  2.88209E+09,  2.99030E+09,  3.08923E+09,  3.17895E+09,  3.25961E+09,  3.33147E+09,  3.39486E+09,  3.45014E+09,  3.49772E+09,  3.53803E+09,  3.57152E+09,  3.59865E+09,  3.61985E+09,  3.63558E+09,  3.64626E+09,  3.65231E+09,  3.65413E+09,  3.65209E+09,  3.64656E+09,  3.63786E+09,  3.62632E+09,  3.61223E+09,  3.59585E+09,  3.57746E+09,  3.55726E+09,  3.53549E+09,  3.51235E+09,  3.48800E+09,  3.46263E+09,  3.43638E+09,  3.40939E+09,  3.38178E+09,  3.35367E+09,  3.32517E+09,  3.29636E+09,  3.26733E+09,  3.23816E+09,  3.20892E+09,  3.17965E+09,  3.15043E+09,  3.12130E+09,  3.09230E+09,  3.06347E+09,  3.03485E+09,  3.00645E+09,  2.97832E+09,  2.95047E+09,  2.92292E+09,  2.89569E+09,  2.86880E+09,  2.84225E+09,  2.81605E+09,  2.79022E+09
  1.00003E+00,  1.00060E+00,  1.00370E+00,  1.01372E+00,  1.04084E+00,  1.11625E+00,  1.34708E+00,  2.12508E+00,  4.94964E+00,  1.56857E+01,  5.71477E+01,  2.15321E+02,  7.97289E+02,  2.82418E+03,  9.41817E+03,  2.92862E+04,  8.44811E+04,  2.25665E+05,  5.58503E+05,  1.28359E+06,  2.74871E+06,  5.50674E+06,  1.03668E+07,  1.84230E+07,  3.10458E+07,  4.98291E+07,  7.64920E+07,  1.12748E+08,  1.60159E+08,  2.19995E+08,  2.93120E+08,  3.79910E+08,  4.80227E+08,  5.93425E+08,  7.18402E+08,  8.53674E+08,  9.97475E+08,  1.14785E+09,  1.30276E+09,  1.46016E+09,  1.61809E+09,  1.77472E+09,  1.92839E+09,  2.07766E+09,  2.22130E+09,  2.35831E+09,  2.48788E+09,  2.60943E+09,  2.72255E+09,  2.82702E+09,  2.92274E+09,  3.00973E+09,  3.08815E+09,  3.15820E+09,  3.22017E+09,  3.27441E+09,  3.32130E+09,  3.36122E+09,  3.39460E+09,  3.42187E+09,  3.44344E+09,  3.45974E+09,  3.47116E+09,  3.47812E+09,  3.48098E+09,  3.48010E+09,  3.47583E+09,  3.46848E+09,  3.45836E+09,  3.44576E+09,  3.43092E+09,  3.41411E+09,  3.39553E+09,  3.37540E+09,  3.35391E+09,  3.33124E+09,  3.30754E+09,  3.28297E+09,  3.25766E+09,  3.23172E+09,  3.20528E+09,  3.17842E+09,  3.15125E+09,  3.12384E+09,  3.09627E+09,  3.06861E+09,  3.04091E+09,  3.01323E+09,  2.98561E+09,  2.95810E+09,  2.93074E+09,  2.90355E+09,  2.87658E+09,  2.84984E+09,  2.82335E+09,  2.79715E+09,  2.77123E+09,  2.74563E+09,  2.72034E+09,  2.69538E+09,  2.67077E+09
  1.00003E+00,  1.00057E+00,  1.00354E+00,  1.01319E+00,  1.03924E+00,  1.11107E+00,  1.32870E+00,  2.05440E+00,  4.66185E+00,  1.44792E+01,  5.20855E+01,  1.94611E+02,  7.16431E+02,  2.52777E+03,  8.40920E+03,  2.61181E+04,  7.53314E+04,  2.01363E+05,  4.99026E+05,  1.14900E+06,  2.46589E+06,  4.95223E+06,  9.34725E+06,  1.66560E+07,  2.81451E+07,  4.52971E+07,  6.97225E+07,  1.03041E+08,  1.46744E+08,  2.02065E+08,  2.69866E+08,  3.50561E+08,  4.44082E+08,  5.49881E+08,  6.66978E+08,  7.94021E+08,  9.29382E+08,  1.07124E+09,  1.21769E+09,  1.36680E+09,  1.51670E+09,  1.66566E+09,  1.81209E+09,  1.95459E+09,  2.09197E+09,  2.22323E+09,  2.34761E+09,  2.46451E+09,  2.57352E+09,  2.67438E+09,  2.76699E+09,  2.85134E+09,  2.92756E+09,  2.99582E+09,  3.05639E+09,  3.10959E+09,  3.15574E+09,  3.19523E+09,  3.22845E+09,  3.25579E+09,  3.27765E+09,  3.29443E+09,  3.30651E+09,  3.31427E+09,  3.31807E+09,  3.31824E+09,  3.31512E+09,  3.30902E+09,  3.30021E+09,  3.28897E+09,  3.27556E+09,  3.26021E+09,  3.24313E+09,  3.22453E+09,  3.20458E+09,  3.18347E+09,  3.16134E+09,  3.13833E+09,  3.11459E+09,  3.09022E+09,  3.06533E+09,  3.04002E+09,  3.01438E+09,  2.98849E+09,  2.96242E+09,  2.93624E+09,  2.91000E+09,  2.88376E+09,  2.85757E+09,  2.83146E+09,  2.80548E+09,  2.77965E+09,  2.75401E+09,  2.72857E+09,  2.70338E+09,  2.67843E+09,  2.65376E+09,  2.62936E+09,  2.60527E+09,  2.58148E+09,  2.55801E+09
  1.00003E+00,  1.00054E+00,  1.00340E+00,  1.01270E+00,  1.03773E+00,  1.10621E+00,  1.31165E+00,  1.98955E+00,  4.40048E+00,  1.33934E+01,  4.75643E+01,  1.76226E+02,  6.44970E+02,  2.26658E+03,  7.52152E+03,  2.33321E+04,  6.72815E+04,  1.79956E+05,  4.46538E+05,  1.02995E+06,  2.21510E+06,  4.45916E+06,  8.43805E+06,  1.50757E+07,  2.55432E+07,  4.12201E+07,  6.36155E+07,  9.42595E+07,  1.34577E+08,  1.85761E+08,  2.48671E+08,  3.23749E+08,  4.10989E+08,  5.09934E+08,  6.19711E+08,  7.39091E+08,  8.66573E+08,  1.00047E+09,  1.13898E+09,  1.28029E+09,  1.42264E+09,  1.56436E+09,  1.70394E+09,  1.84002E+09,  1.97144E+09,  2.09725E+09,  2.21668E+09,  2.32912E+09,  2.43418E+09,  2.53157E+09,  2.62117E+09,  2.70296E+09,  2.77703E+09,  2.84354E+09,  2.90272E+09,  2.95486E+09,  3.00026E+09,  3.03928E+09,  3.07229E+09,  3.09964E+09,  3.12173E+09,  3.13891E+09,  3.15157E+09,  3.16004E+09,  3.16468E+09,  3.16581E+09,  3.16374E+09,  3.15877E+09,  3.15117E+09,  3.14120E+09,  3.12910E+09,  3.11511E+09,  3.09942E+09,  3.08224E+09,  3.06373E+09,  3.04407E+09,  3.02340E+09,  3.00186E+09,  2.97958E+09,  2.95667E+09,  2.93324E+09,  2.90938E+09,  2.88517E+09,  2.86071E+09,  2.83605E+09,  2.81126E+09,  2.78640E+09,  2.76152E+09,  2.73666E+09,  2.71187E+09,  2.68718E+09,  2.66263E+09,  2.63824E+09,  2.61404E+09,  2.59005E+09,  2.56629E+09,  2.54278E+09,  2.51954E+09,  2.49657E+09,  2.47388E+09,  2.45149E+09
  1.00003E+00,  1.00051E+00,  1.00326E+00,  1.01223E+00,  1.03629E+00,  1.10166E+00,  1.29582E+00,  1.92995E+00,  4.16267E+00,  1.24142E+01,  4.35181E+01,  1.59872E+02,  5.81688E+02,  2.03597E+03,  6.73911E+03,  2.08777E+04,  6.01870E+04,  1.61068E+05,  4.00145E+05,  9.24503E+05,  1.99240E+06,  4.02014E+06,  7.62622E+06,  1.36605E+07,  2.32066E+07,  3.75483E+07,  5.81001E+07,  8.63074E+07,  1.23529E+08,  1.70922E+08,  2.29333E+08,  2.99231E+08,  3.80664E+08,  4.73253E+08,  5.76226E+08,  6.88466E+08,  8.08590E+08,  9.35025E+08,  1.06609E+09,  1.20008E+09,  1.33531E+09,  1.47020E+09,  1.60329E+09,  1.73328E+09,  1.85905E+09,  1.97966E+09,  2.09435E+09,  2.20254E+09,  2.30380E+09,  2.39785E+09,  2.48455E+09,  2.56385E+09,  2.63583E+09,  2.70062E+09,  2.75842E+09,  2.80950E+09,  2.85413E+09,  2.89266E+09,  2.92540E+09,  2.95272E+09,  2.97497E+09,  2.99249E+09,  3.00564E+09,  3.01475E+09,  3.02014E+09,  3.02214E+09,  3.02103E+09,  3.01709E+09,  3.01060E+09,  3.00181E+09,  2.99093E+09,  2.97820E+09,  2.96380E+09,  2.94793E+09,  2.93077E+09,  2.91246E+09,  2.89315E+09,  2.87298E+09,  2.85207E+09,  2.83053E+09,  2.80847E+09,  2.78596E+09,  2.76311E+09,  2.73998E+09,  2.71664E+09,  2.69316E+09,  2.66960E+09,  2.64599E+09,  2.62239E+09,  2.59884E+09,  2.57537E+09,  2.55202E+09,  2.52881E+09,  2.50577E+09,  2.48292E+09,  2.46029E+09,  2.43788E+09,  2.41571E+09,  2.39380E+09,  2.37215E+09,  2.35078E+09
  1.00003E+00,  1.00048E+00,  1.00312E+00,  1.01177E+00,  1.03494E+00,  1.09738E+00,  1.28110E+00,  1.87510E+00,  3.94590E+00,  1.15295E+01,  3.98902E+01,  1.45297E+02,  5.25542E+02,  1.83198E+03,  6.04820E+03,  1.87118E+04,  5.39240E+04,  1.44375E+05,  3.59076E+05,  8.30960E+05,  1.79436E+06,  3.62871E+06,  6.90041E+06,  1.23918E+07,  2.11057E+07,  3.42376E+07,  5.31136E+07,  7.90987E+07,  1.13489E+08,  1.57401E+08,  2.11673E+08,  2.76791E+08,  3.52849E+08,  4.39542E+08,  5.36185E+08,  6.41768E+08,  7.55015E+08,  8.74465E+08,  9.98543E+08,  1.12564E+09,  1.25416E+09,  1.38259E+09,  1.50954E+09,  1.63376E+09,  1.75415E+09,  1.86981E+09,  1.97999E+09,  2.08410E+09,  2.18171E+09,  2.27255E+09,  2.35644E+09,  2.43334E+09,  2.50328E+09,  2.56638E+09,  2.62282E+09,  2.67283E+09,  2.71669E+09,  2.75469E+09,  2.78714E+09,  2.81438E+09,  2.83673E+09,  2.85452E+09,  2.86810E+09,  2.87777E+09,  2.88384E+09,  2.88662E+09,  2.88639E+09,  2.88341E+09,  2.87794E+09,  2.87022E+09,  2.86047E+09,  2.84891E+09,  2.83572E+09,  2.82108E+09,  2.80516E+09,  2.78811E+09,  2.77008E+09,  2.75120E+09,  2.73157E+09,  2.71131E+09,  2.69053E+09,  2.66930E+09,  2.64771E+09,  2.62583E+09,  2.60374E+09,  2.58149E+09,  2.55914E+09,  2.53673E+09,  2.51432E+09,  2.49193E+09,  2.46962E+09,  2.44739E+09,  2.42530E+09,  2.40336E+09,  2.38158E+09,  2.36000E+09,  2.33863E+09,  2.31748E+09,  2.29657E+09,  2.27591E+09,  2.25549E+09
  1.00002E+00,  1.00046E+00,  1.00299E+00,  1.01135E+00,  1.03365E+00,  1.09335E+00,  1.26740E+00,  1.82453E+00,  3.74799E+00,  1.07289E+01,  3.66312E+01,  1.32283E+02,  4.75633E+02,  1.65121E+03,  5.43702E+03,  1.67970E+04,  4.83858E+04,  1.29599E+05,  3.22666E+05,  7.47858E+05,  1.61802E+06,  3.27927E+06,  6.25070E+06,  1.12529E+07,  1.92146E+07,  3.12494E+07,  4.86004E+07,  7.25572E+07,  1.04355E+08,  1.45071E+08,  1.95530E+08,  2.56233E+08,  3.27314E+08,  4.08532E+08,  4.99285E+08,  5.98656E+08,  7.05473E+08,  8.18376E+08,  9.35891E+08,  1.05650E+09,  1.17869E+09,  1.30102E+09,  1.42215E+09,  1.54089E+09,  1.65618E+09,  1.76712E+09,  1.87298E+09,  1.97319E+09,  2.06731E+09,  2.15505E+09,  2.23623E+09,  2.31079E+09,  2.37875E+09,  2.44020E+09,  2.49530E+09,  2.54426E+09,  2.58732E+09,  2.62477E+09,  2.65690E+09,  2.68401E+09,  2.70642E+09,  2.72443E+09,  2.73837E+09,  2.74854E+09,  2.75522E+09,  2.75871E+09,  2.75927E+09,  2.75717E+09,  2.75264E+09,  2.74592E+09,  2.73722E+09,  2.72674E+09,  2.71466E+09,  2.70117E+09,  2.68641E+09,  2.67055E+09,  2.65371E+09,  2.63602E+09,  2.61760E+09,  2.59854E+09,  2.57896E+09,  2.55892E+09,  2.53852E+09,  2.51783E+09,  2.49691E+09,  2.47581E+09,  2.45461E+09,  2.43333E+09,  2.41203E+09,  2.39075E+09,  2.36951E+09,  2.34836E+09,  2.32731E+09,  2.30640E+09,  2.28564E+09,  2.26506E+09,  2.24467E+09,  2.22448E+09,  2.20451E+09,  2.18477E+09,  2.16527E+09
  1.00002E+00,  1.00044E+00,  1.00287E+00,  1.01094E+00,  1.03243E+00,  1.08957E+00,  1.25462E+00,  1.77784E+00,  3.56700E+00,  1.00030E+01,  3.36983E+01,  1.20640E+02,  4.31187E+02,  1.49073E+03,  4.89542E+03,  1.51014E+04,  4.34806E+04,  1.16500E+05,  2.90338E+05,  6.73930E+05,  1.46079E+06,  2.96691E+06,  5.66840E+06,  1.02294E+07,  1.75105E+07,  2.85493E+07,  4.45115E+07,  6.66152E+07,  9.60373E+07,  1.33816E+08,  1.80761E+08,  2.37383E+08,  3.03852E+08,  3.79984E+08,  4.65251E+08,  5.58824E+08,  6.59625E+08,  7.66389E+08,  8.77736E+08,  9.92233E+08,  1.10845E+09,  1.22501E+09,  1.34064E+09,  1.45418E+09,  1.56460E+09,  1.67104E+09,  1.77278E+09,  1.86925E+09,  1.96002E+09,  2.04478E+09,  2.12335E+09,  2.19565E+09,  2.26168E+09,  2.32151E+09,  2.37529E+09,  2.42320E+09,  2.46547E+09,  2.50235E+09,  2.53413E+09,  2.56108E+09,  2.58350E+09,  2.60168E+09,  2.61593E+09,  2.62653E+09,  2.63376E+09,  2.63789E+09,  2.63918E+09,  2.63788E+09,  2.63421E+09,  2.62841E+09,  2.62068E+09,  2.61120E+09,  2.60017E+09,  2.58774E+09,  2.57408E+09,  2.55931E+09,  2.54359E+09,  2.52702E+09,  2.50973E+09,  2.49180E+09,  2.47334E+09,  2.45443E+09,  2.43515E+09,  2.41556E+09,  2.39574E+09,  2.37574E+09,  2.35561E+09,  2.33540E+09,  2.31515E+09,  2.29490E+09,  2.27469E+09,  2.25454E+09,  2.23449E+09,  2.21455E+09,  2.19475E+09,  2.17511E+09,  2.15564E+09,  2.13637E+09,  2.11729E+09,  2.09843E+09,  2.07979E+09
  1.00002E+00,  1.00041E+00,  1.00276E+00,  1.01055E+00,  1.03127E+00,  1.08600E+00,  1.24268E+00,  1.73466E+00,  3.40121E+00,  9.34371E+00,  3.10542E+01,  1.10207E+02,  3.91536E+02,  1.34801E+03,  4.41466E+03,  1.35975E+04,  3.91293E+04,  1.04870E+05,  2.61594E+05,  6.08071E+05,  1.32040E+06,  2.68735E+06,  5.14589E+06,  9.30857E+06,  1.59731E+07,  2.61069E+07,  4.08032E+07,  6.12125E+07,  8.84557E+07,  1.23532E+08,  1.67236E+08,  2.20084E+08,  2.82277E+08,  3.53680E+08,  4.33835E+08,  5.21992E+08,  6.17160E+08,  7.18165E+08,  8.23714E+08,  9.32455E+08,  1.04303E+09,  1.15414E+09,  1.26455E+09,  1.37315E+09,  1.47895E+09,  1.58110E+09,  1.67890E+09,  1.77179E+09,  1.85934E+09,  1.94123E+09,  2.01728E+09,  2.08739E+09,  2.15154E+09,  2.20979E+09,  2.26227E+09,  2.30914E+09,  2.35061E+09,  2.38692E+09,  2.41832E+09,  2.44507E+09,  2.46746E+09,  2.48577E+09,  2.50028E+09,  2.51126E+09,  2.51897E+09,  2.52368E+09,  2.52563E+09,  2.52507E+09,  2.52220E+09,  2.51725E+09,  2.51041E+09,  2.50188E+09,  2.49181E+09,  2.48038E+09,  2.46772E+09,  2.45400E+09,  2.43931E+09,  2.42380E+09,  2.40756E+09,  2.39069E+09,  2.37329E+09,  2.35544E+09,  2.33721E+09,  2.31867E+09,  2.29988E+09,  2.28090E+09,  2.26179E+09,  2.24258E+09,  2.22333E+09,  2.20406E+09,  2.18481E+09,  2.16561E+09,  2.14649E+09,  2.12748E+09,  2.10858E+09,  2.08983E+09,  2.07124E+09,  2.05282E+09,  2.03459E+09,  2.01655E+09,  1.99873E+09
  1.00002E+00,  1.00039E+00,  1.00265E+00,  1.01017E+00,  1.03017E+00,  1.08263E+00,  1.23153E+00,  1.69469E+00,  3.24911E+00,  8.74397E+00,  2.86663E+01,  1.00841E+02,  3.56101E+02,  1.22086E+03,  3.98719E+03,  1.22614E+04,  3.52634E+04,  9.45286E+04,  2.35999E+05,  5.49323E+05,  1.19491E+06,  2.43683E+06,  4.67649E+06,  8.47916E+06,  1.45847E+07,  2.38954E+07,  3.74368E+07,  5.62955E+07,  8.15388E+07,  1.14129E+08,  1.54840E+08,  2.04195E+08,  2.62419E+08,  3.29424E+08,  4.04812E+08,  4.87907E+08,  5.77800E+08,  6.73399E+08,  7.73493E+08,  8.76809E+08,  9.82063E+08,  1.08801E+09,  1.19347E+09,  1.29738E+09,  1.39877E+09,  1.49683E+09,  1.59087E+09,  1.68034E+09,  1.76479E+09,  1.84393E+09,  1.91754E+09,  1.98553E+09,  2.04785E+09,  2.10457E+09,  2.15577E+09,  2.20161E+09,  2.24228E+09,  2.27800E+09,  2.30900E+09,  2.33553E+09,  2.35786E+09,  2.37626E+09,  2.39098E+09,  2.40228E+09,  2.41043E+09,  2.41566E+09,  2.41822E+09,  2.41832E+09,  2.41619E+09,  2.41203E+09,  2.40602E+09,  2.39835E+09,  2.38918E+09,  2.37868E+09,  2.36697E+09,  2.35421E+09,  2.34051E+09,  2.32598E+09,  2.31073E+09,  2.29486E+09,  2.27845E+09,  2.26159E+09,  2.24435E+09,  2.22679E+09,  2.20898E+09,  2.19097E+09,  2.17282E+09,  2.15456E+09,  2.13624E+09,  2.11789E+09,  2.09955E+09,  2.08125E+09,  2.06302E+09,  2.04487E+09,  2.02684E+09,  2.00893E+09,  1.99116E+09,  1.97356E+09,  1.95612E+09,  1.93887E+09,  1.92181E+09
  1.00002E+00,  1.00037E+00,  1.00254E+00,  1.00982E+00,  1.02912E+00,  1.07944E+00,  1.22108E+00,  1.65762E+00,  3.10935E+00,  8.19750E+00,  2.65063E+01,  9.24176E+01,  3.24380E+02,  1.10741E+03,  3.60649E+03,  1.10725E+04,  3.18234E+04,  8.53201E+04,  2.13179E+05,  4.96848E+05,  1.08258E+06,  2.21208E+06,  4.25431E+06,  7.73128E+06,  1.33296E+07,  2.18909E+07,  3.43777E+07,  5.18163E+07,  7.52226E+07,  1.05522E+08,  1.43469E+08,  1.89589E+08,  2.44128E+08,  3.07039E+08,  3.77979E+08,  4.56341E+08,  5.41289E+08,  6.31811E+08,  7.26772E+08,  8.24973E+08,  9.25196E+08,  1.02625E+09,  1.12702E+09,  1.22647E+09,  1.32367E+09,  1.41783E+09,  1.50828E+09,  1.59446E+09,  1.67594E+09,  1.75243E+09,  1.82369E+09,  1.88962E+09,  1.95018E+09,  2.00539E+09,  2.05534E+09,  2.10016E+09,  2.14003E+09,  2.17515E+09,  2.20574E+09,  2.23203E+09,  2.25427E+09,  2.27271E+09,  2.28760E+09,  2.29919E+09,  2.30772E+09,  2.31342E+09,  2.31652E+09,  2.31724E+09,  2.31579E+09,  2.31235E+09,  2.30711E+09,  2.30025E+09,  2.29193E+09,  2.28228E+09,  2.27147E+09,  2.25961E+09,  2.24682E+09,  2.23322E+09,  2.21890E+09,  2.20396E+09,  2.18849E+09,  2.17256E+09,  2.15625E+09,  2.13962E+09,  2.12273E+09,  2.10563E+09,  2.08838E+09,  2.07102E+09,  2.05358E+09,  2.03611E+09,  2.01863E+09,  2.00118E+09,  1.98378E+09,  1.96646E+09,  1.94923E+09,  1.93212E+09,  1.91514E+09,  1.89830E+09,  1.88163E+09,  1.86512E+09,  1.84879E+09
  1.00002E+00,  1.00036E+00,  1.00244E+00,  1.00948E+00,  1.02812E+00,  1.07644E+00,  1.21130E+00,  1.62321E+00,  2.98075E+00,  7.69878E+00,  2.45491E+01,  8.48306E+01,  2.95936E+02,  1.00600E+03,  3.26690E+03,  1.00131E+04,  2.87580E+04,  7.71086E+04,  1.92803E+05,  4.49916E+05,  9.81908E+05,  2.01020E+06,  3.87417E+06,  7.05618E+06,  1.21937E+07,  2.00723E+07,  3.15953E+07,  4.77322E+07,  6.94498E+07,  9.76368E+07,  1.33030E+08,  1.76151E+08,  2.27267E+08,  2.86364E+08,  3.53153E+08,  4.27086E+08,  5.07398E+08,  5.93149E+08,  6.83277E+08,  7.76651E+08,  8.72119E+08,  9.68548E+08,  1.06486E+09,  1.16007E+09,  1.25328E+09,  1.34372E+09,  1.43073E+09,  1.51376E+09,  1.59240E+09,  1.66633E+09,  1.73532E+09,  1.79927E+09,  1.85810E+09,  1.91184E+09,  1.96057E+09,  2.00439E+09,  2.04346E+09,  2.07798E+09,  2.10814E+09,  2.13416E+09,  2.15629E+09,  2.17474E+09,  2.18977E+09,  2.20160E+09,  2.21046E+09,  2.21659E+09,  2.22019E+09,  2.22147E+09,  2.22064E+09,  2.21787E+09,  2.21335E+09,  2.20724E+09,  2.19969E+09,  2.19086E+09,  2.18087E+09,  2.16986E+09,  2.15793E+09,  2.14519E+09,  2.13175E+09,  2.11769E+09,  2.10310E+09,  2.08805E+09,  2.07262E+09,  2.05686E+09,  2.04084E+09,  2.02460E+09,  2.00821E+09,  1.99169E+09,  1.97508E+09,  1.95844E+09,  1.94177E+09,  1.92513E+09,  1.90852E+09,  1.89197E+09,  1.87551E+09,  1.85916E+09,  1.84292E+09,  1.82681E+09,  1.81085E+09,  1.79505E+09,  1.77941E+09
  1.00002E+00,  1.00034E+00,  1.00234E+00,  1.00915E+00,  1.02716E+00,  1.07359E+00,  1.20212E+00,  1.59121E+00,  2.86224E+00,  7.24295E+00,  2.27729E+01,  7.79855E+01,  2.70389E+02,  9.15214E+02,  2.96351E+03,  9.06748E+03,  2.60224E+04,  6.97761E+04,  1.74587E+05,  4.07888E+05,  8.91580E+05,  1.82865E+06,  3.53152E+06,  6.44616E+06,  1.11648E+07,  1.84207E+07,  2.90622E+07,  4.40050E+07,  6.41691E+07,  9.04079E+07,  1.23438E+08,  1.63779E+08,  2.11712E+08,  2.67255E+08,  3.30165E+08,  3.99952E+08,  4.75915E+08,  5.57180E+08,  6.42755E+08,  7.31574E+08,  8.22545E+08,  9.14589E+08,  1.00668E+09,  1.09786E+09,  1.18726E+09,  1.27415E+09,  1.35786E+09,  1.43788E+09,  1.51379E+09,  1.58525E+09,  1.65207E+09,  1.71408E+09,  1.77125E+09,  1.82356E+09,  1.87108E+09,  1.91392E+09,  1.95220E+09,  1.98611E+09,  2.01583E+09,  2.04158E+09,  2.06356E+09,  2.08200E+09,  2.09712E+09,  2.10915E+09,  2.11832E+09,  2.12482E+09,  2.12887E+09,  2.13067E+09,  2.13041E+09,  2.12826E+09,  2.12440E+09,  2.11899E+09,  2.11218E+09,  2.10410E+09,  2.09488E+09,  2.08466E+09,  2.07353E+09,  2.06161E+09,  2.04900E+09,  2.03576E+09,  2.02200E+09,  2.00778E+09,  1.99318E+09,  1.97824E+09,  1.96304E+09,  1.94762E+09,  1.93202E+09,  1.91630E+09,  1.90049E+09,  1.88462E+09,  1.86873E+09,  1.85284E+09,  1.83698E+09,  1.82118E+09,  1.80544E+09,  1.78980E+09,  1.77426E+09,  1.75885E+09,  1.74357E+09,  1.72843E+09,  1.71345E+09
  1.00002E+00,  1.00032E+00,  1.00225E+00,  1.00884E+00,  1.02625E+00,  1.07089E+00,  1.19350E+00,  1.56143E+00,  2.75289E+00,  6.82569E+00,  2.11584E+01,  7.18000E+01,  2.47409E+02,  8.33815E+02,  2.69205E+03,  8.22229E+03,  2.35777E+04,  6.32196E+04,  1.58280E+05,  3.70206E+05,  8.10435E+05,  1.66521E+06,  3.22233E+06,  5.89436E+06,  1.02317E+07,  1.69194E+07,  2.67539E+07,  4.06004E+07,  5.93344E+07,  8.37746E+07,  1.14617E+08,  1.52378E+08,  1.97350E+08,  2.49580E+08,  3.08865E+08,  3.74769E+08,  4.46648E+08,  5.23695E+08,  6.04979E+08,  6.89497E+08,  7.76213E+08,  8.64101E+08,  9.52176E+08,  1.03952E+09,  1.12530E+09,  1.20880E+09,  1.28937E+09,  1.36650E+09,  1.43977E+09,  1.50887E+09,  1.57357E+09,  1.63373E+09,  1.68927E+09,  1.74020E+09,  1.78654E+09,  1.82840E+09,  1.86590E+09,  1.89920E+09,  1.92848E+09,  1.95392E+09,  1.97574E+09,  1.99414E+09,  2.00934E+09,  2.02154E+09,  2.03096E+09,  2.03780E+09,  2.04226E+09,  2.04453E+09,  2.04480E+09,  2.04322E+09,  2.03998E+09,  2.03521E+09,  2.02908E+09,  2.02170E+09,  2.01321E+09,  2.00373E+09,  1.99336E+09,  1.98221E+09,  1.97036E+09,  1.95791E+09,  1.94493E+09,  1.93149E+09,  1.91766E+09,  1.90351E+09,  1.88908E+09,  1.87442E+09,  1.85959E+09,  1.84462E+09,  1.82956E+09,  1.81443E+09,  1.79927E+09,  1.78410E+09,  1.76895E+09,  1.75384E+09,  1.73880E+09,  1.72383E+09,  1.70896E+09,  1.69420E+09,  1.67957E+09,  1.66506E+09,  1.65070E+09
  1.00001E+00,  1.00031E+00,  1.00217E+00,  1.00854E+00,  1.02538E+00,  1.06834E+00,  1.18539E+00,  1.53367E+00,  2.65184E+00,  6.44319E+00,  1.96887E+01,  6.62018E+01,  2.26705E+02,  7.60719E+02,  2.44880E+03,  7.46575E+03,  2.13899E+04,  5.73491E+04,  1.43663E+05,  3.36378E+05,  7.37455E+05,  1.51791E+06,  2.94302E+06,  5.39472E+06,  9.38480E+06,  1.55534E+07,  2.46486E+07,  3.74880E+07,  5.49043E+07,  7.76831E+07,  1.06500E+08,  1.41865E+08,  1.84080E+08,  2.33218E+08,  2.89114E+08,  3.51378E+08,  4.19424E+08,  4.92500E+08,  5.69739E+08,  6.50193E+08,  7.32882E+08,  8.16829E+08,  9.01092E+08,  9.84789E+08,  1.06712E+09,  1.14737E+09,  1.22493E+09,  1.29929E+09,  1.37004E+09,  1.43686E+09,  1.49953E+09,  1.55789E+09,  1.61186E+09,  1.66142E+09,  1.70662E+09,  1.74752E+09,  1.78425E+09,  1.81694E+09,  1.84576E+09,  1.87090E+09,  1.89253E+09,  1.91087E+09,  1.92610E+09,  1.93845E+09,  1.94809E+09,  1.95523E+09,  1.96007E+09,  1.96277E+09,  1.96351E+09,  1.96247E+09,  1.95979E+09,  1.95563E+09,  1.95013E+09,  1.94341E+09,  1.93560E+09,  1.92682E+09,  1.91716E+09,  1.90672E+09,  1.89560E+09,  1.88388E+09,  1.87164E+09,  1.85894E+09,  1.84584E+09,  1.83242E+09,  1.81872E+09,  1.80479E+09,  1.79068E+09,  1.77643E+09,  1.76207E+09,  1.74764E+09,  1.73317E+09,  1.71868E+09,  1.70421E+09,  1.68976E+09,  1.67537E+09,  1.66105E+09,  1.64681E+09,  1.63267E+09,  1.61865E+09,  1.60475E+09,  1.59098E+09
  1.00001E+00,  1.00029E+00,  1.00208E+00,  1.00825E+00,  1.02455E+00,  1.06591E+00,  1.17776E+00,  1.50777E+00,  2.55835E+00,  6.09206E+00,  1.83489E+01,  6.11276E+01,  2.08023E+02,  6.94981E+02,  2.23050E+03,  6.78761E+03,  1.94293E+04,  5.20860E+04,  1.30546E+05,  3.05974E+05,  6.71743E+05,  1.38500E+06,  2.69045E+06,  4.94186E+06,  8.61537E+06,  1.43093E+07,  2.27267E+07,  3.46401E+07,  5.08416E+07,  7.20846E+07,  9.90239E+07,  1.32163E+08,  1.71811E+08,  2.18063E+08,  2.70787E+08,  3.29639E+08,  3.94081E+08,  4.63420E+08,  5.36842E+08,  6.13456E+08,  6.92333E+08,  7.72542E+08,  8.53182E+08,  9.33406E+08,  1.01244E+09,  1.08960E+09,  1.16428E+09,  1.23598E+09,  1.30431E+09,  1.36894E+09,  1.42964E+09,  1.48625E+09,  1.53870E+09,  1.58694E+09,  1.63102E+09,  1.67098E+09,  1.70694E+09,  1.73903E+09,  1.76739E+09,  1.79220E+09,  1.81364E+09,  1.83189E+09,  1.84714E+09,  1.85960E+09,  1.86944E+09,  1.87685E+09,  1.88201E+09,  1.88511E+09,  1.88629E+09,  1.88574E+09,  1.88359E+09,  1.87999E+09,  1.87508E+09,  1.86898E+09,  1.86181E+09,  1.85367E+09,  1.84468E+09,  1.83492E+09,  1.82448E+09,  1.81345E+09,  1.80190E+09,  1.78990E+09,  1.77750E+09,  1.76477E+09,  1.75176E+09,  1.73852E+09,  1.72509E+09,  1.71151E+09,  1.69783E+09,  1.68406E+09,  1.67024E+09,  1.65640E+09,  1.64256E+09,  1.62874E+09,  1.61497E+09,  1.60126E+09,  1.58762E+09,  1.57408E+09,  1.56063E+09,  1.54730E+09,  1.53409E+09
  1.00001E+00,  1.00028E+00,  1.00200E+00,  1.00798E+00,  1.02376E+00,  1.06360E+00,  1.17057E+00,  1.48357E+00,  2.47173E+00,  5.76927E+00,  1.71257E+01,  5.65216E+01,  1.91142E+02,  6.35775E+02,  2.03432E+03,  6.17889E+03,  1.76700E+04,  4.73614E+04,  1.18759E+05,  2.78616E+05,  6.12510E+05,  1.26495E+06,  2.46183E+06,  4.53100E+06,  7.91567E+06,  1.31754E+07,  2.09708E+07,  3.20322E+07,  4.71129E+07,  6.69352E+07,  9.21332E+07,  1.23202E+08,  1.60459E+08,  2.04014E+08,  2.53770E+08,  3.09420E+08,  3.70476E+08,  4.36294E+08,  5.06114E+08,  5.79097E+08,  6.54362E+08,  7.31025E+08,  8.08221E+08,  8.85139E+08,  9.61030E+08,  1.03523E+09,  1.10715E+09,  1.17631E+09,  1.24231E+09,  1.30483E+09,  1.36363E+09,  1.41856E+09,  1.46953E+09,  1.51649E+09,  1.55946E+09,  1.59851E+09,  1.63371E+09,  1.66519E+09,  1.69309E+09,  1.71757E+09,  1.73880E+09,  1.75694E+09,  1.77220E+09,  1.78473E+09,  1.79474E+09,  1.80238E+09,  1.80785E+09,  1.81130E+09,  1.81290E+09,  1.81279E+09,  1.81114E+09,  1.80806E+09,  1.80370E+09,  1.79817E+09,  1.79159E+09,  1.78407E+09,  1.77570E+09,  1.76658E+09,  1.75679E+09,  1.74641E+09,  1.73551E+09,  1.72416E+09,  1.71242E+09,  1.70035E+09,  1.68799E+09,  1.67540E+09,  1.66262E+09,  1.64968E+09,  1.63663E+09,  1.62349E+09,  1.61029E+09,  1.59706E+09,  1.58383E+09,  1.57061E+09,  1.55742E+09,  1.54429E+09,  1.53123E+09,  1.51824E+09,  1.50535E+09,  1.49256E+09,  1.47988E+09
  1.00001E+00,  1.00027E+00,  1.00193E+00,  1.00772E+00,  1.02300E+00,  1.06141E+00,  1.16379E+00,  1.46094E+00,  2.39139E+00,  5.47215E+00,  1.60074E+01,  5.23345E+01,  1.75866E+02,  5.82375E+02,  1.85777E+03,  5.63176E+03,  1.60892E+04,  4.31148E+04,  1.08155E+05,  2.53971E+05,  5.59058E+05,  1.15642E+06,  2.25468E+06,  4.15789E+06,  7.27879E+06,  1.21408E+07,  1.93652E+07,  2.96420E+07,  4.36880E+07,  6.21952E+07,  8.57774E+07,  1.14921E+08,  1.49947E+08,  1.90983E+08,  2.37958E+08,  2.90603E+08,  3.48474E+08,  4.10974E+08,  4.77394E+08,  5.46942E+08,  6.18785E+08,  6.92080E+08,  7.66003E+08,  8.39771E+08,  9.12664E+08,  9.84035E+08,  1.05332E+09,  1.12004E+09,  1.18379E+09,  1.24428E+09,  1.30125E+09,  1.35455E+09,  1.40409E+09,  1.44980E+09,  1.49170E+09,  1.52984E+09,  1.56430E+09,  1.59518E+09,  1.62262E+09,  1.64676E+09,  1.66776E+09,  1.68579E+09,  1.70101E+09,  1.71361E+09,  1.72375E+09,  1.73161E+09,  1.73735E+09,  1.74112E+09,  1.74309E+09,  1.74341E+09,  1.74220E+09,  1.73961E+09,  1.73577E+09,  1.73078E+09,  1.72476E+09,  1.71781E+09,  1.71003E+09,  1.70150E+09,  1.69232E+09,  1.68255E+09,  1.67227E+09,  1.66154E+09,  1.65042E+09,  1.63897E+09,  1.62723E+09,  1.61526E+09,  1.60308E+09,  1.59075E+09,  1.57830E+09,  1.56575E+09,  1.55315E+09,  1.54050E+09,  1.52784E+09,  1.51519E+09,  1.50256E+09,  1.48998E+09,  1.47746E+09,  1.46500E+09,  1.45264E+09,  1.44036E+09,  1.42820E+09
  1.00001E+00,  1.00025E+00,  1.00185E+00,  1.00746E+00,  1.02228E+00,  1.05933E+00,  1.15739E+00,  1.43975E+00,  2.31677E+00,  5.19829E+00,  1.49835E+01,  4.85229E+01,  1.62022E+02,  5.34144E+02,  1.69867E+03,  5.13932E+03,  1.46671E+04,  3.92933E+04,  9.86040E+04,  2.31744E+05,  5.10772E+05,  1.05818E+06,  2.06680E+06,  3.81874E+06,  6.69857E+06,  1.11962E+07,  1.78957E+07,  2.74497E+07,  4.05398E+07,  5.78289E+07,  7.99107E+07,  1.07263E+08,  1.40207E+08,  1.78887E+08,  2.23256E+08,  2.73080E+08,  3.27953E+08,  3.87326E+08,  4.50533E+08,  5.16831E+08,  5.85431E+08,  6.55528E+08,  7.26336E+08,  7.97103E+08,  8.67134E+08,  9.35803E+08,  1.00256E+09,  1.06694E+09,  1.12854E+09,  1.18706E+09,  1.24227E+09,  1.29400E+09,  1.34214E+09,  1.38664E+09,  1.42750E+09,  1.46475E+09,  1.49848E+09,  1.52876E+09,  1.55573E+09,  1.57953E+09,  1.60029E+09,  1.61819E+09,  1.63337E+09,  1.64601E+09,  1.65627E+09,  1.66431E+09,  1.67028E+09,  1.67436E+09,  1.67667E+09,  1.67737E+09,  1.67658E+09,  1.67445E+09,  1.67108E+09,  1.66659E+09,  1.66110E+09,  1.65469E+09,  1.64746E+09,  1.63950E+09,  1.63089E+09,  1.62170E+09,  1.61200E+09,  1.60185E+09,  1.59132E+09,  1.58045E+09,  1.56930E+09,  1.55791E+09,  1.54632E+09,  1.53456E+09,  1.52268E+09,  1.51070E+09,  1.49865E+09,  1.48655E+09,  1.47444E+09,  1.46233E+09,  1.45023E+09,  1.43817E+09,  1.42616E+09,  1.41422E+09,  1.40235E+09,  1.39057E+09,  1.37888E+09
  1.00001E+00,  1.00024E+00,  1.00178E+00,  1.00722E+00,  1.02158E+00,  1.05735E+00,  1.15135E+00,  1.41989E+00,  2.24738E+00,  4.94554E+00,  1.40449E+01,  4.50485E+01,  1.49459E+02,  4.90523E+02,  1.55511E+03,  4.69553E+03,  1.33861E+04,  3.58502E+04,  8.99918E+04,  2.11676E+05,  4.67105E+05,  9.69173E+05,  1.89623E+06,  3.51018E+06,  6.16951E+06,  1.03329E+07,  1.65498E+07,  2.54373E+07,  3.76436E+07,  5.38038E+07,  7.44916E+07,  1.00174E+08,  1.31176E+08,  1.67652E+08,  2.09578E+08,  2.56751E+08,  3.08802E+08,  3.65225E+08,  4.25397E+08,  4.88618E+08,  5.54141E+08,  6.21202E+08,  6.89046E+08,  7.56952E+08,  8.24251E+08,  8.90336E+08,  9.54671E+08,  1.01680E+09,  1.07633E+09,  1.13297E+09,  1.18648E+09,  1.23668E+09,  1.28347E+09,  1.32679E+09,  1.36663E+09,  1.40302E+09,  1.43602E+09,  1.46571E+09,  1.49222E+09,  1.51567E+09,  1.53619E+09,  1.55393E+09,  1.56906E+09,  1.58172E+09,  1.59207E+09,  1.60027E+09,  1.60646E+09,  1.61080E+09,  1.61343E+09,  1.61448E+09,  1.61409E+09,  1.61237E+09,  1.60945E+09,  1.60544E+09,  1.60043E+09,  1.59453E+09,  1.58782E+09,  1.58039E+09,  1.57232E+09,  1.56367E+09,  1.55452E+09,  1.54493E+09,  1.53495E+09,  1.52464E+09,  1.51404E+09,  1.50320E+09,  1.49216E+09,  1.48095E+09,  1.46961E+09,  1.45816E+09,  1.44664E+09,  1.43508E+09,  1.42348E+09,  1.41188E+09,  1.40029E+09,  1.38873E+09,  1.37721E+09,  1.36575E+09,  1.35435E+09,  1.34304E+09,  1.33181E+09
  1.00001E+00,  1.00023E+00,  1.00172E+00,  1.00699E+00,  1.02092E+00,  1.05546E+00,  1.14563E+00,  1.40125E+00,  2.18279E+00,  4.71200E+00,  1.31834E+01,  4.18770E+01,  1.38043E+02,  4.51018E+02,  1.42539E+03,  4.29508E+03,  1.22307E+04,  3.27442E+04,  8.22171E+04,  1.93537E+05,  4.27576E+05,  8.88454E+05,  1.74123E+06,  3.22919E+06,  5.68667E+06,  9.54327E+06,  1.53161E+07,  2.35885E+07,  3.49774E+07,  5.00906E+07,  6.94825E+07,  9.36100E+07,  1.22797E+08,  1.57210E+08,  1.96844E+08,  2.41525E+08,  2.90919E+08,  3.44558E+08,  4.01860E+08,  4.62168E+08,  5.24773E+08,  5.88947E+08,  6.53970E+08,  7.19149E+08,  7.83838E+08,  8.47451E+08,  9.09466E+08,  9.69435E+08,  1.02698E+09,  1.08181E+09,  1.13367E+09,  1.18240E+09,  1.22788E+09,  1.27005E+09,  1.30890E+09,  1.34444E+09,  1.37672E+09,  1.40584E+09,  1.43188E+09,  1.45497E+09,  1.47524E+09,  1.49283E+09,  1.50788E+09,  1.52055E+09,  1.53097E+09,  1.53930E+09,  1.54569E+09,  1.55027E+09,  1.55319E+09,  1.55457E+09,  1.55454E+09,  1.55321E+09,  1.55071E+09,  1.54713E+09,  1.54258E+09,  1.53716E+09,  1.53094E+09,  1.52401E+09,  1.51644E+09,  1.50832E+09,  1.49969E+09,  1.49062E+09,  1.48117E+09,  1.47138E+09,  1.46131E+09,  1.45099E+09,  1.44047E+09,  1.42978E+09,  1.41895E+09,  1.40801E+09,  1.39700E+09,  1.38593E+09,  1.37482E+09,  1.36371E+09,  1.35260E+09,  1.34151E+09,  1.33046E+09,  1.31946E+09,  1.30852E+09,  1.29765E+09,  1.28686E+09
  1.00001E+00,  1.00022E+00,  1.00165E+00,  1.00677E+00,  1.02028E+00,  1.05365E+00,  1.14021E+00,  1.38375E+00,  2.12259E+00,  4.49594E+00,  1.23916E+01,  3.89784E+01,  1.27656E+02,  4.15194E+02,  1.30803E+03,  3.93329E+03,  1.11875E+04,  2.99392E+04,  7.51906E+04,  1.77125E+05,  3.91755E+05,  8.15180E+05,  1.60025E+06,  2.97309E+06,  5.24564E+06,  8.82046E+06,  1.41842E+07,  2.18889E+07,  3.25210E+07,  4.66627E+07,  6.48491E+07,  8.75266E+07,  1.15018E+08,  1.47499E+08,  1.84982E+08,  2.27319E+08,  2.74210E+08,  3.25220E+08,  3.79809E+08,  4.37356E+08,  4.97191E+08,  5.58622E+08,  6.20958E+08,  6.83536E+08,  7.45733E+08,  8.06980E+08,  8.66772E+08,  9.24669E+08,  9.80305E+08,  1.03338E+09,  1.08365E+09,  1.13096E+09,  1.17517E+09,  1.21623E+09,  1.25410E+09,  1.28881E+09,  1.32040E+09,  1.34894E+09,  1.37452E+09,  1.39726E+09,  1.41727E+09,  1.43469E+09,  1.44966E+09,  1.46231E+09,  1.47279E+09,  1.48124E+09,  1.48780E+09,  1.49260E+09,  1.49578E+09,  1.49746E+09,  1.49776E+09,  1.49680E+09,  1.49469E+09,  1.49152E+09,  1.48740E+09,  1.48242E+09,  1.47666E+09,  1.47021E+09,  1.46312E+09,  1.45548E+09,  1.44734E+09,  1.43877E+09,  1.42981E+09,  1.42052E+09,  1.41095E+09,  1.40113E+09,  1.39110E+09,  1.38090E+09,  1.37056E+09,  1.36011E+09,  1.34957E+09,  1.33898E+09,  1.32834E+09,  1.31769E+09,  1.30704E+09,  1.29640E+09,  1.28579E+09,  1.27523E+09,  1.26472E+09,  1.25427E+09,  1.24390E+09
  1.00001E+00,  1.00021E+00,  1.00159E+00,  1.00655E+00,  1.01967E+00,  1.05193E+00,  1.13508E+00,  1.36729E+00,  2.06643E+00,  4.29581E+00,  1.16629E+01,  3.63257E+01,  1.18193E+02,  3.82666E+02,  1.20171E+03,  3.60601E+03,  1.02443E+04,  2.74030E+04,  6.88335E+04,  1.62260E+05,  3.59263E+05,  7.48598E+05,  1.47191E+06,  2.73946E+06,  4.84247E+06,  8.15828E+06,  1.31451E+07,  2.03251E+07,  3.02563E+07,  4.34960E+07,  6.05604E+07,  8.18851E+07,  1.07791E+08,  1.38462E+08,  1.73925E+08,  2.14058E+08,  2.58588E+08,  3.07116E+08,  3.59138E+08,  4.14069E+08,  4.71274E+08,  5.30095E+08,  5.89873E+08,  6.49970E+08,  7.09785E+08,  7.68768E+08,  8.26428E+08,  8.82337E+08,  9.36133E+08,  9.87519E+08,  1.03626E+09,  1.08219E+09,  1.12517E+09,  1.16515E+09,  1.20208E+09,  1.23598E+09,  1.26688E+09,  1.29485E+09,  1.31997E+09,  1.34235E+09,  1.36210E+09,  1.37934E+09,  1.39421E+09,  1.40684E+09,  1.41736E+09,  1.42590E+09,  1.43261E+09,  1.43761E+09,  1.44103E+09,  1.44299E+09,  1.44360E+09,  1.44298E+09,  1.44123E+09,  1.43845E+09,  1.43474E+09,  1.43018E+09,  1.42485E+09,  1.41884E+09,  1.41220E+09,  1.40502E+09,  1.39735E+09,  1.38924E+09,  1.38076E+09,  1.37194E+09,  1.36284E+09,  1.35349E+09,  1.34393E+09,  1.33420E+09,  1.32432E+09,  1.31433E+09,  1.30425E+09,  1.29411E+09,  1.28392E+09,  1.27371E+09,  1.26349E+09,  1.25328E+09,  1.24310E+09,  1.23295E+09,  1.22285E+09,  1.21281E+09,  1.20284E+09
  1.00001E+00,  1.00020E+00,  1.00154E+00,  1.00634E+00,  1.01908E+00,  1.05029E+00,  1.13022E+00,  1.35181E+00,  2.01398E+00,  4.11023E+00,  1.09915E+01,  3.38950E+01,  1.09560E+02,  3.53095E+02,  1.10529E+03,  3.30961E+03,  9.39069E+03,  2.51074E+04,  6.30757E+04,  1.48782E+05,  3.29761E+05,  6.88043E+05,  1.35496E+06,  2.52615E+06,  4.47360E+06,  7.55115E+06,  1.21904E+07,  1.88854E+07,  2.81670E+07,  4.05685E+07,  5.65880E+07,  7.66501E+07,  1.01073E+08,  1.30046E+08,  1.63613E+08,  2.01670E+08,  2.43974E+08,  2.90158E+08,  3.39749E+08,  3.92199E+08,  4.46907E+08,  5.03246E+08,  5.60586E+08,  6.18314E+08,  6.75853E+08,  7.32669E+08,  7.88285E+08,  8.42284E+08,  8.94311E+08,  9.44073E+08,  9.91337E+08,  1.03593E+09,  1.07772E+09,  1.11665E+09,  1.15266E+09,  1.18576E+09,  1.21599E+09,  1.24340E+09,  1.26807E+09,  1.29009E+09,  1.30957E+09,  1.32663E+09,  1.34139E+09,  1.35398E+09,  1.36452E+09,  1.37315E+09,  1.37999E+09,  1.38517E+09,  1.38880E+09,  1.39102E+09,  1.39192E+09,  1.39161E+09,  1.39020E+09,  1.38778E+09,  1.38445E+09,  1.38028E+09,  1.37536E+09,  1.36977E+09,  1.36356E+09,  1.35681E+09,  1.34958E+09,  1.34192E+09,  1.33388E+09,  1.32551E+09,  1.31686E+09,  1.30795E+09,  1.29884E+09,  1.28955E+09,  1.28012E+09,  1.27056E+09,  1.26092E+09,  1.25120E+09,  1.24144E+09,  1.23164E+09,  1.22184E+09,  1.21204E+09,  1.20226E+09,  1.19251E+09,  1.18280E+09,  1.17315E+09,  1.16356E+09
  1.00001E+00,  1.00019E+00,  1.00148E+00,  1.00615E+00,  1.01851E+00,  1.04872E+00,  1.12560E+00,  1.33722E+00,  1.96493E+00,  3.93794E+00,  1.03721E+01,  3.16651E+01,  1.01676E+02,  3.26177E+02,  1.01773E+03,  3.04086E+03,  8.61718E+03,  2.30273E+04,  5.78553E+04,  1.36549E+05,  3.02948E+05,  6.32916E+05,  1.24830E+06,  2.33122E+06,  4.13584E+06,  6.99407E+06,  1.13125E+07,  1.75588E+07,  2.62380E+07,  3.78605E+07,  5.29064E+07,  7.17893E+07,  9.48246E+07,  1.22206E+08,  1.53989E+08,  1.90092E+08,  2.30296E+08,  2.74263E+08,  3.21554E+08,  3.71651E+08,  4.23986E+08,  4.77963E+08,  5.32979E+08,  5.88447E+08,  6.43809E+08,  6.98550E+08,  7.52206E+08,  8.04370E+08,  8.54695E+08,  9.02891E+08,  9.48728E+08,  9.92030E+08,  1.03267E+09,  1.07057E+09,  1.10569E+09,  1.13802E+09,  1.16758E+09,  1.19444E+09,  1.21866E+09,  1.24032E+09,  1.25953E+09,  1.27640E+09,  1.29104E+09,  1.30358E+09,  1.31413E+09,  1.32283E+09,  1.32978E+09,  1.33512E+09,  1.33896E+09,  1.34140E+09,  1.34257E+09,  1.34255E+09,  1.34146E+09,  1.33938E+09,  1.33640E+09,  1.33261E+09,  1.32807E+09,  1.32287E+09,  1.31707E+09,  1.31073E+09,  1.30391E+09,  1.29667E+09,  1.28906E+09,  1.28111E+09,  1.27288E+09,  1.26440E+09,  1.25572E+09,  1.24685E+09,  1.23783E+09,  1.22869E+09,  1.21946E+09,  1.21015E+09,  1.20079E+09,  1.19140E+09,  1.18199E+09,  1.17258E+09,  1.16319E+09,  1.15382E+09,  1.14448E+09,  1.13520E+09,  1.12597E+09
  1.00001E+00,  1.00018E+00,  1.00143E+00,  1.00596E+00,  1.01797E+00,  1.04722E+00,  1.12122E+00,  1.32347E+00,  1.91903E+00,  3.77782E+00,  9.80018E+00,  2.96169E+01,  9.44661E+01,  3.01646E+02,  9.38130E+02,  2.79688E+03,  7.91549E+03,  2.11403E+04,  5.31173E+04,  1.25436E+05,  2.78555E+05,  5.82687E+05,  1.15094E+06,  2.15295E+06,  3.82632E+06,  6.48253E+06,  1.05048E+07,  1.63357E+07,  2.44558E+07,  3.53537E+07,  4.94920E+07,  6.72731E+07,  8.90087E+07,  1.14896E+08,  1.45003E+08,  1.79265E+08,  2.17487E+08,  2.59358E+08,  3.04469E+08,  3.52333E+08,  4.02414E+08,  4.54142E+08,  5.06943E+08,  5.60252E+08,  6.13532E+08,  6.66286E+08,  7.18062E+08,  7.68463E+08,  8.17149E+08,  8.63836E+08,  9.08295E+08,  9.50350E+08,  9.89871E+08,  1.02678E+09,  1.06102E+09,  1.09259E+09,  1.12152E+09,  1.14783E+09,  1.17160E+09,  1.19291E+09,  1.21184E+09,  1.22852E+09,  1.24303E+09,  1.25551E+09,  1.26606E+09,  1.27480E+09,  1.28186E+09,  1.28734E+09,  1.29136E+09,  1.29402E+09,  1.29543E+09,  1.29569E+09,  1.29489E+09,  1.29312E+09,  1.29048E+09,  1.28703E+09,  1.28286E+09,  1.27803E+09,  1.27261E+09,  1.26666E+09,  1.26024E+09,  1.25340E+09,  1.24618E+09,  1.23864E+09,  1.23081E+09,  1.22274E+09,  1.21445E+09,  1.20598E+09,  1.19737E+09,  1.18862E+09,  1.17978E+09,  1.17087E+09,  1.16189E+09,  1.15288E+09,  1.14385E+09,  1.13481E+09,  1.12578E+09,  1.11678E+09,  1.10780E+09,  1.09886E+09,  1.08998E+09
  1.00001E+00,  1.00017E+00,  1.00137E+00,  1.00577E+00,  1.01745E+00,  1.04579E+00,  1.11705E+00,  1.31049E+00,  1.87603E+00,  3.62884E+00,  9.27135E+00,  2.77334E+01,  8.78653E+01,  2.79264E+02,  8.65675E+02,  2.57516E+03,  7.27826E+03,  1.94268E+04,  4.88127E+04,  1.15329E+05,  2.56345E+05,  5.36879E+05,  1.06199E+06,  1.98979E+06,  3.54246E+06,  6.01245E+06,  9.76096E+06,  1.52072E+07,  2.28083E+07,  3.30317E+07,  4.63234E+07,  6.30745E+07,  8.35924E+07,  1.08077E+08,  1.36608E+08,  1.69134E+08,  2.05485E+08,  2.45373E+08,  2.88418E+08,  3.34164E+08,  3.82100E+08,  4.31687E+08,  4.82375E+08,  5.33623E+08,  5.84912E+08,  6.35761E+08,  6.85732E+08,  7.34440E+08,  7.81550E+08,  8.26782E+08,  8.69910E+08,  9.10758E+08,  9.49195E+08,  9.85135E+08,  1.01853E+09,  1.04936E+09,  1.07765E+09,  1.10343E+09,  1.12676E+09,  1.14771E+09,  1.16637E+09,  1.18284E+09,  1.19723E+09,  1.20963E+09,  1.22017E+09,  1.22896E+09,  1.23609E+09,  1.24170E+09,  1.24588E+09,  1.24874E+09,  1.25038E+09,  1.25089E+09,  1.25037E+09,  1.24890E+09,  1.24657E+09,  1.24345E+09,  1.23962E+09,  1.23514E+09,  1.23008E+09,  1.22450E+09,  1.21845E+09,  1.21198E+09,  1.20515E+09,  1.19799E+09,  1.19054E+09,  1.18285E+09,  1.17495E+09,  1.16686E+09,  1.15862E+09,  1.15026E+09,  1.14179E+09,  1.13325E+09,  1.12464E+09,  1.11599E+09,  1.10732E+09,  1.09864E+09,  1.08996E+09,  1.08130E+09,  1.07266E+09,  1.06406E+09,  1.05551E+09
  1.00001E+00,  1.00017E+00,  1.00132E+00,  1.00560E+00,  1.01695E+00,  1.04441E+00,  1.11309E+00,  1.29823E+00,  1.83571E+00,  3.49008E+00,  8.78187E+00,  2.59993E+01,  8.18150E+01,  2.58819E+02,  7.99651E+02,  2.37342E+03,  6.69893E+03,  1.78692E+04,  4.48979E+04,  1.06130E+05,  2.36103E+05,  4.95067E+05,  9.80668E+05,  1.84032E+06,  3.28193E+06,  5.58015E+06,  9.07557E+06,  1.41652E+07,  2.12841E+07,  3.08796E+07,  4.33811E+07,  5.91689E+07,  7.85455E+07,  1.01713E+08,  1.28759E+08,  1.59650E+08,  1.94232E+08,  2.32245E+08,  2.73332E+08,  3.17065E+08,  3.62963E+08,  4.10510E+08,  4.59182E+08,  5.08460E+08,  5.57843E+08,  6.06867E+08,  6.55108E+08,  7.02187E+08,  7.47780E+08,  7.91609E+08,  8.33452E+08,  8.73132E+08,  9.10518E+08,  9.45521E+08,  9.78089E+08,  1.00820E+09,  1.03587E+09,  1.06112E+09,  1.08401E+09,  1.10461E+09,  1.12300E+09,  1.13926E+09,  1.15351E+09,  1.16584E+09,  1.17635E+09,  1.18516E+09,  1.19237E+09,  1.19809E+09,  1.20242E+09,  1.20546E+09,  1.20730E+09,  1.20805E+09,  1.20779E+09,  1.20659E+09,  1.20456E+09,  1.20175E+09,  1.19824E+09,  1.19409E+09,  1.18937E+09,  1.18414E+09,  1.17844E+09,  1.17233E+09,  1.16586E+09,  1.15906E+09,  1.15198E+09,  1.14466E+09,  1.13712E+09,  1.12939E+09,  1.12152E+09,  1.11351E+09,  1.10540E+09,  1.09721E+09,  1.08895E+09,  1.08065E+09,  1.07232E+09,  1.06398E+09,  1.05564E+09,  1.04730E+09,  1.03899E+09,  1.03071E+09,  1.02247E+09
  1.00001E+00,  1.00016E+00,  1.00128E+00,  1.00543E+00,  1.01646E+00,  1.04309E+00,  1.10932E+00,  1.28665E+00,  1.79786E+00,  3.36072E+00,  8.32831E+00,  2.44011E+01,  7.62631E+01,  2.40121E+02,  7.39421E+02,  2.18969E+03,  6.17171E+03,  1.64519E+04,  4.13342E+04,  9.77486E+04,  2.17637E+05,  4.56869E+05,  9.06247E+05,  1.70329E+06,  3.04263E+06,  5.18230E+06,  8.44358E+06,  1.32025E+07,  1.98732E+07,  2.88836E+07,  4.06473E+07,  5.55336E+07,  7.38399E+07,  9.57701E+07,  1.21419E+08,  1.50766E+08,  1.83678E+08,  2.19914E+08,  2.59145E+08,  3.00967E+08,  3.44924E+08,  3.90528E+08,  4.37277E+08,  4.84671E+08,  5.32231E+08,  5.79506E+08,  6.26084E+08,  6.71599E+08,  7.15730E+08,  7.58207E+08,  7.98808E+08,  8.37359E+08,  8.73726E+08,  9.07819E+08,  9.39581E+08,  9.68990E+08,  9.96048E+08,  1.02078E+09,  1.04324E+09,  1.06349E+09,  1.08160E+09,  1.09766E+09,  1.11176E+09,  1.12401E+09,  1.13449E+09,  1.14331E+09,  1.15058E+09,  1.15640E+09,  1.16086E+09,  1.16406E+09,  1.16610E+09,  1.16707E+09,  1.16704E+09,  1.16611E+09,  1.16435E+09,  1.16183E+09,  1.15862E+09,  1.15479E+09,  1.15039E+09,  1.14549E+09,  1.14012E+09,  1.13435E+09,  1.12822E+09,  1.12177E+09,  1.11504E+09,  1.10806E+09,  1.10087E+09,  1.09349E+09,  1.08596E+09,  1.07830E+09,  1.07053E+09,  1.06267E+09,  1.05475E+09,  1.04678E+09,  1.03878E+09,  1.03076E+09,  1.02273E+09,  1.01471E+09,  1.00671E+09,  9.98740E+08,  9.90804E+08
  1.00001E+00,  1.00015E+00,  1.00123E+00,  1.00526E+00,  1.01600E+00,  1.04183E+00,  1.10572E+00,  1.27569E+00,  1.76230E+00,  3.23999E+00,  7.90759E+00,  2.29265E+01,  7.11628E+01,  2.23003E+02,  6.84415E+02,  2.02215E+03,  5.69139E+03,  1.51609E+04,  3.80869E+04,  9.01051E+04,  2.00778E+05,  4.21943E+05,  8.38090E+05,  1.57758E+06,  2.82267E+06,  4.81591E+06,  7.86041E+06,  1.23125E+07,  1.85663E+07,  2.70313E+07,  3.81058E+07,  5.21480E+07,  6.94502E+07,  9.02169E+07,  1.14550E+08,  1.42440E+08,  1.73772E+08,  2.08326E+08,  2.45796E+08,  2.85802E+08,  3.27913E+08,  3.71665E+08,  4.16577E+08,  4.62172E+08,  5.07985E+08,  5.53583E+08,  5.98566E+08,  6.42575E+08,  6.85299E+08,  7.26472E+08,  7.65874E+08,  8.03332E+08,  8.38711E+08,  8.71920E+08,  9.02899E+08,  9.31620E+08,  9.58084E+08,  9.82313E+08,  1.00435E+09,  1.02425E+09,  1.04208E+09,  1.05793E+09,  1.07188E+09,  1.08403E+09,  1.09447E+09,  1.10330E+09,  1.11062E+09,  1.11652E+09,  1.12110E+09,  1.12446E+09,  1.12667E+09,  1.12784E+09,  1.12804E+09,  1.12735E+09,  1.12585E+09,  1.12360E+09,  1.12068E+09,  1.11714E+09,  1.11305E+09,  1.10846E+09,  1.10341E+09,  1.09796E+09,  1.09216E+09,  1.08603E+09,  1.07963E+09,  1.07298E+09,  1.06612E+09,  1.05907E+09,  1.05187E+09,  1.04453E+09,  1.03709E+09,  1.02955E+09,  1.02195E+09,  1.01430E+09,  1.00661E+09,  9.98896E+08,  9.91176E+08,  9.83459E+08,  9.75756E+08,  9.68076E+08,  9.60429E+08
  1.00001E+00,  1.00014E+00,  1.00119E+00,  1.00510E+00,  1.01555E+00,  1.04062E+00,  1.10230E+00,  1.26531E+00,  1.72886E+00,  3.12720E+00,  7.51693E+00,  2.15644E+01,  6.64723E+01,  2.07315E+02,  6.34126E+02,  1.86924E+03,  5.25336E+03,  1.39838E+04,  3.51252E+04,  8.31284E+04,  1.85372E+05,  3.89983E+05,  7.75620E+05,  1.46215E+06,  2.62034E+06,  4.47824E+06,  7.32194E+06,  1.14891E+07,  1.73550E+07,  2.53113E+07,  3.57415E+07,  4.89931E+07,  6.53529E+07,  8.50252E+07,  1.08118E+08,  1.34634E+08,  1.64472E+08,  1.97432E+08,  2.33230E+08,  2.71510E+08,  3.11864E+08,  3.53850E+08,  3.97008E+08,  4.40881E+08,  4.85023E+08,  5.29013E+08,  5.72463E+08,  6.15025E+08,  6.56394E+08,  6.96308E+08,  7.34552E+08,  7.70951E+08,  8.05374E+08,  8.37724E+08,  8.67940E+08,  8.95991E+08,  9.21873E+08,  9.45604E+08,  9.67220E+08,  9.86775E+08,  1.00433E+09,  1.01997E+09,  1.03377E+09,  1.04582E+09,  1.05621E+09,  1.06504E+09,  1.07239E+09,  1.07837E+09,  1.08306E+09,  1.08655E+09,  1.08893E+09,  1.09028E+09,  1.09069E+09,  1.09023E+09,  1.08897E+09,  1.08698E+09,  1.08433E+09,  1.08107E+09,  1.07726E+09,  1.07297E+09,  1.06822E+09,  1.06308E+09,  1.05758E+09,  1.05177E+09,  1.04568E+09,  1.03934E+09,  1.03280E+09,  1.02606E+09,  1.01917E+09,  1.01215E+09,  1.00501E+09,  9.97786E+08,  9.90489E+08,  9.83137E+08,  9.75745E+08,  9.68329E+08,  9.60900E+08,  9.53471E+08,  9.46053E+08,  9.38653E+08,  9.31282E+08
  1.00000E+00,  1.00014E+00,  1.00115E+00,  1.00495E+00,  1.01512E+00,  1.03946E+00,  1.09903E+00,  1.25547E+00,  1.69739E+00,  3.02174E+00,  7.15382E+00,  2.03049E+01,  6.21541E+01,  1.92920E+02,  5.88102E+02,  1.72952E+03,  4.85350E+03,  1.29095E+04,  3.24214E+04,  7.67545E+04,  1.71282E+05,  3.60713E+05,  7.18318E+05,  1.35609E+06,  2.43409E+06,  4.16683E+06,  6.82440E+06,  1.07269E+07,  1.62315E+07,  2.37133E+07,  3.35409E+07,  4.60517E+07,  6.15264E+07,  8.01691E+07,  1.02093E+08,  1.27310E+08,  1.55734E+08,  1.87185E+08,  2.21396E+08,  2.58035E+08,  2.96715E+08,  3.37016E+08,  3.78500E+08,  4.20726E+08,  4.63266E+08,  5.05713E+08,  5.47691E+08,  5.88861E+08,  6.28924E+08,  6.67625E+08,  7.04749E+08,  7.40125E+08,  7.73620E+08,  8.05136E+08,  8.34610E+08,  8.62007E+08,  8.87320E+08,  9.10562E+08,  9.31766E+08,  9.50979E+08,  9.68262E+08,  9.83687E+08,  9.97330E+08,  1.00928E+09,  1.01961E+09,  1.02842E+09,  1.03580E+09,  1.04184E+09,  1.04663E+09,  1.05025E+09,  1.05278E+09,  1.05431E+09,  1.05491E+09,  1.05466E+09,  1.05363E+09,  1.05188E+09,  1.04948E+09,  1.04649E+09,  1.04296E+09,  1.03894E+09,  1.03448E+09,  1.02963E+09,  1.02442E+09,  1.01891E+09,  1.01311E+09,  1.00708E+09,  1.00083E+09,  9.94393E+08,  9.87801E+08,  9.81073E+08,  9.74234E+08,  9.67301E+08,  9.60295E+08,  9.53231E+08,  9.46125E+08,  9.38991E+08,  9.31841E+08,  9.24688E+08,  9.17541E+08,  9.10410E+08,  9.03303E+08
  1.00000E+00,  1.00013E+00,  1.00111E+00,  1.00481E+00,  1.01471E+00,  1.03835E+00,  1.09591E+00,  1.24615E+00,  1.66774E+00,  2.92304E+00,  6.81597E+00,  1.91391E+01,  5.81744E+01,  1.79699E+02,  5.45937E+02,  1.60174E+03,  4.48812E+03,  1.19282E+04,  2.99508E+04,  7.09262E+04,  1.58385E+05,  3.33884E+05,  6.65715E+05,  1.25856E+06,  2.26253E+06,  3.87945E+06,  6.36440E+06,  1.00209E+07,  1.51890E+07,  2.22276E+07,  3.14915E+07,  4.33076E+07,  5.79509E+07,  7.56245E+07,  9.64453E+07,  1.20436E+08,  1.47523E+08,  1.77541E+08,  2.10246E+08,  2.45323E+08,  2.82409E+08,  3.21103E+08,  3.60986E+08,  4.01637E+08,  4.42643E+08,  4.83609E+08,  5.24173E+08,  5.64003E+08,  6.02809E+08,  6.40338E+08,  6.76381E+08,  7.10766E+08,  7.43361E+08,  7.74067E+08,  8.02819E+08,  8.29579E+08,  8.54336E+08,  8.77098E+08,  8.97896E+08,  9.16771E+08,  9.33781E+08,  9.48991E+08,  9.62474E+08,  9.74311E+08,  9.84583E+08,  9.93377E+08,  1.00078E+09,  1.00687E+09,  1.01174E+09,  1.01547E+09,  1.01814E+09,  1.01983E+09,  1.02062E+09,  1.02057E+09,  1.01975E+09,  1.01823E+09,  1.01607E+09,  1.01332E+09,  1.01005E+09,  1.00629E+09,  1.00211E+09,  9.97529E+08,  9.92604E+08,  9.87370E+08,  9.81861E+08,  9.76109E+08,  9.70145E+08,  9.63996E+08,  9.57688E+08,  9.51245E+08,  9.44687E+08,  9.38035E+08,  9.31306E+08,  9.24518E+08,  9.17685E+08,  9.10821E+08,  9.03938E+08,  8.97048E+08,  8.90162E+08,  8.83287E+08,  8.76434E+08
  1.00000E+00,  1.00013E+00,  1.00107E+00,  1.00466E+00,  1.01430E+00,  1.03727E+00,  1.09293E+00,  1.23730E+00,  1.63979E+00,  2.83057E+00,  6.50132E+00,  1.80590E+01,  5.45030E+01,  1.67544E+02,  5.07268E+02,  1.48475E+03,  4.15393E+03,  1.10309E+04,  2.76913E+04,  6.55923E+04,  1.46569E+05,  3.09274E+05,  6.17390E+05,  1.16882E+06,  2.10438E+06,  3.61405E+06,  5.93881E+06,  9.36646E+06,  1.42209E+07,  2.08456E+07,  2.95819E+07,  4.07464E+07,  5.46081E+07,  7.13691E+07,  9.11497E+07,  1.13981E+08,  1.39801E+08,  1.68461E+08,  1.99734E+08,  2.33326E+08,  2.68893E+08,  3.06053E+08,  3.44407E+08,  3.83551E+08,  4.23085E+08,  4.62631E+08,  5.01835E+08,  5.40377E+08,  5.77970E+08,  6.14369E+08,  6.49367E+08,  6.82793E+08,  7.14516E+08,  7.44435E+08,  7.72484E+08,  7.98623E+08,  8.22835E+08,  8.45128E+08,  8.65526E+08,  8.84067E+08,  9.00805E+08,  9.15800E+08,  9.29122E+08,  9.40846E+08,  9.51050E+08,  9.59817E+08,  9.67228E+08,  9.73365E+08,  9.78310E+08,  9.82143E+08,  9.84942E+08,  9.86781E+08,  9.87734E+08,  9.87870E+08,  9.87253E+08,  9.85948E+08,  9.84013E+08,  9.81503E+08,  9.78472E+08,  9.74968E+08,  9.71037E+08,  9.66722E+08,  9.62063E+08,  9.57097E+08,  9.51858E+08,  9.46377E+08,  9.40685E+08,  9.34808E+08,  9.28772E+08,  9.22599E+08,  9.16311E+08,  9.09927E+08,  9.03464E+08,  8.96939E+08,  8.90367E+08,  8.83761E+08,  8.77134E+08,  8.70497E+08,  8.63859E+08,  8.57231E+08,  8.50620E+08
  1.00000E+00,  1.00012E+00,  1.00103E+00,  1.00453E+00,  1.01392E+00,  1.03624E+00,  1.09008E+00,  1.22889E+00,  1.61341E+00,  2.74386E+00,  6.20801E+00,  1.70573E+01,  5.11126E+01,  1.56358E+02,  4.71770E+02,  1.37753E+03,  3.84797E+03,  1.02097E+04,  2.56230E+04,  6.07067E+04,  1.35736E+05,  2.86682E+05,  5.72961E+05,  1.08618E+06,  1.95850E+06,  3.36881E+06,  5.54483E+06,  8.75955E+06,  1.33215E+07,  1.95593E+07,  2.78014E+07,  3.83545E+07,  5.14814E+07,  6.73825E+07,  8.61813E+07,  1.07916E+08,  1.32536E+08,  1.59908E+08,  1.89821E+08,  2.21999E+08,  2.56118E+08,  2.91814E+08,  3.28706E+08,  3.66406E+08,  4.04531E+08,  4.42713E+08,  4.80611E+08,  5.17911E+08,  5.54336E+08,  5.89644E+08,  6.23632E+08,  6.56130E+08,  6.87007E+08,  7.16162E+08,  7.43527E+08,  7.69060E+08,  7.92741E+08,  8.14573E+08,  8.34577E+08,  8.52789E+08,  8.69257E+08,  8.84037E+08,  8.97195E+08,  9.08803E+08,  9.18934E+08,  9.27668E+08,  9.35082E+08,  9.41255E+08,  9.46265E+08,  9.50191E+08,  9.53106E+08,  9.55084E+08,  9.56194E+08,  9.56503E+08,  9.56076E+08,  9.54972E+08,  9.53250E+08,  9.50963E+08,  9.48163E+08,  9.44897E+08,  9.41209E+08,  9.37143E+08,  9.32736E+08,  9.28025E+08,  9.23043E+08,  9.17821E+08,  9.12388E+08,  9.06771E+08,  9.00994E+08,  8.95080E+08,  8.89049E+08,  8.82921E+08,  8.76712E+08,  8.70439E+08,  8.64117E+08,  8.57759E+08,  8.51376E+08,  8.44980E+08,  8.38581E+08,  8.32188E+08,  8.25810E+08
  1.00000E+00,  1.00012E+00,  1.00100E+00,  1.00440E+00,  1.01355E+00,  1.03525E+00,  1.08736E+00,  1.22090E+00,  1.58851E+00,  2.66250E+00,  5.93432E+00,  1.61273E+01,  4.79785E+01,  1.46052E+02,  4.39151E+02,  1.27919E+03,  3.56759E+03,  9.45741E+03,  2.37281E+04,  5.62280E+04,  1.25795E+05,  2.65926E+05,  5.32085E+05,  1.01003E+06,  1.82384E+06,  3.14204E+06,  5.17987E+06,  8.19635E+06,  1.24854E+07,  1.83615E+07,  2.61406E+07,  3.61196E+07,  4.85552E+07,  6.36460E+07,  8.15177E+07,  1.02215E+08,  1.25699E+08,  1.51848E+08,  1.80468E+08,  2.11300E+08,  2.44037E+08,  2.78336E+08,  3.13830E+08,  3.50148E+08,  3.86921E+08,  4.23794E+08,  4.60435E+08,  4.96541E+08,  5.31840E+08,  5.66095E+08,  5.99105E+08,  6.30705E+08,  6.60762E+08,  6.89176E+08,  7.15875E+08,  7.40816E+08,  7.63978E+08,  7.85359E+08,  8.04977E+08,  8.22864E+08,  8.39063E+08,  8.53628E+08,  8.66621E+08,  8.78110E+08,  8.88164E+08,  8.96858E+08,  9.04268E+08,  9.10470E+08,  9.15537E+08,  9.19546E+08,  9.22568E+08,  9.24673E+08,  9.25929E+08,  9.26401E+08,  9.26150E+08,  9.25237E+08,  9.23715E+08,  9.21639E+08,  9.19057E+08,  9.16017E+08,  9.12561E+08,  9.08731E+08,  9.04564E+08,  9.00095E+08,  8.95358E+08,  8.90383E+08,  8.85198E+08,  8.79829E+08,  8.74299E+08,  8.68632E+08,  8.62847E+08,  8.56964E+08,  8.50998E+08,  8.44967E+08,  8.38883E+08,  8.32762E+08,  8.26613E+08,  8.20449E+08,  8.14279E+08,  8.08111E+08,  8.01956E+08
  1.00000E+00,  1.00011E+00,  1.00096E+00,  1.00427E+00,  1.01319E+00,  1.03430E+00,  1.08475E+00,  1.21330E+00,  1.56497E+00,  2.58607E+00,  5.67872E+00,  1.52632E+01,  4.50786E+01,  1.36549E+02,  4.09150E+02,  1.18889E+03,  3.31043E+03,  8.76771E+03,  2.19906E+04,  5.21189E+04,  1.16667E+05,  2.46842E+05,  4.94450E+05,  9.39801E+05,  1.69946E+06,  2.93221E+06,  4.84159E+06,  7.67339E+06,  1.17077E+07,  1.72453E+07,  2.45904E+07,  3.40302E+07,  4.58154E+07,  6.01421E+07,  7.71381E+07,  9.68541E+07,  1.19260E+08,  1.44249E+08,  1.71639E+08,  2.01189E+08,  2.32610E+08,  2.65572E+08,  2.99730E+08,  3.34724E+08,  3.70200E+08,  4.05815E+08,  4.41249E+08,  4.76204E+08,  5.10417E+08,  5.43656E+08,  5.75722E+08,  6.06451E+08,  6.35713E+08,  6.63406E+08,  6.89459E+08,  7.13823E+08,  7.36477E+08,  7.57416E+08,  7.76655E+08,  7.94221E+08,  8.10154E+08,  8.24505E+08,  8.37332E+08,  8.48698E+08,  8.58671E+08,  8.67321E+08,  8.74721E+08,  8.80944E+08,  8.86061E+08,  8.90144E+08,  8.93263E+08,  8.95485E+08,  8.96877E+08,  8.97501E+08,  8.97416E+08,  8.96681E+08,  8.95350E+08,  8.93472E+08,  8.91098E+08,  8.88271E+08,  8.85035E+08,  8.81429E+08,  8.77490E+08,  8.73253E+08,  8.68750E+08,  8.64010E+08,  8.59061E+08,  8.53928E+08,  8.48636E+08,  8.43205E+08,  8.37655E+08,  8.32005E+08,  8.26273E+08,  8.20472E+08,  8.14617E+08,  8.08722E+08,  8.02798E+08,  7.96856E+08,  7.90905E+08,  7.84954E+08,  7.79012E+08
  1.00000E+00,  1.00011E+00,  1.00093E+00,  1.00415E+00,  1.01284E+00,  1.03339E+00,  1.08226E+00,  1.20607E+00,  1.54271E+00,  2.51422E+00,  5.43979E+00,  1.44595E+01,  4.23929E+01,  1.27777E+02,  3.81528E+02,  1.10590E+03,  3.07434E+03,  8.13482E+03,  2.03960E+04,  4.83458E+04,  1.08277E+05,  2.29284E+05,  4.59775E+05,  8.75001E+05,  1.58449E+06,  2.73795E+06,  4.52785E+06,  7.18753E+06,  1.09839E+07,  1.62048E+07,  2.31429E+07,  3.20760E+07,  4.32488E+07,  5.68548E+07,  7.30234E+07,  9.18104E+07,  1.13195E+08,  1.37081E+08,  1.63301E+08,  1.91631E+08,  2.21794E+08,  2.53481E+08,  2.86359E+08,  3.20085E+08,  3.54317E+08,  3.88725E+08,  4.22996E+08,  4.56844E+08,  4.90010E+08,  5.22266E+08,  5.53419E+08,  5.83306E+08,  6.11797E+08,  6.38790E+08,  6.64213E+08,  6.88016E+08,  7.10174E+08,  7.30680E+08,  7.49546E+08,  7.66795E+08,  7.82466E+08,  7.96604E+08,  8.09263E+08,  8.20505E+08,  8.30393E+08,  8.38994E+08,  8.46378E+08,  8.52615E+08,  8.57773E+08,  8.61923E+08,  8.65130E+08,  8.67461E+08,  8.68979E+08,  8.69745E+08,  8.69816E+08,  8.69249E+08,  8.68097E+08,  8.66407E+08,  8.64229E+08,  8.61605E+08,  8.58578E+08,  8.55185E+08,  8.51464E+08,  8.47447E+08,  8.43166E+08,  8.38651E+08,  8.33927E+08,  8.29020E+08,  8.23954E+08,  8.18748E+08,  8.13424E+08,  8.07998E+08,  8.02488E+08,  7.96908E+08,  7.91273E+08,  7.85595E+08,  7.79886E+08,  7.74156E+08,  7.68415E+08,  7.62672E+08,  7.56935E+08
  1.00000E+00,  1.00010E+00,  1.00090E+00,  1.00403E+00,  1.01250E+00,  1.03250E+00,  1.07987E+00,  1.19918E+00,  1.52164E+00,  2.44663E+00,  5.21625E+00,  1.37112E+01,  3.99032E+01,  1.19674E+02,  3.56076E+02,  1.02957E+03,  2.85742E+03,  7.55355E+03,  1.89314E+04,  4.48785E+04,  1.00561E+05,  2.13116E+05,  4.27804E+05,  8.15164E+05,  1.47817E+06,  2.55798E+06,  4.23670E+06,  6.73587E+06,  1.03099E+07,  1.52343E+07,  2.17904E+07,  3.02473E+07,  4.08432E+07,  5.37692E+07,  6.91556E+07,  8.70630E+07,  1.07479E+08,  1.30317E+08,  1.55425E+08,  1.82590E+08,  2.11555E+08,  2.42022E+08,  2.73676E+08,  3.06186E+08,  3.39225E+08,  3.72472E+08,  4.05625E+08,  4.38406E+08,  4.70561E+08,  5.01870E+08,  5.32140E+08,  5.61211E+08,  5.88954E+08,  6.15267E+08,  6.40077E+08,  6.63332E+08,  6.85006E+08,  7.05089E+08,  7.23588E+08,  7.40526E+08,  7.55936E+08,  7.69862E+08,  7.82354E+08,  7.93469E+08,  8.03269E+08,  8.11817E+08,  8.19180E+08,  8.25425E+08,  8.30618E+08,  8.34826E+08,  8.38114E+08,  8.40545E+08,  8.42180E+08,  8.43078E+08,  8.43296E+08,  8.42887E+08,  8.41903E+08,  8.40392E+08,  8.38399E+08,  8.35968E+08,  8.33139E+08,  8.29949E+08,  8.26434E+08,  8.22628E+08,  8.18559E+08,  8.14258E+08,  8.09749E+08,  8.05058E+08,  8.00208E+08,  7.95218E+08,  7.90109E+08,  7.84898E+08,  7.79601E+08,  7.74233E+08,  7.68808E+08,  7.63338E+08,  7.57835E+08,  7.52309E+08,  7.46770E+08,  7.41226E+08,  7.35685E+08
  1.00000E+00,  1.00010E+00,  1.00087E+00,  1.00391E+00,  1.01218E+00,  1.03165E+00,  1.07758E+00,  1.19262E+00,  1.50168E+00,  2.38298E+00,  5.00694E+00,  1.30141E+01,  3.75931E+01,  1.12180E+02,  3.32600E+02,  9.59291E+02,  2.65792E+03,  7.01925E+03,  1.75850E+04,  4.16898E+04,  9.34595E+04,  1.98219E+05,  3.98307E+05,  7.59876E+05,  1.37977E+06,  2.39114E+06,  3.96635E+06,  6.31578E+06,  9.68189E+06,  1.43285E+07,  2.05262E+07,  2.85351E+07,  3.85875E+07,  5.08716E+07,  6.55183E+07,  8.25925E+07,  1.02089E+08,  1.23931E+08,  1.47980E+08,  1.74036E+08,  2.01856E+08,  2.31158E+08,  2.61639E+08,  2.92985E+08,  3.24878E+08,  3.57009E+08,  3.89087E+08,  4.20840E+08,  4.52021E+08,  4.82413E+08,  5.11829E+08,  5.40110E+08,  5.67128E+08,  5.92781E+08,  6.16994E+08,  6.39716E+08,  6.60916E+08,  6.80584E+08,  6.98724E+08,  7.15355E+08,  7.30508E+08,  7.44223E+08,  7.56547E+08,  7.67534E+08,  7.77243E+08,  7.85734E+08,  7.93071E+08,  7.99318E+08,  8.04540E+08,  8.08800E+08,  8.12160E+08,  8.14683E+08,  8.16427E+08,  8.17448E+08,  8.17803E+08,  8.17544E+08,  8.16719E+08,  8.15376E+08,  8.13559E+08,  8.11310E+08,  8.08670E+08,  8.05673E+08,  8.02355E+08,  7.98749E+08,  7.94883E+08,  7.90785E+08,  7.86483E+08,  7.81998E+08,  7.77354E+08,  7.72571E+08,  7.67668E+08,  7.62662E+08,  7.57569E+08,  7.52404E+08,  7.47180E+08,  7.41910E+08,  7.36605E+08,  7.31274E+08,  7.25928E+08,  7.20576E+08,  7.15224E+08
  1.00000E+00,  1.00009E+00,  1.00084E+00,  1.00380E+00,  1.01186E+00,  1.03083E+00,  1.07538E+00,  1.18636E+00,  1.48276E+00,  2.32301E+00,  4.81078E+00,  1.23639E+01,  3.54478E+01,  1.05245E+02,  3.10928E+02,  8.94530E+02,  2.47429E+03,  6.52771E+03,  1.63464E+04,  3.87550E+04,  8.69179E+04,  1.84482E+05,  3.71072E+05,  7.08757E+05,  1.28865E+06,  2.23640E+06,  3.71518E+06,  5.92482E+06,  9.09650E+06,  1.34828E+07,  1.93439E+07,  2.69313E+07,  3.64714E+07,  4.81493E+07,  6.20963E+07,  7.83809E+07,  9.70044E+07,  1.17901E+08,  1.40941E+08,  1.65939E+08,  1.92666E+08,  2.20853E+08,  2.50213E+08,  2.80441E+08,  3.11234E+08,  3.42293E+08,  3.73336E+08,  4.04098E+08,  4.34339E+08,  4.63846E+08,  4.92436E+08,  5.19952E+08,  5.46266E+08,  5.71277E+08,  5.94910E+08,  6.17112E+08,  6.37850E+08,  6.57112E+08,  6.74899E+08,  6.91228E+08,  7.06127E+08,  7.19632E+08,  7.31788E+08,  7.42646E+08,  7.52261E+08,  7.60692E+08,  7.67999E+08,  7.74244E+08,  7.79488E+08,  7.83793E+08,  7.87219E+08,  7.89826E+08,  7.91670E+08,  7.92807E+08,  7.93291E+08,  7.93171E+08,  7.92496E+08,  7.91312E+08,  7.89662E+08,  7.87587E+08,  7.85125E+08,  7.82312E+08,  7.79182E+08,  7.75766E+08,  7.72094E+08,  7.68191E+08,  7.64085E+08,  7.59798E+08,  7.55351E+08,  7.50766E+08,  7.46060E+08,  7.41251E+08,  7.36353E+08,  7.31383E+08,  7.26352E+08,  7.21273E+08,  7.16157E+08,  7.11015E+08,  7.05854E+08,  7.00685E+08,  6.95515E+08
  1.00000E+00,  1.00009E+00,  1.00081E+00,  1.00369E+00,  1.01156E+00,  1.03004E+00,  1.07327E+00,  1.18039E+00,  1.46482E+00,  2.26645E+00,  4.62679E+00,  1.17571E+01,  3.34536E+01,  9.88196E+01,  2.90903E+02,  8.34804E+02,  2.30513E+03,  6.07513E+03,  1.52061E+04,  3.60519E+04,  8.08880E+04,  1.71807E+05,  3.45911E+05,  6.61461E+05,  1.20422E+06,  2.09279E+06,  3.48168E+06,  5.56077E+06,  8.55051E+06,  1.26927E+07,  1.82375E+07,  2.54283E+07,  3.44853E+07,  4.55905E+07,  5.88754E+07,  7.44116E+07,  9.22065E+07,  1.12203E+08,  1.34282E+08,  1.58272E+08,  1.83954E+08,  2.11076E+08,  2.39360E+08,  2.68517E+08,  2.98254E+08,  3.28283E+08,  3.58329E+08,  3.88136E+08,  4.17469E+08,  4.46122E+08,  4.73912E+08,  5.00686E+08,  5.26318E+08,  5.50706E+08,  5.73774E+08,  5.95469E+08,  6.15756E+08,  6.34621E+08,  6.52062E+08,  6.68094E+08,  6.82742E+08,  6.96039E+08,  7.08027E+08,  7.18755E+08,  7.28275E+08,  7.36642E+08,  7.43915E+08,  7.50152E+08,  7.55413E+08,  7.59757E+08,  7.63242E+08,  7.65925E+08,  7.67863E+08,  7.69108E+08,  7.69712E+08,  7.69724E+08,  7.69191E+08,  7.68157E+08,  7.66665E+08,  7.64755E+08,  7.62463E+08,  7.59825E+08,  7.56874E+08,  7.53639E+08,  7.50151E+08,  7.46435E+08,  7.42516E+08,  7.38418E+08,  7.34161E+08,  7.29764E+08,  7.25247E+08,  7.20626E+08,  7.15916E+08,  7.11132E+08,  7.06286E+08,  7.01391E+08,  6.96457E+08,  6.91495E+08,  6.86513E+08,  6.81520E+08,  6.76523E+08
  1.00000E+00,  1.00008E+00,  1.00078E+00,  1.00359E+00,  1.01127E+00,  1.02928E+00,  1.07124E+00,  1.17469E+00,  1.44778E+00,  2.21307E+00,  4.45408E+00,  1.11902E+01,  3.15985E+01,  9.28625E+01,  2.72385E+02,  7.79672E+02,  2.14917E+03,  5.65811E+03,  1.41553E+04,  3.35602E+04,  7.53258E+04,  1.60103E+05,  3.22649E+05,  6.17676E+05,  1.12593E+06,  1.95943E+06,  3.26450E+06,  5.22161E+06,  8.04100E+06,  1.19542E+07,  1.72018E+07,  2.40191E+07,  3.26203E+07,  4.31844E+07,  5.58424E+07,  7.06689E+07,  8.76768E+07,  1.06817E+08,  1.27982E+08,  1.51009E+08,  1.75693E+08,  2.01795E+08,  2.29050E+08,  2.57179E+08,  2.85902E+08,  3.14939E+08,  3.44026E+08,  3.72912E+08,  4.01370E+08,  4.29196E+08,  4.56213E+08,  4.82268E+08,  5.07238E+08,  5.31020E+08,  5.53539E+08,  5.74740E+08,  5.94587E+08,  6.13063E+08,  6.30165E+08,  6.45904E+08,  6.60304E+08,  6.73395E+08,  6.85216E+08,  6.95813E+08,  7.05236E+08,  7.13536E+08,  7.20771E+08,  7.26996E+08,  7.32269E+08,  7.36646E+08,  7.40184E+08,  7.42938E+08,  7.44962E+08,  7.46307E+08,  7.47024E+08,  7.47160E+08,  7.46760E+08,  7.45869E+08,  7.44527E+08,  7.42773E+08,  7.40643E+08,  7.38171E+08,  7.35390E+08,  7.32329E+08,  7.29017E+08,  7.25479E+08,  7.21739E+08,  7.17821E+08,  7.13745E+08,  7.09530E+08,  7.05194E+08,  7.00753E+08,  6.96223E+08,  6.91617E+08,  6.86949E+08,  6.82230E+08,  6.77471E+08,  6.72682E+08,  6.67871E+08,  6.63047E+08,  6.58218E+08
  1.00000E+00,  1.00008E+00,  1.00076E+00,  1.00349E+00,  1.01098E+00,  1.02854E+00,  1.06930E+00,  1.16924E+00,  1.43160E+00,  2.16265E+00,  4.29184E+00,  1.06602E+01,  2.98712E+01,  8.73346E+01,  2.55246E+02,  7.28740E+02,  2.00526E+03,  5.27353E+03,  1.31864E+04,  3.12618E+04,  7.01914E+04,  1.49289E+05,  3.01130E+05,  5.77116E+05,  1.05331E+06,  1.83551E+06,  3.06239E+06,  4.90547E+06,  7.56531E+06,  1.12636E+07,  1.62318E+07,  2.26972E+07,  3.08684E+07,  4.09209E+07,  5.29853E+07,  6.71385E+07,  8.33988E+07,  1.01724E+08,  1.22017E+08,  1.44125E+08,  1.67857E+08,  1.92982E+08,  2.19250E+08,  2.46394E+08,  2.74142E+08,  3.02226E+08,  3.30388E+08,  3.58387E+08,  3.85999E+08,  4.13027E+08,  4.39295E+08,  4.64654E+08,  4.88981E+08,  5.12175E+08,  5.34160E+08,  5.54879E+08,  5.74296E+08,  5.92391E+08,  6.09161E+08,  6.24613E+08,  6.38768E+08,  6.51655E+08,  6.63310E+08,  6.73775E+08,  6.83099E+08,  6.91331E+08,  6.98524E+08,  7.04733E+08,  7.10013E+08,  7.14418E+08,  7.18003E+08,  7.20821E+08,  7.22925E+08,  7.24363E+08,  7.25185E+08,  7.25438E+08,  7.25165E+08,  7.24408E+08,  7.23208E+08,  7.21602E+08,  7.19626E+08,  7.17313E+08,  7.14694E+08,  7.11798E+08,  7.08654E+08,  7.05286E+08,  7.01718E+08,  6.97973E+08,  6.94069E+08,  6.90028E+08,  6.85865E+08,  6.81597E+08,  6.77240E+08,  6.72806E+08,  6.68308E+08,  6.63758E+08,  6.59166E+08,  6.54543E+08,  6.49897E+08,  6.45236E+08,  6.40567E+08
  1.00000E+00,  1.00008E+00,  1.00073E+00,  1.00340E+00,  1.01071E+00,  1.02783E+00,  1.06743E+00,  1.16403E+00,  1.41623E+00,  2.11500E+00,  4.13930E+00,  1.01643E+01,  2.82616E+01,  8.22006E+01,  2.39369E+02,  6.81649E+02,  1.87236E+03,  4.91861E+03,  1.22923E+04,  2.91401E+04,  6.54486E+04,  1.39290E+05,  2.81210E+05,  5.39520E+05,  9.85894E+05,  1.72031E+06,  2.87419E+06,  4.61062E+06,  7.12095E+06,  1.06175E+07,  1.53228E+07,  2.14567E+07,  2.92218E+07,  3.87905E+07,  5.02926E+07,  6.38070E+07,  7.93568E+07,  9.69071E+07,  1.16368E+08,  1.37600E+08,  1.60420E+08,  1.84611E+08,  2.09933E+08,  2.36131E+08,  2.62942E+08,  2.90109E+08,  3.17381E+08,  3.44523E+08,  3.71320E+08,  3.97575E+08,  4.23119E+08,  4.47804E+08,  4.71507E+08,  4.94130E+08,  5.15594E+08,  5.35844E+08,  5.54841E+08,  5.72564E+08,  5.89007E+08,  6.04177E+08,  6.18091E+08,  6.30776E+08,  6.42265E+08,  6.52599E+08,  6.61822E+08,  6.69983E+08,  6.77132E+08,  6.83321E+08,  6.88604E+08,  6.93032E+08,  6.96659E+08,  6.99535E+08,  7.01712E+08,  7.03237E+08,  7.04158E+08,  7.04520E+08,  7.04366E+08,  7.03737E+08,  7.02671E+08,  7.01206E+08,  6.99376E+08,  6.97214E+08,  6.94749E+08,  6.92012E+08,  6.89028E+08,  6.85823E+08,  6.82419E+08,  6.78838E+08,  6.75101E+08,  6.71226E+08,  6.67229E+08,  6.63127E+08,  6.58935E+08,  6.54665E+08,  6.50331E+08,  6.45944E+08,  6.41513E+08,  6.37049E+08,  6.32561E+08,  6.28056E+08,  6.23542E+08
  1.00000E+00,  1.00007E+00,  1.00071E+00,  1.00330E+00,  1.01044E+00,  1.02714E+00,  1.06563E+00,  1.15905E+00,  1.40160E+00,  2.06994E+00,  3.99578E+00,  9.69991E+00,  2.67605E+01,  7.74285E+01,  2.24650E+02,  6.38074E+02,  1.74953E+03,  4.59079E+03,  1.14666E+04,  2.71802E+04,  6.10646E+04,  1.30039E+05,  2.62759E+05,  5.04650E+05,  9.23279E+05,  1.61315E+06,  2.69886E+06,  4.33550E+06,  6.70566E+06,  1.00127E+07,  1.44707E+07,  2.02919E+07,  2.76737E+07,  3.67846E+07,  4.77538E+07,  6.06620E+07,  7.55362E+07,  9.23482E+07,  1.11017E+08,  1.31411E+08,  1.53359E+08,  1.76656E+08,  2.01072E+08,  2.26361E+08,  2.52272E+08,  2.78556E+08,  3.04971E+08,  3.31287E+08,  3.57295E+08,  3.82804E+08,  4.07647E+08,  4.31678E+08,  4.54776E+08,  4.76843E+08,  4.97801E+08,  5.17594E+08,  5.36181E+08,  5.53540E+08,  5.69664E+08,  5.84556E+08,  5.98233E+08,  6.10717E+08,  6.22041E+08,  6.32243E+08,  6.41365E+08,  6.49453E+08,  6.56555E+08,  6.62721E+08,  6.68002E+08,  6.72449E+08,  6.76113E+08,  6.79042E+08,  6.81286E+08,  6.82892E+08,  6.83906E+08,  6.84371E+08,  6.84329E+08,  6.83820E+08,  6.82882E+08,  6.81551E+08,  6.79860E+08,  6.77841E+08,  6.75524E+08,  6.72937E+08,  6.70107E+08,  6.67056E+08,  6.63810E+08,  6.60387E+08,  6.56809E+08,  6.53092E+08,  6.49255E+08,  6.45312E+08,  6.41279E+08,  6.37167E+08,  6.32990E+08,  6.28758E+08,  6.24483E+08,  6.20172E+08,  6.15836E+08,  6.11482E+08,  6.07116E+08
  1.00000E+00,  1.00007E+00,  1.00068E+00,  1.00321E+00,  1.01018E+00,  1.02648E+00,  1.06390E+00,  1.15429E+00,  1.38768E+00,  2.02728E+00,  3.86065E+00,  9.26471E+00,  2.53594E+01,  7.29893E+01,  2.10994E+02,  5.97720E+02,  1.63593E+03,  4.28779E+03,  1.07035E+04,  2.53684E+04,  5.70095E+04,  1.21475E+05,  2.45657E+05,  4.72290E+05,  8.65088E+05,  1.51342E+06,  2.53542E+06,  4.07864E+06,  6.31735E+06,  9.44633E+06,  1.36715E+07,  1.91979E+07,  2.62174E+07,  3.48951E+07,  4.53592E+07,  5.76917E+07,  7.19235E+07,  8.80324E+07,  1.05945E+08,  1.25539E+08,  1.46654E+08,  1.69094E+08,  1.92640E+08,  2.17057E+08,  2.42104E+08,  2.67538E+08,  2.93126E+08,  3.18646E+08,  3.43893E+08,  3.68680E+08,  3.92843E+08,  4.16241E+08,  4.38752E+08,  4.60279E+08,  4.80744E+08,  5.00091E+08,  5.18278E+08,  5.35281E+08,  5.51092E+08,  5.65711E+08,  5.79154E+08,  5.91440E+08,  6.02601E+08,  6.12671E+08,  6.21691E+08,  6.29704E+08,  6.36757E+08,  6.42897E+08,  6.48173E+08,  6.52634E+08,  6.56329E+08,  6.59306E+08,  6.61612E+08,  6.63293E+08,  6.64393E+08,  6.64955E+08,  6.65019E+08,  6.64624E+08,  6.63807E+08,  6.62602E+08,  6.61043E+08,  6.59161E+08,  6.56985E+08,  6.54542E+08,  6.51858E+08,  6.48957E+08,  6.45860E+08,  6.42589E+08,  6.39163E+08,  6.35599E+08,  6.31914E+08,  6.28124E+08,  6.24243E+08,  6.20283E+08,  6.16256E+08,  6.12175E+08,  6.08048E+08,  6.03885E+08,  5.99695E+08,  5.95485E+08,  5.91262E+08
  1.00000E+00,  1.00007E+00,  1.00066E+00,  1.00312E+00,  1.00993E+00,  1.02584E+00,  1.06223E+00,  1.14972E+00,  1.37443E+00,  1.98688E+00,  3.73332E+00,  8.85653E+00,  2.40506E+01,  6.88564E+01,  1.98313E+02,  5.60320E+02,  1.53077E+03,  4.00751E+03,  9.99779E+03,  2.36924E+04,  5.32560E+04,  1.13540E+05,  2.29797E+05,  4.42240E+05,  8.10980E+05,  1.42054E+06,  2.38300E+06,  3.83873E+06,  5.95409E+06,  8.91568E+06,  1.29215E+07,  1.81699E+07,  2.48469E+07,  3.31146E+07,  4.30997E+07,  5.48854E+07,  6.85061E+07,  8.39452E+07,  1.01136E+08,  1.19967E+08,  1.40284E+08,  1.61903E+08,  1.84615E+08,  2.08195E+08,  2.32410E+08,  2.57026E+08,  2.81818E+08,  3.06569E+08,  3.31080E+08,  3.55169E+08,  3.78675E+08,  4.01458E+08,  4.23399E+08,  4.44401E+08,  4.64388E+08,  4.83299E+08,  5.01096E+08,  5.17751E+08,  5.33255E+08,  5.47607E+08,  5.60818E+08,  5.72910E+08,  5.83908E+08,  5.93846E+08,  6.02763E+08,  6.10700E+08,  6.17701E+08,  6.23812E+08,  6.29079E+08,  6.33550E+08,  6.37273E+08,  6.40293E+08,  6.42656E+08,  6.44407E+08,  6.45587E+08,  6.46240E+08,  6.46404E+08,  6.46116E+08,  6.45414E+08,  6.44330E+08,  6.42897E+08,  6.41146E+08,  6.39104E+08,  6.36798E+08,  6.34254E+08,  6.31494E+08,  6.28541E+08,  6.25415E+08,  6.22134E+08,  6.18717E+08,  6.15179E+08,  6.11535E+08,  6.07800E+08,  6.03986E+08,  6.00104E+08,  5.96167E+08,  5.92183E+08,  5.88162E+08,  5.84112E+08,  5.80041E+08,  5.75956E+08
  1.00000E+00,  1.00007E+00,  1.00064E+00,  1.00304E+00,  1.00969E+00,  1.02522E+00,  1.06063E+00,  1.14535E+00,  1.36180E+00,  1.94859E+00,  3.61326E+00,  8.47343E+00,  2.28271E+01,  6.50057E+01,  1.86528E+02,  5.25632E+02,  1.43336E+03,  3.74806E+03,  9.34465E+03,  2.21409E+04,  4.97796E+04,  1.06185E+05,  2.15079E+05,  4.14321E+05,  7.60638E+05,  1.33401E+06,  2.24077E+06,  3.61453E+06,  5.61410E+06,  8.41828E+06,  1.22175E+07,  1.72034E+07,  2.35568E+07,  3.14361E+07,  4.09667E+07,  5.22330E+07,  6.52722E+07,  8.00730E+07,  9.65757E+07,  1.14676E+08,  1.34230E+08,  1.55063E+08,  1.76975E+08,  1.99750E+08,  2.23165E+08,  2.46994E+08,  2.71017E+08,  2.95027E+08,  3.18827E+08,  3.42241E+08,  3.65110E+08,  3.87297E+08,  4.08685E+08,  4.29177E+08,  4.48697E+08,  4.67185E+08,  4.84600E+08,  5.00916E+08,  5.16118E+08,  5.30207E+08,  5.43192E+08,  5.55090E+08,  5.65927E+08,  5.75735E+08,  5.84548E+08,  5.92408E+08,  5.99355E+08,  6.05433E+08,  6.10689E+08,  6.15167E+08,  6.18913E+08,  6.21971E+08,  6.24386E+08,  6.26201E+08,  6.27458E+08,  6.28196E+08,  6.28454E+08,  6.28268E+08,  6.27674E+08,  6.26705E+08,  6.25392E+08,  6.23764E+08,  6.21850E+08,  6.19676E+08,  6.17265E+08,  6.14641E+08,  6.11826E+08,  6.08839E+08,  6.05698E+08,  6.02421E+08,  5.99023E+08,  5.95520E+08,  5.91925E+08,  5.88251E+08,  5.84509E+08,  5.80709E+08,  5.76863E+08,  5.72978E+08,  5.69064E+08,  5.65127E+08,  5.61174E+08
  1.00000E+00,  1.00006E+00,  1.00062E+00,  1.00296E+00,  1.00946E+00,  1.02462E+00,  1.05908E+00,  1.14116E+00,  1.34976E+00,  1.91228E+00,  3.49997E+00,  8.11360E+00,  2.16825E+01,  6.14152E+01,  1.75569E+02,  4.93434E+02,  1.34306E+03,  3.50773E+03,  8.73976E+03,  2.07038E+04,  4.65576E+04,  9.93625E+04,  2.01413E+05,  3.88366E+05,  7.13777E+05,  1.25334E+06,  2.10800E+06,  3.40491E+06,  5.29575E+06,  7.95183E+06,  1.15564E+07,  1.62944E+07,  2.23417E+07,  2.98530E+07,  3.89526E+07,  4.97251E+07,  6.22108E+07,  7.64031E+07,  9.22488E+07,  1.09651E+08,  1.28475E+08,  1.48554E+08,  1.69698E+08,  1.91700E+08,  2.14345E+08,  2.37416E+08,  2.60699E+08,  2.83993E+08,  3.07106E+08,  3.29867E+08,  3.52119E+08,  3.73728E+08,  3.94579E+08,  4.14576E+08,  4.33641E+08,  4.51717E+08,  4.68760E+08,  4.84742E+08,  4.99650E+08,  5.13481E+08,  5.26242E+08,  5.37950E+08,  5.48627E+08,  5.58304E+08,  5.67014E+08,  5.74794E+08,  5.81686E+08,  5.87730E+08,  5.92971E+08,  5.97452E+08,  6.01218E+08,  6.04310E+08,  6.06773E+08,  6.08648E+08,  6.09975E+08,  6.10792E+08,  6.11139E+08,  6.11050E+08,  6.10559E+08,  6.09698E+08,  6.08499E+08,  6.06990E+08,  6.05198E+08,  6.03149E+08,  6.00866E+08,  5.98372E+08,  5.95689E+08,  5.92834E+08,  5.89828E+08,  5.86685E+08,  5.83422E+08,  5.80054E+08,  5.76594E+08,  5.73054E+08,  5.69446E+08,  5.65780E+08,  5.62065E+08,  5.58312E+08,  5.54527E+08,  5.50719E+08,  5.46895E+08
  1.00000E+00,  1.00006E+00,  1.00060E+00,  1.00288E+00,  1.00923E+00,  1.02404E+00,  1.05759E+00,  1.13714E+00,  1.33827E+00,  1.87782E+00,  3.39300E+00,  7.77537E+00,  2.06109E+01,  5.80648E+01,  1.65369E+02,  4.63525E+02,  1.25930E+03,  3.28494E+03,  8.17917E+03,  1.93717E+04,  4.35695E+04,  9.30305E+04,  1.88716E+05,  3.64224E+05,  6.70130E+05,  1.17811E+06,  1.98398E+06,  3.20882E+06,  4.99751E+06,  7.51421E+06,  1.09352E+07,  1.54391E+07,  2.11968E+07,  2.83595E+07,  3.70498E+07,  4.73529E+07,  5.93117E+07,  7.29238E+07,  8.81420E+07,  1.04877E+08,  1.23001E+08,  1.42358E+08,  1.62765E+08,  1.84024E+08,  2.05929E+08,  2.28269E+08,  2.50839E+08,  2.73441E+08,  2.95890E+08,  3.18019E+08,  3.39674E+08,  3.60723E+08,  3.81052E+08,  4.00567E+08,  4.19190E+08,  4.36863E+08,  4.53543E+08,  4.69200E+08,  4.83819E+08,  4.97397E+08,  5.09938E+08,  5.21458E+08,  5.31977E+08,  5.41524E+08,  5.50130E+08,  5.57830E+08,  5.64665E+08,  5.70673E+08,  5.75896E+08,  5.80377E+08,  5.84158E+08,  5.87281E+08,  5.89787E+08,  5.91717E+08,  5.93110E+08,  5.94003E+08,  5.94433E+08,  5.94434E+08,  5.94041E+08,  5.93284E+08,  5.92193E+08,  5.90797E+08,  5.89121E+08,  5.87192E+08,  5.85031E+08,  5.82662E+08,  5.80105E+08,  5.77378E+08,  5.74499E+08,  5.71486E+08,  5.68353E+08,  5.65114E+08,  5.61784E+08,  5.58373E+08,  5.54893E+08,  5.51355E+08,  5.47768E+08,  5.44141E+08,  5.40481E+08,  5.36797E+08,  5.33095E+08
  1.00000E+00,  1.00006E+00,  1.00058E+00,  1.00280E+00,  1.00901E+00,  1.02348E+00,  1.05616E+00,  1.13328E+00,  1.32730E+00,  1.84510E+00,  3.29192E+00,  7.45722E+00,  1.96069E+01,  5.49360E+01,  1.55868E+02,  4.35722E+02,  1.18153E+03,  3.07827E+03,  7.65928E+03,  1.81361E+04,  4.07966E+04,  8.71499E+04,  1.76913E+05,  3.41755E+05,  6.29457E+05,  1.10790E+06,  1.86808E+06,  3.02532E+06,  4.71799E+06,  7.10345E+06,  1.03512E+07,  1.46341E+07,  2.01176E+07,  2.69498E+07,  3.52515E+07,  4.51083E+07,  5.65653E+07,  6.96240E+07,  8.42430E+07,  1.00339E+08,  1.17794E+08,  1.36458E+08,  1.56158E+08,  1.76703E+08,  1.97895E+08,  2.19531E+08,  2.41412E+08,  2.63347E+08,  2.85155E+08,  3.06671E+08,  3.27748E+08,  3.48253E+08,  3.68076E+08,  3.87122E+08,  4.05315E+08,  4.22596E+08,  4.38921E+08,  4.54260E+08,  4.68597E+08,  4.81926E+08,  4.94251E+08,  5.05585E+08,  5.15948E+08,  5.25365E+08,  5.33867E+08,  5.41487E+08,  5.48263E+08,  5.54232E+08,  5.59436E+08,  5.63914E+08,  5.67708E+08,  5.70857E+08,  5.73402E+08,  5.75383E+08,  5.76837E+08,  5.77800E+08,  5.78309E+08,  5.78397E+08,  5.78096E+08,  5.77437E+08,  5.76449E+08,  5.75160E+08,  5.73596E+08,  5.71781E+08,  5.69737E+08,  5.67487E+08,  5.65050E+08,  5.62446E+08,  5.59690E+08,  5.56801E+08,  5.53792E+08,  5.50678E+08,  5.47472E+08,  5.44186E+08,  5.40830E+08,  5.37415E+08,  5.33950E+08,  5.30444E+08,  5.26905E+08,  5.23341E+08,  5.19757E+08
  1.00000E+00,  1.00006E+00,  1.00056E+00,  1.00273E+00,  1.00880E+00,  1.02293E+00,  1.05477E+00,  1.12958E+00,  1.31683E+00,  1.81401E+00,  3.19636E+00,  7.15777E+00,  1.86656E+01,  5.20122E+01,  1.47014E+02,  4.09859E+02,  1.10929E+03,  2.88643E+03,  7.17682E+03,  1.69894E+04,  3.82219E+04,  8.16855E+04,  1.65935E+05,  3.20832E+05,  5.91535E+05,  1.04235E+06,  1.75973E+06,  2.85350E+06,  4.45590E+06,  6.71775E+06,  9.80216E+06,  1.38760E+07,  1.91000E+07,  2.56188E+07,  3.35514E+07,  4.29836E+07,  5.39625E+07,  6.64934E+07,  8.05398E+07,  9.60256E+07,  1.12839E+08,  1.30838E+08,  1.49858E+08,  1.69717E+08,  1.90223E+08,  2.11181E+08,  2.32398E+08,  2.53688E+08,  2.74875E+08,  2.95800E+08,  3.16315E+08,  3.36294E+08,  3.55625E+08,  3.74215E+08,  3.91990E+08,  4.08888E+08,  4.24867E+08,  4.39895E+08,  4.53955E+08,  4.67040E+08,  4.79152E+08,  4.90303E+08,  5.00511E+08,  5.09800E+08,  5.18198E+08,  5.25737E+08,  5.32453E+08,  5.38382E+08,  5.43564E+08,  5.48036E+08,  5.51839E+08,  5.55011E+08,  5.57592E+08,  5.59620E+08,  5.61130E+08,  5.62160E+08,  5.62742E+08,  5.62911E+08,  5.62698E+08,  5.62133E+08,  5.61243E+08,  5.60057E+08,  5.58599E+08,  5.56892E+08,  5.54961E+08,  5.52825E+08,  5.50504E+08,  5.48016E+08,  5.45379E+08,  5.42609E+08,  5.39719E+08,  5.36725E+08,  5.33639E+08,  5.30471E+08,  5.27235E+08,  5.23938E+08,  5.20591E+08,  5.17203E+08,  5.13780E+08,  5.10330E+08,  5.06861E+08
  1.00000E+00,  1.00005E+00,  1.00054E+00,  1.00265E+00,  1.00859E+00,  1.02240E+00,  1.05344E+00,  1.12603E+00,  1.30682E+00,  1.78445E+00,  3.10594E+00,  6.87570E+00,  1.77824E+01,  4.92780E+01,  1.38754E+02,  3.85782E+02,  1.04212E+03,  2.70822E+03,  6.72879E+03,  1.59244E+04,  3.58296E+04,  7.66047E+04,  1.55718E+05,  3.01338E+05,  5.56158E+05,  9.81127E+05,  1.65837E+06,  2.69256E+06,  4.21004E+06,  6.35542E+06,  9.28562E+06,  1.31618E+07,  1.81401E+07,  2.43615E+07,  3.19435E+07,  4.09718E+07,  5.14950E+07,  6.35221E+07,  7.70214E+07,  9.19229E+07,  1.08122E+08,  1.25484E+08,  1.43851E+08,  1.63050E+08,  1.82895E+08,  2.03199E+08,  2.23775E+08,  2.44442E+08,  2.65030E+08,  2.85381E+08,  3.05354E+08,  3.24821E+08,  3.43674E+08,  3.61822E+08,  3.79188E+08,  3.95714E+08,  4.11355E+08,  4.26079E+08,  4.39868E+08,  4.52713E+08,  4.64616E+08,  4.75587E+08,  4.85642E+08,  4.94803E+08,  5.03097E+08,  5.10555E+08,  5.17209E+08,  5.23097E+08,  5.28254E+08,  5.32718E+08,  5.36527E+08,  5.39720E+08,  5.42333E+08,  5.44403E+08,  5.45966E+08,  5.47058E+08,  5.47710E+08,  5.47956E+08,  5.47826E+08,  5.47349E+08,  5.46553E+08,  5.45464E+08,  5.44107E+08,  5.42505E+08,  5.40681E+08,  5.38654E+08,  5.36444E+08,  5.34069E+08,  5.31545E+08,  5.28889E+08,  5.26114E+08,  5.23235E+08,  5.20263E+08,  5.17211E+08,  5.14089E+08,  5.10906E+08,  5.07673E+08,  5.04397E+08,  5.01086E+08,  4.97748E+08,  4.94388E+08
  1.00000E+00,  1.00005E+00,  1.00053E+00,  1.00258E+00,  1.00839E+00,  1.02189E+00,  1.05214E+00,  1.12261E+00,  1.29726E+00,  1.75634E+00,  3.02034E+00,  6.60984E+00,  1.69531E+01,  4.67191E+01,  1.31045E+02,  3.63354E+02,  9.79642E+02,  2.54257E+03,  6.31248E+03,  1.49347E+04,  3.36056E+04,  7.18780E+04,  1.46204E+05,  2.83165E+05,  5.23140E+05,  9.23907E+05,  1.56352E+06,  2.54173E+06,  3.97930E+06,  6.01489E+06,  8.79948E+06,  1.24888E+07,  1.72342E+07,  2.31736E+07,  3.04223E+07,  3.90661E+07,  4.91550E+07,  6.07012E+07,  7.36776E+07,  8.80198E+07,  1.03630E+08,  1.20380E+08,  1.38120E+08,  1.56684E+08,  1.75894E+08,  1.95568E+08,  2.15525E+08,  2.35591E+08,  2.55598E+08,  2.75394E+08,  2.94840E+08,  3.13811E+08,  3.32200E+08,  3.49917E+08,  3.66886E+08,  3.83049E+08,  3.98360E+08,  4.12787E+08,  4.26310E+08,  4.38921E+08,  4.50618E+08,  4.61411E+08,  4.71315E+08,  4.80349E+08,  4.88539E+08,  4.95915E+08,  5.02508E+08,  5.08352E+08,  5.13483E+08,  5.17936E+08,  5.21749E+08,  5.24959E+08,  5.27600E+08,  5.29710E+08,  5.31322E+08,  5.32472E+08,  5.33190E+08,  5.33508E+08,  5.33457E+08,  5.33064E+08,  5.32357E+08,  5.31361E+08,  5.30101E+08,  5.28599E+08,  5.26877E+08,  5.24954E+08,  5.22851E+08,  5.20583E+08,  5.18168E+08,  5.15622E+08,  5.12957E+08,  5.10189E+08,  5.07328E+08,  5.04386E+08,  5.01374E+08,  4.98301E+08,  4.95177E+08,  4.92010E+08,  4.88807E+08,  4.85575E+08,  4.82321E+08
  1.00000E+00,  1.00005E+00,  1.00051E+00,  1.00252E+00,  1.00819E+00,  1.02140E+00,  1.05090E+00,  1.11932E+00,  1.28810E+00,  1.72957E+00,  2.93925E+00,  6.35909E+00,  1.61740E+01,  4.43228E+01,  1.23845E+02,  3.42446E+02,  9.21477E+02,  2.38849E+03,  5.92539E+03,  1.40145E+04,  3.15367E+04,  6.74780E+04,  1.37340E+05,  2.66216E+05,  4.92308E+05,  8.70406E+05,  1.47471E+06,  2.40032E+06,  3.76266E+06,  5.69472E+06,  8.34178E+06,  1.18542E+07,  1.63790E+07,  2.20506E+07,  2.89826E+07,  3.72602E+07,  4.69352E+07,  5.80222E+07,  7.04986E+07,  8.43054E+07,  9.93505E+07,  1.15514E+08,  1.32652E+08,  1.50605E+08,  1.69202E+08,  1.88268E+08,  2.07629E+08,  2.27113E+08,  2.46559E+08,  2.65818E+08,  2.84753E+08,  3.03242E+08,  3.21181E+08,  3.38479E+08,  3.55062E+08,  3.70870E+08,  3.85859E+08,  3.99995E+08,  4.13259E+08,  4.25639E+08,  4.37135E+08,  4.47753E+08,  4.57506E+08,  4.66415E+08,  4.74502E+08,  4.81795E+08,  4.88326E+08,  4.94125E+08,  4.99228E+08,  5.03668E+08,  5.07483E+08,  5.10706E+08,  5.13373E+08,  5.15519E+08,  5.17177E+08,  5.18380E+08,  5.19160E+08,  5.19547E+08,  5.19570E+08,  5.19257E+08,  5.18635E+08,  5.17728E+08,  5.16560E+08,  5.15153E+08,  5.13529E+08,  5.11707E+08,  5.09705E+08,  5.07541E+08,  5.05231E+08,  5.02789E+08,  5.00231E+08,  4.97568E+08,  4.94814E+08,  4.91978E+08,  4.89073E+08,  4.86106E+08,  4.83087E+08,  4.80024E+08,  4.76925E+08,  4.73796E+08,  4.70645E+08
  1.00000E+00,  1.00005E+00,  1.00049E+00,  1.00245E+00,  1.00800E+00,  1.02092E+00,  1.04969E+00,  1.11616E+00,  1.27934E+00,  1.70408E+00,  2.86238E+00,  6.12244E+00,  1.54416E+01,  4.20772E+01,  1.17114E+02,  3.22942E+02,  8.67295E+02,  2.24508E+03,  5.56524E+03,  1.31582E+04,  2.96111E+04,  6.33800E+04,  1.29076E+05,  2.50400E+05,  4.63503E+05,  8.20358E+05,  1.39153E+06,  2.26767E+06,  3.55918E+06,  5.39358E+06,  7.91067E+06,  1.12557E+07,  1.55713E+07,  2.09887E+07,  2.76195E+07,  3.55485E+07,  4.48285E+07,  5.54771E+07,  6.74754E+07,  8.07694E+07,  9.52732E+07,  1.10873E+08,  1.27432E+08,  1.44797E+08,  1.62804E+08,  1.81285E+08,  2.00069E+08,  2.18991E+08,  2.37895E+08,  2.56633E+08,  2.75073E+08,  2.93095E+08,  3.10596E+08,  3.27486E+08,  3.43692E+08,  3.59156E+08,  3.73830E+08,  3.87683E+08,  4.00692E+08,  4.12846E+08,  4.24143E+08,  4.34588E+08,  4.44194E+08,  4.52978E+08,  4.60962E+08,  4.68174E+08,  4.74640E+08,  4.80394E+08,  4.85467E+08,  4.89893E+08,  4.93706E+08,  4.96940E+08,  4.99630E+08,  5.01808E+08,  5.03509E+08,  5.04762E+08,  5.05600E+08,  5.06052E+08,  5.06146E+08,  5.05909E+08,  5.05367E+08,  5.04545E+08,  5.03465E+08,  5.02150E+08,  5.00619E+08,  4.98893E+08,  4.96989E+08,  4.94924E+08,  4.92714E+08,  4.90374E+08,  4.87917E+08,  4.85357E+08,  4.82705E+08,  4.79972E+08,  4.77168E+08,  4.74303E+08,  4.71386E+08,  4.68424E+08,  4.65425E+08,  4.62395E+08,  4.59342E+08
  1.00000E+00,  1.00005E+00,  1.00048E+00,  1.00239E+00,  1.00782E+00,  1.02045E+00,  1.04853E+00,  1.11312E+00,  1.27095E+00,  1.67979E+00,  2.78948E+00,  5.89895E+00,  1.47525E+01,  3.99714E+01,  1.10819E+02,  3.04737E+02,  8.16789E+02,  2.11152E+03,  5.22995E+03,  1.23611E+04,  2.78177E+04,  5.95611E+04,  1.21370E+05,  2.35633E+05,  4.36578E+05,  7.73518E+05,  1.31357E+06,  2.14320E+06,  3.36797E+06,  5.11020E+06,  7.50446E+06,  1.06911E+07,  1.48083E+07,  1.99842E+07,  2.63285E+07,  3.39254E+07,  4.28287E+07,  5.30584E+07,  6.45993E+07,  7.74023E+07,  9.13869E+07,  1.06445E+08,  1.22448E+08,  1.39247E+08,  1.56686E+08,  1.74602E+08,  1.92829E+08,  2.11208E+08,  2.29586E+08,  2.47821E+08,  2.65780E+08,  2.83349E+08,  3.00424E+08,  3.16918E+08,  3.32758E+08,  3.47885E+08,  3.62252E+08,  3.75827E+08,  3.88587E+08,  4.00520E+08,  4.11621E+08,  4.21897E+08,  4.31357E+08,  4.40017E+08,  4.47900E+08,  4.55028E+08,  4.61431E+08,  4.67138E+08,  4.72179E+08,  4.76588E+08,  4.80398E+08,  4.83641E+08,  4.86351E+08,  4.88559E+08,  4.90299E+08,  4.91599E+08,  4.92492E+08,  4.93005E+08,  4.93166E+08,  4.93001E+08,  4.92536E+08,  4.91794E+08,  4.90799E+08,  4.89570E+08,  4.88130E+08,  4.86495E+08,  4.84685E+08,  4.82715E+08,  4.80602E+08,  4.78359E+08,  4.76000E+08,  4.73538E+08,  4.70984E+08,  4.68350E+08,  4.65644E+08,  4.62878E+08,  4.60058E+08,  4.57193E+08,  4.54291E+08,  4.51357E+08,  4.48399E+08
  1.00000E+00,  1.00004E+00,  1.00046E+00,  1.00232E+00,  1.00764E+00,  1.02000E+00,  1.04740E+00,  1.11020E+00,  1.26292E+00,  1.65663E+00,  2.72029E+00,  5.68775E+00,  1.41038E+01,  3.79953E+01,  1.04928E+02,  2.87732E+02,  7.69679E+02,  1.98705E+03,  4.91761E+03,  1.16185E+04,  2.61466E+04,  5.60003E+04,  1.14178E+05,  2.21839E+05,  4.11398E+05,  7.29660E+05,  1.24049E+06,  2.02634E+06,  3.18821E+06,  4.84345E+06,  7.12156E+06,  1.01581E+07,  1.40872E+07,  1.90337E+07,  2.51053E+07,  3.23858E+07,  4.09297E+07,  5.07591E+07,  6.18623E+07,  7.41948E+07,  8.76814E+07,  1.02220E+08,  1.17687E+08,  1.33942E+08,  1.50834E+08,  1.68204E+08,  1.85894E+08,  2.03748E+08,  2.21618E+08,  2.39364E+08,  2.56858E+08,  2.73986E+08,  2.90648E+08,  3.06757E+08,  3.22239E+08,  3.37038E+08,  3.51105E+08,  3.64409E+08,  3.76925E+08,  3.88640E+08,  3.99551E+08,  4.09659E+08,  4.18975E+08,  4.27513E+08,  4.35294E+08,  4.42340E+08,  4.48678E+08,  4.54337E+08,  4.59346E+08,  4.63737E+08,  4.67541E+08,  4.70790E+08,  4.73517E+08,  4.75753E+08,  4.77528E+08,  4.78873E+08,  4.79816E+08,  4.80387E+08,  4.80611E+08,  4.80515E+08,  4.80123E+08,  4.79458E+08,  4.78543E+08,  4.77398E+08,  4.76043E+08,  4.74497E+08,  4.72777E+08,  4.70898E+08,  4.68877E+08,  4.66728E+08,  4.64463E+08,  4.62096E+08,  4.59637E+08,  4.57097E+08,  4.54487E+08,  4.51815E+08,  4.49089E+08,  4.46318E+08,  4.43509E+08,  4.40668E+08,  4.37801E+08
  1.00000E+00,  1.00004E+00,  1.00045E+00,  1.00227E+00,  1.00746E+00,  1.01956E+00,  1.04632E+00,  1.10738E+00,  1.25521E+00,  1.63454E+00,  2.65459E+00,  5.48806E+00,  1.34927E+01,  3.61399E+01,  9.94102E+01,  2.71837E+02,  7.25710E+02,  1.87098E+03,  4.62648E+03,  1.09264E+04,  2.45885E+04,  5.26784E+04,  1.07463E+05,  2.08948E+05,  3.87839E+05,  6.88576E+05,  1.17193E+06,  1.91659E+06,  3.01916E+06,  4.59225E+06,  6.76049E+06,  9.65484E+06,  1.34054E+07,  1.81340E+07,  2.39461E+07,  3.09249E+07,  3.91257E+07,  4.85725E+07,  5.92570E+07,  7.11387E+07,  8.41475E+07,  9.81870E+07,  1.13140E+08,  1.28870E+08,  1.45234E+08,  1.62078E+08,  1.79248E+08,  1.96595E+08,  2.13972E+08,  2.31245E+08,  2.48288E+08,  2.64989E+08,  2.81249E+08,  2.96983E+08,  3.12118E+08,  3.26596E+08,  3.40371E+08,  3.53409E+08,  3.65686E+08,  3.77189E+08,  3.87911E+08,  3.97854E+08,  4.07028E+08,  4.15445E+08,  4.23125E+08,  4.30089E+08,  4.36362E+08,  4.41972E+08,  4.46948E+08,  4.51318E+08,  4.55115E+08,  4.58369E+08,  4.61111E+08,  4.63371E+08,  4.65179E+08,  4.66565E+08,  4.67556E+08,  4.68181E+08,  4.68466E+08,  4.68434E+08,  4.68112E+08,  4.67521E+08,  4.66682E+08,  4.65617E+08,  4.64345E+08,  4.62883E+08,  4.61248E+08,  4.59458E+08,  4.57526E+08,  4.55466E+08,  4.53292E+08,  4.51016E+08,  4.48648E+08,  4.46200E+08,  4.43681E+08,  4.41100E+08,  4.38465E+08,  4.35784E+08,  4.33065E+08,  4.30313E+08,  4.27535E+08
  1.00000E+00,  1.00004E+00,  1.00044E+00,  1.00221E+00,  1.00729E+00,  1.01914E+00,  1.04526E+00,  1.10466E+00,  1.24783E+00,  1.61345E+00,  2.59216E+00,  5.29912E+00,  1.29167E+01,  3.43965E+01,  9.42395E+01,  2.56972E+02,  6.84646E+02,  1.76268E+03,  4.35496E+03,  1.02809E+04,  2.31350E+04,  4.95777E+04,  1.01190E+05,  1.96893E+05,  3.65786E+05,  6.50072E+05,  1.10760E+06,  1.81347E+06,  2.86011E+06,  4.35559E+06,  6.41988E+06,  9.17949E+06,  1.27606E+07,  1.72819E+07,  2.28471E+07,  2.95383E+07,  3.74116E+07,  4.64926E+07,  5.67762E+07,  6.82257E+07,  8.07760E+07,  9.43360E+07,  1.08793E+08,  1.24019E+08,  1.39874E+08,  1.56210E+08,  1.72879E+08,  1.89735E+08,  2.06636E+08,  2.23450E+08,  2.40055E+08,  2.56341E+08,  2.72211E+08,  2.87579E+08,  3.02375E+08,  3.16541E+08,  3.30031E+08,  3.42810E+08,  3.54853E+08,  3.66147E+08,  3.76684E+08,  3.86466E+08,  3.95499E+08,  4.03797E+08,  4.11376E+08,  4.18258E+08,  4.24466E+08,  4.30026E+08,  4.34967E+08,  4.39316E+08,  4.43104E+08,  4.46360E+08,  4.49114E+08,  4.51396E+08,  4.53235E+08,  4.54659E+08,  4.55695E+08,  4.56371E+08,  4.56713E+08,  4.56743E+08,  4.56487E+08,  4.55966E+08,  4.55201E+08,  4.54212E+08,  4.53018E+08,  4.51637E+08,  4.50086E+08,  4.48379E+08,  4.46533E+08,  4.44559E+08,  4.42472E+08,  4.40284E+08,  4.38004E+08,  4.35644E+08,  4.33213E+08,  4.30719E+08,  4.28172E+08,  4.25579E+08,  4.22946E+08,  4.20280E+08,  4.17588E+08
  1.00000E+00,  1.00004E+00,  1.00042E+00,  1.00215E+00,  1.00713E+00,  1.01872E+00,  1.04424E+00,  1.10204E+00,  1.24074E+00,  1.59331E+00,  2.53282E+00,  5.12026E+00,  1.23734E+01,  3.27575E+01,  8.93907E+01,  2.43061E+02,  6.46272E+02,  1.66156E+03,  4.10157E+03,  9.67853E+03,  2.17783E+04,  4.66820E+04,  9.53275E+04,  1.85617E+05,  3.45133E+05,  6.13971E+05,  1.04722E+06,  1.71654E+06,  2.71041E+06,  4.13255E+06,  6.09846E+06,  8.73033E+06,  1.21506E+07,  1.64748E+07,  2.18048E+07,  2.82218E+07,  3.57822E+07,  4.45136E+07,  5.44132E+07,  6.54485E+07,  7.75586E+07,  9.06577E+07,  1.04639E+08,  1.19378E+08,  1.34742E+08,  1.50588E+08,  1.66773E+08,  1.83153E+08,  1.99594E+08,  2.15964E+08,  2.32144E+08,  2.48027E+08,  2.63516E+08,  2.78530E+08,  2.92996E+08,  3.06858E+08,  3.20069E+08,  3.32594E+08,  3.44409E+08,  3.55497E+08,  3.65853E+08,  3.75475E+08,  3.84370E+08,  3.92550E+08,  4.00029E+08,  4.06829E+08,  4.12972E+08,  4.18482E+08,  4.23387E+08,  4.27713E+08,  4.31490E+08,  4.34746E+08,  4.37511E+08,  4.39812E+08,  4.41679E+08,  4.43138E+08,  4.44217E+08,  4.44942E+08,  4.45337E+08,  4.45426E+08,  4.45233E+08,  4.44778E+08,  4.44083E+08,  4.43167E+08,  4.42049E+08,  4.40746E+08,  4.39274E+08,  4.37648E+08,  4.35884E+08,  4.33993E+08,  4.31990E+08,  4.29886E+08,  4.27691E+08,  4.25415E+08,  4.23069E+08,  4.20661E+08,  4.18198E+08,  4.15689E+08,  4.13140E+08,  4.10557E+08,  4.07947E+08
  1.00000E+00,  1.00004E+00,  1.00041E+00,  1.00210E+00,  1.00697E+00,  1.01832E+00,  1.04325E+00,  1.09952E+00,  1.23394E+00,  1.57407E+00,  2.47637E+00,  4.95083E+00,  1.18608E+01,  3.12156E+01,  8.48411E+01,  2.30034E+02,  6.10390E+02,  1.56710E+03,  3.86497E+03,  9.11616E+03,  2.05113E+04,  4.39763E+04,  8.98456E+04,  1.75062E+05,  3.25783E+05,  5.80107E+05,  9.90499E+05,  1.62539E+06,  2.56946E+06,  3.92226E+06,  5.79502E+06,  8.30577E+06,  1.15732E+07,  1.57101E+07,  2.08159E+07,  2.69714E+07,  3.42330E+07,  4.26299E+07,  5.21619E+07,  6.27999E+07,  7.44875E+07,  8.71435E+07,  1.00666E+08,  1.14937E+08,  1.29828E+08,  1.45201E+08,  1.60917E+08,  1.76838E+08,  1.92832E+08,  2.08771E+08,  2.24539E+08,  2.40031E+08,  2.55151E+08,  2.69819E+08,  2.83964E+08,  2.97529E+08,  3.10467E+08,  3.22745E+08,  3.34336E+08,  3.45224E+08,  3.55401E+08,  3.64866E+08,  3.73625E+08,  3.81687E+08,  3.89068E+08,  3.95787E+08,  4.01864E+08,  4.07324E+08,  4.12191E+08,  4.16494E+08,  4.20258E+08,  4.23513E+08,  4.26286E+08,  4.28604E+08,  4.30497E+08,  4.31989E+08,  4.33107E+08,  4.33877E+08,  4.34323E+08,  4.34468E+08,  4.34335E+08,  4.33944E+08,  4.33316E+08,  4.32470E+08,  4.31424E+08,  4.30195E+08,  4.28799E+08,  4.27251E+08,  4.25566E+08,  4.23755E+08,  4.21833E+08,  4.19809E+08,  4.17696E+08,  4.15502E+08,  4.13238E+08,  4.10911E+08,  4.08530E+08,  4.06102E+08,  4.03634E+08,  4.01132E+08,  3.98601E+08
  1.00000E+00,  1.00004E+00,  1.00040E+00,  1.00204E+00,  1.00681E+00,  1.01793E+00,  1.04230E+00,  1.09708E+00,  1.22740E+00,  1.55568E+00,  2.42265E+00,  4.79025E+00,  1.13766E+01,  2.97642E+01,  8.05695E+01,  2.17827E+02,  5.76817E+02,  1.47881E+03,  3.64392E+03,  8.59079E+03,  1.93274E+04,  4.14468E+04,  8.47170E+04,  1.65179E+05,  3.07644E+05,  5.48328E+05,  9.37210E+05,  1.53964E+06,  2.43669E+06,  3.72393E+06,  5.50846E+06,  7.90431E+06,  1.10266E+07,  1.49851E+07,  1.98775E+07,  2.57834E+07,  3.27595E+07,  4.08364E+07,  5.00162E+07,  6.02733E+07,  7.15550E+07,  8.37851E+07,  9.68665E+07,  1.10686E+08,  1.25120E+08,  1.40036E+08,  1.55300E+08,  1.70777E+08,  1.86338E+08,  2.01860E+08,  2.17228E+08,  2.32339E+08,  2.47101E+08,  2.61432E+08,  2.75264E+08,  2.88539E+08,  3.01212E+08,  3.13247E+08,  3.24619E+08,  3.35310E+08,  3.45312E+08,  3.54623E+08,  3.63247E+08,  3.71194E+08,  3.78478E+08,  3.85115E+08,  3.91126E+08,  3.96535E+08,  4.01365E+08,  4.05642E+08,  4.09393E+08,  4.12644E+08,  4.15423E+08,  4.17757E+08,  4.19673E+08,  4.21196E+08,  4.22351E+08,  4.23164E+08,  4.23658E+08,  4.23856E+08,  4.23779E+08,  4.23449E+08,  4.22885E+08,  4.22106E+08,  4.21129E+08,  4.19972E+08,  4.18649E+08,  4.17176E+08,  4.15566E+08,  4.13833E+08,  4.11988E+08,  4.10042E+08,  4.08008E+08,  4.05893E+08,  4.03707E+08,  4.01459E+08,  3.99157E+08,  3.96807E+08,  3.94417E+08,  3.91992E+08,  3.89539E+08
  1.00000E+00,  1.00003E+00,  1.00038E+00,  1.00199E+00,  1.00666E+00,  1.01755E+00,  1.04137E+00,  1.09473E+00,  1.22113E+00,  1.53809E+00,  2.37150E+00,  4.63797E+00,  1.09192E+01,  2.83972E+01,  7.65566E+01,  2.06383E+02,  5.45387E+02,  1.39623E+03,  3.43729E+03,  8.09975E+03,  1.82206E+04,  3.90809E+04,  7.99166E+04,  1.55920E+05,  2.90635E+05,  5.18493E+05,  8.87120E+05,  1.45893E+06,  2.31157E+06,  3.53679E+06,  5.23774E+06,  7.52457E+06,  1.05090E+07,  1.42978E+07,  1.89867E+07,  2.46544E+07,  3.13577E+07,  3.91283E+07,  4.79707E+07,  5.78622E+07,  6.87542E+07,  8.05747E+07,  9.32314E+07,  1.06616E+08,  1.20610E+08,  1.35085E+08,  1.49911E+08,  1.64958E+08,  1.80100E+08,  1.95217E+08,  2.10197E+08,  2.24939E+08,  2.39351E+08,  2.53355E+08,  2.66882E+08,  2.79875E+08,  2.92288E+08,  3.04086E+08,  3.15243E+08,  3.25742E+08,  3.35572E+08,  3.44731E+08,  3.53223E+08,  3.61056E+08,  3.68242E+08,  3.74798E+08,  3.80744E+08,  3.86101E+08,  3.90893E+08,  3.95144E+08,  3.98879E+08,  4.02126E+08,  4.04910E+08,  4.07257E+08,  4.09194E+08,  4.10745E+08,  4.11935E+08,  4.12788E+08,  4.13328E+08,  4.13576E+08,  4.13553E+08,  4.13281E+08,  4.12778E+08,  4.12063E+08,  4.11152E+08,  4.10063E+08,  4.08811E+08,  4.07409E+08,  4.05873E+08,  4.04213E+08,  4.02443E+08,  4.00573E+08,  3.98614E+08,  3.96575E+08,  3.94466E+08,  3.92294E+08,  3.90067E+08,  3.87793E+08,  3.85478E+08,  3.83129E+08,  3.80750E+08
  1.00000E+00,  1.00003E+00,  1.00037E+00,  1.00194E+00,  1.00652E+00,  1.01718E+00,  1.04047E+00,  1.09247E+00,  1.21509E+00,  1.52126E+00,  2.32276E+00,  4.49348E+00,  1.04868E+01,  2.71088E+01,  7.27844E+01,  1.95647E+02,  5.15946E+02,  1.31895E+03,  3.24401E+03,  7.64053E+03,  1.71853E+04,  3.68668E+04,  7.54213E+04,  1.47243E+05,  2.74676E+05,  4.90470E+05,  8.40019E+05,  1.38295E+06,  2.19363E+06,  3.36016E+06,  4.98189E+06,  7.16526E+06,  1.00185E+07,  1.36458E+07,  1.81407E+07,  2.35810E+07,  3.00236E+07,  3.75010E+07,  4.60200E+07,  5.55609E+07,  6.60785E+07,  7.75050E+07,  8.97528E+07,  1.02718E+08,  1.16287E+08,  1.30336E+08,  1.44738E+08,  1.59369E+08,  1.74105E+08,  1.88830E+08,  2.03433E+08,  2.17816E+08,  2.31890E+08,  2.45575E+08,  2.58804E+08,  2.71521E+08,  2.83681E+08,  2.95248E+08,  3.06195E+08,  3.16504E+08,  3.26166E+08,  3.35176E+08,  3.43537E+08,  3.51257E+08,  3.58347E+08,  3.64823E+08,  3.70703E+08,  3.76009E+08,  3.80761E+08,  3.84985E+08,  3.88704E+08,  3.91945E+08,  3.94732E+08,  3.97091E+08,  3.99046E+08,  4.00623E+08,  4.01845E+08,  4.02736E+08,  4.03319E+08,  4.03615E+08,  4.03644E+08,  4.03427E+08,  4.02983E+08,  4.02328E+08,  4.01482E+08,  4.00458E+08,  3.99273E+08,  3.97940E+08,  3.96474E+08,  3.94885E+08,  3.93187E+08,  3.91390E+08,  3.89504E+08,  3.87538E+08,  3.85502E+08,  3.83404E+08,  3.81250E+08,  3.79049E+08,  3.76807E+08,  3.74530E+08,  3.72223E+08
  1.00000E+00,  1.00003E+00,  1.00036E+00,  1.00189E+00,  1.00637E+00,  1.01683E+00,  1.03960E+00,  1.09027E+00,  1.20929E+00,  1.50515E+00,  2.27631E+00,  4.35631E+00,  1.00777E+01,  2.58939E+01,  6.92365E+01,  1.85570E+02,  4.88351E+02,  1.24659E+03,  3.06315E+03,  7.21084E+03,  1.62165E+04,  3.47939E+04,  7.12097E+04,  1.39105E+05,  2.59697E+05,  4.64139E+05,  7.95710E+05,  1.31139E+06,  2.08240E+06,  3.19339E+06,  4.74002E+06,  6.82515E+06,  9.55375E+06,  1.30272E+07,  1.73372E+07,  2.25604E+07,  2.87536E+07,  3.59504E+07,  4.41594E+07,  5.33636E+07,  6.35214E+07,  7.45690E+07,  8.64230E+07,  9.89844E+07,  1.12143E+08,  1.25780E+08,  1.39773E+08,  1.54001E+08,  1.68344E+08,  1.82688E+08,  1.96926E+08,  2.10960E+08,  2.24703E+08,  2.38078E+08,  2.51018E+08,  2.63466E+08,  2.75379E+08,  2.86719E+08,  2.97460E+08,  3.07585E+08,  3.17080E+08,  3.25944E+08,  3.34176E+08,  3.41785E+08,  3.48780E+08,  3.55176E+08,  3.60991E+08,  3.66244E+08,  3.70957E+08,  3.75153E+08,  3.78855E+08,  3.82088E+08,  3.84876E+08,  3.87244E+08,  3.89217E+08,  3.90818E+08,  3.92070E+08,  3.92997E+08,  3.93620E+08,  3.93961E+08,  3.94040E+08,  3.93875E+08,  3.93487E+08,  3.92891E+08,  3.92105E+08,  3.91144E+08,  3.90024E+08,  3.88758E+08,  3.87359E+08,  3.85839E+08,  3.84210E+08,  3.82482E+08,  3.80667E+08,  3.78772E+08,  3.76806E+08,  3.74779E+08,  3.72696E+08,  3.70566E+08,  3.68394E+08,  3.66187E+08,  3.63950E+08
  1.00000E+00,  1.00003E+00,  1.00035E+00,  1.00185E+00,  1.00623E+00,  1.01648E+00,  1.03876E+00,  1.08816E+00,  1.20371E+00,  1.48971E+00,  2.23201E+00,  4.22601E+00,  9.69054E+00,  2.47476E+01,  6.58976E+01,  1.76105E+02,  4.62473E+02,  1.17879E+03,  2.89379E+03,  6.80858E+03,  1.53093E+04,  3.28522E+04,  6.72621E+04,  1.31472E+05,  2.45632E+05,  4.39388E+05,  7.54010E+05,  1.24396E+06,  1.97748E+06,  3.03587E+06,  4.51128E+06,  6.50311E+06,  9.11314E+06,  1.24401E+07,  1.65737E+07,  2.15895E+07,  2.75442E+07,  3.44723E+07,  4.23841E+07,  5.12651E+07,  6.10772E+07,  7.17602E+07,  8.32348E+07,  9.54065E+07,  1.08169E+08,  1.21408E+08,  1.35006E+08,  1.48844E+08,  1.62806E+08,  1.76780E+08,  1.90663E+08,  2.04359E+08,  2.17781E+08,  2.30853E+08,  2.43511E+08,  2.55697E+08,  2.67368E+08,  2.78487E+08,  2.89027E+08,  2.98969E+08,  3.08303E+08,  3.17022E+08,  3.25128E+08,  3.32626E+08,  3.39527E+08,  3.45844E+08,  3.51593E+08,  3.56794E+08,  3.61467E+08,  3.65634E+08,  3.69318E+08,  3.72542E+08,  3.75330E+08,  3.77706E+08,  3.79694E+08,  3.81317E+08,  3.82598E+08,  3.83558E+08,  3.84220E+08,  3.84603E+08,  3.84728E+08,  3.84614E+08,  3.84279E+08,  3.83739E+08,  3.83012E+08,  3.82112E+08,  3.81053E+08,  3.79851E+08,  3.78516E+08,  3.77063E+08,  3.75500E+08,  3.73840E+08,  3.72092E+08,  3.70266E+08,  3.68369E+08,  3.66409E+08,  3.64395E+08,  3.62333E+08,  3.60229E+08,  3.58090E+08,  3.55920E+08
  1.00000E+00,  1.00003E+00,  1.00034E+00,  1.00180E+00,  1.00610E+00,  1.01614E+00,  1.03794E+00,  1.08611E+00,  1.19834E+00,  1.47492E+00,  2.18974E+00,  4.10218E+00,  9.32390E+00,  2.36655E+01,  6.27535E+01,  1.67211E+02,  4.38191E+02,  1.11525E+03,  2.73514E+03,  6.43180E+03,  1.44595E+04,  3.10325E+04,  6.35601E+04,  1.24308E+05,  2.32418E+05,  4.16111E+05,  7.14751E+05,  1.18040E+06,  1.87846E+06,  2.88702E+06,  4.29489E+06,  6.19808E+06,  8.69531E+06,  1.18826E+07,  1.58480E+07,  2.06657E+07,  2.63922E+07,  3.30629E+07,  4.06897E+07,  4.92605E+07,  5.87402E+07,  6.90723E+07,  8.01814E+07,  9.19772E+07,  1.04358E+08,  1.17212E+08,  1.30427E+08,  1.43888E+08,  1.57480E+08,  1.71096E+08,  1.84634E+08,  1.98001E+08,  2.11111E+08,  2.23889E+08,  2.36271E+08,  2.48202E+08,  2.59636E+08,  2.70539E+08,  2.80882E+08,  2.90646E+08,  2.99820E+08,  3.08397E+08,  3.16379E+08,  3.23768E+08,  3.30576E+08,  3.36814E+08,  3.42499E+08,  3.47647E+08,  3.52280E+08,  3.56417E+08,  3.60081E+08,  3.63295E+08,  3.66082E+08,  3.68465E+08,  3.70466E+08,  3.72109E+08,  3.73416E+08,  3.74408E+08,  3.75106E+08,  3.75530E+08,  3.75700E+08,  3.75633E+08,  3.75349E+08,  3.74863E+08,  3.74191E+08,  3.73349E+08,  3.72351E+08,  3.71209E+08,  3.69937E+08,  3.68547E+08,  3.67049E+08,  3.65454E+08,  3.63771E+08,  3.62010E+08,  3.60179E+08,  3.58286E+08,  3.56338E+08,  3.54342E+08,  3.52304E+08,  3.50229E+08,  3.48124E+08
  1.00000E+00,  1.00003E+00,  1.00033E+00,  1.00176E+00,  1.00597E+00,  1.01581E+00,  1.03714E+00,  1.08413E+00,  1.19317E+00,  1.46075E+00,  2.14938E+00,  3.98444E+00,  8.97652E+00,  2.26433E+01,  5.97914E+01,  1.58848E+02,  4.15395E+02,  1.05565E+03,  2.58642E+03,  6.07871E+03,  1.36631E+04,  2.93262E+04,  6.00869E+04,  1.17581E+05,  2.20000E+05,  3.94212E+05,  6.77775E+05,  1.12047E+06,  1.78497E+06,  2.74634E+06,  4.09010E+06,  5.90907E+06,  8.29896E+06,  1.13533E+07,  1.51580E+07,  1.97864E+07,  2.52947E+07,  3.17188E+07,  3.90721E+07,  4.73450E+07,  5.65052E+07,  6.64995E+07,  7.72565E+07,  8.86897E+07,  1.00701E+08,  1.13184E+08,  1.26029E+08,  1.39123E+08,  1.52358E+08,  1.65627E+08,  1.78830E+08,  1.91876E+08,  2.04682E+08,  2.17174E+08,  2.29288E+08,  2.40969E+08,  2.52173E+08,  2.62864E+08,  2.73014E+08,  2.82604E+08,  2.91621E+08,  3.00059E+08,  3.07918E+08,  3.15200E+08,  3.21916E+08,  3.28076E+08,  3.33696E+08,  3.38792E+08,  3.43383E+08,  3.47490E+08,  3.51134E+08,  3.54337E+08,  3.57121E+08,  3.59509E+08,  3.61522E+08,  3.63184E+08,  3.64515E+08,  3.65536E+08,  3.66268E+08,  3.66731E+08,  3.66943E+08,  3.66922E+08,  3.66686E+08,  3.66252E+08,  3.65634E+08,  3.64847E+08,  3.63906E+08,  3.62823E+08,  3.61611E+08,  3.60282E+08,  3.58846E+08,  3.57314E+08,  3.55694E+08,  3.53997E+08,  3.52230E+08,  3.50400E+08,  3.48516E+08,  3.46583E+08,  3.44609E+08,  3.42597E+08,  3.40555E+08
  1.00000E+00,  1.00003E+00,  1.00032E+00,  1.00171E+00,  1.00584E+00,  1.01549E+00,  1.03637E+00,  1.08222E+00,  1.18819E+00,  1.44715E+00,  2.11084E+00,  3.87242E+00,  8.64721E+00,  2.16773E+01,  5.69990E+01,  1.50981E+02,  3.93981E+02,  9.99725E+02,  2.44696E+03,  5.74765E+03,  1.29162E+04,  2.77257E+04,  5.68270E+04,  1.11262E+05,  2.08325E+05,  3.73602E+05,  6.42936E+05,  1.06394E+06,  1.69669E+06,  2.61331E+06,  3.89624E+06,  5.63515E+06,  7.92286E+06,  1.08504E+07,  1.45018E+07,  1.89492E+07,  2.42487E+07,  3.04365E+07,  3.75275E+07,  4.55142E+07,  5.43670E+07,  6.40362E+07,  7.44538E+07,  8.55372E+07,  9.71921E+07,  1.09316E+08,  1.21802E+08,  1.34543E+08,  1.47430E+08,  1.60362E+08,  1.73240E+08,  1.85975E+08,  1.98485E+08,  2.10698E+08,  2.22550E+08,  2.33988E+08,  2.44967E+08,  2.55451E+08,  2.65412E+08,  2.74831E+08,  2.83695E+08,  2.91996E+08,  2.99733E+08,  3.06910E+08,  3.13535E+08,  3.19617E+08,  3.25172E+08,  3.30216E+08,  3.34766E+08,  3.38842E+08,  3.42465E+08,  3.45656E+08,  3.48436E+08,  3.50828E+08,  3.52852E+08,  3.54530E+08,  3.55883E+08,  3.56932E+08,  3.57696E+08,  3.58196E+08,  3.58448E+08,  3.58471E+08,  3.58281E+08,  3.57896E+08,  3.57329E+08,  3.56596E+08,  3.55710E+08,  3.54684E+08,  3.53530E+08,  3.52259E+08,  3.50883E+08,  3.49411E+08,  3.47852E+08,  3.46216E+08,  3.44510E+08,  3.42743E+08,  3.40920E+08,  3.39049E+08,  3.37136E+08,  3.35186E+08,  3.33204E+08
  1.00000E+00,  1.00003E+00,  1.00031E+00,  1.00167E+00,  1.00571E+00,  1.01518E+00,  1.03562E+00,  1.08037E+00,  1.18339E+00,  1.43411E+00,  2.07402E+00,  3.76580E+00,  8.33486E+00,  2.07638E+01,  5.43653E+01,  1.43575E+02,  3.73855E+02,  9.47218E+02,  2.31610E+03,  5.43709E+03,  1.22155E+04,  2.62237E+04,  5.37658E+04,  1.05324E+05,  1.97343E+05,  3.54197E+05,  6.10099E+05,  1.01059E+06,  1.61328E+06,  2.48749E+06,  3.71265E+06,  5.37545E+06,  7.56586E+06,  1.03725E+07,  1.38775E+07,  1.81520E+07,  2.32515E+07,  2.92128E+07,  3.60521E+07,  4.37639E+07,  5.23211E+07,  6.16772E+07,  7.17677E+07,  8.25135E+07,  9.38241E+07,  1.05601E+08,  1.17740E+08,  1.30138E+08,  1.42688E+08,  1.55293E+08,  1.67855E+08,  1.80288E+08,  1.92510E+08,  2.04451E+08,  2.16049E+08,  2.27249E+08,  2.38008E+08,  2.48289E+08,  2.58066E+08,  2.67317E+08,  2.76030E+08,  2.84196E+08,  2.91815E+08,  2.98887E+08,  3.05422E+08,  3.11428E+08,  3.16919E+08,  3.21910E+08,  3.26418E+08,  3.30463E+08,  3.34064E+08,  3.37242E+08,  3.40017E+08,  3.42411E+08,  3.44444E+08,  3.46137E+08,  3.47511E+08,  3.48586E+08,  3.49381E+08,  3.49915E+08,  3.50205E+08,  3.50269E+08,  3.50124E+08,  3.49786E+08,  3.49268E+08,  3.48587E+08,  3.47753E+08,  3.46782E+08,  3.45683E+08,  3.44470E+08,  3.43151E+08,  3.41737E+08,  3.40237E+08,  3.38660E+08,  3.37014E+08,  3.35305E+08,  3.33542E+08,  3.31731E+08,  3.29877E+08,  3.27986E+08,  3.26064E+08
  1.00000E+00,  1.00003E+00,  1.00030E+00,  1.00163E+00,  1.00559E+00,  1.01487E+00,  1.03489E+00,  1.07858E+00,  1.17876E+00,  1.42159E+00,  2.03881E+00,  3.66427E+00,  8.03845E+00,  1.98996E+01,  5.18798E+01,  1.36601E+02,  3.54930E+02,  8.97895E+02,  2.19325E+03,  5.14562E+03,  1.15579E+04,  2.48133E+04,  5.08899E+04,  9.97417E+04,  1.87009E+05,  3.35919E+05,  5.79135E+05,  9.60235E+05,  1.53446E+06,  2.36844E+06,  3.53874E+06,  5.12915E+06,  7.22691E+06,  9.91824E+06,  1.32835E+07,  1.73926E+07,  2.23006E+07,  2.80448E+07,  3.46425E+07,  4.20900E+07,  5.03629E+07,  5.94175E+07,  6.91925E+07,  7.96126E+07,  9.05907E+07,  1.02032E+08,  1.13835E+08,  1.25900E+08,  1.38125E+08,  1.50411E+08,  1.62667E+08,  1.74805E+08,  1.86748E+08,  1.98424E+08,  2.09773E+08,  2.20741E+08,  2.31285E+08,  2.41369E+08,  2.50965E+08,  2.60052E+08,  2.68617E+08,  2.76651E+08,  2.84152E+08,  2.91122E+08,  2.97567E+08,  3.03497E+08,  3.08924E+08,  3.13863E+08,  3.18330E+08,  3.22343E+08,  3.25922E+08,  3.29085E+08,  3.31854E+08,  3.34249E+08,  3.36290E+08,  3.37997E+08,  3.39390E+08,  3.40489E+08,  3.41312E+08,  3.41879E+08,  3.42205E+08,  3.42309E+08,  3.42207E+08,  3.41913E+08,  3.41443E+08,  3.40810E+08,  3.40028E+08,  3.39109E+08,  3.38064E+08,  3.36905E+08,  3.35641E+08,  3.34284E+08,  3.32841E+08,  3.31321E+08,  3.29732E+08,  3.28081E+08,  3.26375E+08,  3.24621E+08,  3.22825E+08,  3.20991E+08,  3.19126E+08
  1.00000E+00,  1.00002E+00,  1.00029E+00,  1.00159E+00,  1.00547E+00,  1.01458E+00,  1.03419E+00,  1.07684E+00,  1.17430E+00,  1.40956E+00,  2.00514E+00,  3.56753E+00,  7.75702E+00,  1.90816E+01,  4.95331E+01,  1.30030E+02,  3.37124E+02,  8.51541E+02,  2.07787E+03,  4.87193E+03,  1.09404E+04,  2.34886E+04,  4.81870E+04,  9.44910E+04,  1.77281E+05,  3.18696E+05,  5.49929E+05,  9.12682E+05,  1.45994E+06,  2.25576E+06,  3.37395E+06,  4.89549E+06,  6.90497E+06,  9.48632E+06,  1.27181E+07,  1.66689E+07,  2.13936E+07,  2.69296E+07,  3.32954E+07,  4.04890E+07,  4.84883E+07,  5.72523E+07,  6.67233E+07,  7.68289E+07,  8.74857E+07,  9.86018E+07,  1.10081E+08,  1.21823E+08,  1.33731E+08,  1.45709E+08,  1.57667E+08,  1.69519E+08,  1.81189E+08,  1.92608E+08,  2.03714E+08,  2.14457E+08,  2.24791E+08,  2.34681E+08,  2.44100E+08,  2.53026E+08,  2.61445E+08,  2.69349E+08,  2.76735E+08,  2.83603E+08,  2.89961E+08,  2.95815E+08,  3.01179E+08,  3.06065E+08,  3.10490E+08,  3.14471E+08,  3.18027E+08,  3.21176E+08,  3.23938E+08,  3.26332E+08,  3.28379E+08,  3.30099E+08,  3.31510E+08,  3.32631E+08,  3.33482E+08,  3.34079E+08,  3.34440E+08,  3.34582E+08,  3.34520E+08,  3.34269E+08,  3.33844E+08,  3.33259E+08,  3.32525E+08,  3.31656E+08,  3.30663E+08,  3.29557E+08,  3.28347E+08,  3.27043E+08,  3.25655E+08,  3.24190E+08,  3.22656E+08,  3.21061E+08,  3.19411E+08,  3.17713E+08,  3.15972E+08,  3.14194E+08,  3.12383E+08
  1.00000E+00,  1.00002E+00,  1.00028E+00,  1.00155E+00,  1.00536E+00,  1.01429E+00,  1.03350E+00,  1.07516E+00,  1.17000E+00,  1.39801E+00,  1.97293E+00,  3.47532E+00,  7.48967E+00,  1.83068E+01,  4.73163E+01,  1.23834E+02,  3.20364E+02,  8.07953E+02,  1.96945E+03,  4.61483E+03,  1.03602E+04,  2.22436E+04,  4.56456E+04,  8.95506E+04,  1.68120E+05,  3.02461E+05,  5.22369E+05,  8.67761E+05,  1.38946E+06,  2.14908E+06,  3.21774E+06,  4.67375E+06,  6.59912E+06,  9.07552E+06,  1.21797E+07,  1.59792E+07,  2.05282E+07,  2.58646E+07,  3.20077E+07,  3.89571E+07,  4.66931E+07,  5.51773E+07,  6.43550E+07,  7.41570E+07,  8.45033E+07,  9.53052E+07,  1.06469E+08,  1.17900E+08,  1.29501E+08,  1.41180E+08,  1.52848E+08,  1.64422E+08,  1.75826E+08,  1.86994E+08,  1.97864E+08,  2.08385E+08,  2.18514E+08,  2.28215E+08,  2.37461E+08,  2.46229E+08,  2.54506E+08,  2.62282E+08,  2.69554E+08,  2.76323E+08,  2.82593E+08,  2.88373E+08,  2.93674E+08,  2.98508E+08,  3.02891E+08,  3.06840E+08,  3.10371E+08,  3.13505E+08,  3.16258E+08,  3.18652E+08,  3.20704E+08,  3.22435E+08,  3.23862E+08,  3.25004E+08,  3.25880E+08,  3.26507E+08,  3.26901E+08,  3.27078E+08,  3.27055E+08,  3.26846E+08,  3.26464E+08,  3.25924E+08,  3.25237E+08,  3.24417E+08,  3.23473E+08,  3.22417E+08,  3.21259E+08,  3.20008E+08,  3.18672E+08,  3.17261E+08,  3.15781E+08,  3.14239E+08,  3.12643E+08,  3.10999E+08,  3.09311E+08,  3.07587E+08,  3.05830E+08
  1.00000E+00,  1.00002E+00,  1.00028E+00,  1.00151E+00,  1.00524E+00,  1.01401E+00,  1.03283E+00,  1.07354E+00,  1.16585E+00,  1.38691E+00,  1.94209E+00,  3.38738E+00,  7.23559E+00,  1.75727E+01,  4.52209E+01,  1.17990E+02,  3.04579E+02,  7.66946E+02,  1.86752E+03,  4.37318E+03,  9.81490E+03,  2.10731E+04,  4.32550E+04,  8.49000E+04,  1.59490E+05,  2.87151E+05,  4.96354E+05,  8.25311E+05,  1.32279E+06,  2.04803E+06,  3.06963E+06,  4.46326E+06,  6.30846E+06,  8.68470E+06,  1.16670E+07,  1.53216E+07,  1.97024E+07,  2.48473E+07,  3.07764E+07,  3.74911E+07,  4.49736E+07,  5.31882E+07,  6.20829E+07,  7.15919E+07,  8.16380E+07,  9.21360E+07,  1.02995E+08,  1.14123E+08,  1.25427E+08,  1.36815E+08,  1.48201E+08,  1.59505E+08,  1.70651E+08,  1.81574E+08,  1.92213E+08,  2.02519E+08,  2.12448E+08,  2.21964E+08,  2.31039E+08,  2.39653E+08,  2.47790E+08,  2.55441E+08,  2.62601E+08,  2.69271E+08,  2.75456E+08,  2.81162E+08,  2.86400E+08,  2.91182E+08,  2.95523E+08,  2.99439E+08,  3.02946E+08,  3.06063E+08,  3.08808E+08,  3.11200E+08,  3.13256E+08,  3.14996E+08,  3.16438E+08,  3.17600E+08,  3.18500E+08,  3.19154E+08,  3.19579E+08,  3.19791E+08,  3.19805E+08,  3.19635E+08,  3.19295E+08,  3.18798E+08,  3.18157E+08,  3.17383E+08,  3.16487E+08,  3.15480E+08,  3.14372E+08,  3.13171E+08,  3.11886E+08,  3.10526E+08,  3.09098E+08,  3.07608E+08,  3.06064E+08,  3.04472E+08,  3.02837E+08,  3.01164E+08,  2.99459E+08
  1.00000E+00,  1.00002E+00,  1.00027E+00,  1.00148E+00,  1.00513E+00,  1.01373E+00,  1.03218E+00,  1.07196E+00,  1.16184E+00,  1.37623E+00,  1.91255E+00,  3.30347E+00,  6.99399E+00,  1.68767E+01,  4.32395E+01,  1.12475E+02,  2.89705E+02,  7.28349E+02,  1.77164E+03,  4.14595E+03,  9.30215E+03,  1.99722E+04,  4.10054E+04,  8.05206E+04,  1.51356E+05,  2.72709E+05,  4.71787E+05,  7.85183E+05,  1.25969E+06,  1.95231E+06,  2.92914E+06,  4.26338E+06,  6.03216E+06,  8.31278E+06,  1.11785E+07,  1.46946E+07,  1.89141E+07,  2.38752E+07,  2.95989E+07,  3.60878E+07,  4.33263E+07,  5.12811E+07,  5.99028E+07,  6.91286E+07,  7.88846E+07,  8.90885E+07,  9.96529E+07,  1.10487E+08,  1.21502E+08,  1.32608E+08,  1.43720E+08,  1.54761E+08,  1.65656E+08,  1.76340E+08,  1.86755E+08,  1.96850E+08,  2.06583E+08,  2.15918E+08,  2.24827E+08,  2.33289E+08,  2.41289E+08,  2.48816E+08,  2.55867E+08,  2.62440E+08,  2.68540E+08,  2.74173E+08,  2.79349E+08,  2.84079E+08,  2.88378E+08,  2.92261E+08,  2.95744E+08,  2.98844E+08,  3.01579E+08,  3.03967E+08,  3.06026E+08,  3.07775E+08,  3.09231E+08,  3.10411E+08,  3.11333E+08,  3.12013E+08,  3.12468E+08,  3.12712E+08,  3.12762E+08,  3.12629E+08,  3.12329E+08,  3.11874E+08,  3.11276E+08,  3.10547E+08,  3.09698E+08,  3.08738E+08,  3.07677E+08,  3.06525E+08,  3.05289E+08,  3.03979E+08,  3.02601E+08,  3.01161E+08,  2.99668E+08,  2.98126E+08,  2.96541E+08,  2.94918E+08,  2.93263E+08
  1.00000E+00,  1.00002E+00,  1.00026E+00,  1.00144E+00,  1.00503E+00,  1.01347E+00,  1.03155E+00,  1.07043E+00,  1.15797E+00,  1.36596E+00,  1.88426E+00,  3.22338E+00,  6.76416E+00,  1.62166E+01,  4.13649E+01,  1.07268E+02,  2.75683E+02,  6.92002E+02,  1.68141E+03,  3.93219E+03,  8.81978E+03,  1.89362E+04,  3.88874E+04,  7.63950E+04,  1.43687E+05,  2.59080E+05,  4.48581E+05,  7.47237E+05,  1.19996E+06,  1.86158E+06,  2.79586E+06,  4.07354E+06,  5.76943E+06,  7.95874E+06,  1.07131E+07,  1.40964E+07,  1.81613E+07,  2.29461E+07,  2.84724E+07,  3.47442E+07,  4.17477E+07,  4.94520E+07,  5.78103E+07,  6.67627E+07,  7.62382E+07,  8.61575E+07,  9.64360E+07,  1.06986E+08,  1.17720E+08,  1.28552E+08,  1.39399E+08,  1.50183E+08,  1.60833E+08,  1.71285E+08,  1.81481E+08,  1.91370E+08,  2.00912E+08,  2.10070E+08,  2.18816E+08,  2.27130E+08,  2.34995E+08,  2.42401E+08,  2.49344E+08,  2.55822E+08,  2.61838E+08,  2.67398E+08,  2.72512E+08,  2.77191E+08,  2.81448E+08,  2.85297E+08,  2.88755E+08,  2.91837E+08,  2.94562E+08,  2.96946E+08,  2.99008E+08,  3.00764E+08,  3.02232E+08,  3.03429E+08,  3.04372E+08,  3.05077E+08,  3.05560E+08,  3.05835E+08,  3.05918E+08,  3.05822E+08,  3.05560E+08,  3.05145E+08,  3.04589E+08,  3.03903E+08,  3.03098E+08,  3.02183E+08,  3.01169E+08,  3.00063E+08,  2.98876E+08,  2.97613E+08,  2.96283E+08,  2.94892E+08,  2.93448E+08,  2.91954E+08,  2.90418E+08,  2.88844E+08,  2.87238E+08
  1.00000E+00,  1.00002E+00,  1.00025E+00,  1.00141E+00,  1.00492E+00,  1.01321E+00,  1.03093E+00,  1.06895E+00,  1.15423E+00,  1.35609E+00,  1.85713E+00,  3.14690E+00,  6.54541E+00,  1.55901E+01,  3.95905E+01,  1.02349E+02,  2.62458E+02,  6.57759E+02,  1.59646E+03,  3.73100E+03,  8.36579E+03,  1.79610E+04,  3.68927E+04,  7.25068E+04,  1.36453E+05,  2.46214E+05,  4.26652E+05,  7.11342E+05,  1.14340E+06,  1.77557E+06,  2.66936E+06,  3.89316E+06,  5.51953E+06,  7.62163E+06,  1.02694E+07,  1.35257E+07,  1.74424E+07,  2.20579E+07,  2.73945E+07,  3.34574E+07,  4.02347E+07,  4.76974E+07,  5.58015E+07,  6.44898E+07,  7.36940E+07,  8.33378E+07,  9.33394E+07,  1.03614E+08,  1.14076E+08,  1.24641E+08,  1.35229E+08,  1.45765E+08,  1.56176E+08,  1.66402E+08,  1.76383E+08,  1.86072E+08,  1.95427E+08,  2.04412E+08,  2.12999E+08,  2.21167E+08,  2.28900E+08,  2.36187E+08,  2.43023E+08,  2.49407E+08,  2.55340E+08,  2.60829E+08,  2.65882E+08,  2.70510E+08,  2.74725E+08,  2.78540E+08,  2.81973E+08,  2.85037E+08,  2.87751E+08,  2.90130E+08,  2.92192E+08,  2.93955E+08,  2.95434E+08,  2.96647E+08,  2.97609E+08,  2.98338E+08,  2.98847E+08,  2.99152E+08,  2.99267E+08,  2.99205E+08,  2.98980E+08,  2.98604E+08,  2.98088E+08,  2.97443E+08,  2.96681E+08,  2.95810E+08,  2.94840E+08,  2.93780E+08,  2.92638E+08,  2.91422E+08,  2.90139E+08,  2.88795E+08,  2.87398E+08,  2.85952E+08,  2.84463E+08,  2.82936E+08,  2.81376E+08
  1.00000E+00,  1.00002E+00,  1.00024E+00,  1.00137E+00,  1.00482E+00,  1.01295E+00,  1.03034E+00,  1.06751E+00,  1.15062E+00,  1.34658E+00,  1.83113E+00,  3.07382E+00,  6.33712E+00,  1.49954E+01,  3.79100E+01,  9.77000E+01,  2.49978E+02,  6.25481E+02,  1.51644E+03,  3.54156E+03,  7.93833E+03,  1.70425E+04,  3.50132E+04,  6.88409E+04,  1.29629E+05,  2.34064E+05,  4.05923E+05,  6.77376E+05,  1.08982E+06,  1.69401E+06,  2.54926E+06,  3.72174E+06,  5.28177E+06,  7.30056E+06,  9.84642E+06,  1.29810E+07,  1.67556E+07,  2.12086E+07,  2.63628E+07,  3.22248E+07,  3.87841E+07,  4.60139E+07,  5.38726E+07,  6.23057E+07,  7.12476E+07,  8.06247E+07,  9.03580E+07,  1.00365E+08,  1.10563E+08,  1.20870E+08,  1.31206E+08,  1.41499E+08,  1.51679E+08,  1.61683E+08,  1.71456E+08,  1.80950E+08,  1.90121E+08,  1.98937E+08,  2.07368E+08,  2.15394E+08,  2.22997E+08,  2.30167E+08,  2.36899E+08,  2.43189E+08,  2.49041E+08,  2.54459E+08,  2.59452E+08,  2.64028E+08,  2.68201E+08,  2.71983E+08,  2.75389E+08,  2.78435E+08,  2.81137E+08,  2.83511E+08,  2.85573E+08,  2.87341E+08,  2.88830E+08,  2.90057E+08,  2.91038E+08,  2.91789E+08,  2.92323E+08,  2.92657E+08,  2.92802E+08,  2.92774E+08,  2.92584E+08,  2.92244E+08,  2.91767E+08,  2.91162E+08,  2.90441E+08,  2.89612E+08,  2.88685E+08,  2.87669E+08,  2.86572E+08,  2.85400E+08,  2.84162E+08,  2.82864E+08,  2.81512E+08,  2.80112E+08,  2.78669E+08,  2.77188E+08,  2.75673E+08
  1.00000E+00,  1.00002E+00,  1.00024E+00,  1.00134E+00,  1.00472E+00,  1.01271E+00,  1.02975E+00,  1.06612E+00,  1.14713E+00,  1.33742E+00,  1.80618E+00,  3.00398E+00,  6.13869E+00,  1.44305E+01,  3.63178E+01,  9.33040E+01,  2.38196E+02,  5.95042E+02,  1.44104E+03,  3.36311E+03,  7.53568E+03,  1.61771E+04,  3.32416E+04,  6.53835E+04,  1.23187E+05,  2.22585E+05,  3.86321E+05,  6.45225E+05,  1.03905E+06,  1.61664E+06,  2.43522E+06,  3.55877E+06,  5.05550E+06,  6.99468E+06,  9.44302E+06,  1.24610E+07,  1.60993E+07,  2.03963E+07,  2.53752E+07,  3.10438E+07,  3.73930E+07,  4.43982E+07,  5.20201E+07,  6.02065E+07,  6.88946E+07,  7.80136E+07,  8.74869E+07,  9.72346E+07,  1.07176E+08,  1.17231E+08,  1.27324E+08,  1.37381E+08,  1.47334E+08,  1.57123E+08,  1.66693E+08,  1.75995E+08,  1.84988E+08,  1.93638E+08,  2.01917E+08,  2.09802E+08,  2.17278E+08,  2.24334E+08,  2.30962E+08,  2.37161E+08,  2.42933E+08,  2.48281E+08,  2.53213E+08,  2.57739E+08,  2.61869E+08,  2.65618E+08,  2.68998E+08,  2.72025E+08,  2.74714E+08,  2.77082E+08,  2.79143E+08,  2.80915E+08,  2.82414E+08,  2.83654E+08,  2.84653E+08,  2.85424E+08,  2.85982E+08,  2.86342E+08,  2.86517E+08,  2.86520E+08,  2.86364E+08,  2.86060E+08,  2.85620E+08,  2.85053E+08,  2.84372E+08,  2.83584E+08,  2.82699E+08,  2.81725E+08,  2.80670E+08,  2.79542E+08,  2.78348E+08,  2.77093E+08,  2.75785E+08,  2.74429E+08,  2.73030E+08,  2.71594E+08,  2.70124E+08
  1.00000E+00,  1.00002E+00,  1.00023E+00,  1.00131E+00,  1.00463E+00,  1.01246E+00,  1.02919E+00,  1.06476E+00,  1.14375E+00,  1.32860E+00,  1.78224E+00,  2.93719E+00,  5.94957E+00,  1.38937E+01,  3.48085E+01,  8.91454E+01,  2.27067E+02,  5.66323E+02,  1.36995E+03,  3.19493E+03,  7.15623E+03,  1.53615E+04,  3.15711E+04,  6.21212E+04,  1.17104E+05,  2.11737E+05,  3.67779E+05,  6.14781E+05,  9.90926E+05,  1.54323E+06,  2.32689E+06,  3.40379E+06,  4.84010E+06,  6.70319E+06,  9.05821E+06,  1.19645E+07,  1.54721E+07,  1.96191E+07,  2.44296E+07,  2.99119E+07,  3.60588E+07,  4.28473E+07,  5.02405E+07,  5.81885E+07,  6.66311E+07,  7.55001E+07,  8.47214E+07,  9.42175E+07,  1.03910E+08,  1.13721E+08,  1.23576E+08,  1.33403E+08,  1.43136E+08,  1.52715E+08,  1.62086E+08,  1.71202E+08,  1.80020E+08,  1.88508E+08,  1.96638E+08,  2.04386E+08,  2.11737E+08,  2.18680E+08,  2.25207E+08,  2.31316E+08,  2.37008E+08,  2.42287E+08,  2.47160E+08,  2.51635E+08,  2.55724E+08,  2.59438E+08,  2.62792E+08,  2.65800E+08,  2.68476E+08,  2.70836E+08,  2.72896E+08,  2.74672E+08,  2.76178E+08,  2.77431E+08,  2.78445E+08,  2.79236E+08,  2.79817E+08,  2.80203E+08,  2.80406E+08,  2.80439E+08,  2.80315E+08,  2.80045E+08,  2.79640E+08,  2.79111E+08,  2.78468E+08,  2.77719E+08,  2.76874E+08,  2.75941E+08,  2.74928E+08,  2.73842E+08,  2.72689E+08,  2.71478E+08,  2.70212E+08,  2.68899E+08,  2.67543E+08,  2.66149E+08,  2.64722E+08
  1.00000E+00,  1.00002E+00,  1.00022E+00,  1.00128E+00,  1.00453E+00,  1.01223E+00,  1.02863E+00,  1.06345E+00,  1.14048E+00,  1.32010E+00,  1.75925E+00,  2.87331E+00,  5.76925E+00,  1.33833E+01,  3.33771E+01,  8.52095E+01,  2.16551E+02,  5.39216E+02,  1.30290E+03,  3.03636E+03,  6.79851E+03,  1.45924E+04,  2.99953E+04,  5.90420E+04,  1.11358E+05,  2.01482E+05,  3.50233E+05,  5.85944E+05,  9.45295E+05,  1.47354E+06,  2.22395E+06,  3.25638E+06,  4.63499E+06,  6.42535E+06,  8.69103E+06,  1.14902E+07,  1.48724E+07,  1.88755E+07,  2.35238E+07,  2.88269E+07,  3.47787E+07,  4.13583E+07,  4.85305E+07,  5.62481E+07,  6.44532E+07,  7.30801E+07,  8.20571E+07,  9.13091E+07,  1.00760E+08,  1.10334E+08,  1.19957E+08,  1.29561E+08,  1.39080E+08,  1.48454E+08,  1.57631E+08,  1.66564E+08,  1.75212E+08,  1.83542E+08,  1.91525E+08,  1.99139E+08,  2.06367E+08,  2.13199E+08,  2.19627E+08,  2.25647E+08,  2.31261E+08,  2.36471E+08,  2.41285E+08,  2.45710E+08,  2.49757E+08,  2.53438E+08,  2.56765E+08,  2.59753E+08,  2.62415E+08,  2.64768E+08,  2.66826E+08,  2.68604E+08,  2.70117E+08,  2.71381E+08,  2.72411E+08,  2.73220E+08,  2.73822E+08,  2.74232E+08,  2.74462E+08,  2.74524E+08,  2.74431E+08,  2.74194E+08,  2.73823E+08,  2.73330E+08,  2.72723E+08,  2.72012E+08,  2.71206E+08,  2.70312E+08,  2.69339E+08,  2.68294E+08,  2.67182E+08,  2.66012E+08,  2.64788E+08,  2.63516E+08,  2.62202E+08,  2.60849E+08,  2.59464E+08
  1.00000E+00,  1.00002E+00,  1.00022E+00,  1.00125E+00,  1.00444E+00,  1.01200E+00,  1.02810E+00,  1.06217E+00,  1.13732E+00,  1.31190E+00,  1.73717E+00,  2.81216E+00,  5.59725E+00,  1.28979E+01,  3.20190E+01,  8.14826E+01,  2.06609E+02,  5.13619E+02,  1.23964E+03,  2.88679E+03,  6.46111E+03,  1.38668E+04,  2.85082E+04,  5.61345E+04,  1.05929E+05,  1.91783E+05,  3.33625E+05,  5.58622E+05,  9.02015E+05,  1.40738E+06,  2.12612E+06,  3.11613E+06,  4.43964E+06,  6.16044E+06,  8.34060E+06,  1.10372E+07,  1.42989E+07,  1.81637E+07,  2.26562E+07,  2.77866E+07,  3.35504E+07,  3.99283E+07,  4.68872E+07,  5.43820E+07,  6.23573E+07,  7.07496E+07,  7.94898E+07,  8.85050E+07,  9.77211E+07,  1.07064E+08,  1.16463E+08,  1.25849E+08,  1.35159E+08,  1.44334E+08,  1.53322E+08,  1.62076E+08,  1.70558E+08,  1.78732E+08,  1.86572E+08,  1.94054E+08,  2.01162E+08,  2.07885E+08,  2.14215E+08,  2.20148E+08,  2.25684E+08,  2.30827E+08,  2.35583E+08,  2.39958E+08,  2.43963E+08,  2.47610E+08,  2.50911E+08,  2.53878E+08,  2.56527E+08,  2.58871E+08,  2.60926E+08,  2.62705E+08,  2.64225E+08,  2.65499E+08,  2.66543E+08,  2.67369E+08,  2.67992E+08,  2.68425E+08,  2.68680E+08,  2.68770E+08,  2.68707E+08,  2.68501E+08,  2.68164E+08,  2.67704E+08,  2.67133E+08,  2.66459E+08,  2.65690E+08,  2.64834E+08,  2.63899E+08,  2.62893E+08,  2.61821E+08,  2.60691E+08,  2.59507E+08,  2.58275E+08,  2.57001E+08,  2.55689E+08,  2.54344E+08
  1.00000E+00,  1.00002E+00,  1.00021E+00,  1.00122E+00,  1.00435E+00,  1.01178E+00,  1.02757E+00,  1.06093E+00,  1.13426E+00,  1.30400E+00,  1.71596E+00,  2.75362E+00,  5.43310E+00,  1.24360E+01,  3.07299E+01,  7.79521E+01,  1.97205E+02,  4.89436E+02,  1.17991E+03,  2.74566E+03,  6.14276E+03,  1.31822E+04,  2.71042E+04,  5.33882E+04,  1.00797E+05,  1.82608E+05,  3.17899E+05,  5.32726E+05,  8.60954E+05,  1.34454E+06,  2.03310E+06,  2.98264E+06,  4.25352E+06,  5.90780E+06,  8.00606E+06,  1.06042E+07,  1.37504E+07,  1.74823E+07,  2.18247E+07,  2.67890E+07,  3.23715E+07,  3.85547E+07,  4.53075E+07,  5.25869E+07,  6.03397E+07,  6.85049E+07,  7.70155E+07,  8.58009E+07,  9.47890E+07,  1.03908E+08,  1.13088E+08,  1.22262E+08,  1.31368E+08,  1.40348E+08,  1.49152E+08,  1.57733E+08,  1.66051E+08,  1.74074E+08,  1.81773E+08,  1.89126E+08,  1.96116E+08,  2.02732E+08,  2.08966E+08,  2.14813E+08,  2.20273E+08,  2.25349E+08,  2.30047E+08,  2.34373E+08,  2.38337E+08,  2.41949E+08,  2.45223E+08,  2.48170E+08,  2.50804E+08,  2.53139E+08,  2.55190E+08,  2.56971E+08,  2.58496E+08,  2.59780E+08,  2.60836E+08,  2.61679E+08,  2.62321E+08,  2.62775E+08,  2.63055E+08,  2.63172E+08,  2.63137E+08,  2.62961E+08,  2.62655E+08,  2.62229E+08,  2.61692E+08,  2.61053E+08,  2.60320E+08,  2.59501E+08,  2.58604E+08,  2.57635E+08,  2.56602E+08,  2.55510E+08,  2.54365E+08,  2.53172E+08,  2.51937E+08,  2.50664E+08,  2.49358E+08
  1.00000E+00,  1.00002E+00,  1.00021E+00,  1.00119E+00,  1.00426E+00,  1.01156E+00,  1.02706E+00,  1.05973E+00,  1.13130E+00,  1.29638E+00,  1.69558E+00,  2.69755E+00,  5.27638E+00,  1.19963E+01,  2.95057E+01,  7.46061E+01,  1.88308E+02,  4.66579E+02,  1.12350E+03,  2.61242E+03,  5.84227E+03,  1.25358E+04,  2.57784E+04,  5.07931E+04,  9.59449E+04,  1.73925E+05,  3.03004E+05,  5.08174E+05,  8.21985E+05,  1.28485E+06,  1.94465E+06,  2.85557E+06,  4.07616E+06,  5.66679E+06,  7.68662E+06,  1.01904E+07,  1.32257E+07,  1.68298E+07,  2.10279E+07,  2.58320E+07,  3.12398E+07,  3.72351E+07,  4.37887E+07,  5.08598E+07,  5.83973E+07,  6.63423E+07,  7.46303E+07,  8.31927E+07,  9.19594E+07,  1.00860E+08,  1.09827E+08,  1.18795E+08,  1.27703E+08,  1.36493E+08,  1.45117E+08,  1.53527E+08,  1.61687E+08,  1.69561E+08,  1.77122E+08,  1.84349E+08,  1.91224E+08,  1.97734E+08,  2.03873E+08,  2.09635E+08,  2.15021E+08,  2.20031E+08,  2.24671E+08,  2.28948E+08,  2.32871E+08,  2.36449E+08,  2.39696E+08,  2.42622E+08,  2.45241E+08,  2.47567E+08,  2.49614E+08,  2.51395E+08,  2.52925E+08,  2.54217E+08,  2.55285E+08,  2.56143E+08,  2.56803E+08,  2.57279E+08,  2.57581E+08,  2.57723E+08,  2.57716E+08,  2.57569E+08,  2.57294E+08,  2.56899E+08,  2.56395E+08,  2.55790E+08,  2.55092E+08,  2.54308E+08,  2.53447E+08,  2.52516E+08,  2.51519E+08,  2.50465E+08,  2.49357E+08,  2.48202E+08,  2.47005E+08,  2.45770E+08,  2.44501E+08
  1.00000E+00,  1.00001E+00,  1.00020E+00,  1.00116E+00,  1.00418E+00,  1.01134E+00,  1.02657E+00,  1.05856E+00,  1.12843E+00,  1.28902E+00,  1.67598E+00,  2.64383E+00,  5.12670E+00,  1.15775E+01,  2.83426E+01,  7.14336E+01,  1.79884E+02,  4.44967E+02,  1.07021E+03,  2.48659E+03,  5.55851E+03,  1.19253E+04,  2.45257E+04,  4.83400E+04,  9.13548E+04,  1.65706E+05,  2.88890E+05,  4.84889E+05,  7.84991E+05,  1.22812E+06,  1.86050E+06,  2.73456E+06,  3.90710E+06,  5.43683E+06,  7.38151E+06,  9.79484E+06,  1.27235E+07,  1.62048E+07,  2.02640E+07,  2.49138E+07,  3.01530E+07,  3.59670E+07,  4.23282E+07,  4.91977E+07,  5.65268E+07,  6.42585E+07,  7.23305E+07,  8.06764E+07,  8.92280E+07,  9.79171E+07,  1.06677E+08,  1.15444E+08,  1.24158E+08,  1.32764E+08,  1.41211E+08,  1.49456E+08,  1.57459E+08,  1.65188E+08,  1.72615E+08,  1.79717E+08,  1.86479E+08,  1.92886E+08,  1.98932E+08,  2.04611E+08,  2.09922E+08,  2.14867E+08,  2.19450E+08,  2.23679E+08,  2.27560E+08,  2.31105E+08,  2.34324E+08,  2.37229E+08,  2.39834E+08,  2.42150E+08,  2.44191E+08,  2.45972E+08,  2.47505E+08,  2.48805E+08,  2.49884E+08,  2.50756E+08,  2.51434E+08,  2.51929E+08,  2.52254E+08,  2.52420E+08,  2.52439E+08,  2.52320E+08,  2.52074E+08,  2.51710E+08,  2.51238E+08,  2.50665E+08,  2.50001E+08,  2.49252E+08,  2.48426E+08,  2.47529E+08,  2.46569E+08,  2.45550E+08,  2.44479E+08,  2.43361E+08,  2.42200E+08,  2.41002E+08,  2.39770E+08
  1.00000E+00,  1.00001E+00,  1.00019E+00,  1.00114E+00,  1.00409E+00,  1.01114E+00,  1.02608E+00,  1.05742E+00,  1.12565E+00,  1.28192E+00,  1.65712E+00,  2.59233E+00,  4.98368E+00,  1.11784E+01,  2.72371E+01,  6.84242E+01,  1.71907E+02,  4.24522E+02,  1.01983E+03,  2.36770E+03,  5.29045E+03,  1.13486E+04,  2.33418E+04,  4.60203E+04,  8.70115E+04,  1.57922E+05,  2.75514E+05,  4.62799E+05,  7.49861E+05,  1.17420E+06,  1.78043E+06,  2.61930E+06,  3.74590E+06,  5.21736E+06,  7.09002E+06,  9.41653E+06,  1.22429E+07,  1.56060E+07,  1.95316E+07,  2.40328E+07,  2.91094E+07,  3.47482E+07,  4.09234E+07,  4.75980E+07,  5.47252E+07,  6.22502E+07,  7.01128E+07,  7.82485E+07,  8.65911E+07,  9.50742E+07,  1.03633E+08,  1.12204E+08,  1.20729E+08,  1.29154E+08,  1.37430E+08,  1.45513E+08,  1.53364E+08,  1.60950E+08,  1.68245E+08,  1.75226E+08,  1.81876E+08,  1.88182E+08,  1.94136E+08,  1.99733E+08,  2.04971E+08,  2.09852E+08,  2.14379E+08,  2.18559E+08,  2.22400E+08,  2.25911E+08,  2.29103E+08,  2.31987E+08,  2.34575E+08,  2.36881E+08,  2.38917E+08,  2.40697E+08,  2.42233E+08,  2.43540E+08,  2.44629E+08,  2.45515E+08,  2.46209E+08,  2.46723E+08,  2.47069E+08,  2.47258E+08,  2.47302E+08,  2.47209E+08,  2.46992E+08,  2.46657E+08,  2.46215E+08,  2.45674E+08,  2.45042E+08,  2.44327E+08,  2.43534E+08,  2.42672E+08,  2.41747E+08,  2.40763E+08,  2.39727E+08,  2.38645E+08,  2.37520E+08,  2.36357E+08,  2.35160E+08
  1.00000E+00,  1.00001E+00,  1.00019E+00,  1.00111E+00,  1.00401E+00,  1.01093E+00,  1.02561E+00,  1.05632E+00,  1.12296E+00,  1.27506E+00,  1.63898E+00,  2.54295E+00,  4.84696E+00,  1.07981E+01,  2.61859E+01,  6.55684E+01,  1.64349E+02,  4.05175E+02,  9.72192E+02,  2.25534E+03,  5.03712E+03,  1.08035E+04,  2.22225E+04,  4.38261E+04,  8.29003E+04,  1.50549E+05,  2.62831E+05,  4.41837E+05,  7.16492E+05,  1.12293E+06,  1.70423E+06,  2.50949E+06,  3.59217E+06,  5.00783E+06,  6.81149E+06,  9.05469E+06,  1.17828E+07,  1.50323E+07,  1.88292E+07,  2.31870E+07,  2.81068E+07,  3.35765E+07,  3.95720E+07,  4.60579E+07,  5.29896E+07,  6.03143E+07,  6.79737E+07,  7.59054E+07,  8.40449E+07,  9.23276E+07,  1.00690E+08,  1.09071E+08,  1.17412E+08,  1.25661E+08,  1.33769E+08,  1.41693E+08,  1.49395E+08,  1.56843E+08,  1.64009E+08,  1.70870E+08,  1.77411E+08,  1.83618E+08,  1.89482E+08,  1.94997E+08,  2.00163E+08,  2.04981E+08,  2.09453E+08,  2.13585E+08,  2.17385E+08,  2.20862E+08,  2.24027E+08,  2.26889E+08,  2.29462E+08,  2.31757E+08,  2.33787E+08,  2.35565E+08,  2.37104E+08,  2.38416E+08,  2.39515E+08,  2.40413E+08,  2.41122E+08,  2.41654E+08,  2.42020E+08,  2.42232E+08,  2.42299E+08,  2.42233E+08,  2.42042E+08,  2.41736E+08,  2.41324E+08,  2.40813E+08,  2.40212E+08,  2.39529E+08,  2.38769E+08,  2.37940E+08,  2.37048E+08,  2.36099E+08,  2.35097E+08,  2.34049E+08,  2.32958E+08,  2.31830E+08,  2.30668E+08
  1.00000E+00,  1.00001E+00,  1.00018E+00,  1.00108E+00,  1.00393E+00,  1.01073E+00,  1.02515E+00,  1.05524E+00,  1.12035E+00,  1.26844E+00,  1.62152E+00,  2.49558E+00,  4.71622E+00,  1.04354E+01,  2.51859E+01,  6.28572E+01,  1.57184E+02,  3.86857E+02,  9.27128E+02,  2.14908E+03,  4.79762E+03,  1.02880E+04,  2.11639E+04,  4.17497E+04,  7.90076E+04,  1.43562E+05,  2.50804E+05,  4.21939E+05,  6.84787E+05,  1.07416E+06,  1.63168E+06,  2.40484E+06,  3.44551E+06,  4.80776E+06,  6.54526E+06,  8.70852E+06,  1.13422E+07,  1.44825E+07,  1.81554E+07,  2.23751E+07,  2.71435E+07,  3.24499E+07,  3.82715E+07,  4.45750E+07,  5.13173E+07,  5.84479E+07,  6.59101E+07,  7.36436E+07,  8.15858E+07,  8.96736E+07,  9.78449E+07,  1.06040E+08,  1.14202E+08,  1.22280E+08,  1.30224E+08,  1.37993E+08,  1.45550E+08,  1.52861E+08,  1.59900E+08,  1.66645E+08,  1.73079E+08,  1.79187E+08,  1.84963E+08,  1.90399E+08,  1.95494E+08,  2.00248E+08,  2.04665E+08,  2.08750E+08,  2.12510E+08,  2.15954E+08,  2.19091E+08,  2.21932E+08,  2.24488E+08,  2.26772E+08,  2.28795E+08,  2.30571E+08,  2.32112E+08,  2.33429E+08,  2.34537E+08,  2.35447E+08,  2.36170E+08,  2.36719E+08,  2.37104E+08,  2.37337E+08,  2.37428E+08,  2.37386E+08,  2.37221E+08,  2.36942E+08,  2.36558E+08,  2.36077E+08,  2.35507E+08,  2.34854E+08,  2.34126E+08,  2.33329E+08,  2.32470E+08,  2.31553E+08,  2.30585E+08,  2.29570E+08,  2.28513E+08,  2.27418E+08,  2.26289E+08
  1.00000E+00,  1.00001E+00,  1.00018E+00,  1.00106E+00,  1.00386E+00,  1.01054E+00,  1.02470E+00,  1.05419E+00,  1.11781E+00,  1.26204E+00,  1.60470E+00,  2.45012E+00,  4.59115E+00,  1.00893E+01,  2.42342E+01,  6.02821E+01,  1.50390E+02,  3.69507E+02,  8.84481E+02,  2.04857E+03,  4.57111E+03,  9.80054E+03,  2.01622E+04,  3.97843E+04,  7.53204E+04,  1.36939E+05,  2.39393E+05,  4.03044E+05,  6.54653E+05,  1.02777E+06,  1.56259E+06,  2.30508E+06,  3.30558E+06,  4.61667E+06,  6.29074E+06,  8.37725E+06,  1.09201E+07,  1.39553E+07,  1.75089E+07,  2.15955E+07,  2.62178E+07,  3.13664E+07,  3.70200E+07,  4.31468E+07,  4.97057E+07,  5.66480E+07,  6.39190E+07,  7.14601E+07,  7.92104E+07,  8.71086E+07,  9.50941E+07,  1.03108E+08,  1.11096E+08,  1.19006E+08,  1.26791E+08,  1.34408E+08,  1.41822E+08,  1.49000E+08,  1.55915E+08,  1.62546E+08,  1.68874E+08,  1.74887E+08,  1.80575E+08,  1.85933E+08,  1.90958E+08,  1.95650E+08,  2.00013E+08,  2.04051E+08,  2.07771E+08,  2.11181E+08,  2.14291E+08,  2.17110E+08,  2.19649E+08,  2.21922E+08,  2.23938E+08,  2.25711E+08,  2.27253E+08,  2.28575E+08,  2.29691E+08,  2.30611E+08,  2.31348E+08,  2.31913E+08,  2.32317E+08,  2.32570E+08,  2.32682E+08,  2.32664E+08,  2.32524E+08,  2.32272E+08,  2.31915E+08,  2.31463E+08,  2.30922E+08,  2.30299E+08,  2.29601E+08,  2.28836E+08,  2.28008E+08,  2.27123E+08,  2.26187E+08,  2.25204E+08,  2.24179E+08,  2.23117E+08,  2.22021E+08
  1.00000E+00,  1.00001E+00,  1.00017E+00,  1.00104E+00,  1.00378E+00,  1.01035E+00,  1.02426E+00,  1.05317E+00,  1.11536E+00,  1.25585E+00,  1.58851E+00,  2.40647E+00,  4.47145E+00,  9.75910E+00,  2.33282E+01,  5.78354E+01,  1.43945E+02,  3.53068E+02,  8.44104E+02,  1.95346E+03,  4.35680E+03,  9.33926E+03,  1.92142E+04,  3.79231E+04,  7.18268E+04,  1.30659E+05,  2.28565E+05,  3.85098E+05,  6.26004E+05,  9.83626E+05,  1.49677E+06,  2.20997E+06,  3.17203E+06,  4.43412E+06,  6.04735E+06,  8.06019E+06,  1.05158E+07,  1.34499E+07,  1.68885E+07,  2.08467E+07,  2.53280E+07,  3.03242E+07,  3.58153E+07,  4.17711E+07,  4.81523E+07,  5.49120E+07,  6.19974E+07,  6.93516E+07,  7.69155E+07,  8.46293E+07,  9.24338E+07,  1.00272E+08,  1.08089E+08,  1.15835E+08,  1.23464E+08,  1.30934E+08,  1.38209E+08,  1.45256E+08,  1.52050E+08,  1.58568E+08,  1.64793E+08,  1.70711E+08,  1.76314E+08,  1.81595E+08,  1.86551E+08,  1.91182E+08,  1.95491E+08,  1.99483E+08,  2.03163E+08,  2.06539E+08,  2.09621E+08,  2.12419E+08,  2.14942E+08,  2.17202E+08,  2.19211E+08,  2.20981E+08,  2.22523E+08,  2.23849E+08,  2.24972E+08,  2.25903E+08,  2.26652E+08,  2.27232E+08,  2.27653E+08,  2.27926E+08,  2.28059E+08,  2.28064E+08,  2.27948E+08,  2.27721E+08,  2.27391E+08,  2.26966E+08,  2.26453E+08,  2.25859E+08,  2.25191E+08,  2.24456E+08,  2.23658E+08,  2.22804E+08,  2.21899E+08,  2.20948E+08,  2.19954E+08,  2.18923E+08,  2.17859E+08
  1.00000E+00,  1.00001E+00,  1.00017E+00,  1.00101E+00,  1.00371E+00,  1.01016E+00,  1.02383E+00,  1.05218E+00,  1.11298E+00,  1.24987E+00,  1.57290E+00,  2.36456E+00,  4.35685E+00,  9.44382E+00,  2.24652E+01,  5.55096E+01,  1.37829E+02,  3.37485E+02,  8.05861E+02,  1.86342E+03,  4.15396E+03,  8.90264E+03,  1.83166E+04,  3.61602E+04,  6.85155E+04,  1.24703E+05,  2.18287E+05,  3.68048E+05,  5.98761E+05,  9.41605E+05,  1.43407E+06,  2.11925E+06,  3.04453E+06,  4.25967E+06,  5.81456E+06,  7.75664E+06,  1.01284E+07,  1.29652E+07,  1.62930E+07,  2.01274E+07,  2.44726E+07,  2.93214E+07,  3.46553E+07,  4.04457E+07,  4.66547E+07,  5.32374E+07,  6.01425E+07,  6.73152E+07,  7.46979E+07,  8.22323E+07,  8.98606E+07,  9.75270E+07,  1.05178E+08,  1.12765E+08,  1.20241E+08,  1.27567E+08,  1.34705E+08,  1.41625E+08,  1.48300E+08,  1.54708E+08,  1.60831E+08,  1.66657E+08,  1.72175E+08,  1.77380E+08,  1.82268E+08,  1.86839E+08,  1.91095E+08,  1.95041E+08,  1.98681E+08,  2.02025E+08,  2.05079E+08,  2.07854E+08,  2.10360E+08,  2.12608E+08,  2.14610E+08,  2.16375E+08,  2.17917E+08,  2.19247E+08,  2.20377E+08,  2.21317E+08,  2.22078E+08,  2.22673E+08,  2.23110E+08,  2.23401E+08,  2.23555E+08,  2.23581E+08,  2.23489E+08,  2.23286E+08,  2.22981E+08,  2.22583E+08,  2.22097E+08,  2.21531E+08,  2.20892E+08,  2.20186E+08,  2.19418E+08,  2.18594E+08,  2.17719E+08,  2.16797E+08,  2.15835E+08,  2.14835E+08,  2.13801E+08
  1.00000E+00,  1.00001E+00,  1.00016E+00,  1.00099E+00,  1.00363E+00,  1.00998E+00,  1.02341E+00,  1.05122E+00,  1.11066E+00,  1.24409E+00,  1.55786E+00,  2.32429E+00,  4.24710E+00,  9.14268E+00,  2.16429E+01,  5.32980E+01,  1.32022E+02,  3.22708E+02,  7.69626E+02,  1.77815E+03,  3.96190E+03,  8.48921E+03,  1.74665E+04,  3.44897E+04,  6.53760E+04,  1.19051E+05,  2.08527E+05,  3.51845E+05,  5.72846E+05,  9.01595E+05,  1.37431E+06,  2.03271E+06,  2.92278E+06,  4.09294E+06,  5.59185E+06,  7.46598E+06,  9.75712E+06,  1.25002E+07,  1.57212E+07,  1.94362E+07,  2.36501E+07,  2.83565E+07,  3.35384E+07,  3.91685E+07,  4.52107E+07,  5.16216E+07,  5.83519E+07,  6.53482E+07,  7.25546E+07,  7.99144E+07,  8.73712E+07,  9.48703E+07,  1.02360E+08,  1.09790E+08,  1.17118E+08,  1.24302E+08,  1.31307E+08,  1.38102E+08,  1.44660E+08,  1.50960E+08,  1.56984E+08,  1.62719E+08,  1.68155E+08,  1.73284E+08,  1.78105E+08,  1.82617E+08,  1.86821E+08,  1.90721E+08,  1.94322E+08,  1.97632E+08,  2.00659E+08,  2.03412E+08,  2.05901E+08,  2.08137E+08,  2.10130E+08,  2.11891E+08,  2.13433E+08,  2.14766E+08,  2.15901E+08,  2.16849E+08,  2.17622E+08,  2.18230E+08,  2.18684E+08,  2.18992E+08,  2.19165E+08,  2.19212E+08,  2.19142E+08,  2.18963E+08,  2.18683E+08,  2.18310E+08,  2.17850E+08,  2.17312E+08,  2.16700E+08,  2.16022E+08,  2.15283E+08,  2.14488E+08,  2.13642E+08,  2.12750E+08,  2.11817E+08,  2.10847E+08,  2.09843E+08
  1.00000E+00,  1.00001E+00,  1.00016E+00,  1.00097E+00,  1.00356E+00,  1.00981E+00,  1.02300E+00,  1.05028E+00,  1.10842E+00,  1.23849E+00,  1.54336E+00,  2.28560E+00,  4.14194E+00,  8.85495E+00,  2.08591E+01,  5.11940E+01,  1.26506E+02,  3.08689E+02,  7.35281E+02,  1.69737E+03,  3.77999E+03,  8.09761E+03,  1.66610E+04,  3.29064E+04,  6.23985E+04,  1.13688E+05,  1.99256E+05,  3.36441E+05,  5.48189E+05,  8.63491E+05,  1.31734E+06,  1.95014E+06,  2.80650E+06,  3.93354E+06,  5.37874E+06,  7.18758E+06,  9.40118E+06,  1.20540E+07,  1.51723E+07,  1.87720E+07,  2.28590E+07,  2.74278E+07,  3.24626E+07,  3.79375E+07,  4.38180E+07,  5.00623E+07,  5.66228E+07,  6.34478E+07,  7.04829E+07,  7.76728E+07,  8.49625E+07,  9.22986E+07,  9.96299E+07,  1.06909E+08,  1.14091E+08,  1.21137E+08,  1.28012E+08,  1.34684E+08,  1.41128E+08,  1.47322E+08,  1.53249E+08,  1.58894E+08,  1.64248E+08,  1.69304E+08,  1.74059E+08,  1.78512E+08,  1.82664E+08,  1.86519E+08,  1.90081E+08,  1.93359E+08,  1.96358E+08,  1.99089E+08,  2.01561E+08,  2.03783E+08,  2.05768E+08,  2.07525E+08,  2.09065E+08,  2.10400E+08,  2.11541E+08,  2.12497E+08,  2.13281E+08,  2.13902E+08,  2.14370E+08,  2.14695E+08,  2.14887E+08,  2.14954E+08,  2.14905E+08,  2.14749E+08,  2.14492E+08,  2.14144E+08,  2.13710E+08,  2.13197E+08,  2.12613E+08,  2.11962E+08,  2.11250E+08,  2.10483E+08,  2.09666E+08,  2.08803E+08,  2.07898E+08,  2.06957E+08,  2.05982E+08
  1.00000E+00,  1.00001E+00,  1.00015E+00,  1.00094E+00,  1.00349E+00,  1.00963E+00,  1.02261E+00,  1.04936E+00,  1.10624E+00,  1.23307E+00,  1.52937E+00,  2.24840E+00,  4.04114E+00,  8.57992E+00,  2.01117E+01,  4.91917E+01,  1.21265E+02,  2.95385E+02,  7.02713E+02,  1.62081E+03,  3.60762E+03,  7.72655E+03,  1.58976E+04,  3.14051E+04,  5.95737E+04,  1.08596E+05,  1.90449E+05,  3.21793E+05,  5.24722E+05,  8.27193E+05,  1.26302E+06,  1.87133E+06,  2.69541E+06,  3.78112E+06,  5.17477E+06,  6.92089E+06,  9.05989E+06,  1.16259E+07,  1.46450E+07,  1.81336E+07,  2.20980E+07,  2.65338E+07,  3.14262E+07,  3.67508E+07,  4.24746E+07,  4.85573E+07,  5.49530E+07,  6.16114E+07,  6.84799E+07,  7.55045E+07,  8.26315E+07,  8.98086E+07,  9.69858E+07,  1.04116E+08,  1.11157E+08,  1.18068E+08,  1.24815E+08,  1.31367E+08,  1.37700E+08,  1.43790E+08,  1.49621E+08,  1.55178E+08,  1.60452E+08,  1.65436E+08,  1.70126E+08,  1.74521E+08,  1.78621E+08,  1.82431E+08,  1.85955E+08,  1.89200E+08,  1.92172E+08,  1.94880E+08,  1.97335E+08,  1.99544E+08,  2.01520E+08,  2.03272E+08,  2.04811E+08,  2.06147E+08,  2.07292E+08,  2.08256E+08,  2.09050E+08,  2.09683E+08,  2.10165E+08,  2.10507E+08,  2.10716E+08,  2.10802E+08,  2.10774E+08,  2.10640E+08,  2.10406E+08,  2.10081E+08,  2.09672E+08,  2.09185E+08,  2.08626E+08,  2.08002E+08,  2.07317E+08,  2.06577E+08,  2.05787E+08,  2.04952E+08,  2.04076E+08,  2.03162E+08,  2.02215E+08
  1.00000E+00,  1.00001E+00,  1.00015E+00,  1.00092E+00,  1.00343E+00,  1.00946E+00,  1.02222E+00,  1.04847E+00,  1.10412E+00,  1.22783E+00,  1.51588E+00,  2.21262E+00,  3.94450E+00,  8.31694E+00,  1.93987E+01,  4.72853E+01,  1.16283E+02,  2.82755E+02,  6.71820E+02,  1.54822E+03,  3.44424E+03,  7.37482E+03,  1.51738E+04,  2.99811E+04,  5.68930E+04,  1.03761E+05,  1.82078E+05,  3.07861E+05,  5.02381E+05,  7.92604E+05,  1.21121E+06,  1.79609E+06,  2.58926E+06,  3.63533E+06,  4.97950E+06,  6.66534E+06,  8.73259E+06,  1.12150E+07,  1.41385E+07,  1.75198E+07,  2.13658E+07,  2.56730E+07,  3.04277E+07,  3.56067E+07,  4.11786E+07,  4.71045E+07,  5.33401E+07,  5.98367E+07,  6.65430E+07,  7.34067E+07,  8.03752E+07,  8.73974E+07,  9.44243E+07,  1.01410E+08,  1.08311E+08,  1.15091E+08,  1.21713E+08,  1.28148E+08,  1.34371E+08,  1.40359E+08,  1.46096E+08,  1.51567E+08,  1.56763E+08,  1.61675E+08,  1.66301E+08,  1.70639E+08,  1.74689E+08,  1.78454E+08,  1.81940E+08,  1.85152E+08,  1.88097E+08,  1.90783E+08,  1.93220E+08,  1.95416E+08,  1.97382E+08,  1.99129E+08,  2.00666E+08,  2.02004E+08,  2.03153E+08,  2.04124E+08,  2.04926E+08,  2.05571E+08,  2.06067E+08,  2.06423E+08,  2.06650E+08,  2.06755E+08,  2.06746E+08,  2.06633E+08,  2.06421E+08,  2.06119E+08,  2.05734E+08,  2.05271E+08,  2.04737E+08,  2.04139E+08,  2.03480E+08,  2.02766E+08,  2.02003E+08,  2.01195E+08,  2.00346E+08,  1.99459E+08,  1.98540E+08
  1.00000E+00,  1.00001E+00,  1.00015E+00,  1.00090E+00,  1.00336E+00,  1.00930E+00,  1.02184E+00,  1.04760E+00,  1.10207E+00,  1.22276E+00,  1.50285E+00,  2.17820E+00,  3.85181E+00,  8.06537E+00,  1.87182E+01,  4.54697E+01,  1.11546E+02,  2.70759E+02,  6.42505E+02,  1.47938E+03,  3.28933E+03,  7.04132E+03,  1.44874E+04,  2.86300E+04,  5.43481E+04,  9.91674E+04,  1.74121E+05,  2.94606E+05,  4.81106E+05,  7.59638E+05,  1.16179E+06,  1.72425E+06,  2.48781E+06,  3.49586E+06,  4.79252E+06,  6.42043E+06,  8.41863E+06,  1.08205E+07,  1.36518E+07,  1.69296E+07,  2.06613E+07,  2.48441E+07,  2.94654E+07,  3.45034E+07,  3.99279E+07,  4.57017E+07,  5.17818E+07,  5.81211E+07,  6.46699E+07,  7.13769E+07,  7.81910E+07,  8.50622E+07,  9.19425E+07,  9.87866E+07,  1.05553E+08,  1.12203E+08,  1.18703E+08,  1.25024E+08,  1.31139E+08,  1.37027E+08,  1.42672E+08,  1.48058E+08,  1.53176E+08,  1.58019E+08,  1.62581E+08,  1.66862E+08,  1.70863E+08,  1.74585E+08,  1.78032E+08,  1.81212E+08,  1.84129E+08,  1.86793E+08,  1.89212E+08,  1.91395E+08,  1.93352E+08,  1.95092E+08,  1.96627E+08,  1.97965E+08,  1.99118E+08,  2.00095E+08,  2.00907E+08,  2.01562E+08,  2.02071E+08,  2.02442E+08,  2.02685E+08,  2.02807E+08,  2.02818E+08,  2.02724E+08,  2.02534E+08,  2.02255E+08,  2.01892E+08,  2.01453E+08,  2.00944E+08,  2.00370E+08,  1.99736E+08,  1.99048E+08,  1.98311E+08,  1.97529E+08,  1.96706E+08,  1.95846E+08,  1.94953E+08
  1.00000E+00,  1.00001E+00,  1.00014E+00,  1.00088E+00,  1.00330E+00,  1.00914E+00,  1.02147E+00,  1.04676E+00,  1.10007E+00,  1.21784E+00,  1.49028E+00,  2.14508E+00,  3.76287E+00,  7.82465E+00,  1.80687E+01,  4.37398E+01,  1.07040E+02,  2.59361E+02,  6.14676E+02,  1.41407E+03,  3.14239E+03,  6.72499E+03,  1.38362E+04,  2.73478E+04,  5.19316E+04,  9.48028E+04,  1.66554E+05,  2.81991E+05,  4.60842E+05,  7.28209E+05,  1.11462E+06,  1.65563E+06,  2.39081E+06,  3.36241E+06,  4.61344E+06,  6.18566E+06,  8.11741E+06,  1.04416E+07,  1.31841E+07,  1.63620E+07,  1.99831E+07,  2.40456E+07,  2.85379E+07,  3.34393E+07,  3.87210E+07,  4.43471E+07,  5.02762E+07,  5.64626E+07,  6.28580E+07,  6.94125E+07,  7.60762E+07,  8.28002E+07,  8.95373E+07,  9.62434E+07,  1.02877E+08,  1.09401E+08,  1.15782E+08,  1.21990E+08,  1.28000E+08,  1.33791E+08,  1.39344E+08,  1.44648E+08,  1.49689E+08,  1.54463E+08,  1.58963E+08,  1.63189E+08,  1.67140E+08,  1.70818E+08,  1.74228E+08,  1.77375E+08,  1.80266E+08,  1.82908E+08,  1.85309E+08,  1.87478E+08,  1.89425E+08,  1.91159E+08,  1.92691E+08,  1.94030E+08,  1.95186E+08,  1.96168E+08,  1.96988E+08,  1.97653E+08,  1.98174E+08,  1.98559E+08,  1.98818E+08,  1.98957E+08,  1.98986E+08,  1.98912E+08,  1.98743E+08,  1.98484E+08,  1.98144E+08,  1.97728E+08,  1.97242E+08,  1.96692E+08,  1.96083E+08,  1.95420E+08,  1.94708E+08,  1.93951E+08,  1.93153E+08,  1.92319E+08,  1.91452E+08
  1.00000E+00,  1.00001E+00,  1.00014E+00,  1.00086E+00,  1.00323E+00,  1.00898E+00,  1.02110E+00,  1.04593E+00,  1.09813E+00,  1.21308E+00,  1.47814E+00,  2.11319E+00,  3.67750E+00,  7.59421E+00,  1.74483E+01,  4.20909E+01,  1.02752E+02,  2.48528E+02,  5.88249E+02,  1.35207E+03,  3.00296E+03,  6.42483E+03,  1.32181E+04,  2.61304E+04,  4.96361E+04,  9.06543E+04,  1.59357E+05,  2.69983E+05,  4.41536E+05,  6.98239E+05,  1.06961E+06,  1.59007E+06,  2.29807E+06,  3.23468E+06,  4.44189E+06,  5.96056E+06,  7.82836E+06,  1.00778E+07,  1.27345E+07,  1.58159E+07,  1.93303E+07,  2.32765E+07,  2.76438E+07,  3.24128E+07,  3.75559E+07,  4.30387E+07,  4.88211E+07,  5.48589E+07,  6.11051E+07,  6.75111E+07,  7.40282E+07,  8.06087E+07,  8.72062E+07,  9.37774E+07,  1.00282E+08,  1.06682E+08,  1.12946E+08,  1.19044E+08,  1.24951E+08,  1.30646E+08,  1.36111E+08,  1.41332E+08,  1.46299E+08,  1.51005E+08,  1.55444E+08,  1.59614E+08,  1.63516E+08,  1.67152E+08,  1.70525E+08,  1.73640E+08,  1.76504E+08,  1.79123E+08,  1.81506E+08,  1.83661E+08,  1.85598E+08,  1.87326E+08,  1.88855E+08,  1.90193E+08,  1.91352E+08,  1.92340E+08,  1.93167E+08,  1.93842E+08,  1.94374E+08,  1.94773E+08,  1.95046E+08,  1.95202E+08,  1.95248E+08,  1.95193E+08,  1.95043E+08,  1.94805E+08,  1.94487E+08,  1.94093E+08,  1.93629E+08,  1.93103E+08,  1.92517E+08,  1.91878E+08,  1.91191E+08,  1.90458E+08,  1.89686E+08,  1.88876E+08,  1.88034E+08
  1.00000E+00,  1.00001E+00,  1.00013E+00,  1.00084E+00,  1.00317E+00,  1.00882E+00,  1.02075E+00,  1.04512E+00,  1.09624E+00,  1.20846E+00,  1.46641E+00,  2.08248E+00,  3.59553E+00,  7.37354E+00,  1.68556E+01,  4.05187E+01,  9.86694E+01,  2.38228E+02,  5.63144E+02,  1.29322E+03,  2.87062E+03,  6.13994E+03,  1.26314E+04,  2.49743E+04,  4.74551E+04,  8.67101E+04,  1.52509E+05,  2.58548E+05,  4.23137E+05,  6.69652E+05,  1.02663E+06,  1.52743E+06,  2.20936E+06,  3.11241E+06,  4.27752E+06,  5.74469E+06,  7.55092E+06,  9.72830E+06,  1.23023E+07,  1.52906E+07,  1.87017E+07,  2.25353E+07,  2.67817E+07,  3.14223E+07,  3.64311E+07,  4.17747E+07,  4.74146E+07,  5.33079E+07,  5.94089E+07,  6.56704E+07,  7.20447E+07,  7.84851E+07,  8.49465E+07,  9.13860E+07,  9.77639E+07,  1.04044E+08,  1.10194E+08,  1.16184E+08,  1.21990E+08,  1.27590E+08,  1.32968E+08,  1.38109E+08,  1.43002E+08,  1.47641E+08,  1.52019E+08,  1.56136E+08,  1.59990E+08,  1.63583E+08,  1.66919E+08,  1.70002E+08,  1.72839E+08,  1.75436E+08,  1.77801E+08,  1.79942E+08,  1.81869E+08,  1.83590E+08,  1.85115E+08,  1.86453E+08,  1.87614E+08,  1.88606E+08,  1.89440E+08,  1.90124E+08,  1.90668E+08,  1.91079E+08,  1.91366E+08,  1.91538E+08,  1.91601E+08,  1.91564E+08,  1.91433E+08,  1.91215E+08,  1.90917E+08,  1.90545E+08,  1.90104E+08,  1.89599E+08,  1.89037E+08,  1.88421E+08,  1.87757E+08,  1.87049E+08,  1.86300E+08,  1.85515E+08,  1.84697E+08
  1.00000E+00,  1.00001E+00,  1.00013E+00,  1.00082E+00,  1.00311E+00,  1.00867E+00,  1.02040E+00,  1.04434E+00,  1.09441E+00,  1.20398E+00,  1.45507E+00,  2.05290E+00,  3.51681E+00,  7.16215E+00,  1.62892E+01,  3.90191E+01,  9.47818E+01,  2.28431E+02,  5.39286E+02,  1.23731E+03,  2.74496E+03,  5.86945E+03,  1.20742E+04,  2.38761E+04,  4.53821E+04,  8.29591E+04,  1.45992E+05,  2.47658E+05,  4.05598E+05,  6.42378E+05,  9.85594E+05,  1.46756E+06,  2.12450E+06,  2.99533E+06,  4.12000E+06,  5.53763E+06,  7.28457E+06,  9.39251E+06,  1.18868E+07,  1.47850E+07,  1.80964E+07,  2.18211E+07,  2.59503E+07,  3.04666E+07,  3.53449E+07,  4.05535E+07,  4.60550E+07,  5.18078E+07,  5.77675E+07,  6.38881E+07,  7.01233E+07,  7.64272E+07,  8.27556E+07,  8.90665E+07,  9.53209E+07,  1.01483E+08,  1.07521E+08,  1.13405E+08,  1.19112E+08,  1.24620E+08,  1.29912E+08,  1.34974E+08,  1.39795E+08,  1.44368E+08,  1.48687E+08,  1.52750E+08,  1.56557E+08,  1.60108E+08,  1.63407E+08,  1.66459E+08,  1.69269E+08,  1.71843E+08,  1.74190E+08,  1.76318E+08,  1.78234E+08,  1.79948E+08,  1.81469E+08,  1.82806E+08,  1.83968E+08,  1.84965E+08,  1.85805E+08,  1.86498E+08,  1.87052E+08,  1.87475E+08,  1.87776E+08,  1.87962E+08,  1.88042E+08,  1.88022E+08,  1.87910E+08,  1.87711E+08,  1.87433E+08,  1.87082E+08,  1.86662E+08,  1.86179E+08,  1.85639E+08,  1.85046E+08,  1.84405E+08,  1.83720E+08,  1.82995E+08,  1.82233E+08,  1.81439E+08
  1.00000E+00,  1.00001E+00,  1.00013E+00,  1.00081E+00,  1.00305E+00,  1.00852E+00,  1.02006E+00,  1.04357E+00,  1.09262E+00,  1.19964E+00,  1.44412E+00,  2.02440E+00,  3.44116E+00,  6.95959E+00,  1.57476E+01,  3.75883E+01,  9.10781E+01,  2.19110E+02,  5.16606E+02,  1.18420E+03,  2.62561E+03,  5.61254E+03,  1.15450E+04,  2.28324E+04,  4.34113E+04,  7.93907E+04,  1.39788E+05,  2.37282E+05,  3.88875E+05,  6.16350E+05,  9.46396E+05,  1.41032E+06,  2.04330E+06,  2.88320E+06,  3.96900E+06,  5.33898E+06,  7.02884E+06,  9.06981E+06,  1.14871E+07,  1.42984E+07,  1.75134E+07,  2.11327E+07,  2.51484E+07,  2.95441E+07,  3.42960E+07,  3.93734E+07,  4.47403E+07,  5.03565E+07,  5.61787E+07,  6.21622E+07,  6.82617E+07,  7.44325E+07,  8.06311E+07,  8.68165E+07,  9.29501E+07,  9.89969E+07,  1.04925E+08,  1.10706E+08,  1.16316E+08,  1.21733E+08,  1.26941E+08,  1.31926E+08,  1.36676E+08,  1.41184E+08,  1.45444E+08,  1.49455E+08,  1.53214E+08,  1.56724E+08,  1.59987E+08,  1.63007E+08,  1.65790E+08,  1.68343E+08,  1.70672E+08,  1.72785E+08,  1.74691E+08,  1.76397E+08,  1.77914E+08,  1.79250E+08,  1.80413E+08,  1.81413E+08,  1.82260E+08,  1.82960E+08,  1.83524E+08,  1.83959E+08,  1.84272E+08,  1.84473E+08,  1.84569E+08,  1.84566E+08,  1.84471E+08,  1.84291E+08,  1.84032E+08,  1.83701E+08,  1.83302E+08,  1.82840E+08,  1.82322E+08,  1.81751E+08,  1.81132E+08,  1.80469E+08,  1.79767E+08,  1.79028E+08,  1.78256E+08
  1.00000E+00,  1.00001E+00,  1.00012E+00,  1.00079E+00,  1.00300E+00,  1.00838E+00,  1.01973E+00,  1.04283E+00,  1.09088E+00,  1.19544E+00,  1.43352E+00,  1.99693E+00,  3.36846E+00,  6.76540E+00,  1.52297E+01,  3.62224E+01,  8.75486E+01,  2.10237E+02,  4.95038E+02,  1.13372E+03,  2.51220E+03,  5.36845E+03,  1.10420E+04,  2.18404E+04,  4.15371E+04,  7.59952E+04,  1.33880E+05,  2.27395E+05,  3.72926E+05,  5.91506E+05,  9.08948E+05,  1.35559E+06,  1.96559E+06,  2.77580E+06,  3.82423E+06,  5.14836E+06,  6.78323E+06,  8.75965E+06,  1.11026E+07,  1.38300E+07,  1.69517E+07,  2.04690E+07,  2.43748E+07,  2.86537E+07,  3.32828E+07,  3.82329E+07,  4.34690E+07,  4.89522E+07,  5.46407E+07,  6.04906E+07,  6.64579E+07,  7.24988E+07,  7.85707E+07,  8.46334E+07,  9.06491E+07,  9.65830E+07,  1.02404E+08,  1.08084E+08,  1.13598E+08,  1.18927E+08,  1.24052E+08,  1.28960E+08,  1.33641E+08,  1.38085E+08,  1.42288E+08,  1.46246E+08,  1.49959E+08,  1.53428E+08,  1.56655E+08,  1.59644E+08,  1.62401E+08,  1.64931E+08,  1.67242E+08,  1.69341E+08,  1.71235E+08,  1.72935E+08,  1.74447E+08,  1.75781E+08,  1.76945E+08,  1.77949E+08,  1.78800E+08,  1.79508E+08,  1.80081E+08,  1.80527E+08,  1.80853E+08,  1.81068E+08,  1.81178E+08,  1.81191E+08,  1.81114E+08,  1.80952E+08,  1.80712E+08,  1.80400E+08,  1.80020E+08,  1.79580E+08,  1.79082E+08,  1.78533E+08,  1.77935E+08,  1.77294E+08,  1.76614E+08,  1.75897E+08,  1.75148E+08
  1.00000E+00,  1.00001E+00,  1.00012E+00,  1.00077E+00,  1.00294E+00,  1.00824E+00,  1.01941E+00,  1.04210E+00,  1.08919E+00,  1.19135E+00,  1.42328E+00,  1.97044E+00,  3.29857E+00,  6.57920E+00,  1.47342E+01,  3.49183E+01,  8.41837E+01,  2.01789E+02,  4.74521E+02,  1.08573E+03,  2.40442E+03,  5.13648E+03,  1.05640E+04,  2.08972E+04,  3.97542E+04,  7.27632E+04,  1.28254E+05,  2.17970E+05,  3.57712E+05,  5.67786E+05,  8.73162E+05,  1.30324E+06,  1.89120E+06,  2.67289E+06,  3.68541E+06,  4.96541E+06,  6.54731E+06,  8.46148E+06,  1.07327E+07,  1.33790E+07,  1.64105E+07,  1.98291E+07,  2.36284E+07,  2.77939E+07,  3.23040E+07,  3.71303E+07,  4.22394E+07,  4.75933E+07,  5.31515E+07,  5.88714E+07,  6.47098E+07,  7.06239E+07,  7.65722E+07,  8.25151E+07,  8.84154E+07,  9.42389E+07,  9.99547E+07,  1.05535E+08,  1.10957E+08,  1.16198E+08,  1.21243E+08,  1.26076E+08,  1.30687E+08,  1.35069E+08,  1.39215E+08,  1.43122E+08,  1.46789E+08,  1.50217E+08,  1.53409E+08,  1.56367E+08,  1.59098E+08,  1.61606E+08,  1.63898E+08,  1.65983E+08,  1.67866E+08,  1.69558E+08,  1.71065E+08,  1.72397E+08,  1.73562E+08,  1.74568E+08,  1.75425E+08,  1.76140E+08,  1.76722E+08,  1.77178E+08,  1.77516E+08,  1.77744E+08,  1.77869E+08,  1.77897E+08,  1.77836E+08,  1.77692E+08,  1.77470E+08,  1.77176E+08,  1.76816E+08,  1.76395E+08,  1.75918E+08,  1.75389E+08,  1.74813E+08,  1.74193E+08,  1.73534E+08,  1.72839E+08,  1.72112E+08
  1.00000E+00,  1.00001E+00,  1.00012E+00,  1.00075E+00,  1.00288E+00,  1.00810E+00,  1.01909E+00,  1.04139E+00,  1.08755E+00,  1.18739E+00,  1.41337E+00,  1.94489E+00,  3.23134E+00,  6.40058E+00,  1.42599E+01,  3.36726E+01,  8.09747E+01,  1.93743E+02,  4.54995E+02,  1.04009E+03,  2.30195E+03,  4.91594E+03,  1.01094E+04,  2.00001E+04,  3.80577E+04,  6.96861E+04,  1.22893E+05,  2.08984E+05,  3.43194E+05,  5.45133E+05,  8.38958E+05,  1.25317E+06,  1.81997E+06,  2.57427E+06,  3.55226E+06,  4.78979E+06,  6.32065E+06,  8.17478E+06,  1.03768E+07,  1.29447E+07,  1.58889E+07,  1.92120E+07,  2.29081E+07,  2.69637E+07,  3.13582E+07,  3.60644E+07,  4.10499E+07,  4.62781E+07,  5.17095E+07,  5.73026E+07,  6.30153E+07,  6.88059E+07,  7.46335E+07,  8.04593E+07,  8.62468E+07,  9.19623E+07,  9.75754E+07,  1.03059E+08,  1.08389E+08,  1.13545E+08,  1.18510E+08,  1.23269E+08,  1.27813E+08,  1.32133E+08,  1.36223E+08,  1.40079E+08,  1.43701E+08,  1.47090E+08,  1.50246E+08,  1.53174E+08,  1.55878E+08,  1.58364E+08,  1.60638E+08,  1.62708E+08,  1.64581E+08,  1.66264E+08,  1.67766E+08,  1.69096E+08,  1.70261E+08,  1.71270E+08,  1.72131E+08,  1.72852E+08,  1.73442E+08,  1.73908E+08,  1.74258E+08,  1.74498E+08,  1.74637E+08,  1.74681E+08,  1.74635E+08,  1.74508E+08,  1.74303E+08,  1.74028E+08,  1.73687E+08,  1.73285E+08,  1.72827E+08,  1.72319E+08,  1.71763E+08,  1.71164E+08,  1.70525E+08,  1.69851E+08,  1.69145E+08
  1.00000E+00,  1.00001E+00,  1.00011E+00,  1.00074E+00,  1.00283E+00,  1.00796E+00,  1.01878E+00,  1.04069E+00,  1.08594E+00,  1.18355E+00,  1.40378E+00,  1.92024E+00,  3.16667E+00,  6.22918E+00,  1.38059E+01,  3.24823E+01,  7.79134E+01,  1.86076E+02,  4.36409E+02,  9.96665E+02,  2.20449E+03,  4.70622E+03,  9.67713E+03,  1.91466E+04,  3.64430E+04,  6.67556E+04,  1.17784E+05,  2.00415E+05,  3.29338E+05,  5.23495E+05,  8.06258E+05,  1.20525E+06,  1.75175E+06,  2.47974E+06,  3.42452E+06,  4.62117E+06,  6.10284E+06,  7.89907E+06,  1.00342E+07,  1.25264E+07,  1.53862E+07,  1.86167E+07,  2.22128E+07,  2.61619E+07,  3.04442E+07,  3.50337E+07,  3.98991E+07,  4.50050E+07,  5.03128E+07,  5.57824E+07,  6.13727E+07,  6.70426E+07,  7.27524E+07,  7.84638E+07,  8.41411E+07,  8.97510E+07,  9.52635E+07,  1.00652E+08,  1.05892E+08,  1.10964E+08,  1.15851E+08,  1.20538E+08,  1.25016E+08,  1.29275E+08,  1.33309E+08,  1.37116E+08,  1.40694E+08,  1.44042E+08,  1.47163E+08,  1.50061E+08,  1.52739E+08,  1.55203E+08,  1.57459E+08,  1.59514E+08,  1.61376E+08,  1.63051E+08,  1.64548E+08,  1.65875E+08,  1.67039E+08,  1.68050E+08,  1.68916E+08,  1.69643E+08,  1.70241E+08,  1.70716E+08,  1.71077E+08,  1.71329E+08,  1.71481E+08,  1.71539E+08,  1.71509E+08,  1.71398E+08,  1.71210E+08,  1.70952E+08,  1.70630E+08,  1.70246E+08,  1.69808E+08,  1.69319E+08,  1.68783E+08,  1.68204E+08,  1.67586E+08,  1.66932E+08,  1.66246E+08
  1.00000E+00,  1.00001E+00,  1.00011E+00,  1.00072E+00,  1.00278E+00,  1.00783E+00,  1.01848E+00,  1.04001E+00,  1.08438E+00,  1.17981E+00,  1.39450E+00,  1.89645E+00,  3.10443E+00,  6.06466E+00,  1.33711E+01,  3.13445E+01,  7.49919E+01,  1.78768E+02,  4.18709E+02,  9.55339E+02,  2.11177E+03,  4.50671E+03,  9.26584E+03,  1.83344E+04,  3.49056E+04,  6.39640E+04,  1.12914E+05,  1.92240E+05,  3.16110E+05,  5.02821E+05,  7.74989E+05,  1.15939E+06,  1.68641E+06,  2.38912E+06,  3.30195E+06,  4.45924E+06,  5.89351E+06,  7.63387E+06,  9.70449E+06,  1.21234E+07,  1.49016E+07,  1.80425E+07,  2.15417E+07,  2.53874E+07,  2.95608E+07,  3.40369E+07,  3.87855E+07,  4.37723E+07,  4.89600E+07,  5.43092E+07,  5.97800E+07,  6.53323E+07,  7.09270E+07,  7.65267E+07,  8.20961E+07,  8.76027E+07,  9.30167E+07,  9.83116E+07,  1.03464E+08,  1.08454E+08,  1.13264E+08,  1.17881E+08,  1.22293E+08,  1.26492E+08,  1.30472E+08,  1.34230E+08,  1.37763E+08,  1.41072E+08,  1.44159E+08,  1.47027E+08,  1.49679E+08,  1.52121E+08,  1.54359E+08,  1.56399E+08,  1.58249E+08,  1.59916E+08,  1.61407E+08,  1.62731E+08,  1.63895E+08,  1.64908E+08,  1.65777E+08,  1.66510E+08,  1.67115E+08,  1.67600E+08,  1.67970E+08,  1.68235E+08,  1.68400E+08,  1.68471E+08,  1.68456E+08,  1.68360E+08,  1.68189E+08,  1.67948E+08,  1.67643E+08,  1.67278E+08,  1.66858E+08,  1.66387E+08,  1.65871E+08,  1.65311E+08,  1.64713E+08,  1.64079E+08,  1.63413E+08
  1.00000E+00,  1.00001E+00,  1.00011E+00,  1.00071E+00,  1.00273E+00,  1.00770E+00,  1.01818E+00,  1.03935E+00,  1.08287E+00,  1.17619E+00,  1.38551E+00,  1.87349E+00,  3.04452E+00,  5.90669E+00,  1.29545E+01,  3.02567E+01,  7.22029E+01,  1.71801E+02,  4.01849E+02,  9.15998E+02,  2.02353E+03,  4.31687E+03,  8.87444E+03,  1.75612E+04,  3.34416E+04,  6.13040E+04,  1.08271E+05,  1.84441E+05,  3.03479E+05,  4.83064E+05,  7.45082E+05,  1.11549E+06,  1.62381E+06,  2.30222E+06,  3.18433E+06,  4.30371E+06,  5.69228E+06,  7.37873E+06,  9.38701E+06,  1.17352E+07,  1.44344E+07,  1.74885E+07,  2.08937E+07,  2.46391E+07,  2.87068E+07,  3.30727E+07,  3.77078E+07,  4.25788E+07,  4.76493E+07,  5.28813E+07,  5.82356E+07,  6.36730E+07,  6.91554E+07,  7.46459E+07,  8.01099E+07,  8.55154E+07,  9.08330E+07,  9.60364E+07,  1.01103E+08,  1.06012E+08,  1.10747E+08,  1.15294E+08,  1.19641E+08,  1.23782E+08,  1.27708E+08,  1.31417E+08,  1.34907E+08,  1.38178E+08,  1.41231E+08,  1.44068E+08,  1.46695E+08,  1.49115E+08,  1.51335E+08,  1.53360E+08,  1.55199E+08,  1.56857E+08,  1.58343E+08,  1.59663E+08,  1.60827E+08,  1.61841E+08,  1.62713E+08,  1.63452E+08,  1.64063E+08,  1.64556E+08,  1.64937E+08,  1.65212E+08,  1.65389E+08,  1.65474E+08,  1.65473E+08,  1.65392E+08,  1.65237E+08,  1.65013E+08,  1.64725E+08,  1.64377E+08,  1.63975E+08,  1.63523E+08,  1.63025E+08,  1.62484E+08,  1.61905E+08,  1.61290E+08,  1.60644E+08
  1.00000E+00,  1.00001E+00,  1.00011E+00,  1.00069E+00,  1.00268E+00,  1.00757E+00,  1.01789E+00,  1.03870E+00,  1.08139E+00,  1.17266E+00,  1.37681E+00,  1.85132E+00,  2.98683E+00,  5.75496E+00,  1.25553E+01,  2.92162E+01,  6.95396E+01,  1.65155E+02,  3.85783E+02,  8.78533E+02,  1.93954E+03,  4.13617E+03,  8.50184E+03,  1.68249E+04,  3.20469E+04,  5.87688E+04,  1.03843E+05,  1.76997E+05,  2.91415E+05,  4.64179E+05,  7.16471E+05,  1.07346E+06,  1.56382E+06,  2.21887E+06,  3.07141E+06,  4.15429E+06,  5.49881E+06,  7.13323E+06,  9.08129E+06,  1.13610E+07,  1.39838E+07,  1.69538E+07,  2.02680E+07,  2.39161E+07,  2.78811E+07,  3.21400E+07,  3.66646E+07,  4.14228E+07,  4.63794E+07,  5.14971E+07,  5.67377E+07,  6.20631E+07,  6.74357E+07,  7.28195E+07,  7.81805E+07,  8.34870E+07,  8.87102E+07,  9.38241E+07,  9.88059E+07,  1.03636E+08,  1.08297E+08,  1.12775E+08,  1.17060E+08,  1.21142E+08,  1.25016E+08,  1.28677E+08,  1.32124E+08,  1.35357E+08,  1.38376E+08,  1.41184E+08,  1.43785E+08,  1.46183E+08,  1.48385E+08,  1.50396E+08,  1.52222E+08,  1.53872E+08,  1.55351E+08,  1.56668E+08,  1.57831E+08,  1.58846E+08,  1.59721E+08,  1.60465E+08,  1.61083E+08,  1.61584E+08,  1.61974E+08,  1.62260E+08,  1.62449E+08,  1.62546E+08,  1.62559E+08,  1.62493E+08,  1.62353E+08,  1.62144E+08,  1.61873E+08,  1.61542E+08,  1.61158E+08,  1.60723E+08,  1.60243E+08,  1.59721E+08,  1.59160E+08,  1.58565E+08,  1.57937E+08
  1.00000E+00,  1.00001E+00,  1.00010E+00,  1.00068E+00,  1.00263E+00,  1.00745E+00,  1.01761E+00,  1.03807E+00,  1.07994E+00,  1.16924E+00,  1.36838E+00,  1.82990E+00,  2.93126E+00,  5.60918E+00,  1.21726E+01,  2.82206E+01,  6.69953E+01,  1.58815E+02,  3.70469E+02,  8.42845E+02,  1.85955E+03,  3.96412E+03,  8.14704E+03,  1.61237E+04,  3.07180E+04,  5.63518E+04,  9.96184E+04,  1.69891E+05,  2.79890E+05,  4.46123E+05,  6.89093E+05,  1.03321E+06,  1.50632E+06,  2.13892E+06,  2.96301E+06,  4.01071E+06,  5.31276E+06,  6.89697E+06,  8.78684E+06,  1.10004E+07,  1.35491E+07,  1.64378E+07,  1.96637E+07,  2.32174E+07,  2.70827E+07,  3.12375E+07,  3.56547E+07,  4.03032E+07,  4.51487E+07,  5.01550E+07,  5.52848E+07,  6.05008E+07,  6.57663E+07,  7.10458E+07,  7.63060E+07,  8.15156E+07,  8.66464E+07,  9.16726E+07,  9.65715E+07,  1.01324E+08,  1.05912E+08,  1.10323E+08,  1.14546E+08,  1.18571E+08,  1.22393E+08,  1.26007E+08,  1.29412E+08,  1.32606E+08,  1.35592E+08,  1.38371E+08,  1.40946E+08,  1.43323E+08,  1.45507E+08,  1.47502E+08,  1.49317E+08,  1.50958E+08,  1.52431E+08,  1.53745E+08,  1.54906E+08,  1.55922E+08,  1.56800E+08,  1.57547E+08,  1.58172E+08,  1.58680E+08,  1.59079E+08,  1.59376E+08,  1.59576E+08,  1.59686E+08,  1.59712E+08,  1.59659E+08,  1.59534E+08,  1.59341E+08,  1.59085E+08,  1.58771E+08,  1.58404E+08,  1.57987E+08,  1.57524E+08,  1.57020E+08,  1.56477E+08,  1.55900E+08,  1.55291E+08
  1.00000E+00,  1.00001E+00,  1.00010E+00,  1.00066E+00,  1.00258E+00,  1.00732E+00,  1.01733E+00,  1.03746E+00,  1.07854E+00,  1.16592E+00,  1.36021E+00,  1.80921E+00,  2.87772E+00,  5.46908E+00,  1.18056E+01,  2.72678E+01,  6.45641E+01,  1.52764E+02,  3.55868E+02,  8.08838E+02,  1.78336E+03,  3.80025E+03,  7.80910E+03,  1.54556E+04,  2.94513E+04,  5.40469E+04,  9.55876E+04,  1.63106E+05,  2.68877E+05,  4.28856E+05,  6.62891E+05,  9.94648E+05,  1.45119E+06,  2.06221E+06,  2.85892E+06,  3.87273E+06,  5.13381E+06,  6.66955E+06,  8.50321E+06,  1.06527E+07,  1.31299E+07,  1.59396E+07,  1.90800E+07,  2.25420E+07,  2.63105E+07,  3.03642E+07,  3.46770E+07,  3.92186E+07,  4.39559E+07,  4.88536E+07,  5.38754E+07,  5.89846E+07,  6.41453E+07,  6.93229E+07,  7.44845E+07,  7.95994E+07,  8.46397E+07,  8.95798E+07,  9.43976E+07,  9.90734E+07,  1.03591E+08,  1.07936E+08,  1.12097E+08,  1.16066E+08,  1.19837E+08,  1.23405E+08,  1.26768E+08,  1.29925E+08,  1.32877E+08,  1.35627E+08,  1.38177E+08,  1.40533E+08,  1.42698E+08,  1.44679E+08,  1.46482E+08,  1.48114E+08,  1.49581E+08,  1.50890E+08,  1.52049E+08,  1.53066E+08,  1.53946E+08,  1.54698E+08,  1.55328E+08,  1.55844E+08,  1.56251E+08,  1.56557E+08,  1.56768E+08,  1.56890E+08,  1.56929E+08,  1.56890E+08,  1.56779E+08,  1.56601E+08,  1.56361E+08,  1.56063E+08,  1.55712E+08,  1.55311E+08,  1.54866E+08,  1.54379E+08,  1.53854E+08,  1.53294E+08,  1.52703E+08
  1.00000E+00,  1.00001E+00,  1.00010E+00,  1.00065E+00,  1.00253E+00,  1.00720E+00,  1.01706E+00,  1.03685E+00,  1.07717E+00,  1.16269E+00,  1.35229E+00,  1.78921E+00,  2.82611E+00,  5.33438E+00,  1.14536E+01,  2.63555E+01,  6.22401E+01,  1.46988E+02,  3.41941E+02,  7.76423E+02,  1.71076E+03,  3.64414E+03,  7.48712E+03,  1.48189E+04,  2.82438E+04,  5.18484E+04,  9.17405E+04,  1.56625E+05,  2.58351E+05,  4.12340E+05,  6.37808E+05,  9.57707E+05,  1.39833E+06,  1.98859E+06,  2.75894E+06,  3.74011E+06,  4.96167E+06,  6.45061E+06,  8.22994E+06,  1.03176E+07,  1.27254E+07,  1.54587E+07,  1.85160E+07,  2.18892E+07,  2.55636E+07,  2.95189E+07,  3.37301E+07,  3.81678E+07,  4.27997E+07,  4.75915E+07,  5.25078E+07,  5.75128E+07,  6.25713E+07,  6.76493E+07,  7.27144E+07,  7.77366E+07,  8.26882E+07,  8.75441E+07,  9.22822E+07,  9.68832E+07,  1.01331E+08,  1.05610E+08,  1.09712E+08,  1.13626E+08,  1.17346E+08,  1.20868E+08,  1.24190E+08,  1.27310E+08,  1.30229E+08,  1.32950E+08,  1.35476E+08,  1.37810E+08,  1.39957E+08,  1.41923E+08,  1.43714E+08,  1.45337E+08,  1.46797E+08,  1.48103E+08,  1.49260E+08,  1.50276E+08,  1.51159E+08,  1.51914E+08,  1.52550E+08,  1.53072E+08,  1.53488E+08,  1.53803E+08,  1.54025E+08,  1.54158E+08,  1.54209E+08,  1.54184E+08,  1.54086E+08,  1.53923E+08,  1.53697E+08,  1.53415E+08,  1.53080E+08,  1.52696E+08,  1.52267E+08,  1.51797E+08,  1.51289E+08,  1.50746E+08,  1.50172E+08
  1.00000E+00,  1.00001E+00,  1.00010E+00,  1.00063E+00,  1.00249E+00,  1.00709E+00,  1.01679E+00,  1.03626E+00,  1.07583E+00,  1.15954E+00,  1.34462E+00,  1.76988E+00,  2.77636E+00,  5.20484E+00,  1.11158E+01,  2.54818E+01,  6.00180E+01,  1.41471E+02,  3.28653E+02,  7.45516E+02,  1.64157E+03,  3.49537E+03,  7.18027E+03,  1.42120E+04,  2.70923E+04,  4.97508E+04,  8.80678E+04,  1.50435E+05,  2.48289E+05,  3.96539E+05,  6.13791E+05,  9.22308E+05,  1.34764E+06,  1.91793E+06,  2.66290E+06,  3.61260E+06,  4.79604E+06,  6.23979E+06,  7.96662E+06,  9.99435E+06,  1.23350E+07,  1.49943E+07,  1.79711E+07,  2.12579E+07,  2.48410E+07,  2.87008E+07,  3.28130E+07,  3.71495E+07,  4.16787E+07,  4.63673E+07,  5.11807E+07,  5.60840E+07,  6.10426E+07,  6.60232E+07,  7.09940E+07,  7.59254E+07,  8.07901E+07,  8.55635E+07,  9.02235E+07,  9.47511E+07,  9.91297E+07,  1.03346E+08,  1.07388E+08,  1.11248E+08,  1.14918E+08,  1.18395E+08,  1.21676E+08,  1.24760E+08,  1.27647E+08,  1.30339E+08,  1.32840E+08,  1.35153E+08,  1.37282E+08,  1.39233E+08,  1.41012E+08,  1.42626E+08,  1.44079E+08,  1.45380E+08,  1.46536E+08,  1.47552E+08,  1.48436E+08,  1.49195E+08,  1.49835E+08,  1.50364E+08,  1.50787E+08,  1.51112E+08,  1.51343E+08,  1.51488E+08,  1.51551E+08,  1.51538E+08,  1.51454E+08,  1.51304E+08,  1.51093E+08,  1.50826E+08,  1.50506E+08,  1.50138E+08,  1.49725E+08,  1.49271E+08,  1.48780E+08,  1.48254E+08,  1.47697E+08
  1.00000E+00,  1.00001E+00,  1.00009E+00,  1.00062E+00,  1.00244E+00,  1.00697E+00,  1.01653E+00,  1.03569E+00,  1.07453E+00,  1.15649E+00,  1.33717E+00,  1.75119E+00,  2.72838E+00,  5.08024E+00,  1.07916E+01,  2.46448E+01,  5.78925E+01,  1.36201E+02,  3.15972E+02,  7.16038E+02,  1.57560E+03,  3.35355E+03,  6.88775E+03,  1.36333E+04,  2.59939E+04,  4.77491E+04,  8.45608E+04,  1.44519E+05,  2.38667E+05,  3.81418E+05,  5.90790E+05,  8.88380E+05,  1.29902E+06,  1.85010E+06,  2.57062E+06,  3.48999E+06,  4.63666E+06,  6.03677E+06,  7.71283E+06,  9.68262E+06,  1.19583E+07,  1.45457E+07,  1.74445E+07,  2.06475E+07,  2.41418E+07,  2.79087E+07,  3.19247E+07,  3.61626E+07,  4.05918E+07,  4.51798E+07,  4.98928E+07,  5.46967E+07,  5.95577E+07,  6.44431E+07,  6.93216E+07,  7.41642E+07,  7.89439E+07,  8.36363E+07,  8.82197E+07,  9.26752E+07,  9.69864E+07,  1.01140E+08,  1.05124E+08,  1.08930E+08,  1.12552E+08,  1.15984E+08,  1.19225E+08,  1.22272E+08,  1.25128E+08,  1.27792E+08,  1.30268E+08,  1.32559E+08,  1.34671E+08,  1.36607E+08,  1.38374E+08,  1.39978E+08,  1.41425E+08,  1.42721E+08,  1.43874E+08,  1.44890E+08,  1.45775E+08,  1.46537E+08,  1.47183E+08,  1.47717E+08,  1.48148E+08,  1.48481E+08,  1.48722E+08,  1.48877E+08,  1.48951E+08,  1.48951E+08,  1.48880E+08,  1.48744E+08,  1.48547E+08,  1.48294E+08,  1.47989E+08,  1.47636E+08,  1.47239E+08,  1.46801E+08,  1.46326E+08,  1.45817E+08,  1.45276E+08
  1.00000E+00,  1.00001E+00,  1.00009E+00,  1.00061E+00,  1.00240E+00,  1.00686E+00,  1.01628E+00,  1.03512E+00,  1.07326E+00,  1.15351E+00,  1.32995E+00,  1.73311E+00,  2.68210E+00,  4.96033E+00,  1.04803E+01,  2.38428E+01,  5.58589E+01,  1.31165E+02,  3.03865E+02,  6.87914E+02,  1.51269E+03,  3.21832E+03,  6.60881E+03,  1.30813E+04,  2.49459E+04,  4.58382E+04,  8.12112E+04,  1.38866E+05,  2.29464E+05,  3.66945E+05,  5.68758E+05,  8.55854E+05,  1.25236E+06,  1.78496E+06,  2.48194E+06,  3.37207E+06,  4.48325E+06,  5.84121E+06,  7.46821E+06,  9.38193E+06,  1.15946E+07,  1.41125E+07,  1.69355E+07,  2.00572E+07,  2.34652E+07,  2.71417E+07,  3.10641E+07,  3.52060E+07,  3.95377E+07,  4.40276E+07,  4.86426E+07,  5.33495E+07,  5.81151E+07,  6.29074E+07,  6.76958E+07,  7.24513E+07,  7.71477E+07,  8.17608E+07,  8.62691E+07,  9.06539E+07,  9.48989E+07,  9.89904E+07,  1.02917E+08,  1.06671E+08,  1.10244E+08,  1.13633E+08,  1.16834E+08,  1.19846E+08,  1.22670E+08,  1.25306E+08,  1.27757E+08,  1.30028E+08,  1.32121E+08,  1.34043E+08,  1.35798E+08,  1.37392E+08,  1.38832E+08,  1.40124E+08,  1.41274E+08,  1.42289E+08,  1.43176E+08,  1.43941E+08,  1.44590E+08,  1.45131E+08,  1.45568E+08,  1.45909E+08,  1.46160E+08,  1.46325E+08,  1.46410E+08,  1.46421E+08,  1.46363E+08,  1.46240E+08,  1.46057E+08,  1.45818E+08,  1.45527E+08,  1.45189E+08,  1.44808E+08,  1.44385E+08,  1.43926E+08,  1.43432E+08,  1.42908E+08
  1.00000E+00,  1.00001E+00,  1.00009E+00,  1.00059E+00,  1.00235E+00,  1.00675E+00,  1.01603E+00,  1.03457E+00,  1.07202E+00,  1.15062E+00,  1.32295E+00,  1.71561E+00,  2.63745E+00,  4.84492E+00,  1.01814E+01,  2.30739E+01,  5.39125E+01,  1.26351E+02,  2.92303E+02,  6.61075E+02,  1.45267E+03,  3.08935E+03,  6.34275E+03,  1.25547E+04,  2.39457E+04,  4.40138E+04,  7.80111E+04,  1.33461E+05,  2.20661E+05,  3.53089E+05,  5.47649E+05,  8.24666E+05,  1.20759E+06,  1.72240E+06,  2.39671E+06,  3.25865E+06,  4.33557E+06,  5.65281E+06,  7.23236E+06,  9.09183E+06,  1.12435E+07,  1.36940E+07,  1.64434E+07,  1.94861E+07,  2.28103E+07,  2.63990E+07,  3.02303E+07,  3.42787E+07,  3.85154E+07,  4.29095E+07,  4.74290E+07,  5.20411E+07,  5.67136E+07,  6.14149E+07,  6.61149E+07,  7.07853E+07,  7.54001E+07,  7.99354E+07,  8.43701E+07,  8.86854E+07,  9.28653E+07,  9.68963E+07,  1.00767E+08,  1.04469E+08,  1.07995E+08,  1.11340E+08,  1.14502E+08,  1.17479E+08,  1.20271E+08,  1.22880E+08,  1.25307E+08,  1.27557E+08,  1.29632E+08,  1.31539E+08,  1.33282E+08,  1.34867E+08,  1.36299E+08,  1.37586E+08,  1.38733E+08,  1.39748E+08,  1.40635E+08,  1.41403E+08,  1.42056E+08,  1.42602E+08,  1.43046E+08,  1.43395E+08,  1.43654E+08,  1.43829E+08,  1.43925E+08,  1.43947E+08,  1.43901E+08,  1.43791E+08,  1.43621E+08,  1.43396E+08,  1.43120E+08,  1.42796E+08,  1.42429E+08,  1.42022E+08,  1.41577E+08,  1.41100E+08,  1.40591E+08
  1.00000E+00,  1.00001E+00,  1.00009E+00,  1.00058E+00,  1.00231E+00,  1.00664E+00,  1.01578E+00,  1.03403E+00,  1.07081E+00,  1.14781E+00,  1.31615E+00,  1.69869E+00,  2.59435E+00,  4.73380E+00,  9.89417E+00,  2.23366E+01,  5.20491E+01,  1.21748E+02,  2.81259E+02,  6.35455E+02,  1.39541E+03,  2.96630E+03,  6.08891E+03,  1.20522E+04,  2.29909E+04,  4.22713E+04,  7.49533E+04,  1.28294E+05,  2.12237E+05,  3.39821E+05,  5.27421E+05,  7.94756E+05,  1.16462E+06,  1.66232E+06,  2.31478E+06,  3.14952E+06,  4.19339E+06,  5.47128E+06,  7.00496E+06,  8.81190E+06,  1.09045E+07,  1.32896E+07,  1.59677E+07,  1.89337E+07,  2.21764E+07,  2.56796E+07,  2.94223E+07,  3.33796E+07,  3.75237E+07,  4.18245E+07,  4.62506E+07,  5.07703E+07,  5.53517E+07,  5.99640E+07,  6.45776E+07,  6.91647E+07,  7.36995E+07,  7.81586E+07,  8.25210E+07,  8.67682E+07,  9.08842E+07,  9.48556E+07,  9.86711E+07,  1.02322E+08,  1.05801E+08,  1.09104E+08,  1.12227E+08,  1.15169E+08,  1.17930E+08,  1.20512E+08,  1.22915E+08,  1.25144E+08,  1.27202E+08,  1.29093E+08,  1.30824E+08,  1.32399E+08,  1.33825E+08,  1.35107E+08,  1.36251E+08,  1.37264E+08,  1.38152E+08,  1.38922E+08,  1.39579E+08,  1.40130E+08,  1.40580E+08,  1.40937E+08,  1.41204E+08,  1.41388E+08,  1.41495E+08,  1.41528E+08,  1.41493E+08,  1.41395E+08,  1.41238E+08,  1.41026E+08,  1.40764E+08,  1.40454E+08,  1.40102E+08,  1.39709E+08,  1.39280E+08,  1.38817E+08,  1.38323E+08
  1.00000E+00,  1.00000E+00,  1.00008E+00,  1.00057E+00,  1.00227E+00,  1.00653E+00,  1.01554E+00,  1.03350E+00,  1.06963E+00,  1.14507E+00,  1.30956E+00,  1.68230E+00,  2.55274E+00,  4.62679E+00,  9.61816E+00,  2.16294E+01,  5.02647E+01,  1.17346E+02,  2.70706E+02,  6.10990E+02,  1.34074E+03,  2.84887E+03,  5.84667E+03,  1.15726E+04,  2.20793E+04,  4.06069E+04,  7.20306E+04,  1.23351E+05,  2.04175E+05,  3.27115E+05,  5.08033E+05,  7.66066E+05,  1.12337E+06,  1.60459E+06,  2.23600E+06,  3.04452E+06,  4.05647E+06,  5.29635E+06,  6.78564E+06,  8.54175E+06,  1.05771E+07,  1.28988E+07,  1.55077E+07,  1.83991E+07,  2.15627E+07,  2.49828E+07,  2.86391E+07,  3.25077E+07,  3.65615E+07,  4.07713E+07,  4.51064E+07,  4.95357E+07,  5.40281E+07,  5.85534E+07,  6.30825E+07,  6.75879E+07,  7.20444E+07,  7.64288E+07,  8.07203E+07,  8.49006E+07,  8.89539E+07,  9.28667E+07,  9.66278E+07,  1.00228E+08,  1.03662E+08,  1.06922E+08,  1.10008E+08,  1.12915E+08,  1.15646E+08,  1.18200E+08,  1.20579E+08,  1.22787E+08,  1.24828E+08,  1.26705E+08,  1.28423E+08,  1.29989E+08,  1.31407E+08,  1.32683E+08,  1.33825E+08,  1.34836E+08,  1.35725E+08,  1.36496E+08,  1.37157E+08,  1.37713E+08,  1.38169E+08,  1.38533E+08,  1.38808E+08,  1.39002E+08,  1.39118E+08,  1.39162E+08,  1.39138E+08,  1.39052E+08,  1.38907E+08,  1.38708E+08,  1.38459E+08,  1.38163E+08,  1.37824E+08,  1.37446E+08,  1.37031E+08,  1.36583E+08,  1.36104E+08
  1.00000E+00,  1.00000E+00,  1.00008E+00,  1.00056E+00,  1.00223E+00,  1.00643E+00,  1.01531E+00,  1.03299E+00,  1.06848E+00,  1.14240E+00,  1.30315E+00,  1.66644E+00,  2.51255E+00,  4.52370E+00,  9.35285E+00,  2.09510E+01,  4.85552E+01,  1.13134E+02,  2.60619E+02,  5.87621E+02,  1.28856E+03,  2.73677E+03,  5.61542E+03,  1.11147E+04,  2.12086E+04,  3.90164E+04,  6.92364E+04,  1.18623E+05,  1.96458E+05,  3.14942E+05,  4.89446E+05,  7.38540E+05,  1.08376E+06,  1.54911E+06,  2.16024E+06,  2.94346E+06,  3.92459E+06,  5.12773E+06,  6.57411E+06,  8.28100E+06,  1.02609E+07,  1.25210E+07,  1.50628E+07,  1.78819E+07,  2.09685E+07,  2.43077E+07,  2.78800E+07,  3.16622E+07,  3.56280E+07,  3.97490E+07,  4.39952E+07,  4.83362E+07,  5.27417E+07,  5.71818E+07,  6.16282E+07,  6.60537E+07,  7.04334E+07,  7.47446E+07,  7.89666E+07,  8.30813E+07,  8.70729E+07,  9.09281E+07,  9.46358E+07,  9.81870E+07,  1.01575E+08,  1.04794E+08,  1.07842E+08,  1.10716E+08,  1.13416E+08,  1.15943E+08,  1.18299E+08,  1.20486E+08,  1.22509E+08,  1.24371E+08,  1.26078E+08,  1.27634E+08,  1.29044E+08,  1.30315E+08,  1.31453E+08,  1.32463E+08,  1.33352E+08,  1.34125E+08,  1.34789E+08,  1.35349E+08,  1.35811E+08,  1.36181E+08,  1.36465E+08,  1.36667E+08,  1.36792E+08,  1.36846E+08,  1.36834E+08,  1.36759E+08,  1.36627E+08,  1.36440E+08,  1.36204E+08,  1.35921E+08,  1.35596E+08,  1.35231E+08,  1.34831E+08,  1.34397E+08,  1.33932E+08
  1.00000E+00,  1.00000E+00,  1.00008E+00,  1.00055E+00,  1.00219E+00,  1.00633E+00,  1.01507E+00,  1.03248E+00,  1.06735E+00,  1.13980E+00,  1.29693E+00,  1.65108E+00,  2.47374E+00,  4.42435E+00,  9.09774E+00,  2.02998E+01,  4.69172E+01,  1.09104E+02,  2.50976E+02,  5.65295E+02,  1.23871E+03,  2.62974E+03,  5.39462E+03,  1.06773E+04,  2.03769E+04,  3.74964E+04,  6.65646E+04,  1.14100E+05,  1.89069E+05,  3.03279E+05,  4.71623E+05,  7.12126E+05,  1.04573E+06,  1.49580E+06,  2.08737E+06,  2.84618E+06,  3.79755E+06,  4.96519E+06,  6.37004E+06,  8.02927E+06,  9.95546E+06,  1.21559E+07,  1.46325E+07,  1.73812E+07,  2.03930E+07,  2.36536E+07,  2.71441E+07,  3.08421E+07,  3.47221E+07,  3.87564E+07,  4.29159E+07,  4.71707E+07,  5.14912E+07,  5.58481E+07,  6.02134E+07,  6.45607E+07,  6.88652E+07,  7.31045E+07,  7.72583E+07,  8.13086E+07,  8.52397E+07,  8.90383E+07,  9.26934E+07,  9.61960E+07,  9.95391E+07,  1.02718E+08,  1.05728E+08,  1.08569E+08,  1.11239E+08,  1.13739E+08,  1.16072E+08,  1.18239E+08,  1.20244E+08,  1.22092E+08,  1.23786E+08,  1.25332E+08,  1.26735E+08,  1.28001E+08,  1.29135E+08,  1.30143E+08,  1.31032E+08,  1.31806E+08,  1.32473E+08,  1.33037E+08,  1.33505E+08,  1.33882E+08,  1.34172E+08,  1.34383E+08,  1.34517E+08,  1.34581E+08,  1.34579E+08,  1.34516E+08,  1.34395E+08,  1.34220E+08,  1.33997E+08,  1.33727E+08,  1.33415E+08,  1.33064E+08,  1.32677E+08,  1.32257E+08,  1.31806E+08
  1.00000E+00,  1.00000E+00,  1.00008E+00,  1.00053E+00,  1.00215E+00,  1.00623E+00,  1.01485E+00,  1.03199E+00,  1.06625E+00,  1.13727E+00,  1.29089E+00,  1.63619E+00,  2.43624E+00,  4.32860E+00,  8.85237E+00,  1.96747E+01,  4.53472E+01,  1.05245E+02,  2.41753E+02,  5.43957E+02,  1.19110E+03,  2.52751E+03,  5.18373E+03,  1.02596E+04,  1.95821E+04,  3.60434E+04,  6.40091E+04,  1.09770E+05,  1.81993E+05,  2.92102E+05,  4.54531E+05,  6.86775E+05,  1.00919E+06,  1.44455E+06,  2.01727E+06,  2.75253E+06,  3.67516E+06,  4.80847E+06,  6.17314E+06,  7.78623E+06,  9.66032E+06,  1.18029E+07,  1.42162E+07,  1.68966E+07,  1.98357E+07,  2.30197E+07,  2.64306E+07,  3.00465E+07,  3.38429E+07,  3.77926E+07,  4.18674E+07,  4.60380E+07,  5.02754E+07,  5.45508E+07,  5.88369E+07,  6.31076E+07,  6.73384E+07,  7.15074E+07,  7.55942E+07,  7.95812E+07,  8.34529E+07,  8.71959E+07,  9.07993E+07,  9.42540E+07,  9.75531E+07,  1.00691E+08,  1.03665E+08,  1.06473E+08,  1.09113E+08,  1.11588E+08,  1.13897E+08,  1.16044E+08,  1.18032E+08,  1.19864E+08,  1.21546E+08,  1.23082E+08,  1.24478E+08,  1.25738E+08,  1.26868E+08,  1.27875E+08,  1.28763E+08,  1.29539E+08,  1.30208E+08,  1.30776E+08,  1.31249E+08,  1.31632E+08,  1.31930E+08,  1.32148E+08,  1.32292E+08,  1.32365E+08,  1.32373E+08,  1.32320E+08,  1.32211E+08,  1.32048E+08,  1.31836E+08,  1.31579E+08,  1.31280E+08,  1.30942E+08,  1.30568E+08,  1.30162E+08,  1.29725E+08
  1.00000E+00,  1.00000E+00,  1.00008E+00,  1.00052E+00,  1.00211E+00,  1.00613E+00,  1.01463E+00,  1.03150E+00,  1.06518E+00,  1.13481E+00,  1.28502E+00,  1.62178E+00,  2.40000E+00,  4.23628E+00,  8.61631E+00,  1.90744E+01,  4.38418E+01,  1.01550E+02,  2.32929E+02,  5.23558E+02,  1.14560E+03,  2.42985E+03,  4.98227E+03,  9.86041E+03,  1.88225E+04,  3.46540E+04,  6.15643E+04,  1.05626E+05,  1.75215E+05,  2.81388E+05,  4.38135E+05,  6.62438E+05,  9.74095E+05,  1.39527E+06,  1.94982E+06,  2.66236E+06,  3.55722E+06,  4.65734E+06,  5.98313E+06,  7.55153E+06,  9.37512E+06,  1.14616E+07,  1.38134E+07,  1.64275E+07,  1.92958E+07,  2.24053E+07,  2.57386E+07,  2.92747E+07,  3.29895E+07,  3.68567E+07,  4.08488E+07,  4.49371E+07,  4.90932E+07,  5.32891E+07,  5.74976E+07,  6.16931E+07,  6.58518E+07,  6.99517E+07,  7.39729E+07,  7.78978E+07,  8.17110E+07,  8.53994E+07,  8.89519E+07,  9.23595E+07,  9.56153E+07,  9.87139E+07,  1.01652E+08,  1.04427E+08,  1.07038E+08,  1.09486E+08,  1.11772E+08,  1.13899E+08,  1.15870E+08,  1.17688E+08,  1.19357E+08,  1.20884E+08,  1.22271E+08,  1.23525E+08,  1.24652E+08,  1.25656E+08,  1.26544E+08,  1.27321E+08,  1.27993E+08,  1.28565E+08,  1.29042E+08,  1.29431E+08,  1.29735E+08,  1.29961E+08,  1.30113E+08,  1.30196E+08,  1.30214E+08,  1.30172E+08,  1.30073E+08,  1.29922E+08,  1.29722E+08,  1.29477E+08,  1.29190E+08,  1.28865E+08,  1.28504E+08,  1.28111E+08,  1.27687E+08
  1.00000E+00,  1.00000E+00,  1.00007E+00,  1.00051E+00,  1.00208E+00,  1.00603E+00,  1.01441E+00,  1.03103E+00,  1.06413E+00,  1.13241E+00,  1.27932E+00,  1.60780E+00,  2.36496E+00,  4.14725E+00,  8.38914E+00,  1.84977E+01,  4.23982E+01,  9.80109E+01,  2.24487E+02,  5.04053E+02,  1.10212E+03,  2.33653E+03,  4.78975E+03,  9.47892E+03,  1.80963E+04,  3.33253E+04,  5.92249E+04,  1.01658E+05,  1.68721E+05,  2.71116E+05,  4.22404E+05,  6.39072E+05,  9.40369E+05,  1.34789E+06,  1.88491E+06,  2.57552E+06,  3.44356E+06,  4.51158E+06,  5.79975E+06,  7.32485E+06,  9.09949E+06,  1.11315E+07,  1.34236E+07,  1.59733E+07,  1.87728E+07,  2.18098E+07,  2.50676E+07,  2.85257E+07,  3.21610E+07,  3.59477E+07,  3.98590E+07,  4.38669E+07,  4.79436E+07,  5.20616E+07,  5.61942E+07,  6.03162E+07,  6.44041E+07,  6.84363E+07,  7.23931E+07,  7.62570E+07,  8.00129E+07,  8.36475E+07,  8.71500E+07,  9.05113E+07,  9.37243E+07,  9.67837E+07,  9.96860E+07,  1.02429E+08,  1.05011E+08,  1.07433E+08,  1.09697E+08,  1.11804E+08,  1.13757E+08,  1.15560E+08,  1.17218E+08,  1.18734E+08,  1.20114E+08,  1.21362E+08,  1.22485E+08,  1.23487E+08,  1.24374E+08,  1.25152E+08,  1.25826E+08,  1.26401E+08,  1.26883E+08,  1.27277E+08,  1.27588E+08,  1.27822E+08,  1.27982E+08,  1.28073E+08,  1.28101E+08,  1.28069E+08,  1.27980E+08,  1.27840E+08,  1.27652E+08,  1.27419E+08,  1.27144E+08,  1.26831E+08,  1.26483E+08,  1.26102E+08,  1.25692E+08
  1.00000E+00,  1.00000E+00,  1.00007E+00,  1.00050E+00,  1.00204E+00,  1.00594E+00,  1.01420E+00,  1.03057E+00,  1.06311E+00,  1.13007E+00,  1.27378E+00,  1.59425E+00,  2.33109E+00,  4.06136E+00,  8.17046E+00,  1.79437E+01,  4.10132E+01,  9.46201E+01,  2.16405E+02,  4.85396E+02,  1.06054E+03,  2.24732E+03,  4.60574E+03,  9.11424E+03,  1.74019E+04,  3.20541E+04,  5.69859E+04,  9.78582E+04,  1.62498E+05,  2.61266E+05,  4.07309E+05,  6.16632E+05,  9.07958E+05,  1.30232E+06,  1.82244E+06,  2.49187E+06,  3.33399E+06,  4.37098E+06,  5.62273E+06,  7.10589E+06,  8.83307E+06,  1.08122E+07,  1.30464E+07,  1.55334E+07,  1.82660E+07,  2.12325E+07,  2.44167E+07,  2.77989E+07,  3.13566E+07,  3.50648E+07,  3.88972E+07,  4.28266E+07,  4.68256E+07,  5.08673E+07,  5.49256E+07,  5.89756E+07,  6.29942E+07,  6.69600E+07,  7.08535E+07,  7.46576E+07,  7.83571E+07,  8.19389E+07,  8.53922E+07,  8.87078E+07,  9.18788E+07,  9.48997E+07,  9.77667E+07,  1.00478E+08,  1.03031E+08,  1.05428E+08,  1.07669E+08,  1.09756E+08,  1.11693E+08,  1.13481E+08,  1.15127E+08,  1.16633E+08,  1.18005E+08,  1.19247E+08,  1.20366E+08,  1.21365E+08,  1.22251E+08,  1.23030E+08,  1.23705E+08,  1.24284E+08,  1.24770E+08,  1.25169E+08,  1.25487E+08,  1.25727E+08,  1.25895E+08,  1.25996E+08,  1.26032E+08,  1.26010E+08,  1.25932E+08,  1.25802E+08,  1.25625E+08,  1.25403E+08,  1.25141E+08,  1.24840E+08,  1.24504E+08,  1.24136E+08,  1.23738E+08
  1.00000E+00,  1.00000E+00,  1.00007E+00,  1.00049E+00,  1.00200E+00,  1.00584E+00,  1.01399E+00,  1.03011E+00,  1.06211E+00,  1.12779E+00,  1.26839E+00,  1.58112E+00,  2.29832E+00,  3.97849E+00,  7.95990E+00,  1.74113E+01,  3.96842E+01,  9.13704E+01,  2.08668E+02,  4.67546E+02,  1.02078E+03,  2.16203E+03,  4.42981E+03,  8.76553E+03,  1.67377E+04,  3.08379E+04,  5.48425E+04,  9.42185E+04,  1.56534E+05,  2.51819E+05,  3.92820E+05,  5.95080E+05,  8.76803E+05,  1.25849E+06,  1.76230E+06,  2.41128E+06,  3.22836E+06,  4.23533E+06,  5.45183E+06,  6.89435E+06,  8.57552E+06,  1.05034E+07,  1.26813E+07,  1.51073E+07,  1.77749E+07,  2.06727E+07,  2.37852E+07,  2.70935E+07,  3.05755E+07,  3.42070E+07,  3.79624E+07,  4.18150E+07,  4.57381E+07,  4.97052E+07,  5.36907E+07,  5.76702E+07,  6.16208E+07,  6.55215E+07,  6.93530E+07,  7.30984E+07,  7.67425E+07,  8.02724E+07,  8.36772E+07,  8.69479E+07,  9.00775E+07,  9.30603E+07,  9.58927E+07,  9.85722E+07,  1.01098E+08,  1.03469E+08,  1.05688E+08,  1.07755E+08,  1.09675E+08,  1.11449E+08,  1.13082E+08,  1.14578E+08,  1.15942E+08,  1.17178E+08,  1.18293E+08,  1.19290E+08,  1.20175E+08,  1.20954E+08,  1.21631E+08,  1.22212E+08,  1.22702E+08,  1.23107E+08,  1.23430E+08,  1.23677E+08,  1.23853E+08,  1.23962E+08,  1.24007E+08,  1.23994E+08,  1.23926E+08,  1.23807E+08,  1.23641E+08,  1.23430E+08,  1.23179E+08,  1.22890E+08,  1.22566E+08,  1.22209E+08,  1.21824E+08
  1.00000E+00,  1.00000E+00,  1.00007E+00,  1.00048E+00,  1.00197E+00,  1.00575E+00,  1.01378E+00,  1.02967E+00,  1.06113E+00,  1.12557E+00,  1.26315E+00,  1.56838E+00,  2.26663E+00,  3.89850E+00,  7.75711E+00,  1.68994E+01,  3.84086E+01,  8.82552E+01,  2.01258E+02,  4.50463E+02,  9.82750E+02,  2.08047E+03,  4.26158E+03,  8.43202E+03,  1.61023E+04,  2.96738E+04,  5.27902E+04,  9.07315E+04,  1.50816E+05,  2.42757E+05,  3.78912E+05,  5.74374E+05,  8.46852E+05,  1.21631E+06,  1.70440E+06,  2.33363E+06,  3.12651E+06,  4.10445E+06,  5.28681E+06,  6.68996E+06,  8.32649E+06,  1.02046E+07,  1.23278E+07,  1.46947E+07,  1.72989E+07,  2.01299E+07,  2.31726E+07,  2.64087E+07,  2.98169E+07,  3.33736E+07,  3.70537E+07,  4.08313E+07,  4.46802E+07,  4.85743E+07,  5.24886E+07,  5.63990E+07,  6.02830E+07,  6.41198E+07,  6.78905E+07,  7.15781E+07,  7.51678E+07,  7.86466E+07,  8.20038E+07,  8.52304E+07,  8.83191E+07,  9.12645E+07,  9.40627E+07,  9.67112E+07,  9.92087E+07,  1.01555E+08,  1.03752E+08,  1.05800E+08,  1.07702E+08,  1.09462E+08,  1.11083E+08,  1.12569E+08,  1.13925E+08,  1.15155E+08,  1.16265E+08,  1.17259E+08,  1.18143E+08,  1.18922E+08,  1.19601E+08,  1.20185E+08,  1.20679E+08,  1.21088E+08,  1.21417E+08,  1.21671E+08,  1.21854E+08,  1.21970E+08,  1.22024E+08,  1.22020E+08,  1.21962E+08,  1.21853E+08,  1.21697E+08,  1.21497E+08,  1.21257E+08,  1.20979E+08,  1.20667E+08,  1.20323E+08,  1.19949E+08
  1.00000E+00,  1.00000E+00,  1.00007E+00,  1.00047E+00,  1.00193E+00,  1.00566E+00,  1.01358E+00,  1.02923E+00,  1.06017E+00,  1.12340E+00,  1.25805E+00,  1.55602E+00,  2.23596E+00,  3.82128E+00,  7.56174E+00,  1.64071E+01,  3.71839E+01,  8.52680E+01,  1.94160E+02,  4.34110E+02,  9.46359E+02,  2.00245E+03,  4.10065E+03,  8.11297E+03,  1.54943E+04,  2.85596E+04,  5.08246E+04,  8.73900E+04,  1.45334E+05,  2.34061E+05,  3.65557E+05,  5.54479E+05,  8.18052E+05,  1.17573E+06,  1.64864E+06,  2.25881E+06,  3.02829E+06,  3.97813E+06,  5.12745E+06,  6.49244E+06,  8.08569E+06,  9.91550E+06,  1.19856E+07,  1.42949E+07,  1.68376E+07,  1.96034E+07,  2.25781E+07,  2.57439E+07,  2.90801E+07,  3.25637E+07,  3.61704E+07,  3.98747E+07,  4.36509E+07,  4.74736E+07,  5.13182E+07,  5.51609E+07,  5.89796E+07,  6.27537E+07,  6.64647E+07,  7.00956E+07,  7.36319E+07,  7.70606E+07,  8.03709E+07,  8.35539E+07,  8.66024E+07,  8.95109E+07,  9.22753E+07,  9.48932E+07,  9.73631E+07,  9.96849E+07,  1.01859E+08,  1.03888E+08,  1.05774E+08,  1.07519E+08,  1.09128E+08,  1.10604E+08,  1.11952E+08,  1.13176E+08,  1.14281E+08,  1.15273E+08,  1.16155E+08,  1.16934E+08,  1.17614E+08,  1.18200E+08,  1.18698E+08,  1.19112E+08,  1.19446E+08,  1.19706E+08,  1.19896E+08,  1.20020E+08,  1.20083E+08,  1.20088E+08,  1.20039E+08,  1.19940E+08,  1.19794E+08,  1.19605E+08,  1.19375E+08,  1.19108E+08,  1.18807E+08,  1.18475E+08,  1.18113E+08
  1.00000E+00,  1.00000E+00,  1.00006E+00,  1.00046E+00,  1.00190E+00,  1.00558E+00,  1.01338E+00,  1.02880E+00,  1.05924E+00,  1.12129E+00,  1.25310E+00,  1.54403E+00,  2.20627E+00,  3.74672E+00,  7.37348E+00,  1.59337E+01,  3.60077E+01,  8.24029E+01,  1.87358E+02,  4.18452E+02,  9.11531E+02,  1.92779E+03,  3.94668E+03,  7.80767E+03,  1.49123E+04,  2.74927E+04,  4.89418E+04,  8.41874E+04,  1.40076E+05,  2.25717E+05,  3.52733E+05,  5.35360E+05,  7.90354E+05,  1.13667E+06,  1.59493E+06,  2.18669E+06,  2.93355E+06,  3.85622E+06,  4.97352E+06,  6.30153E+06,  7.85279E+06,  9.63571E+06,  1.16542E+07,  1.39075E+07,  1.63903E+07,  1.90928E+07,  2.20012E+07,  2.50984E+07,  2.83644E+07,  3.17767E+07,  3.53116E+07,  3.89442E+07,  4.26494E+07,  4.64023E+07,  5.01785E+07,  5.39549E+07,  5.77096E+07,  6.14223E+07,  6.50746E+07,  6.86499E+07,  7.21336E+07,  7.55130E+07,  7.87772E+07,  8.19174E+07,  8.49263E+07,  8.77983E+07,  9.05295E+07,  9.31171E+07,  9.55597E+07,  9.78570E+07,  1.00010E+08,  1.02019E+08,  1.03888E+08,  1.05619E+08,  1.07216E+08,  1.08682E+08,  1.10022E+08,  1.11239E+08,  1.12340E+08,  1.13329E+08,  1.14210E+08,  1.14988E+08,  1.15670E+08,  1.16258E+08,  1.16759E+08,  1.17177E+08,  1.17517E+08,  1.17783E+08,  1.17979E+08,  1.18111E+08,  1.18181E+08,  1.18195E+08,  1.18155E+08,  1.18065E+08,  1.17929E+08,  1.17750E+08,  1.17532E+08,  1.17276E+08,  1.16986E+08,  1.16664E+08,  1.16314E+08
  1.00000E+00,  1.00000E+00,  1.00006E+00,  1.00045E+00,  1.00187E+00,  1.00549E+00,  1.01319E+00,  1.02839E+00,  1.05833E+00,  1.11922E+00,  1.24827E+00,  1.53240E+00,  2.17753E+00,  3.67470E+00,  7.19202E+00,  1.54781E+01,  3.48778E+01,  7.96540E+01,  1.80839E+02,  4.03455E+02,  8.78190E+02,  1.85634E+03,  3.79934E+03,  7.51548E+03,  1.43552E+04,  2.64710E+04,  4.71377E+04,  8.11172E+04,  1.35032E+05,  2.17707E+05,  3.40414E+05,  5.16983E+05,  7.63712E+05,  1.09907E+06,  1.54320E+06,  2.11716E+06,  2.84216E+06,  3.73852E+06,  4.82483E+06,  6.11699E+06,  7.62752E+06,  9.36491E+06,  1.13333E+07,  1.35322E+07,  1.59566E+07,  1.85974E+07,  2.14413E+07,  2.44717E+07,  2.76691E+07,  3.10118E+07,  3.44765E+07,  3.80390E+07,  4.16748E+07,  4.53593E+07,  4.90686E+07,  5.27800E+07,  5.64720E+07,  6.01244E+07,  6.37192E+07,  6.72399E+07,  7.06720E+07,  7.40028E+07,  7.72217E+07,  8.03197E+07,  8.32896E+07,  8.61257E+07,  8.88241E+07,  9.13818E+07,  9.37974E+07,  9.60706E+07,  9.82017E+07,  1.00192E+08,  1.02045E+08,  1.03761E+08,  1.05346E+08,  1.06802E+08,  1.08133E+08,  1.09345E+08,  1.10441E+08,  1.11426E+08,  1.12306E+08,  1.13084E+08,  1.13766E+08,  1.14357E+08,  1.14861E+08,  1.15283E+08,  1.15627E+08,  1.15899E+08,  1.16102E+08,  1.16241E+08,  1.16319E+08,  1.16341E+08,  1.16310E+08,  1.16229E+08,  1.16103E+08,  1.15934E+08,  1.15725E+08,  1.15480E+08,  1.15201E+08,  1.14890E+08,  1.14551E+08
  1.00000E+00,  1.00000E+00,  1.00006E+00,  1.00044E+00,  1.00183E+00,  1.00541E+00,  1.01300E+00,  1.02798E+00,  1.05743E+00,  1.11721E+00,  1.24358E+00,  1.52110E+00,  2.14970E+00,  3.60511E+00,  7.01707E+00,  1.50398E+01,  3.37921E+01,  7.70160E+01,  1.74589E+02,  3.89088E+02,  8.46265E+02,  1.78794E+03,  3.65829E+03,  7.23576E+03,  1.38218E+04,  2.54923E+04,  4.54089E+04,  7.81733E+04,  1.30194E+05,  2.10017E+05,  3.28580E+05,  4.99316E+05,  7.38081E+05,  1.06288E+06,  1.49336E+06,  2.05014E+06,  2.75398E+06,  3.62489E+06,  4.68117E+06,  5.93858E+06,  7.40959E+06,  9.10276E+06,  1.10224E+07,  1.31684E+07,  1.55361E+07,  1.81168E+07,  2.08978E+07,  2.38630E+07,  2.69935E+07,  3.02682E+07,  3.36644E+07,  3.71585E+07,  4.07262E+07,  4.43438E+07,  4.79877E+07,  5.16354E+07,  5.52658E+07,  5.88591E+07,  6.23974E+07,  6.58645E+07,  6.92458E+07,  7.25290E+07,  7.57033E+07,  7.87597E+07,  8.16912E+07,  8.44920E+07,  8.71579E+07,  8.96862E+07,  9.20751E+07,  9.43243E+07,  9.64342E+07,  9.84060E+07,  1.00242E+08,  1.01944E+08,  1.03517E+08,  1.04963E+08,  1.06286E+08,  1.07491E+08,  1.08582E+08,  1.09564E+08,  1.10442E+08,  1.11220E+08,  1.11903E+08,  1.12495E+08,  1.13002E+08,  1.13428E+08,  1.13777E+08,  1.14055E+08,  1.14264E+08,  1.14409E+08,  1.14495E+08,  1.14525E+08,  1.14502E+08,  1.14431E+08,  1.14314E+08,  1.14154E+08,  1.13956E+08,  1.13721E+08,  1.13452E+08,  1.13152E+08,  1.12823E+08
  1.00000E+00,  1.00000E+00,  1.00006E+00,  1.00043E+00,  1.00180E+00,  1.00532E+00,  1.01281E+00,  1.02757E+00,  1.05656E+00,  1.11525E+00,  1.23901E+00,  1.51014E+00,  2.12275E+00,  3.53787E+00,  6.84836E+00,  1.46178E+01,  3.27486E+01,  7.44838E+01,  1.68596E+02,  3.75320E+02,  8.15686E+02,  1.72245E+03,  3.52325E+03,  6.96791E+03,  1.33108E+04,  2.45546E+04,  4.37517E+04,  7.53501E+04,  1.25550E+05,  2.02634E+05,  3.17210E+05,  4.82328E+05,  7.13419E+05,  1.02802E+06,  1.44533E+06,  1.98550E+06,  2.66889E+06,  3.51516E+06,  4.54235E+06,  5.76608E+06,  7.19873E+06,  8.84898E+06,  1.07213E+07,  1.28158E+07,  1.51283E+07,  1.76505E+07,  2.03701E+07,  2.32717E+07,  2.63370E+07,  2.95453E+07,  3.28746E+07,  3.63017E+07,  3.98030E+07,  4.33550E+07,  4.69347E+07,  5.05201E+07,  5.40901E+07,  5.76255E+07,  6.11084E+07,  6.45227E+07,  6.78542E+07,  7.10905E+07,  7.42209E+07,  7.72365E+07,  8.01301E+07,  8.28960E+07,  8.55299E+07,  8.80291E+07,  9.03917E+07,  9.26172E+07,  9.47059E+07,  9.66591E+07,  9.84786E+07,  1.00167E+08,  1.01727E+08,  1.03163E+08,  1.04478E+08,  1.05677E+08,  1.06763E+08,  1.07742E+08,  1.08618E+08,  1.09395E+08,  1.10078E+08,  1.10672E+08,  1.11182E+08,  1.11611E+08,  1.11965E+08,  1.12248E+08,  1.12463E+08,  1.12615E+08,  1.12708E+08,  1.12746E+08,  1.12731E+08,  1.12669E+08,  1.12561E+08,  1.12411E+08,  1.12222E+08,  1.11996E+08,  1.11738E+08,  1.11448E+08,  1.11130E+08
  1.00000E+00,  1.00000E+00,  1.00006E+00,  1.00042E+00,  1.00177E+00,  1.00524E+00,  1.01263E+00,  1.02718E+00,  1.05570E+00,  1.11333E+00,  1.23457E+00,  1.49949E+00,  2.09664E+00,  3.47288E+00,  6.68561E+00,  1.42114E+01,  3.17454E+01,  7.20525E+01,  1.62847E+02,  3.62124E+02,  7.86392E+02,  1.65973E+03,  3.39392E+03,  6.71138E+03,  1.28214E+04,  2.36560E+04,  4.21630E+04,  7.26420E+04,  1.21094E+05,  1.95543E+05,  3.06282E+05,  4.65991E+05,  6.89684E+05,  9.94457E+05,  1.39904E+06,  1.92316E+06,  2.58677E+06,  3.40919E+06,  4.40820E+06,  5.59925E+06,  6.99470E+06,  8.60324E+06,  1.04295E+07,  1.24740E+07,  1.47328E+07,  1.71979E+07,  1.98578E+07,  2.26974E+07,  2.56989E+07,  2.88424E+07,  3.21063E+07,  3.54679E+07,  3.89042E+07,  4.23921E+07,  4.59090E+07,  4.94332E+07,  5.29441E+07,  5.64226E+07,  5.98510E+07,  6.32136E+07,  6.64961E+07,  6.96863E+07,  7.27735E+07,  7.57489E+07,  7.86051E+07,  8.13367E+07,  8.39391E+07,  8.64095E+07,  8.87461E+07,  9.09482E+07,  9.30160E+07,  9.49506E+07,  9.67539E+07,  9.84282E+07,  9.99766E+07,  1.01402E+08,  1.02709E+08,  1.03901E+08,  1.04983E+08,  1.05958E+08,  1.06832E+08,  1.07608E+08,  1.08292E+08,  1.08887E+08,  1.09399E+08,  1.09832E+08,  1.10191E+08,  1.10478E+08,  1.10699E+08,  1.10858E+08,  1.10958E+08,  1.11003E+08,  1.10996E+08,  1.10942E+08,  1.10843E+08,  1.10702E+08,  1.10522E+08,  1.10307E+08,  1.10058E+08,  1.09778E+08,  1.09471E+08
  1.00000E+00,  1.00000E+00,  1.00006E+00,  1.00042E+00,  1.00174E+00,  1.00516E+00,  1.01245E+00,  1.02679E+00,  1.05487E+00,  1.11146E+00,  1.23023E+00,  1.48914E+00,  2.07133E+00,  3.41004E+00,  6.52858E+00,  1.38201E+01,  3.07808E+01,  6.97174E+01,  1.57331E+02,  3.49472E+02,  7.58320E+02,  1.59963E+03,  3.27004E+03,  6.46563E+03,  1.23524E+04,  2.27946E+04,  4.06395E+04,  7.00437E+04,  1.16815E+05,  1.88731E+05,  2.95778E+05,  4.50278E+05,  6.66839E+05,  9.62126E+05,  1.35442E+06,  1.86303E+06,  2.50751E+06,  3.30683E+06,  4.27853E+06,  5.43790E+06,  6.79723E+06,  8.36528E+06,  1.01469E+07,  1.21426E+07,  1.43491E+07,  1.67587E+07,  1.93603E+07,  2.21394E+07,  2.50788E+07,  2.81590E+07,  3.13589E+07,  3.46565E+07,  3.80292E+07,  4.14543E+07,  4.49097E+07,  4.83739E+07,  5.18268E+07,  5.52495E+07,  5.86245E+07,  6.19362E+07,  6.51706E+07,  6.83155E+07,  7.13602E+07,  7.42959E+07,  7.71155E+07,  7.98131E+07,  8.23844E+07,  8.48264E+07,  8.71373E+07,  8.93162E+07,  9.13634E+07,  9.32797E+07,  9.50668E+07,  9.67272E+07,  9.82636E+07,  9.96793E+07,  1.00978E+08,  1.02163E+08,  1.03240E+08,  1.04212E+08,  1.05083E+08,  1.05858E+08,  1.06542E+08,  1.07139E+08,  1.07654E+08,  1.08090E+08,  1.08452E+08,  1.08744E+08,  1.08971E+08,  1.09136E+08,  1.09243E+08,  1.09295E+08,  1.09296E+08,  1.09250E+08,  1.09159E+08,  1.09027E+08,  1.08857E+08,  1.08651E+08,  1.08411E+08,  1.08142E+08,  1.07844E+08
  1.00000E+00,  1.00000E+00,  1.00006E+00,  1.00041E+00,  1.00171E+00,  1.00509E+00,  1.01227E+00,  1.02642E+00,  1.05405E+00,  1.10964E+00,  1.22602E+00,  1.47909E+00,  2.04681E+00,  3.34927E+00,  6.37704E+00,  1.34431E+01,  2.98529E+01,  6.74742E+01,  1.52038E+02,  3.37340E+02,  7.31413E+02,  1.54205E+03,  3.15134E+03,  6.23015E+03,  1.19029E+04,  2.19689E+04,  3.91783E+04,  6.75505E+04,  1.12708E+05,  1.82187E+05,  2.85680E+05,  4.35160E+05,  6.44846E+05,  9.30978E+05,  1.31141E+06,  1.80503E+06,  2.43099E+06,  3.20795E+06,  4.15318E+06,  5.28182E+06,  6.60609E+06,  8.13480E+06,  9.87290E+06,  1.18213E+07,  1.39768E+07,  1.63324E+07,  1.88772E+07,  2.15973E+07,  2.44759E+07,  2.74943E+07,  3.06318E+07,  3.38668E+07,  3.71772E+07,  4.05408E+07,  4.39359E+07,  4.73414E+07,  5.07375E+07,  5.41054E+07,  5.74280E+07,  6.06897E+07,  6.38768E+07,  6.69771E+07,  6.99800E+07,  7.28767E+07,  7.56601E+07,  7.83243E+07,  8.08649E+07,  8.32789E+07,  8.55644E+07,  8.77204E+07,  8.97470E+07,  9.16451E+07,  9.34163E+07,  9.50628E+07,  9.65872E+07,  9.79929E+07,  9.92832E+07,  1.00462E+08,  1.01533E+08,  1.02501E+08,  1.03371E+08,  1.04145E+08,  1.04829E+08,  1.05427E+08,  1.05944E+08,  1.06383E+08,  1.06749E+08,  1.07046E+08,  1.07278E+08,  1.07449E+08,  1.07562E+08,  1.07621E+08,  1.07630E+08,  1.07591E+08,  1.07509E+08,  1.07386E+08,  1.07224E+08,  1.07027E+08,  1.06797E+08,  1.06537E+08,  1.06249E+08
  1.00000E+00,  1.00000E+00,  1.00005E+00,  1.00040E+00,  1.00168E+00,  1.00501E+00,  1.01210E+00,  1.02604E+00,  1.05325E+00,  1.10785E+00,  1.22191E+00,  1.46933E+00,  2.02303E+00,  3.29049E+00,  6.23075E+00,  1.30798E+01,  2.89601E+01,  6.53188E+01,  1.46957E+02,  3.25702E+02,  7.05617E+02,  1.48687E+03,  3.03759E+03,  6.00447E+03,  1.14721E+04,  2.11771E+04,  3.77765E+04,  6.51575E+04,  1.08763E+05,  1.75898E+05,  2.75971E+05,  4.20615E+05,  6.23669E+05,  9.00967E+05,  1.26994E+06,  1.74906E+06,  2.35710E+06,  3.11241E+06,  4.03199E+06,  5.13082E+06,  6.42106E+06,  7.91155E+06,  9.60738E+06,  1.15097E+07,  1.36156E+07,  1.59185E+07,  1.84079E+07,  2.10704E+07,  2.38899E+07,  2.68478E+07,  2.99242E+07,  3.30980E+07,  3.63475E+07,  3.96510E+07,  4.29870E+07,  4.63350E+07,  4.96752E+07,  5.29894E+07,  5.62605E+07,  5.94732E+07,  6.26138E+07,  6.56702E+07,  6.86319E+07,  7.14903E+07,  7.42380E+07,  7.68692E+07,  7.93796E+07,  8.17660E+07,  8.40263E+07,  8.61597E+07,  8.81660E+07,  9.00461E+07,  9.18014E+07,  9.34341E+07,  9.49467E+07,  9.63423E+07,  9.76243E+07,  9.87965E+07,  9.98627E+07,  1.00827E+08,  1.01694E+08,  1.02467E+08,  1.03151E+08,  1.03750E+08,  1.04268E+08,  1.04711E+08,  1.05080E+08,  1.05382E+08,  1.05619E+08,  1.05795E+08,  1.05915E+08,  1.05981E+08,  1.05997E+08,  1.05966E+08,  1.05892E+08,  1.05777E+08,  1.05624E+08,  1.05436E+08,  1.05215E+08,  1.04964E+08,  1.04686E+08
  1.00000E+00,  1.00000E+00,  1.00005E+00,  1.00039E+00,  1.00165E+00,  1.00493E+00,  1.01193E+00,  1.02568E+00,  1.05246E+00,  1.10611E+00,  1.21791E+00,  1.45983E+00,  1.99998E+00,  3.23362E+00,  6.08951E+00,  1.27297E+01,  2.81010E+01,  6.32471E+01,  1.42078E+02,  3.14536E+02,  6.80879E+02,  1.43396E+03,  2.92855E+03,  5.78813E+03,  1.10589E+04,  2.04176E+04,  3.64316E+04,  6.28602E+04,  1.04974E+05,  1.69855E+05,  2.66633E+05,  4.06617E+05,  6.03276E+05,  8.72045E+05,  1.22995E+06,  1.69504E+06,  2.28575E+06,  3.02008E+06,  3.91481E+06,  4.98472E+06,  6.24192E+06,  7.69528E+06,  9.35001E+06,  1.12075E+07,  1.32651E+07,  1.55166E+07,  1.79521E+07,  2.05584E+07,  2.33200E+07,  2.62190E+07,  2.92357E+07,  3.23496E+07,  3.55395E+07,  3.87840E+07,  4.20622E+07,  4.53538E+07,  4.86393E+07,  5.19007E+07,  5.51213E+07,  5.82858E+07,  6.13807E+07,  6.43940E+07,  6.73152E+07,  7.01358E+07,  7.28484E+07,  7.54471E+07,  7.79276E+07,  8.02867E+07,  8.25222E+07,  8.46332E+07,  8.66194E+07,  8.84816E+07,  9.02212E+07,  9.18401E+07,  9.33409E+07,  9.47266E+07,  9.60003E+07,  9.71657E+07,  9.82267E+07,  9.91872E+07,  1.00051E+08,  1.00823E+08,  1.01507E+08,  1.02107E+08,  1.02627E+08,  1.03072E+08,  1.03445E+08,  1.03751E+08,  1.03993E+08,  1.04175E+08,  1.04300E+08,  1.04373E+08,  1.04396E+08,  1.04373E+08,  1.04306E+08,  1.04199E+08,  1.04055E+08,  1.03875E+08,  1.03664E+08,  1.03422E+08,  1.03153E+08
  1.00000E+00,  1.00000E+00,  1.00005E+00,  1.00038E+00,  1.00163E+00,  1.00486E+00,  1.01176E+00,  1.02532E+00,  1.05169E+00,  1.10441E+00,  1.21400E+00,  1.45061E+00,  1.97762E+00,  3.17858E+00,  5.95309E+00,  1.23922E+01,  2.72740E+01,  6.12555E+01,  1.37392E+02,  3.03820E+02,  6.57152E+02,  1.38323E+03,  2.82401E+03,  5.58070E+03,  1.06628E+04,  1.96891E+04,  3.51408E+04,  6.06545E+04,  1.01334E+05,  1.64045E+05,  2.57651E+05,  3.93144E+05,  5.83635E+05,  8.44170E+05,  1.19137E+06,  1.64291E+06,  2.21685E+06,  2.93086E+06,  3.80148E+06,  4.84334E+06,  6.06846E+06,  7.48573E+06,  9.10050E+06,  1.09143E+07,  1.29250E+07,  1.51264E+07,  1.75092E+07,  2.00608E+07,  2.27659E+07,  2.56072E+07,  2.85656E+07,  3.16209E+07,  3.47525E+07,  3.79393E+07,  4.11608E+07,  4.43971E+07,  4.76289E+07,  5.08386E+07,  5.40096E+07,  5.71267E+07,  6.01767E+07,  6.31476E+07,  6.60290E+07,  6.88123E+07,  7.14903E+07,  7.40570E+07,  7.65081E+07,  7.88402E+07,  8.10512E+07,  8.31400E+07,  8.51064E+07,  8.69509E+07,  8.86748E+07,  9.02801E+07,  9.17691E+07,  9.31448E+07,  9.44102E+07,  9.55689E+07,  9.66246E+07,  9.75812E+07,  9.84426E+07,  9.92131E+07,  9.98966E+07,  1.00497E+08,  1.01019E+08,  1.01466E+08,  1.01843E+08,  1.02153E+08,  1.02399E+08,  1.02586E+08,  1.02718E+08,  1.02797E+08,  1.02827E+08,  1.02811E+08,  1.02752E+08,  1.02653E+08,  1.02517E+08,  1.02346E+08,  1.02143E+08,  1.01910E+08,  1.01649E+08
  1.00000E+00,  1.00000E+00,  1.00005E+00,  1.00038E+00,  1.00160E+00,  1.00479E+00,  1.01160E+00,  1.02497E+00,  1.05094E+00,  1.10275E+00,  1.21020E+00,  1.44163E+00,  1.95593E+00,  3.12531E+00,  5.82132E+00,  1.20667E+01,  2.64778E+01,  5.93404E+01,  1.32891E+02,  2.93534E+02,  6.34387E+02,  1.33457E+03,  2.72375E+03,  5.38177E+03,  1.02828E+04,  1.89901E+04,  3.39018E+04,  5.85363E+04,  9.78365E+04,  1.58459E+05,  2.49010E+05,  3.80173E+05,  5.64713E+05,  8.17299E+05,  1.15416E+06,  1.59259E+06,  2.15028E+06,  2.84461E+06,  3.69187E+06,  4.70650E+06,  5.90047E+06,  7.28268E+06,  8.85858E+06,  1.06299E+07,  1.25948E+07,  1.47475E+07,  1.70789E+07,  1.95770E+07,  2.22270E+07,  2.50120E+07,  2.79133E+07,  3.09114E+07,  3.39858E+07,  3.71162E+07,  4.02822E+07,  4.34642E+07,  4.66434E+07,  4.98023E+07,  5.29245E+07,  5.59952E+07,  5.90010E+07,  6.19301E+07,  6.47724E+07,  6.75191E+07,  7.01629E+07,  7.26981E+07,  7.51201E+07,  7.74256E+07,  7.96124E+07,  8.16793E+07,  8.36259E+07,  8.54529E+07,  8.71614E+07,  8.87531E+07,  9.02304E+07,  9.15961E+07,  9.28532E+07,  9.40051E+07,  9.50555E+07,  9.60081E+07,  9.68668E+07,  9.76357E+07,  9.83187E+07,  9.89200E+07,  9.94434E+07,  9.98930E+07,  1.00273E+08,  1.00586E+08,  1.00837E+08,  1.01030E+08,  1.01167E+08,  1.01252E+08,  1.01288E+08,  1.01279E+08,  1.01228E+08,  1.01136E+08,  1.01008E+08,  1.00845E+08,  1.00651E+08,  1.00427E+08,  1.00175E+08
  1.00000E+00,  1.00000E+00,  1.00005E+00,  1.00037E+00,  1.00157E+00,  1.00472E+00,  1.01144E+00,  1.02463E+00,  1.05021E+00,  1.10113E+00,  1.20650E+00,  1.43291E+00,  1.93489E+00,  3.07374E+00,  5.69399E+00,  1.17528E+01,  2.57110E+01,  5.74984E+01,  1.28566E+02,  2.83658E+02,  6.12542E+02,  1.28789E+03,  2.62759E+03,  5.19094E+03,  9.91817E+03,  1.83193E+04,  3.27123E+04,  5.65017E+04,  9.44752E+04,  1.53088E+05,  2.40695E+05,  3.67685E+05,  5.46483E+05,  7.91392E+05,  1.11826E+06,  1.54401E+06,  2.08598E+06,  2.76124E+06,  3.58583E+06,  4.57405E+06,  5.73777E+06,  7.08590E+06,  8.62399E+06,  1.03540E+07,  1.22743E+07,  1.43794E+07,  1.66608E+07,  1.91067E+07,  2.17029E+07,  2.44328E+07,  2.72784E+07,  3.02204E+07,  3.32390E+07,  3.63140E+07,  3.94256E+07,  4.25544E+07,  4.56820E+07,  4.87911E+07,  5.18654E+07,  5.48904E+07,  5.78528E+07,  6.07409E+07,  6.35446E+07,  6.62552E+07,  6.88654E+07,  7.13695E+07,  7.37628E+07,  7.60420E+07,  7.82049E+07,  8.02501E+07,  8.21773E+07,  8.39869E+07,  8.56800E+07,  8.72583E+07,  8.87239E+07,  9.00797E+07,  9.13284E+07,  9.24736E+07,  9.35186E+07,  9.44671E+07,  9.53231E+07,  9.60903E+07,  9.67727E+07,  9.73744E+07,  9.78991E+07,  9.83509E+07,  9.87335E+07,  9.90507E+07,  9.93062E+07,  9.95034E+07,  9.96460E+07,  9.97371E+07,  9.97800E+07,  9.97777E+07,  9.97332E+07,  9.96494E+07,  9.95289E+07,  9.93742E+07,  9.91878E+07,  9.89721E+07,  9.87292E+07
  1.00000E+00,  1.00000E+00,  1.00005E+00,  1.00036E+00,  1.00154E+00,  1.00465E+00,  1.01128E+00,  1.02429E+00,  1.04949E+00,  1.09954E+00,  1.20288E+00,  1.42442E+00,  1.91446E+00,  3.02379E+00,  5.57094E+00,  1.14499E+01,  2.49724E+01,  5.57262E+01,  1.24409E+02,  2.74174E+02,  5.91573E+02,  1.24310E+03,  2.53532E+03,  5.00786E+03,  9.56831E+03,  1.76753E+04,  3.15701E+04,  5.45470E+04,  9.12443E+04,  1.47923E+05,  2.32694E+05,  3.55659E+05,  5.28916E+05,  7.66411E+05,  1.08362E+06,  1.49710E+06,  2.02385E+06,  2.68062E+06,  3.48324E+06,  4.44582E+06,  5.58016E+06,  6.89516E+06,  8.39649E+06,  1.00863E+07,  1.19631E+07,  1.40219E+07,  1.62544E+07,  1.86495E+07,  2.11930E+07,  2.38692E+07,  2.66603E+07,  2.95475E+07,  3.25113E+07,  3.55321E+07,  3.85904E+07,  4.16671E+07,  4.47441E+07,  4.78042E+07,  5.08315E+07,  5.38116E+07,  5.67314E+07,  5.95791E+07,  6.23449E+07,  6.50199E+07,  6.75970E+07,  7.00704E+07,  7.24355E+07,  7.46888E+07,  7.68280E+07,  7.88518E+07,  8.07597E+07,  8.25521E+07,  8.42299E+07,  8.57948E+07,  8.72489E+07,  8.85947E+07,  8.98351E+07,  9.09734E+07,  9.20130E+07,  9.29575E+07,  9.38105E+07,  9.45760E+07,  9.52578E+07,  9.58597E+07,  9.63856E+07,  9.68394E+07,  9.72248E+07,  9.75455E+07,  9.78051E+07,  9.80071E+07,  9.81549E+07,  9.82518E+07,  9.83008E+07,  9.83052E+07,  9.82677E+07,  9.81911E+07,  9.80781E+07,  9.79312E+07,  9.77529E+07,  9.75453E+07,  9.73108E+07
  1.00000E+00,  1.00000E+00,  1.00005E+00,  1.00035E+00,  1.00152E+00,  1.00458E+00,  1.01113E+00,  1.02396E+00,  1.04878E+00,  1.09799E+00,  1.19936E+00,  1.41616E+00,  1.89464E+00,  2.97542E+00,  5.45199E+00,  1.11577E+01,  2.42607E+01,  5.40209E+01,  1.20413E+02,  2.65063E+02,  5.71442E+02,  1.20012E+03,  2.44678E+03,  4.83216E+03,  9.23251E+03,  1.70571E+04,  3.04731E+04,  5.26689E+04,  8.81381E+04,  1.42953E+05,  2.24992E+05,  3.44077E+05,  5.11985E+05,  7.42318E+05,  1.05019E+06,  1.45180E+06,  1.96380E+06,  2.60267E+06,  3.38398E+06,  4.32168E+06,  5.42747E+06,  6.71027E+06,  8.17583E+06,  9.82645E+06,  1.16609E+07,  1.36746E+07,  1.58595E+07,  1.82048E+07,  2.06970E+07,  2.33206E+07,  2.60584E+07,  2.88920E+07,  3.18023E+07,  3.47700E+07,  3.77760E+07,  4.08016E+07,  4.38289E+07,  4.68410E+07,  4.98222E+07,  5.27582E+07,  5.56359E+07,  5.84440E+07,  6.11724E+07,  6.38124E+07,  6.63570E+07,  6.88001E+07,  7.11372E+07,  7.33649E+07,  7.54808E+07,  7.74834E+07,  7.93723E+07,  8.11476E+07,  8.28103E+07,  8.43619E+07,  8.58044E+07,  8.71404E+07,  8.83725E+07,  8.95040E+07,  9.05381E+07,  9.14783E+07,  9.23284E+07,  9.30921E+07,  9.37730E+07,  9.43751E+07,  9.49021E+07,  9.53578E+07,  9.57458E+07,  9.60699E+07,  9.63334E+07,  9.65400E+07,  9.66928E+07,  9.67953E+07,  9.68503E+07,  9.68610E+07,  9.68303E+07,  9.67607E+07,  9.66551E+07,  9.65158E+07,  9.63453E+07,  9.61457E+07,  9.59193E+07
  1.00000E+00,  1.00000E+00,  1.00005E+00,  1.00035E+00,  1.00149E+00,  1.00451E+00,  1.01097E+00,  1.02364E+00,  1.04809E+00,  1.09647E+00,  1.19592E+00,  1.40813E+00,  1.87539E+00,  2.92856E+00,  5.33698E+00,  1.08756E+01,  2.35748E+01,  5.23796E+01,  1.16571E+02,  2.56310E+02,  5.52110E+02,  1.15885E+03,  2.36180E+03,  4.66352E+03,  8.91015E+03,  1.64635E+04,  2.94192E+04,  5.08638E+04,  8.51514E+04,  1.38173E+05,  2.17578E+05,  3.32919E+05,  4.95665E+05,  7.19079E+05,  1.01793E+06,  1.40805E+06,  1.90577E+06,  2.52729E+06,  3.28792E+06,  4.20146E+06,  5.27952E+06,  6.53102E+06,  7.96178E+06,  9.57427E+06,  1.13675E+07,  1.33371E+07,  1.54756E+07,  1.77724E+07,  2.02145E+07,  2.27867E+07,  2.54723E+07,  2.82534E+07,  3.11113E+07,  3.40270E+07,  3.69818E+07,  3.99573E+07,  4.29358E+07,  4.59008E+07,  4.88367E+07,  5.17293E+07,  5.45659E+07,  5.73349E+07,  6.00265E+07,  6.26321E+07,  6.51445E+07,  6.75578E+07,  6.98674E+07,  7.20698E+07,  7.41626E+07,  7.61443E+07,  7.80142E+07,  7.97727E+07,  8.14204E+07,  8.29588E+07,  8.43899E+07,  8.57160E+07,  8.69398E+07,  8.80644E+07,  8.90930E+07,  9.00290E+07,  9.08761E+07,  9.16378E+07,  9.23178E+07,  9.29199E+07,  9.34479E+07,  9.39053E+07,  9.42958E+07,  9.46230E+07,  9.48904E+07,  9.51013E+07,  9.52591E+07,  9.53668E+07,  9.54277E+07,  9.54446E+07,  9.54204E+07,  9.53577E+07,  9.52592E+07,  9.51273E+07,  9.49644E+07,  9.47727E+07,  9.45542E+07
  1.00000E+00,  1.00000E+00,  1.00004E+00,  1.00034E+00,  1.00147E+00,  1.00444E+00,  1.01082E+00,  1.02332E+00,  1.04741E+00,  1.09499E+00,  1.19257E+00,  1.40031E+00,  1.85670E+00,  2.88315E+00,  5.22575E+00,  1.06033E+01,  2.29137E+01,  5.07994E+01,  1.12875E+02,  2.47898E+02,  5.33543E+02,  1.11923E+03,  2.28022E+03,  4.50161E+03,  8.60062E+03,  1.58933E+04,  2.84067E+04,  4.91288E+04,  8.22790E+04,  1.33572E+05,  2.10439E+05,  3.22169E+05,  4.79932E+05,  6.96661E+05,  9.86780E+05,  1.36578E+06,  1.84968E+06,  2.45437E+06,  3.19495E+06,  4.08504E+06,  5.13616E+06,  6.35722E+06,  7.75412E+06,  9.32948E+06,  1.10826E+07,  1.30093E+07,  1.51024E+07,  1.73518E+07,  1.97449E+07,  2.22669E+07,  2.49016E+07,  2.76313E+07,  3.04378E+07,  3.33027E+07,  3.62073E+07,  3.91336E+07,  4.20643E+07,  4.49830E+07,  4.78744E+07,  5.07244E+07,  5.35204E+07,  5.62511E+07,  5.89065E+07,  6.14781E+07,  6.39588E+07,  6.63427E+07,  6.86252E+07,  7.08027E+07,  7.28726E+07,  7.48336E+07,  7.66849E+07,  7.84266E+07,  8.00594E+07,  8.15847E+07,  8.30044E+07,  8.43207E+07,  8.55362E+07,  8.66539E+07,  8.76770E+07,  8.86088E+07,  8.94527E+07,  9.02124E+07,  9.08914E+07,  9.14934E+07,  9.20222E+07,  9.24812E+07,  9.28740E+07,  9.32042E+07,  9.34753E+07,  9.36904E+07,  9.38529E+07,  9.39659E+07,  9.40324E+07,  9.40553E+07,  9.40374E+07,  9.39814E+07,  9.38899E+07,  9.37651E+07,  9.36096E+07,  9.34255E+07,  9.32148E+07
  1.00000E+00,  1.00000E+00,  1.00004E+00,  1.00033E+00,  1.00144E+00,  1.00438E+00,  1.01068E+00,  1.02301E+00,  1.04674E+00,  1.09354E+00,  1.18930E+00,  1.39270E+00,  1.83855E+00,  2.83913E+00,  5.11816E+00,  1.03403E+01,  2.22763E+01,  4.92777E+01,  1.09320E+02,  2.39811E+02,  5.15704E+02,  1.08117E+03,  2.20188E+03,  4.34615E+03,  8.30335E+03,  1.53456E+04,  2.74337E+04,  4.74607E+04,  7.95161E+04,  1.29145E+05,  2.03565E+05,  3.11811E+05,  4.64761E+05,  6.75030E+05,  9.56706E+05,  1.32495E+06,  1.79545E+06,  2.38383E+06,  3.10496E+06,  3.97227E+06,  4.99722E+06,  6.18869E+06,  7.55264E+06,  9.09185E+06,  1.08058E+07,  1.26906E+07,  1.47395E+07,  1.69427E+07,  1.92879E+07,  2.17609E+07,  2.43457E+07,  2.70251E+07,  2.97814E+07,  3.25964E+07,  3.54518E+07,  3.83299E+07,  4.12137E+07,  4.40870E+07,  4.69346E+07,  4.97428E+07,  5.24989E+07,  5.51918E+07,  5.78116E+07,  6.03498E+07,  6.27993E+07,  6.51542E+07,  6.74099E+07,  6.95627E+07,  7.16102E+07,  7.35507E+07,  7.53835E+07,  7.71086E+07,  7.87267E+07,  8.02390E+07,  8.16473E+07,  8.29539E+07,  8.41611E+07,  8.52719E+07,  8.62894E+07,  8.72169E+07,  8.80576E+07,  8.88152E+07,  8.94931E+07,  9.00949E+07,  9.06243E+07,  9.10848E+07,  9.14799E+07,  9.18130E+07,  9.20874E+07,  9.23066E+07,  9.24737E+07,  9.25917E+07,  9.26636E+07,  9.26924E+07,  9.26807E+07,  9.26312E+07,  9.25463E+07,  9.24286E+07,  9.22803E+07,  9.21036E+07,  9.19005E+07
  1.00000E+00,  1.00000E+00,  1.00004E+00,  1.00033E+00,  1.00142E+00,  1.00431E+00,  1.01053E+00,  1.02270E+00,  1.04609E+00,  1.09212E+00,  1.18610E+00,  1.38528E+00,  1.82092E+00,  2.79647E+00,  5.01406E+00,  1.00863E+01,  2.16615E+01,  4.78121E+01,  1.05900E+02,  2.32037E+02,  4.98562E+02,  1.04462E+03,  2.12664E+03,  4.19683E+03,  8.01781E+03,  1.48193E+04,  2.64985E+04,  4.58567E+04,  7.68580E+04,  1.24883E+05,  1.96944E+05,  3.01828E+05,  4.50131E+05,  6.54157E+05,  9.27667E+05,  1.28549E+06,  1.74302E+06,  2.31559E+06,  3.01783E+06,  3.86304E+06,  4.86255E+06,  6.02523E+06,  7.35712E+06,  8.86112E+06,  1.05369E+07,  1.23810E+07,  1.43867E+07,  1.65447E+07,  1.88432E+07,  2.12682E+07,  2.38042E+07,  2.64345E+07,  2.91416E+07,  3.19076E+07,  3.47148E+07,  3.75457E+07,  4.03834E+07,  4.32121E+07,  4.60168E+07,  4.87839E+07,  5.15008E+07,  5.41565E+07,  5.67412E+07,  5.92465E+07,  6.16653E+07,  6.39916E+07,  6.62209E+07,  6.83494E+07,  7.03746E+07,  7.22949E+07,  7.41094E+07,  7.58181E+07,  7.74215E+07,  7.89209E+07,  8.03180E+07,  8.16147E+07,  8.28137E+07,  8.39177E+07,  8.49296E+07,  8.58526E+07,  8.66901E+07,  8.74455E+07,  8.81222E+07,  8.87238E+07,  8.92537E+07,  8.97155E+07,  9.01126E+07,  9.04484E+07,  9.07263E+07,  9.09493E+07,  9.11208E+07,  9.12436E+07,  9.13208E+07,  9.13552E+07,  9.13495E+07,  9.13063E+07,  9.12281E+07,  9.11172E+07,  9.09759E+07,  9.08064E+07,  9.06107E+07
  1.00000E+00,  1.00000E+00,  1.00004E+00,  1.00032E+00,  1.00140E+00,  1.00425E+00,  1.01039E+00,  1.02240E+00,  1.04545E+00,  1.09073E+00,  1.18299E+00,  1.37807E+00,  1.80378E+00,  2.75510E+00,  4.91332E+00,  9.84097E+00,  2.10685E+01,  4.64001E+01,  1.02608E+02,  2.24560E+02,  4.82087E+02,  1.00950E+03,  2.05436E+03,  4.05340E+03,  7.74347E+03,  1.43136E+04,  2.55995E+04,  4.43141E+04,  7.43003E+04,  1.20780E+05,  1.90565E+05,  2.92205E+05,  4.36020E+05,  6.34011E+05,  8.99622E+05,  1.24736E+06,  1.69232E+06,  2.24955E+06,  2.93348E+06,  3.75721E+06,  4.73200E+06,  5.86669E+06,  7.16738E+06,  8.63709E+06,  1.02757E+07,  1.20799E+07,  1.40435E+07,  1.61575E+07,  1.84103E+07,  2.07884E+07,  2.32767E+07,  2.58589E+07,  2.85178E+07,  3.12359E+07,  3.39958E+07,  3.67803E+07,  3.95729E+07,  4.23578E+07,  4.51203E+07,  4.78470E+07,  5.05253E+07,  5.31445E+07,  5.56947E+07,  5.81676E+07,  6.05561E+07,  6.28542E+07,  6.50574E+07,  6.71619E+07,  6.91651E+07,  7.10654E+07,  7.28618E+07,  7.45542E+07,  7.61432E+07,  7.76298E+07,  7.90156E+07,  8.03027E+07,  8.14934E+07,  8.25905E+07,  8.35968E+07,  8.45154E+07,  8.53496E+07,  8.61027E+07,  8.67781E+07,  8.73793E+07,  8.79097E+07,  8.83727E+07,  8.87717E+07,  8.91101E+07,  8.93911E+07,  8.96179E+07,  8.97936E+07,  8.99211E+07,  9.00034E+07,  9.00433E+07,  9.00434E+07,  9.00063E+07,  8.99345E+07,  8.98302E+07,  8.96958E+07,  8.95334E+07,  8.93449E+07
  1.00000E+00,  1.00000E+00,  1.00004E+00,  1.00031E+00,  1.00137E+00,  1.00419E+00,  1.01025E+00,  1.02210E+00,  1.04483E+00,  1.08938E+00,  1.17995E+00,  1.37104E+00,  1.78713E+00,  2.71498E+00,  4.81582E+00,  9.60389E+00,  2.04964E+01,  4.50395E+01,  9.94392E+01,  2.17369E+02,  4.66249E+02,  9.75747E+02,  1.98491E+03,  3.91558E+03,  7.47985E+03,  1.38275E+04,  2.47350E+04,  4.28302E+04,  7.18388E+04,  1.16829E+05,  1.84420E+05,  2.82929E+05,  4.22408E+05,  6.14565E+05,  8.72533E+05,  1.21051E+06,  1.64329E+06,  2.18565E+06,  2.85179E+06,  3.65467E+06,  4.60543E+06,  5.71290E+06,  6.98321E+06,  8.41952E+06,  1.00219E+07,  1.17873E+07,  1.37098E+07,  1.57807E+07,  1.79889E+07,  2.03211E+07,  2.27628E+07,  2.52978E+07,  2.79096E+07,  3.05808E+07,  3.32943E+07,  3.60334E+07,  3.87816E+07,  4.15235E+07,  4.42446E+07,  4.69315E+07,  4.95720E+07,  5.21552E+07,  5.46714E+07,  5.71124E+07,  5.94710E+07,  6.17414E+07,  6.39188E+07,  6.59996E+07,  6.79811E+07,  6.98616E+07,  7.16401E+07,  7.33164E+07,  7.48910E+07,  7.63649E+07,  7.77396E+07,  7.90170E+07,  8.01995E+07,  8.12897E+07,  8.22903E+07,  8.32045E+07,  8.40353E+07,  8.47860E+07,  8.54601E+07,  8.60608E+07,  8.65915E+07,  8.70556E+07,  8.74565E+07,  8.77973E+07,  8.80813E+07,  8.83117E+07,  8.84914E+07,  8.86235E+07,  8.87108E+07,  8.87560E+07,  8.87617E+07,  8.87306E+07,  8.86650E+07,  8.85672E+07,  8.84395E+07,  8.82839E+07,  8.81024E+07
  1.00000E+00,  1.00000E+00,  1.00004E+00,  1.00031E+00,  1.00135E+00,  1.00413E+00,  1.01011E+00,  1.02181E+00,  1.04421E+00,  1.08805E+00,  1.17698E+00,  1.36419E+00,  1.77094E+00,  2.67606E+00,  4.72142E+00,  9.37477E+00,  1.99443E+01,  4.37282E+01,  9.63881E+01,  2.10450E+02,  4.51020E+02,  9.43306E+02,  1.91817E+03,  3.78313E+03,  7.22647E+03,  1.33602E+04,  2.39037E+04,  4.14026E+04,  6.94696E+04,  1.13024E+05,  1.78498E+05,  2.73984E+05,  4.09276E+05,  5.95792E+05,  8.46365E+05,  1.17489E+06,  1.59586E+06,  2.12380E+06,  2.77268E+06,  3.55530E+06,  4.48270E+06,  5.56369E+06,  6.80444E+06,  8.20821E+06,  9.77528E+06,  1.15028E+07,  1.33852E+07,  1.54141E+07,  1.75786E+07,  1.98661E+07,  2.22621E+07,  2.47510E+07,  2.73165E+07,  2.99417E+07,  3.26099E+07,  3.53043E+07,  3.80090E+07,  4.07087E+07,  4.33891E+07,  4.60369E+07,  4.86402E+07,  5.11879E+07,  5.36707E+07,  5.60803E+07,  5.84095E+07,  6.06525E+07,  6.28045E+07,  6.48619E+07,  6.68220E+07,  6.86829E+07,  7.04437E+07,  7.21041E+07,  7.36644E+07,  7.51257E+07,  7.64893E+07,  7.77571E+07,  7.89314E+07,  8.00147E+07,  8.10096E+07,  8.19193E+07,  8.27467E+07,  8.34950E+07,  8.41676E+07,  8.47677E+07,  8.52987E+07,  8.57638E+07,  8.61663E+07,  8.65094E+07,  8.67964E+07,  8.70302E+07,  8.72138E+07,  8.73503E+07,  8.74424E+07,  8.74927E+07,  8.75039E+07,  8.74786E+07,  8.74190E+07,  8.73275E+07,  8.72063E+07,  8.70574E+07,  8.68828E+07
  1.00000E+00,  1.00000E+00,  1.00004E+00,  1.00030E+00,  1.00133E+00,  1.00407E+00,  1.00998E+00,  1.02152E+00,  1.04361E+00,  1.08675E+00,  1.17408E+00,  1.35752E+00,  1.75521E+00,  2.63830E+00,  4.63000E+00,  9.15327E+00,  1.94114E+01,  4.24640E+01,  9.34497E+01,  2.03792E+02,  4.36373E+02,  9.12116E+02,  1.85401E+03,  3.65583E+03,  6.98290E+03,  1.29109E+04,  2.31041E+04,  4.00289E+04,  6.71886E+04,  1.09359E+05,  1.72791E+05,  2.65359E+05,  3.96603E+05,  5.77665E+05,  8.21082E+05,  1.14045E+06,  1.54997E+06,  2.06393E+06,  2.69606E+06,  3.45900E+06,  4.36370E+06,  5.41892E+06,  6.63088E+06,  8.00297E+06,  9.53560E+06,  1.12262E+07,  1.30695E+07,  1.50572E+07,  1.71792E+07,  1.94228E+07,  2.17741E+07,  2.42179E+07,  2.67381E+07,  2.93183E+07,  3.19419E+07,  3.45926E+07,  3.72546E+07,  3.99129E+07,  4.25533E+07,  4.51627E+07,  4.77293E+07,  5.02422E+07,  5.26921E+07,  5.50707E+07,  5.73709E+07,  5.95869E+07,  6.17139E+07,  6.37482E+07,  6.56871E+07,  6.75287E+07,  6.92719E+07,  7.09165E+07,  7.24627E+07,  7.39114E+07,  7.52640E+07,  7.65223E+07,  7.76884E+07,  7.87648E+07,  7.97541E+07,  8.06592E+07,  8.14831E+07,  8.22290E+07,  8.29000E+07,  8.34995E+07,  8.40305E+07,  8.44965E+07,  8.49006E+07,  8.52459E+07,  8.55356E+07,  8.57727E+07,  8.59602E+07,  8.61009E+07,  8.61975E+07,  8.62529E+07,  8.62695E+07,  8.62497E+07,  8.61960E+07,  8.61107E+07,  8.59958E+07,  8.58534E+07,  8.56855E+07
  1.00000E+00,  1.00000E+00,  1.00004E+00,  1.00030E+00,  1.00131E+00,  1.00401E+00,  1.00985E+00,  1.02124E+00,  1.04302E+00,  1.08548E+00,  1.17124E+00,  1.35101E+00,  1.73990E+00,  2.60166E+00,  4.54147E+00,  8.93912E+00,  1.88969E+01,  4.12451E+01,  9.06193E+01,  1.97384E+02,  4.22283E+02,  8.82125E+02,  1.79234E+03,  3.53344E+03,  6.74870E+03,  1.24787E+04,  2.23348E+04,  3.87068E+04,  6.49924E+04,  1.05828E+05,  1.67290E+05,  2.57039E+05,  3.84373E+05,  5.60161E+05,  7.96651E+05,  1.10715E+06,  1.50558E+06,  2.00597E+06,  2.62183E+06,  3.36566E+06,  4.24828E+06,  5.27843E+06,  6.46237E+06,  7.80358E+06,  9.30265E+06,  1.09573E+07,  1.27623E+07,  1.47099E+07,  1.67902E+07,  1.89910E+07,  2.12986E+07,  2.36982E+07,  2.61741E+07,  2.87101E+07,  3.12900E+07,  3.38978E+07,  3.65179E+07,  3.91355E+07,  4.17366E+07,  4.43083E+07,  4.68388E+07,  4.93175E+07,  5.17349E+07,  5.40830E+07,  5.63546E+07,  5.85440E+07,  6.06463E+07,  6.26578E+07,  6.45758E+07,  6.63982E+07,  6.81242E+07,  6.97531E+07,  7.12853E+07,  7.27216E+07,  7.40633E+07,  7.53121E+07,  7.64700E+07,  7.75395E+07,  7.85231E+07,  7.94236E+07,  8.02440E+07,  8.09874E+07,  8.16568E+07,  8.22555E+07,  8.27866E+07,  8.32533E+07,  8.36588E+07,  8.40062E+07,  8.42985E+07,  8.45388E+07,  8.47299E+07,  8.48747E+07,  8.49758E+07,  8.50360E+07,  8.50578E+07,  8.50435E+07,  8.49955E+07,  8.49161E+07,  8.48074E+07,  8.46714E+07,  8.45100E+07
  1.00000E+00,  1.00000E+00,  1.00004E+00,  1.00029E+00,  1.00129E+00,  1.00395E+00,  1.00972E+00,  1.02097E+00,  1.04244E+00,  1.08423E+00,  1.16848E+00,  1.34468E+00,  1.72502E+00,  2.56610E+00,  4.45570E+00,  8.73201E+00,  1.84001E+01,  4.00695E+01,  8.78923E+01,  1.91215E+02,  4.08727E+02,  8.53279E+02,  1.73302E+03,  3.41575E+03,  6.52348E+03,  1.20631E+04,  2.15947E+04,  3.74342E+04,  6.28774E+04,  1.02426E+05,  1.61986E+05,  2.49014E+05,  3.72569E+05,  5.43255E+05,  7.73041E+05,  1.07495E+06,  1.46263E+06,  1.94984E+06,  2.54992E+06,  3.27517E+06,  4.13632E+06,  5.14209E+06,  6.29874E+06,  7.60986E+06,  9.07621E+06,  1.06957E+07,  1.24634E+07,  1.43719E+07,  1.64114E+07,  1.85703E+07,  2.08351E+07,  2.31915E+07,  2.56239E+07,  2.81167E+07,  3.06538E+07,  3.32194E+07,  3.57984E+07,  3.83760E+07,  4.09385E+07,  4.34731E+07,  4.59681E+07,  4.84131E+07,  5.07987E+07,  5.31167E+07,  5.53602E+07,  5.75233E+07,  5.96012E+07,  6.15902E+07,  6.34875E+07,  6.52911E+07,  6.69998E+07,  6.86133E+07,  7.01316E+07,  7.15556E+07,  7.28864E+07,  7.41257E+07,  7.52755E+07,  7.63381E+07,  7.73160E+07,  7.82119E+07,  7.90288E+07,  7.97695E+07,  8.04373E+07,  8.10351E+07,  8.15661E+07,  8.20335E+07,  8.24404E+07,  8.27897E+07,  8.30845E+07,  8.33278E+07,  8.35225E+07,  8.36712E+07,  8.37767E+07,  8.38416E+07,  8.38683E+07,  8.38594E+07,  8.38170E+07,  8.37434E+07,  8.36407E+07,  8.35109E+07,  8.33558E+07
  1.00000E+00,  1.00000E+00,  1.00004E+00,  1.00028E+00,  1.00126E+00,  1.00390E+00,  1.00959E+00,  1.02070E+00,  1.04187E+00,  1.08301E+00,  1.16577E+00,  1.33850E+00,  1.71055E+00,  2.53158E+00,  4.37260E+00,  8.53167E+00,  1.79202E+01,  3.89354E+01,  8.52644E+01,  1.85274E+02,  3.95681E+02,  8.25529E+02,  1.67598E+03,  3.30256E+03,  6.30685E+03,  1.16632E+04,  2.08824E+04,  3.62090E+04,  6.08402E+04,  9.91472E+04,  1.56873E+05,  2.41272E+05,  3.61173E+05,  5.26925E+05,  7.50221E+05,  1.04380E+06,  1.42106E+06,  1.89550E+06,  2.48025E+06,  3.18744E+06,  4.02772E+06,  5.00975E+06,  6.13983E+06,  7.42164E+06,  8.85608E+06,  1.04412E+07,  1.21725E+07,  1.40427E+07,  1.60425E+07,  1.81603E+07,  2.03834E+07,  2.26974E+07,  2.50873E+07,  2.75376E+07,  3.00327E+07,  3.25570E+07,  3.50956E+07,  3.76339E+07,  4.01585E+07,  4.26567E+07,  4.51168E+07,  4.75287E+07,  4.98828E+07,  5.21712E+07,  5.43870E+07,  5.65242E+07,  5.85780E+07,  6.05448E+07,  6.24217E+07,  6.42066E+07,  6.58984E+07,  6.74965E+07,  6.90011E+07,  7.04128E+07,  7.17329E+07,  7.29627E+07,  7.41044E+07,  7.51601E+07,  7.61323E+07,  7.70236E+07,  7.78369E+07,  7.85750E+07,  7.92410E+07,  7.98379E+07,  8.03688E+07,  8.08367E+07,  8.12448E+07,  8.15959E+07,  8.18932E+07,  8.21394E+07,  8.23374E+07,  8.24899E+07,  8.25996E+07,  8.26690E+07,  8.27006E+07,  8.26968E+07,  8.26599E+07,  8.25920E+07,  8.24951E+07,  8.23713E+07,  8.22225E+07
  1.00000E+00,  1.00000E+00,  1.00003E+00,  1.00028E+00,  1.00124E+00,  1.00384E+00,  1.00946E+00,  1.02043E+00,  1.04132E+00,  1.08182E+00,  1.16313E+00,  1.33247E+00,  1.69646E+00,  2.49807E+00,  4.29206E+00,  8.33785E+00,  1.74566E+01,  3.78412E+01,  8.27314E+01,  1.79553E+02,  3.83123E+02,  7.98829E+02,  1.62110E+03,  3.19368E+03,  6.09845E+03,  1.12784E+04,  2.01968E+04,  3.50292E+04,  5.88777E+04,  9.59874E+04,  1.51941E+05,  2.33801E+05,  3.50171E+05,  5.11148E+05,  7.28161E+05,  1.01368E+06,  1.38082E+06,  1.84287E+06,  2.41273E+06,  3.10238E+06,  3.92236E+06,  4.88129E+06,  5.98549E+06,  7.23873E+06,  8.64205E+06,  1.01938E+07,  1.18895E+07,  1.37223E+07,  1.56831E+07,  1.77609E+07,  1.99430E+07,  2.22155E+07,  2.45637E+07,  2.69725E+07,  2.94264E+07,  3.19102E+07,  3.44091E+07,  3.69089E+07,  3.93962E+07,  4.18585E+07,  4.42844E+07,  4.66636E+07,  4.89868E+07,  5.12461E+07,  5.34344E+07,  5.55461E+07,  5.75763E+07,  5.95211E+07,  6.13778E+07,  6.31442E+07,  6.48192E+07,  6.64022E+07,  6.78931E+07,  6.92927E+07,  7.06020E+07,  7.18226E+07,  7.29562E+07,  7.40050E+07,  7.49715E+07,  7.58581E+07,  7.66677E+07,  7.74032E+07,  7.80673E+07,  7.86632E+07,  7.91939E+07,  7.96623E+07,  8.00714E+07,  8.04243E+07,  8.07238E+07,  8.09728E+07,  8.11741E+07,  8.13302E+07,  8.14440E+07,  8.15178E+07,  8.15542E+07,  8.15554E+07,  8.15238E+07,  8.14613E+07,  8.13702E+07,  8.12523E+07,  8.11096E+07
  1.00000E+00,  1.00000E+00,  1.00003E+00,  1.00027E+00,  1.00122E+00,  1.00379E+00,  1.00934E+00,  1.02017E+00,  1.04077E+00,  1.08065E+00,  1.16055E+00,  1.32660E+00,  1.68276E+00,  2.46551E+00,  4.21400E+00,  8.15030E+00,  1.70087E+01,  3.67853E+01,  8.02894E+01,  1.74042E+02,  3.71034E+02,  7.73133E+02,  1.56830E+03,  3.08892E+03,  5.89792E+03,  1.09081E+04,  1.95367E+04,  3.38931E+04,  5.69869E+04,  9.29413E+04,  1.47185E+05,  2.26592E+05,  3.39547E+05,  4.95905E+05,  7.06833E+05,  9.84536E+05,  1.34187E+06,  1.79189E+06,  2.34729E+06,  3.01989E+06,  3.82013E+06,  4.75658E+06,  5.83558E+06,  7.06097E+06,  8.43395E+06,  9.95300E+06,  1.16140E+07,  1.34103E+07,  1.53331E+07,  1.73717E+07,  1.95137E+07,  2.17456E+07,  2.40530E+07,  2.64209E+07,  2.88344E+07,  3.12785E+07,  3.37385E+07,  3.62004E+07,  3.86511E+07,  4.10781E+07,  4.34703E+07,  4.58173E+07,  4.81101E+07,  5.03407E+07,  5.25021E+07,  5.45886E+07,  5.65953E+07,  5.85185E+07,  6.03552E+07,  6.21034E+07,  6.37618E+07,  6.53297E+07,  6.68072E+07,  6.81948E+07,  6.94935E+07,  7.07047E+07,  7.18302E+07,  7.28722E+07,  7.38329E+07,  7.47149E+07,  7.55208E+07,  7.62535E+07,  7.69158E+07,  7.75106E+07,  7.80409E+07,  7.85097E+07,  7.89199E+07,  7.92744E+07,  7.95761E+07,  7.98277E+07,  8.00321E+07,  8.01918E+07,  8.03095E+07,  8.03876E+07,  8.04286E+07,  8.04347E+07,  8.04081E+07,  8.03511E+07,  8.02655E+07,  8.01534E+07,  8.00166E+07
  1.00000E+00,  1.00000E+00,  1.00003E+00,  1.00027E+00,  1.00120E+00,  1.00373E+00,  1.00922E+00,  1.01991E+00,  1.04023E+00,  1.07950E+00,  1.15803E+00,  1.32087E+00,  1.66942E+00,  2.43390E+00,  4.13831E+00,  7.96877E+00,  1.65758E+01,  3.57660E+01,  7.79347E+01,  1.68731E+02,  3.59392E+02,  7.48399E+02,  1.51748E+03,  2.98811E+03,  5.70493E+03,  1.05516E+04,  1.89012E+04,  3.27987E+04,  5.51647E+04,  9.00045E+04,  1.42596E+05,  2.19633E+05,  3.29287E+05,  4.81174E+05,  6.86210E+05,  9.56339E+05,  1.30417E+06,  1.74251E+06,  2.28386E+06,  2.93989E+06,  3.72092E+06,  4.63549E+06,  5.68994E+06,  6.88820E+06,  8.23158E+06,  9.71876E+06,  1.13458E+07,  1.31064E+07,  1.49921E+07,  1.69923E+07,  1.90950E+07,  2.12872E+07,  2.35546E+07,  2.58826E+07,  2.82565E+07,  3.06615E+07,  3.30833E+07,  3.55080E+07,  3.79227E+07,  4.03151E+07,  4.26741E+07,  4.49895E+07,  4.72523E+07,  4.94546E+07,  5.15894E+07,  5.36511E+07,  5.56347E+07,  5.75365E+07,  5.93536E+07,  6.10837E+07,  6.27257E+07,  6.42787E+07,  6.57428E+07,  6.71184E+07,  6.84065E+07,  6.96085E+07,  7.07261E+07,  7.17612E+07,  7.27162E+07,  7.35935E+07,  7.43957E+07,  7.51256E+07,  7.57859E+07,  7.63796E+07,  7.69095E+07,  7.73786E+07,  7.77897E+07,  7.81457E+07,  7.84494E+07,  7.87036E+07,  7.89109E+07,  7.90741E+07,  7.91956E+07,  7.92778E+07,  7.93232E+07,  7.93341E+07,  7.93125E+07,  7.92607E+07,  7.91806E+07,  7.90741E+07,  7.89430E+07
  1.00000E+00,  1.00000E+00,  1.00003E+00,  1.00026E+00,  1.00118E+00,  1.00368E+00,  1.00910E+00,  1.01966E+00,  1.03971E+00,  1.07838E+00,  1.15556E+00,  1.31528E+00,  1.65643E+00,  2.40318E+00,  4.06492E+00,  7.79303E+00,  1.61573E+01,  3.47820E+01,  7.56637E+01,  1.63614E+02,  3.48180E+02,  7.24587E+02,  1.46857E+03,  2.89108E+03,  5.51917E+03,  1.02084E+04,  1.82892E+04,  3.17444E+04,  5.34086E+04,  8.71726E+04,  1.38170E+05,  2.12916E+05,  3.19376E+05,  4.66937E+05,  6.66266E+05,  9.29055E+05,  1.26766E+06,  1.69467E+06,  2.22237E+06,  2.86229E+06,  3.62465E+06,  4.51791E+06,  5.54845E+06,  6.72025E+06,  8.03477E+06,  9.49084E+06,  1.10848E+07,  1.28105E+07,  1.46598E+07,  1.66225E+07,  1.86869E+07,  2.08400E+07,  2.30682E+07,  2.53571E+07,  2.76921E+07,  3.00588E+07,  3.24431E+07,  3.48313E+07,  3.72106E+07,  3.95689E+07,  4.18953E+07,  4.41796E+07,  4.64129E+07,  4.85873E+07,  5.06960E+07,  5.27331E+07,  5.46940E+07,  5.65746E+07,  5.83722E+07,  6.00846E+07,  6.17103E+07,  6.32486E+07,  6.46994E+07,  6.60632E+07,  6.73408E+07,  6.85336E+07,  6.96431E+07,  7.06714E+07,  7.16207E+07,  7.24933E+07,  7.32918E+07,  7.40188E+07,  7.46771E+07,  7.52696E+07,  7.57990E+07,  7.62683E+07,  7.66802E+07,  7.70376E+07,  7.73433E+07,  7.75999E+07,  7.78102E+07,  7.79766E+07,  7.81017E+07,  7.81880E+07,  7.82378E+07,  7.82532E+07,  7.82365E+07,  7.81898E+07,  7.81149E+07,  7.80139E+07,  7.78885E+07
  1.00000E+00,  1.00000E+00,  1.00003E+00,  1.00026E+00,  1.00117E+00,  1.00363E+00,  1.00898E+00,  1.01941E+00,  1.03919E+00,  1.07728E+00,  1.15315E+00,  1.30983E+00,  1.64379E+00,  2.37334E+00,  3.99374E+00,  7.62287E+00,  1.57527E+01,  3.38317E+01,  7.34729E+01,  1.58681E+02,  3.37378E+02,  7.01657E+02,  1.42148E+03,  2.79768E+03,  5.34033E+03,  9.87794E+03,  1.76997E+04,  3.07285E+04,  5.17157E+04,  8.44415E+04,  1.33898E+05,  2.06430E+05,  3.09802E+05,  4.53176E+05,  6.46977E+05,  9.02649E+05,  1.23231E+06,  1.64831E+06,  2.16276E+06,  2.78702E+06,  3.53120E+06,  4.40372E+06,  5.41096E+06,  6.55698E+06,  7.84334E+06,  9.26905E+06,  1.08306E+07,  1.25223E+07,  1.43360E+07,  1.62620E+07,  1.82888E+07,  2.04038E+07,  2.25936E+07,  2.48441E+07,  2.71410E+07,  2.94701E+07,  3.18175E+07,  3.41698E+07,  3.65144E+07,  3.88392E+07,  4.11334E+07,  4.33871E+07,  4.55914E+07,  4.77383E+07,  4.98212E+07,  5.18342E+07,  5.37725E+07,  5.56324E+07,  5.74108E+07,  5.91055E+07,  6.07151E+07,  6.22388E+07,  6.36765E+07,  6.50286E+07,  6.62958E+07,  6.74794E+07,  6.85810E+07,  6.96025E+07,  7.05460E+07,  7.14139E+07,  7.22086E+07,  7.29327E+07,  7.35890E+07,  7.41802E+07,  7.47091E+07,  7.51785E+07,  7.55911E+07,  7.59498E+07,  7.62573E+07,  7.65163E+07,  7.67293E+07,  7.68989E+07,  7.70276E+07,  7.71178E+07,  7.71717E+07,  7.71916E+07,  7.71797E+07,  7.71379E+07,  7.70682E+07,  7.69725E+07,  7.68526E+07
  1.00000E+00,  1.00000E+00,  1.00003E+00,  1.00025E+00,  1.00115E+00,  1.00358E+00,  1.00886E+00,  1.01917E+00,  1.03868E+00,  1.07620E+00,  1.15079E+00,  1.30451E+00,  1.63148E+00,  2.34433E+00,  3.92469E+00,  7.45808E+00,  1.53615E+01,  3.29140E+01,  7.13592E+01,  1.53926E+02,  3.26971E+02,  6.79572E+02,  1.37614E+03,  2.70774E+03,  5.16813E+03,  9.55968E+03,  1.71318E+04,  2.97495E+04,  5.00836E+04,  8.18071E+04,  1.29776E+05,  2.00168E+05,  3.00552E+05,  4.39873E+05,  6.28318E+05,  8.77092E+05,  1.19807E+06,  1.60339E+06,  2.10496E+06,  2.71399E+06,  3.44048E+06,  4.29281E+06,  5.27736E+06,  6.39824E+06,  7.65712E+06,  9.05320E+06,  1.05832E+07,  1.22415E+07,  1.40205E+07,  1.59105E+07,  1.79006E+07,  1.99782E+07,  2.21304E+07,  2.43432E+07,  2.66027E+07,  2.88949E+07,  3.12062E+07,  3.35232E+07,  3.58336E+07,  3.81255E+07,  4.03882E+07,  4.26117E+07,  4.47873E+07,  4.69072E+07,  4.89646E+07,  5.09538E+07,  5.28700E+07,  5.47093E+07,  5.64687E+07,  5.81460E+07,  5.97397E+07,  6.12490E+07,  6.26737E+07,  6.40141E+07,  6.52709E+07,  6.64454E+07,  6.75391E+07,  6.85538E+07,  6.94916E+07,  7.03547E+07,  7.11456E+07,  7.18669E+07,  7.25210E+07,  7.31109E+07,  7.36392E+07,  7.41086E+07,  7.45219E+07,  7.48818E+07,  7.51911E+07,  7.54522E+07,  7.56679E+07,  7.58406E+07,  7.59727E+07,  7.60666E+07,  7.61246E+07,  7.61489E+07,  7.61416E+07,  7.61046E+07,  7.60399E+07,  7.59494E+07,  7.58349E+07
  1.00000E+00,  1.00000E+00,  1.00003E+00,  1.00025E+00,  1.00113E+00,  1.00353E+00,  1.00875E+00,  1.01893E+00,  1.03818E+00,  1.07515E+00,  1.14849E+00,  1.29932E+00,  1.61949E+00,  2.31614E+00,  3.85769E+00,  7.29846E+00,  1.49830E+01,  3.20274E+01,  6.93193E+01,  1.49340E+02,  3.16942E+02,  6.58298E+02,  1.33247E+03,  2.62114E+03,  5.00228E+03,  9.25312E+03,  1.65846E+04,  2.88059E+04,  4.85098E+04,  7.92657E+04,  1.25797E+05,  1.94120E+05,  2.91614E+05,  4.27010E+05,  6.10267E+05,  8.52351E+05,  1.16491E+06,  1.55985E+06,  2.04891E+06,  2.64313E+06,  3.35242E+06,  4.18509E+06,  5.14752E+06,  6.24388E+06,  7.47597E+06,  8.84312E+06,  1.03423E+07,  1.19680E+07,  1.37130E+07,  1.55679E+07,  1.75219E+07,  1.95630E+07,  2.16782E+07,  2.38541E+07,  2.60769E+07,  2.83329E+07,  3.06087E+07,  3.28911E+07,  3.51679E+07,  3.74274E+07,  3.96590E+07,  4.18529E+07,  4.40003E+07,  4.60936E+07,  4.81259E+07,  5.00916E+07,  5.19859E+07,  5.38049E+07,  5.55455E+07,  5.72056E+07,  5.87835E+07,  6.02786E+07,  6.16904E+07,  6.30192E+07,  6.42658E+07,  6.54313E+07,  6.65171E+07,  6.75250E+07,  6.84571E+07,  6.93154E+07,  7.01025E+07,  7.08208E+07,  7.14728E+07,  7.20613E+07,  7.25888E+07,  7.30582E+07,  7.34721E+07,  7.38331E+07,  7.41440E+07,  7.44073E+07,  7.46255E+07,  7.48011E+07,  7.49366E+07,  7.50342E+07,  7.50961E+07,  7.51246E+07,  7.51218E+07,  7.50895E+07,  7.50297E+07,  7.49443E+07,  7.48350E+07
  1.00000E+00,  1.00000E+00,  1.00003E+00,  1.00024E+00,  1.00111E+00,  1.00348E+00,  1.00863E+00,  1.01869E+00,  1.03770E+00,  1.07411E+00,  1.14623E+00,  1.29425E+00,  1.60781E+00,  2.28873E+00,  3.79267E+00,  7.14381E+00,  1.46169E+01,  3.11707E+01,  6.73503E+01,  1.44918E+02,  3.07275E+02,  6.37800E+02,  1.29041E+03,  2.53772E+03,  4.84253E+03,  8.95778E+03,  1.60574E+04,  2.78963E+04,  4.69920E+04,  7.68135E+04,  1.21956E+05,  1.88278E+05,  2.82976E+05,  4.14572E+05,  5.92802E+05,  8.28400E+05,  1.13278E+06,  1.51765E+06,  1.99455E+06,  2.57437E+06,  3.26691E+06,  4.08044E+06,  5.02132E+06,  6.09378E+06,  7.29972E+06,  8.63862E+06,  1.01076E+07,  1.17016E+07,  1.34133E+07,  1.52338E+07,  1.71525E+07,  1.91577E+07,  2.12368E+07,  2.33765E+07,  2.55634E+07,  2.77838E+07,  3.00247E+07,  3.22731E+07,  3.45169E+07,  3.67446E+07,  3.89456E+07,  4.11102E+07,  4.32299E+07,  4.52969E+07,  4.73045E+07,  4.92471E+07,  5.11197E+07,  5.29187E+07,  5.46408E+07,  5.62838E+07,  5.78462E+07,  5.93271E+07,  6.07261E+07,  6.20435E+07,  6.32799E+07,  6.44364E+07,  6.55144E+07,  6.65156E+07,  6.74419E+07,  6.82955E+07,  6.90787E+07,  6.97940E+07,  7.04438E+07,  7.10308E+07,  7.15577E+07,  7.20269E+07,  7.24413E+07,  7.28034E+07,  7.31158E+07,  7.33811E+07,  7.36018E+07,  7.37802E+07,  7.39189E+07,  7.40200E+07,  7.40858E+07,  7.41184E+07,  7.41199E+07,  7.40922E+07,  7.40372E+07,  7.39567E+07,  7.38525E+07
  1.00000E+00,  1.00000E+00,  1.00003E+00,  1.00024E+00,  1.00109E+00,  1.00343E+00,  1.00852E+00,  1.01846E+00,  1.03721E+00,  1.07310E+00,  1.14403E+00,  1.28930E+00,  1.59643E+00,  2.26207E+00,  3.72957E+00,  6.99396E+00,  1.42627E+01,  3.03429E+01,  6.54494E+01,  1.40651E+02,  2.97955E+02,  6.18047E+02,  1.24988E+03,  2.45735E+03,  4.68863E+03,  8.67320E+03,  1.55492E+04,  2.70192E+04,  4.55281E+04,  7.44472E+04,  1.18248E+05,  1.82635E+05,  2.74627E+05,  4.02543E+05,  5.75901E+05,  8.05208E+05,  1.10166E+06,  1.47675E+06,  1.94182E+06,  2.50764E+06,  3.18388E+06,  3.97876E+06,  4.89864E+06,  5.94780E+06,  7.12822E+06,  8.43954E+06,  9.87908E+06,  1.14419E+07,  1.31211E+07,  1.49080E+07,  1.67922E+07,  1.87623E+07,  2.08059E+07,  2.29101E+07,  2.50616E+07,  2.72472E+07,  2.94538E+07,  3.16688E+07,  3.38801E+07,  3.60765E+07,  3.82474E+07,  4.03834E+07,  4.24757E+07,  4.45168E+07,  4.65001E+07,  4.84198E+07,  5.02711E+07,  5.20503E+07,  5.37541E+07,  5.53803E+07,  5.69273E+07,  5.83942E+07,  5.97806E+07,  6.10866E+07,  6.23129E+07,  6.34605E+07,  6.45306E+07,  6.55251E+07,  6.64457E+07,  6.72945E+07,  6.80739E+07,  6.87861E+07,  6.94337E+07,  7.00192E+07,  7.05452E+07,  7.10143E+07,  7.14290E+07,  7.17921E+07,  7.21060E+07,  7.23732E+07,  7.25962E+07,  7.27774E+07,  7.29192E+07,  7.30237E+07,  7.30932E+07,  7.31298E+07,  7.31355E+07,  7.31123E+07,  7.30620E+07,  7.29863E+07,  7.28871E+07
  1.00000E+00,  1.00000E+00,  1.00003E+00,  1.00023E+00,  1.00107E+00,  1.00338E+00,  1.00842E+00,  1.01823E+00,  1.03674E+00,  1.07211E+00,  1.14187E+00,  1.28447E+00,  1.58534E+00,  2.23615E+00,  3.66831E+00,  6.84872E+00,  1.39198E+01,  2.95426E+01,  6.36139E+01,  1.36535E+02,  2.88969E+02,  5.99008E+02,  1.21083E+03,  2.37992E+03,  4.54033E+03,  8.39893E+03,  1.50593E+04,  2.61735E+04,  4.41158E+04,  7.21634E+04,  1.14666E+05,  1.77183E+05,  2.66556E+05,  3.90908E+05,  5.59544E+05,  7.82750E+05,  1.07150E+06,  1.43709E+06,  1.89068E+06,  2.44287E+06,  3.10325E+06,  3.87997E+06,  4.77938E+06,  5.80580E+06,  6.96133E+06,  8.24572E+06,  9.65649E+06,  1.11889E+07,  1.28363E+07,  1.45902E+07,  1.64406E+07,  1.83763E+07,  2.03852E+07,  2.24546E+07,  2.45715E+07,  2.67228E+07,  2.88958E+07,  3.10779E+07,  3.32574E+07,  3.54229E+07,  3.75642E+07,  3.96719E+07,  4.17373E+07,  4.37529E+07,  4.57122E+07,  4.76093E+07,  4.94397E+07,  5.11992E+07,  5.28850E+07,  5.44945E+07,  5.60263E+07,  5.74794E+07,  5.88532E+07,  6.01480E+07,  6.13643E+07,  6.25029E+07,  6.35654E+07,  6.45531E+07,  6.54680E+07,  6.63121E+07,  6.70875E+07,  6.77967E+07,  6.84420E+07,  6.90260E+07,  6.95511E+07,  7.00199E+07,  7.04350E+07,  7.07989E+07,  7.11141E+07,  7.13832E+07,  7.16084E+07,  7.17923E+07,  7.19370E+07,  7.20449E+07,  7.21180E+07,  7.21585E+07,  7.21683E+07,  7.21494E+07,  7.21036E+07,  7.20327E+07,  7.19383E+07
  1.00000E+00,  1.00000E+00,  1.00003E+00,  1.00023E+00,  1.00106E+00,  1.00333E+00,  1.00831E+00,  1.01801E+00,  1.03628E+00,  1.07113E+00,  1.13976E+00,  1.27975E+00,  1.57453E+00,  2.21094E+00,  3.60883E+00,  6.70793E+00,  1.35880E+01,  2.87690E+01,  6.18411E+01,  1.32563E+02,  2.80302E+02,  5.80653E+02,  1.17319E+03,  2.30530E+03,  4.39740E+03,  8.13458E+03,  1.45869E+04,  2.53578E+04,  4.27532E+04,  6.99589E+04,  1.11208E+05,  1.71915E+05,  2.58753E+05,  3.79653E+05,  5.43712E+05,  7.61000E+05,  1.04228E+06,  1.39863E+06,  1.84106E+06,  2.38000E+06,  3.02494E+06,  3.78397E+06,  4.66343E+06,  5.66768E+06,  6.79890E+06,  8.05701E+06,  9.43966E+06,  1.09424E+07,  1.25587E+07,  1.42803E+07,  1.60976E+07,  1.79996E+07,  1.99744E+07,  2.20097E+07,  2.40926E+07,  2.62103E+07,  2.83502E+07,  3.05001E+07,  3.26481E+07,  3.47834E+07,  3.68956E+07,  3.89754E+07,  4.10143E+07,  4.30048E+07,  4.49404E+07,  4.68153E+07,  4.86249E+07,  5.03651E+07,  5.20330E+07,  5.36262E+07,  5.51429E+07,  5.65822E+07,  5.79437E+07,  5.92273E+07,  6.04336E+07,  6.15635E+07,  6.26182E+07,  6.35992E+07,  6.45084E+07,  6.53477E+07,  6.61192E+07,  6.68253E+07,  6.74683E+07,  6.80507E+07,  6.85748E+07,  6.90433E+07,  6.94587E+07,  6.98234E+07,  7.01399E+07,  7.04107E+07,  7.06381E+07,  7.08245E+07,  7.09721E+07,  7.10832E+07,  7.11598E+07,  7.12041E+07,  7.12179E+07,  7.12032E+07,  7.11619E+07,  7.10955E+07,  7.10059E+07
  1.00000E+00,  1.00000E+00,  1.00003E+00,  1.00023E+00,  1.00104E+00,  1.00329E+00,  1.00820E+00,  1.01779E+00,  1.03582E+00,  1.07018E+00,  1.13769E+00,  1.27514E+00,  1.56400E+00,  2.18641E+00,  3.55106E+00,  6.57143E+00,  1.32667E+01,  2.80209E+01,  6.01287E+01,  1.28729E+02,  2.71942E+02,  5.62956E+02,  1.13691E+03,  2.23337E+03,  4.25964E+03,  7.87972E+03,  1.41315E+04,  2.45711E+04,  4.14383E+04,  6.78306E+04,  1.07868E+05,  1.66824E+05,  2.51208E+05,  3.68764E+05,  5.28386E+05,  7.39933E+05,  1.01396E+06,  1.36134E+06,  1.79291E+06,  2.31896E+06,  2.94887E+06,  3.69067E+06,  4.55068E+06,  5.53331E+06,  6.64082E+06,  7.87324E+06,  9.22842E+06,  1.07021E+07,  1.22879E+07,  1.39780E+07,  1.57629E+07,  1.76318E+07,  1.95733E+07,  2.15750E+07,  2.36246E+07,  2.57093E+07,  2.78168E+07,  2.99349E+07,  3.20522E+07,  3.41576E+07,  3.62412E+07,  3.82935E+07,  4.03063E+07,  4.22721E+07,  4.41843E+07,  4.60374E+07,  4.78264E+07,  4.95476E+07,  5.11979E+07,  5.27748E+07,  5.42766E+07,  5.57024E+07,  5.70515E+07,  5.83241E+07,  5.95205E+07,  6.06416E+07,  6.16886E+07,  6.26630E+07,  6.35665E+07,  6.44010E+07,  6.51686E+07,  6.58716E+07,  6.65122E+07,  6.70929E+07,  6.76161E+07,  6.80842E+07,  6.84997E+07,  6.88651E+07,  6.91829E+07,  6.94553E+07,  6.96848E+07,  6.98736E+07,  7.00240E+07,  7.01382E+07,  7.02183E+07,  7.02662E+07,  7.02839E+07,  7.02733E+07,  7.02363E+07,  7.01744E+07,  7.00894E+07
  1.00000E+00,  1.00000E+00,  1.00003E+00,  1.00022E+00,  1.00102E+00,  1.00324E+00,  1.00810E+00,  1.01757E+00,  1.03538E+00,  1.06924E+00,  1.13566E+00,  1.27064E+00,  1.55373E+00,  2.16254E+00,  3.49496E+00,  6.43906E+00,  1.29555E+01,  2.72974E+01,  5.84742E+01,  1.25028E+02,  2.63876E+02,  5.45889E+02,  1.10193E+03,  2.16403E+03,  4.12683E+03,  7.63399E+03,  1.36922E+04,  2.38120E+04,  4.01692E+04,  6.57756E+04,  1.04641E+05,  1.61903E+05,  2.43911E+05,  3.58227E+05,  5.13548E+05,  7.19525E+05,  9.86505E+05,  1.32518E+06,  1.74619E+06,  2.25970E+06,  2.87498E+06,  3.59998E+06,  4.44104E+06,  5.40258E+06,  6.48694E+06,  7.69428E+06,  9.02261E+06,  1.04678E+07,  1.20239E+07,  1.36831E+07,  1.54362E+07,  1.72728E+07,  1.91815E+07,  2.11504E+07,  2.31672E+07,  2.52196E+07,  2.72952E+07,  2.93821E+07,  3.14691E+07,  3.35452E+07,  3.56006E+07,  3.76259E+07,  3.96130E+07,  4.15544E+07,  4.34436E+07,  4.52750E+07,  4.70439E+07,  4.87463E+07,  5.03791E+07,  5.19399E+07,  5.34270E+07,  5.48393E+07,  5.61763E+07,  5.74379E+07,  5.86245E+07,  5.97369E+07,  6.07763E+07,  6.17441E+07,  6.26419E+07,  6.34716E+07,  6.42353E+07,  6.49351E+07,  6.55734E+07,  6.61523E+07,  6.66745E+07,  6.71421E+07,  6.75578E+07,  6.79238E+07,  6.82427E+07,  6.85167E+07,  6.87481E+07,  6.89393E+07,  6.90924E+07,  6.92096E+07,  6.92930E+07,  6.93444E+07,  6.93660E+07,  6.93594E+07,  6.93265E+07,  6.92690E+07,  6.91885E+07
  1.00000E+00,  1.00000E+00,  1.00003E+00,  1.00022E+00,  1.00101E+00,  1.00320E+00,  1.00800E+00,  1.01736E+00,  1.03494E+00,  1.06832E+00,  1.13368E+00,  1.26625E+00,  1.54372E+00,  2.13931E+00,  3.44045E+00,  6.31067E+00,  1.26542E+01,  2.65976E+01,  5.68754E+01,  1.21454E+02,  2.56092E+02,  5.29427E+02,  1.06820E+03,  2.09717E+03,  3.99877E+03,  7.39702E+03,  1.32685E+04,  2.30796E+04,  3.89442E+04,  6.37911E+04,  1.01523E+05,  1.57146E+05,  2.36854E+05,  3.48031E+05,  4.99180E+05,  6.99753E+05,  9.59894E+05,  1.29010E+06,  1.70085E+06,  2.20216E+06,  2.80319E+06,  3.51183E+06,  4.33441E+06,  5.27537E+06,  6.33713E+06,  7.51998E+06,  8.82207E+06,  1.02395E+07,  1.17665E+07,  1.33954E+07,  1.51174E+07,  1.69223E+07,  1.87989E+07,  2.07356E+07,  2.27203E+07,  2.47408E+07,  2.67851E+07,  2.88414E+07,  3.08986E+07,  3.29459E+07,  3.49735E+07,  3.69723E+07,  3.89340E+07,  4.08514E+07,  4.27179E+07,  4.45280E+07,  4.62769E+07,  4.79607E+07,  4.95763E+07,  5.11213E+07,  5.25938E+07,  5.39928E+07,  5.53177E+07,  5.65685E+07,  5.77453E+07,  5.88491E+07,  5.98809E+07,  6.08421E+07,  6.17342E+07,  6.25591E+07,  6.33189E+07,  6.40155E+07,  6.46513E+07,  6.52286E+07,  6.57496E+07,  6.62168E+07,  6.66325E+07,  6.69991E+07,  6.73190E+07,  6.75945E+07,  6.78278E+07,  6.80213E+07,  6.81770E+07,  6.82971E+07,  6.83836E+07,  6.84385E+07,  6.84637E+07,  6.84611E+07,  6.84323E+07,  6.83791E+07,  6.83030E+07
  1.00000E+00,  1.00000E+00,  1.00002E+00,  1.00021E+00,  1.00099E+00,  1.00315E+00,  1.00790E+00,  1.01715E+00,  1.03451E+00,  1.06742E+00,  1.13174E+00,  1.26195E+00,  1.53395E+00,  2.11670E+00,  3.38749E+00,  6.18613E+00,  1.23623E+01,  2.59204E+01,  5.53301E+01,  1.18003E+02,  2.48580E+02,  5.13545E+02,  1.03566E+03,  2.03269E+03,  3.87527E+03,  7.16845E+03,  1.28597E+04,  2.23728E+04,  3.77616E+04,  6.18744E+04,  9.85100E+04,  1.52548E+05,  2.30027E+05,  3.38162E+05,  4.85267E+05,  6.80596E+05,  9.34094E+05,  1.25608E+06,  1.65684E+06,  2.14628E+06,  2.73343E+06,  3.42614E+06,  4.23070E+06,  5.15158E+06,  6.19128E+06,  7.35020E+06,  8.62665E+06,  1.00169E+07,  1.15154E+07,  1.31147E+07,  1.48062E+07,  1.65800E+07,  1.84252E+07,  2.03303E+07,  2.22834E+07,  2.42727E+07,  2.62863E+07,  2.83125E+07,  3.03403E+07,  3.23593E+07,  3.43596E+07,  3.63322E+07,  3.82690E+07,  4.01627E+07,  4.20069E+07,  4.37959E+07,  4.55251E+07,  4.71906E+07,  4.87892E+07,  5.03184E+07,  5.17766E+07,  5.31624E+07,  5.44754E+07,  5.57153E+07,  5.68825E+07,  5.79777E+07,  5.90020E+07,  5.99566E+07,  6.08430E+07,  6.16632E+07,  6.24190E+07,  6.31125E+07,  6.37458E+07,  6.43213E+07,  6.48411E+07,  6.53077E+07,  6.57234E+07,  6.60905E+07,  6.64114E+07,  6.66883E+07,  6.69234E+07,  6.71190E+07,  6.72773E+07,  6.74002E+07,  6.74898E+07,  6.75481E+07,  6.75769E+07,  6.75780E+07,  6.75532E+07,  6.75041E+07,  6.74324E+07
  1.00000E+00,  1.00000E+00,  1.00002E+00,  1.00021E+00,  1.00098E+00,  1.00311E+00,  1.00780E+00,  1.01694E+00,  1.03408E+00,  1.06653E+00,  1.12985E+00,  1.25775E+00,  1.52443E+00,  2.09469E+00,  3.33602E+00,  6.06529E+00,  1.20795E+01,  2.52652E+01,  5.38362E+01,  1.14669E+02,  2.41329E+02,  4.98221E+02,  1.00428E+03,  1.97051E+03,  3.75614E+03,  6.94796E+03,  1.24653E+04,  2.16905E+04,  3.66197E+04,  6.00229E+04,  9.55984E+04,  1.48101E+05,  2.23423E+05,  3.28610E+05,  4.71792E+05,  6.62031E+05,  9.09079E+05,  1.22307E+06,  1.61413E+06,  2.09201E+06,  2.66565E+06,  3.34283E+06,  4.12981E+06,  5.03111E+06,  6.04927E+06,  7.18482E+06,  8.43620E+06,  9.79987E+06,  1.12704E+07,  1.28408E+07,  1.45025E+07,  1.62458E+07,  1.80601E+07,  1.99342E+07,  2.18564E+07,  2.38150E+07,  2.57984E+07,  2.77950E+07,  2.97940E+07,  3.17851E+07,  3.37585E+07,  3.57054E+07,  3.76176E+07,  3.94880E+07,  4.13101E+07,  4.30784E+07,  4.47882E+07,  4.64355E+07,  4.80173E+07,  4.95310E+07,  5.09749E+07,  5.23477E+07,  5.36489E+07,  5.48781E+07,  5.60358E+07,  5.71225E+07,  5.81392E+07,  5.90872E+07,  5.99681E+07,  6.07834E+07,  6.15353E+07,  6.22255E+07,  6.28564E+07,  6.34300E+07,  6.39487E+07,  6.44147E+07,  6.48303E+07,  6.51978E+07,  6.55196E+07,  6.57978E+07,  6.60347E+07,  6.62324E+07,  6.63930E+07,  6.65186E+07,  6.66113E+07,  6.66728E+07,  6.67051E+07,  6.67099E+07,  6.66890E+07,  6.66440E+07,  6.65764E+07
  1.00000E+00,  1.00000E+00,  1.00002E+00,  1.00021E+00,  1.00096E+00,  1.00307E+00,  1.00770E+00,  1.01674E+00,  1.03366E+00,  1.06566E+00,  1.12799E+00,  1.25364E+00,  1.51514E+00,  2.07326E+00,  3.28600E+00,  5.94802E+00,  1.18055E+01,  2.46310E+01,  5.23919E+01,  1.11448E+02,  2.34327E+02,  4.83433E+02,  9.74002E+02,  1.91051E+03,  3.64123E+03,  6.73522E+03,  1.20847E+04,  2.10320E+04,  3.55170E+04,  5.82342E+04,  9.27841E+04,  1.43801E+05,  2.17033E+05,  3.19363E+05,  4.58740E+05,  6.44038E+05,  8.84822E+05,  1.19104E+06,  1.57266E+06,  2.03929E+06,  2.59977E+06,  3.26182E+06,  4.03167E+06,  4.91385E+06,  5.91099E+06,  7.02370E+06,  8.25058E+06,  9.58825E+06,  1.10315E+07,  1.25735E+07,  1.42060E+07,  1.59194E+07,  1.77035E+07,  1.95472E+07,  2.14390E+07,  2.33675E+07,  2.53211E+07,  2.72887E+07,  2.92594E+07,  3.12230E+07,  3.31700E+07,  3.50915E+07,  3.69795E+07,  3.88269E+07,  4.06272E+07,  4.23751E+07,  4.40657E+07,  4.56951E+07,  4.72603E+07,  4.87587E+07,  5.01885E+07,  5.15485E+07,  5.28379E+07,  5.40565E+07,  5.52047E+07,  5.62829E+07,  5.72922E+07,  5.82337E+07,  5.91089E+07,  5.99195E+07,  6.06673E+07,  6.13544E+07,  6.19827E+07,  6.25545E+07,  6.30719E+07,  6.35372E+07,  6.39527E+07,  6.43206E+07,  6.46432E+07,  6.49227E+07,  6.51612E+07,  6.53609E+07,  6.55239E+07,  6.56521E+07,  6.57477E+07,  6.58124E+07,  6.58481E+07,  6.58565E+07,  6.58394E+07,  6.57983E+07,  6.57349E+07
  1.00000E+00,  1.00000E+00,  1.00002E+00,  1.00020E+00,  1.00095E+00,  1.00303E+00,  1.00761E+00,  1.01654E+00,  1.03326E+00,  1.06481E+00,  1.12616E+00,  1.24963E+00,  1.50607E+00,  2.05238E+00,  3.23736E+00,  5.83421E+00,  1.15398E+01,  2.40171E+01,  5.09951E+01,  1.08336E+02,  2.27566E+02,  4.69158E+02,  9.44783E+02,  1.85263E+03,  3.53035E+03,  6.52994E+03,  1.17173E+04,  2.03962E+04,  3.44520E+04,  5.65058E+04,  9.00636E+04,  1.39642E+05,  2.10850E+05,  3.10409E+05,  4.46095E+05,  6.26598E+05,  8.61296E+05,  1.15996E+06,  1.53240E+06,  1.98808E+06,  2.53575E+06,  3.18304E+06,  3.93618E+06,  4.79971E+06,  5.77632E+06,  6.86672E+06,  8.06965E+06,  9.38189E+06,  1.07984E+07,  1.23127E+07,  1.39165E+07,  1.56007E+07,  1.73551E+07,  1.91689E+07,  2.10309E+07,  2.29298E+07,  2.48543E+07,  2.67933E+07,  2.87361E+07,  3.06728E+07,  3.25937E+07,  3.44902E+07,  3.63544E+07,  3.81791E+07,  3.99580E+07,  4.16856E+07,  4.33573E+07,  4.49692E+07,  4.65179E+07,  4.80012E+07,  4.94170E+07,  5.07642E+07,  5.20420E+07,  5.32502E+07,  5.43889E+07,  5.54587E+07,  5.64606E+07,  5.73956E+07,  5.82652E+07,  5.90710E+07,  5.98149E+07,  6.04987E+07,  6.11245E+07,  6.16943E+07,  6.22105E+07,  6.26751E+07,  6.30904E+07,  6.34586E+07,  6.37819E+07,  6.40626E+07,  6.43026E+07,  6.45043E+07,  6.46695E+07,  6.48003E+07,  6.48987E+07,  6.49665E+07,  6.50054E+07,  6.50174E+07,  6.50040E+07,  6.49668E+07,  6.49073E+07
  1.00000E+00,  1.00000E+00,  1.00002E+00,  1.00020E+00,  1.00093E+00,  1.00298E+00,  1.00751E+00,  1.01634E+00,  1.03285E+00,  1.06398E+00,  1.12438E+00,  1.24571E+00,  1.49723E+00,  2.03206E+00,  3.19008E+00,  5.72372E+00,  1.12824E+01,  2.34227E+01,  4.96441E+01,  1.05329E+02,  2.21036E+02,  4.55377E+02,  9.16583E+02,  1.79677E+03,  3.42334E+03,  6.33181E+03,  1.13626E+04,  1.97822E+04,  3.34232E+04,  5.48356E+04,  8.74334E+04,  1.35619E+05,  2.04866E+05,  3.01739E+05,  4.33845E+05,  6.09692E+05,  8.38478E+05,  1.12980E+06,  1.49330E+06,  1.93833E+06,  2.47351E+06,  3.10643E+06,  3.84327E+06,  4.68860E+06,  5.64516E+06,  6.71376E+06,  7.89327E+06,  9.18064E+06,  1.05711E+07,  1.20581E+07,  1.36338E+07,  1.52893E+07,  1.70146E+07,  1.87992E+07,  2.06320E+07,  2.25018E+07,  2.43976E+07,  2.63085E+07,  2.82240E+07,  3.01340E+07,  3.20293E+07,  3.39013E+07,  3.57419E+07,  3.75443E+07,  3.93021E+07,  4.10098E+07,  4.26628E+07,  4.42572E+07,  4.57898E+07,  4.72580E+07,  4.86601E+07,  4.99946E+07,  5.12610E+07,  5.24587E+07,  5.35881E+07,  5.46496E+07,  5.56441E+07,  5.65726E+07,  5.74366E+07,  5.82377E+07,  5.89776E+07,  5.96581E+07,  6.02813E+07,  6.08493E+07,  6.13641E+07,  6.18279E+07,  6.22430E+07,  6.26114E+07,  6.29354E+07,  6.32172E+07,  6.34588E+07,  6.36622E+07,  6.38296E+07,  6.39629E+07,  6.40640E+07,  6.41348E+07,  6.41770E+07,  6.41923E+07,  6.41825E+07,  6.41491E+07,  6.40935E+07
  1.00000E+00,  1.00000E+00,  1.00002E+00,  1.00019E+00,  1.00092E+00,  1.00294E+00,  1.00742E+00,  1.01614E+00,  1.03246E+00,  1.06316E+00,  1.12263E+00,  1.24187E+00,  1.48860E+00,  2.01225E+00,  3.14410E+00,  5.61644E+00,  1.10327E+01,  2.28471E+01,  4.83372E+01,  1.02422E+02,  2.14729E+02,  4.42071E+02,  8.89361E+02,  1.74285E+03,  3.32007E+03,  6.14056E+03,  1.10202E+04,  1.91892E+04,  3.24293E+04,  5.32213E+04,  8.48901E+04,  1.31727E+05,  1.99073E+05,  2.93343E+05,  4.21975E+05,  5.93302E+05,  8.16344E+05,  1.10053E+06,  1.45534E+06,  1.88999E+06,  2.41301E+06,  3.03191E+06,  3.75286E+06,  4.58042E+06,  5.51740E+06,  6.56471E+06,  7.72132E+06,  8.98436E+06,  1.03492E+07,  1.18096E+07,  1.33578E+07,  1.49852E+07,  1.66820E+07,  1.84378E+07,  2.02418E+07,  2.20832E+07,  2.39508E+07,  2.58341E+07,  2.77226E+07,  2.96065E+07,  3.14766E+07,  3.33243E+07,  3.51418E+07,  3.69222E+07,  3.86591E+07,  4.03472E+07,  4.19818E+07,  4.35590E+07,  4.50755E+07,  4.65290E+07,  4.79174E+07,  4.92395E+07,  5.04944E+07,  5.16819E+07,  5.28020E+07,  5.38552E+07,  5.48423E+07,  5.57644E+07,  5.66229E+07,  5.74192E+07,  5.81550E+07,  5.88323E+07,  5.94529E+07,  6.00189E+07,  6.05324E+07,  6.09954E+07,  6.14102E+07,  6.17788E+07,  6.21034E+07,  6.23862E+07,  6.26292E+07,  6.28344E+07,  6.30039E+07,  6.31396E+07,  6.32434E+07,  6.33170E+07,  6.33623E+07,  6.33810E+07,  6.33747E+07,  6.33449E+07,  6.32932E+07
  1.00000E+00,  1.00000E+00,  1.00002E+00,  1.00019E+00,  1.00090E+00,  1.00290E+00,  1.00733E+00,  1.01595E+00,  1.03207E+00,  1.06235E+00,  1.12092E+00,  1.23812E+00,  1.48017E+00,  1.99296E+00,  3.09937E+00,  5.51227E+00,  1.07906E+01,  2.22896E+01,  4.70726E+01,  9.96111E+01,  2.08634E+02,  4.29220E+02,  8.63080E+02,  1.69081E+03,  3.22038E+03,  5.95593E+03,  1.06896E+04,  1.86165E+04,  3.14689E+04,  5.16609E+04,  8.24306E+04,  1.27962E+05,  1.93466E+05,  2.85211E+05,  4.10472E+05,  5.77410E+05,  7.94871E+05,  1.07211E+06,  1.41847E+06,  1.84302E+06,  2.35420E+06,  2.95943E+06,  3.66487E+06,  4.47509E+06,  5.39295E+06,  6.41944E+06,  7.55367E+06,  8.79291E+06,  1.01327E+07,  1.15670E+07,  1.30883E+07,  1.46881E+07,  1.63569E+07,  1.80845E+07,  1.98604E+07,  2.16737E+07,  2.35137E+07,  2.53698E+07,  2.72318E+07,  2.90900E+07,  3.09352E+07,  3.27591E+07,  3.45538E+07,  3.63125E+07,  3.80289E+07,  3.96976E+07,  4.13139E+07,  4.28741E+07,  4.43749E+07,  4.58137E+07,  4.71886E+07,  4.84983E+07,  4.97420E+07,  5.09192E+07,  5.20301E+07,  5.30751E+07,  5.40550E+07,  5.49707E+07,  5.58236E+07,  5.66151E+07,  5.73470E+07,  5.80210E+07,  5.86390E+07,  5.92030E+07,  5.97150E+07,  6.01772E+07,  6.05916E+07,  6.09604E+07,  6.12856E+07,  6.15693E+07,  6.18137E+07,  6.20206E+07,  6.21921E+07,  6.23301E+07,  6.24364E+07,  6.25129E+07,  6.25612E+07,  6.25831E+07,  6.25802E+07,  6.25541E+07,  6.25061E+07
  1.00000E+00,  1.00000E+00,  1.00002E+00,  1.00019E+00,  1.00089E+00,  1.00287E+00,  1.00724E+00,  1.01577E+00,  1.03168E+00,  1.06156E+00,  1.11924E+00,  1.23445E+00,  1.47194E+00,  1.97415E+00,  3.05586E+00,  5.41109E+00,  1.05558E+01,  2.17495E+01,  4.58489E+01,  9.68934E+01,  2.02745E+02,  4.16808E+02,  8.37702E+02,  1.64056E+03,  3.12413E+03,  5.77765E+03,  1.03703E+04,  1.80632E+04,  3.05408E+04,  5.01524E+04,  8.00517E+04,  1.24318E+05,  1.88038E+05,  2.77334E+05,  3.99323E+05,  5.62000E+05,  7.74037E+05,  1.04453E+06,  1.38266E+06,  1.79738E+06,  2.29701E+06,  2.88892E+06,  3.57923E+06,  4.37253E+06,  5.27171E+06,  6.27786E+06,  7.39020E+06,  8.60615E+06,  9.92141E+06,  1.13301E+07,  1.28251E+07,  1.43978E+07,  1.60392E+07,  1.77391E+07,  1.94873E+07,  2.12731E+07,  2.30859E+07,  2.49153E+07,  2.67513E+07,  2.85842E+07,  3.04050E+07,  3.22053E+07,  3.39776E+07,  3.57149E+07,  3.74110E+07,  3.90606E+07,  4.06590E+07,  4.22024E+07,  4.36875E+07,  4.51118E+07,  4.64734E+07,  4.77709E+07,  4.90034E+07,  5.01705E+07,  5.12723E+07,  5.23092E+07,  5.32818E+07,  5.41911E+07,  5.50385E+07,  5.58253E+07,  5.65532E+07,  5.72238E+07,  5.78392E+07,  5.84012E+07,  5.89118E+07,  5.93731E+07,  5.97871E+07,  6.01559E+07,  6.04816E+07,  6.07663E+07,  6.10119E+07,  6.12205E+07,  6.13939E+07,  6.15341E+07,  6.16429E+07,  6.17221E+07,  6.17734E+07,  6.17985E+07,  6.17989E+07,  6.17762E+07,  6.17319E+07
  1.00000E+00,  1.00000E+00,  1.00002E+00,  1.00018E+00,  1.00087E+00,  1.00283E+00,  1.00715E+00,  1.01558E+00,  1.03131E+00,  1.06078E+00,  1.11759E+00,  1.23086E+00,  1.46391E+00,  1.95583E+00,  3.01353E+00,  5.31280E+00,  1.03281E+01,  2.12263E+01,  4.46644E+01,  9.42652E+01,  1.97053E+02,  4.04817E+02,  8.13193E+02,  1.59204E+03,  3.03118E+03,  5.60549E+03,  1.00619E+04,  1.75287E+04,  2.96438E+04,  4.86938E+04,  7.77506E+04,  1.20791E+05,  1.82781E+05,  2.69702E+05,  3.88517E+05,  5.47054E+05,  7.53821E+05,  1.01775E+06,  1.34787E+06,  1.75301E+06,  2.24139E+06,  2.82032E+06,  3.49587E+06,  4.27265E+06,  5.15359E+06,  6.13985E+06,  7.23079E+06,  8.42395E+06,  9.71521E+06,  1.10989E+07,  1.25680E+07,  1.41143E+07,  1.57287E+07,  1.74015E+07,  1.91224E+07,  2.08812E+07,  2.26673E+07,  2.44704E+07,  2.62808E+07,  2.80888E+07,  2.98855E+07,  3.16628E+07,  3.34129E+07,  3.51291E+07,  3.68052E+07,  3.84359E+07,  4.00166E+07,  4.15435E+07,  4.30131E+07,  4.44232E+07,  4.57716E+07,  4.70569E+07,  4.82784E+07,  4.94355E+07,  5.05282E+07,  5.15570E+07,  5.25224E+07,  5.34254E+07,  5.42672E+07,  5.50493E+07,  5.57732E+07,  5.64406E+07,  5.70533E+07,  5.76132E+07,  5.81223E+07,  5.85826E+07,  5.89962E+07,  5.93651E+07,  5.96912E+07,  5.99767E+07,  6.02236E+07,  6.04337E+07,  6.06090E+07,  6.07513E+07,  6.08626E+07,  6.09444E+07,  6.09986E+07,  6.10267E+07,  6.10304E+07,  6.10111E+07,  6.09703E+07
  1.00000E+00,  1.00000E+00,  1.00002E+00,  1.00018E+00,  1.00086E+00,  1.00279E+00,  1.00706E+00,  1.01540E+00,  1.03094E+00,  1.06002E+00,  1.11598E+00,  1.22735E+00,  1.45607E+00,  1.93797E+00,  2.97234E+00,  5.21730E+00,  1.01071E+01,  2.07192E+01,  4.35178E+01,  9.17230E+01,  1.91550E+02,  3.93231E+02,  7.89518E+02,  1.54518E+03,  2.94142E+03,  5.43920E+03,  9.76392E+03,  1.70121E+04,  2.87768E+04,  4.72833E+04,  7.55244E+04,  1.17378E+05,  1.77691E+05,  2.62308E+05,  3.78041E+05,  5.32558E+05,  7.34202E+05,  9.91744E+05,  1.31408E+06,  1.70989E+06,  2.18731E+06,  2.75357E+06,  3.41473E+06,  4.17537E+06,  5.03849E+06,  6.00533E+06,  7.07533E+06,  8.24619E+06,  9.51396E+06,  1.08731E+07,  1.23168E+07,  1.38371E+07,  1.54252E+07,  1.70713E+07,  1.87656E+07,  2.04978E+07,  2.22576E+07,  2.40350E+07,  2.58201E+07,  2.76036E+07,  2.93767E+07,  3.11311E+07,  3.28595E+07,  3.45548E+07,  3.62113E+07,  3.78234E+07,  3.93866E+07,  4.08970E+07,  4.23515E+07,  4.37474E+07,  4.50827E+07,  4.63561E+07,  4.75666E+07,  4.87138E+07,  4.97975E+07,  5.08182E+07,  5.17765E+07,  5.26732E+07,  5.35096E+07,  5.42869E+07,  5.50068E+07,  5.56708E+07,  5.62809E+07,  5.68387E+07,  5.73463E+07,  5.78057E+07,  5.82188E+07,  5.85876E+07,  5.89142E+07,  5.92005E+07,  5.94484E+07,  5.96600E+07,  5.98371E+07,  5.99815E+07,  6.00951E+07,  6.01795E+07,  6.02365E+07,  6.02676E+07,  6.02744E+07,  6.02585E+07,  6.02211E+07
  1.00000E+00,  1.00000E+00,  1.00002E+00,  1.00018E+00,  1.00085E+00,  1.00275E+00,  1.00698E+00,  1.01522E+00,  1.03057E+00,  1.05927E+00,  1.11440E+00,  1.22392E+00,  1.44841E+00,  1.92055E+00,  2.93225E+00,  5.12451E+00,  9.89262E+00,  2.02278E+01,  4.24075E+01,  8.92635E+01,  1.86231E+02,  3.82034E+02,  7.66646E+02,  1.49991E+03,  2.85472E+03,  5.27856E+03,  9.47604E+03,  1.65129E+04,  2.79385E+04,  4.59191E+04,  7.33704E+04,  1.14074E+05,  1.72761E+05,  2.55144E+05,  3.67885E+05,  5.18496E+05,  7.15161E+05,  9.66493E+05,  1.28124E+06,  1.66797E+06,  2.13471E+06,  2.68862E+06,  3.33573E+06,  4.08062E+06,  4.92633E+06,  5.87417E+06,  6.92370E+06,  8.07275E+06,  9.31751E+06,  1.06527E+07,  1.20715E+07,  1.35664E+07,  1.51285E+07,  1.67484E+07,  1.84165E+07,  2.01226E+07,  2.18566E+07,  2.36086E+07,  2.53690E+07,  2.71284E+07,  2.88781E+07,  3.06101E+07,  3.23170E+07,  3.39919E+07,  3.56289E+07,  3.72226E+07,  3.87686E+07,  4.02628E+07,  4.17022E+07,  4.30841E+07,  4.44066E+07,  4.56681E+07,  4.68678E+07,  4.80051E+07,  4.90800E+07,  5.00927E+07,  5.10438E+07,  5.19343E+07,  5.27652E+07,  5.35378E+07,  5.42537E+07,  5.49144E+07,  5.55217E+07,  5.60775E+07,  5.65836E+07,  5.70419E+07,  5.74545E+07,  5.78232E+07,  5.81501E+07,  5.84371E+07,  5.86862E+07,  5.88992E+07,  5.90780E+07,  5.92244E+07,  5.93403E+07,  5.94272E+07,  5.94869E+07,  5.95209E+07,  5.95308E+07,  5.95181E+07,  5.94841E+07
  1.00000E+00,  1.00000E+00,  1.00002E+00,  1.00017E+00,  1.00083E+00,  1.00271E+00,  1.00689E+00,  1.01504E+00,  1.03021E+00,  1.05854E+00,  1.11285E+00,  1.22055E+00,  1.44093E+00,  1.90358E+00,  2.89323E+00,  5.03432E+00,  9.68449E+00,  1.97514E+01,  4.13324E+01,  8.68838E+01,  1.81087E+02,  3.71213E+02,  7.44546E+02,  1.45618E+03,  2.77096E+03,  5.12336E+03,  9.19785E+03,  1.60304E+04,  2.71280E+04,  4.45996E+04,  7.12859E+04,  1.10875E+05,  1.67986E+05,  2.48200E+05,  3.58037E+05,  5.04854E+05,  6.96678E+05,  9.41971E+05,  1.24934E+06,  1.62722E+06,  2.08355E+06,  2.62542E+06,  3.25881E+06,  3.98833E+06,  4.81703E+06,  5.74630E+06,  6.77580E+06,  7.90350E+06,  9.12573E+06,  1.04373E+07,  1.18319E+07,  1.33017E+07,  1.48384E+07,  1.64327E+07,  1.80750E+07,  1.97555E+07,  2.14642E+07,  2.31912E+07,  2.49272E+07,  2.66628E+07,  2.83896E+07,  3.00996E+07,  3.17852E+07,  3.34399E+07,  3.50578E+07,  3.66334E+07,  3.81623E+07,  3.96406E+07,  4.10651E+07,  4.24332E+07,  4.37429E+07,  4.49927E+07,  4.61816E+07,  4.73092E+07,  4.83752E+07,  4.93800E+07,  5.03241E+07,  5.12083E+07,  5.20338E+07,  5.28017E+07,  5.35136E+07,  5.41710E+07,  5.47756E+07,  5.53292E+07,  5.58338E+07,  5.62910E+07,  5.67030E+07,  5.70716E+07,  5.73988E+07,  5.76865E+07,  5.79366E+07,  5.81509E+07,  5.83314E+07,  5.84798E+07,  5.85978E+07,  5.86871E+07,  5.87495E+07,  5.87863E+07,  5.87992E+07,  5.87897E+07,  5.87590E+07
  1.00000E+00,  1.00000E+00,  1.00002E+00,  1.00017E+00,  1.00082E+00,  1.00268E+00,  1.00681E+00,  1.01487E+00,  1.02986E+00,  1.05781E+00,  1.11133E+00,  1.21726E+00,  1.43362E+00,  1.88702E+00,  2.85524E+00,  4.94665E+00,  9.48246E+00,  1.92895E+01,  4.02911E+01,  8.45807E+01,  1.76112E+02,  3.60751E+02,  7.23189E+02,  1.41392E+03,  2.69003E+03,  4.97339E+03,  8.92899E+03,  1.55639E+04,  2.63442E+04,  4.33230E+04,  6.92686E+04,  1.07778E+05,  1.63360E+05,  2.41470E+05,  3.48487E+05,  4.91619E+05,  6.78737E+05,  9.18153E+05,  1.21834E+06,  1.58760E+06,  2.03378E+06,  2.56390E+06,  3.18391E+06,  3.89841E+06,  4.71050E+06,  5.62162E+06,  6.63153E+06,  7.73833E+06,  8.93851E+06,  1.02271E+07,  1.15977E+07,  1.30431E+07,  1.45548E+07,  1.61239E+07,  1.77410E+07,  1.93963E+07,  2.10800E+07,  2.27825E+07,  2.44945E+07,  2.62068E+07,  2.79110E+07,  2.95991E+07,  3.12639E+07,  3.28988E+07,  3.44977E+07,  3.60554E+07,  3.75675E+07,  3.90301E+07,  4.04399E+07,  4.17943E+07,  4.30913E+07,  4.43295E+07,  4.55078E+07,  4.66257E+07,  4.76830E+07,  4.86800E+07,  4.96170E+07,  5.04951E+07,  5.13151E+07,  5.20784E+07,  5.27862E+07,  5.34403E+07,  5.40422E+07,  5.45937E+07,  5.50966E+07,  5.55528E+07,  5.59641E+07,  5.63326E+07,  5.66600E+07,  5.69483E+07,  5.71994E+07,  5.74150E+07,  5.75971E+07,  5.77473E+07,  5.78674E+07,  5.79591E+07,  5.80240E+07,  5.80636E+07,  5.80795E+07,  5.80730E+07,  5.80456E+07
  1.00000E+00,  1.00000E+00,  1.00002E+00,  1.00017E+00,  1.00081E+00,  1.00264E+00,  1.00673E+00,  1.01470E+00,  1.02952E+00,  1.05711E+00,  1.10984E+00,  1.21404E+00,  1.42648E+00,  1.87087E+00,  2.81825E+00,  4.86142E+00,  9.28632E+00,  1.88416E+01,  3.92823E+01,  8.23515E+01,  1.71299E+02,  3.50637E+02,  7.02546E+02,  1.37309E+03,  2.61182E+03,  4.82845E+03,  8.66912E+03,  1.51129E+04,  2.55862E+04,  4.20880E+04,  6.73160E+04,  1.04779E+05,  1.58878E+05,  2.34947E+05,  3.39226E+05,  4.78775E+05,  6.61318E+05,  8.95017E+05,  1.18820E+06,  1.54907E+06,  1.98536E+06,  2.50402E+06,  3.11097E+06,  3.81081E+06,  4.60666E+06,  5.50003E+06,  6.49079E+06,  7.57714E+06,  8.75571E+06,  1.00217E+07,  1.13690E+07,  1.27903E+07,  1.42775E+07,  1.58219E+07,  1.74142E+07,  1.90447E+07,  2.07039E+07,  2.23823E+07,  2.40707E+07,  2.57600E+07,  2.74420E+07,  2.91087E+07,  3.07529E+07,  3.23681E+07,  3.39484E+07,  3.54885E+07,  3.69840E+07,  3.84310E+07,  3.98262E+07,  4.11671E+07,  4.24517E+07,  4.36784E+07,  4.48462E+07,  4.59545E+07,  4.70031E+07,  4.79923E+07,  4.89224E+07,  4.97943E+07,  5.06089E+07,  5.13675E+07,  5.20713E+07,  5.27221E+07,  5.33212E+07,  5.38706E+07,  5.43718E+07,  5.48269E+07,  5.52376E+07,  5.56058E+07,  5.59334E+07,  5.62223E+07,  5.64743E+07,  5.66912E+07,  5.68747E+07,  5.70268E+07,  5.71490E+07,  5.72429E+07,  5.73103E+07,  5.73526E+07,  5.73713E+07,  5.73678E+07,  5.73436E+07
  1.00000E+00,  1.00000E+00,  1.00002E+00,  1.00016E+00,  1.00080E+00,  1.00261E+00,  1.00664E+00,  1.01453E+00,  1.02917E+00,  1.05641E+00,  1.10838E+00,  1.21089E+00,  1.41950E+00,  1.85511E+00,  2.78223E+00,  4.77855E+00,  9.09586E+00,  1.84072E+01,  3.83049E+01,  8.01935E+01,  1.66643E+02,  3.40856E+02,  6.82590E+02,  1.33362E+03,  2.53623E+03,  4.68836E+03,  8.41788E+03,  1.46768E+04,  2.48530E+04,  4.08929E+04,  6.54257E+04,  1.01874E+05,  1.54536E+05,  2.28623E+05,  3.30243E+05,  4.66312E+05,  6.44405E+05,  8.72541E+05,  1.15892E+06,  1.51161E+06,  1.93825E+06,  2.44574E+06,  3.03994E+06,  3.72546E+06,  4.50544E+06,  5.38146E+06,  6.35347E+06,  7.41980E+06,  8.57723E+06,  9.82108E+06,  1.11454E+07,  1.25432E+07,  1.40064E+07,  1.55265E+07,  1.70944E+07,  1.87006E+07,  2.03357E+07,  2.19904E+07,  2.36555E+07,  2.53223E+07,  2.69823E+07,  2.86279E+07,  3.02519E+07,  3.18477E+07,  3.34096E+07,  3.49323E+07,  3.64114E+07,  3.78430E+07,  3.92239E+07,  4.05515E+07,  4.18237E+07,  4.30390E+07,  4.41964E+07,  4.52952E+07,  4.63353E+07,  4.73167E+07,  4.82399E+07,  4.91056E+07,  4.99149E+07,  5.06688E+07,  5.13687E+07,  5.20160E+07,  5.26125E+07,  5.31596E+07,  5.36592E+07,  5.41132E+07,  5.45232E+07,  5.48911E+07,  5.52189E+07,  5.55082E+07,  5.57611E+07,  5.59791E+07,  5.61642E+07,  5.63180E+07,  5.64421E+07,  5.65383E+07,  5.66081E+07,  5.66530E+07,  5.66745E+07,  5.66739E+07,  5.66528E+07
  1.00000E+00,  1.00000E+00,  1.00002E+00,  1.00016E+00,  1.00078E+00,  1.00257E+00,  1.00657E+00,  1.01436E+00,  1.02884E+00,  1.05572E+00,  1.10695E+00,  1.20780E+00,  1.41268E+00,  1.83975E+00,  2.74714E+00,  4.69795E+00,  8.91089E+00,  1.79858E+01,  3.73578E+01,  7.81040E+01,  1.62138E+02,  3.31396E+02,  6.63296E+02,  1.29546E+03,  2.46316E+03,  4.55293E+03,  8.17497E+03,  1.42550E+04,  2.41436E+04,  3.97363E+04,  6.35956E+04,  9.90602E+04,  1.50327E+05,  2.22491E+05,  3.21528E+05,  4.54215E+05,  6.27981E+05,  8.50704E+05,  1.13045E+06,  1.47517E+06,  1.89241E+06,  2.38899E+06,  2.97075E+06,  3.64228E+06,  4.40676E+06,  5.26581E+06,  6.21949E+06,  7.26622E+06,  8.40293E+06,  9.62510E+06,  1.09269E+07,  1.23016E+07,  1.37413E+07,  1.52375E+07,  1.67815E+07,  1.83638E+07,  1.99753E+07,  2.16066E+07,  2.32489E+07,  2.48933E+07,  2.65318E+07,  2.81566E+07,  2.97606E+07,  3.13374E+07,  3.28811E+07,  3.43867E+07,  3.58496E+07,  3.72660E+07,  3.86327E+07,  3.99471E+07,  4.12071E+07,  4.24112E+07,  4.35582E+07,  4.46476E+07,  4.56792E+07,  4.66529E+07,  4.75692E+07,  4.84289E+07,  4.92328E+07,  4.99820E+07,  5.06780E+07,  5.13220E+07,  5.19156E+07,  5.24606E+07,  5.29585E+07,  5.34113E+07,  5.38205E+07,  5.41882E+07,  5.45160E+07,  5.48059E+07,  5.50595E+07,  5.52787E+07,  5.54651E+07,  5.56206E+07,  5.57467E+07,  5.58450E+07,  5.59171E+07,  5.59646E+07,  5.59888E+07,  5.59911E+07,  5.59729E+07
  1.00000E+00,  1.00000E+00,  1.00002E+00,  1.00016E+00,  1.00077E+00,  1.00254E+00,  1.00649E+00,  1.01420E+00,  1.02851E+00,  1.05505E+00,  1.10554E+00,  1.20478E+00,  1.40601E+00,  1.82475E+00,  2.71296E+00,  4.61956E+00,  8.73122E+00,  1.75770E+01,  3.64399E+01,  7.60806E+01,  1.57778E+02,  3.22245E+02,  6.44638E+02,  1.25857E+03,  2.39252E+03,  4.42199E+03,  7.94007E+03,  1.38471E+04,  2.34573E+04,  3.86169E+04,  6.18235E+04,  9.63345E+04,  1.46249E+05,  2.16546E+05,  3.13074E+05,  4.42473E+05,  6.12032E+05,  8.29486E+05,  1.10277E+06,  1.43973E+06,  1.84780E+06,  2.33375E+06,  2.90336E+06,  3.56123E+06,  4.31055E+06,  5.15301E+06,  6.08875E+06,  7.11630E+06,  8.23272E+06,  9.43364E+06,  1.07134E+07,  1.20654E+07,  1.34820E+07,  1.49548E+07,  1.64752E+07,  1.80341E+07,  1.96223E+07,  2.12307E+07,  2.28505E+07,  2.44730E+07,  2.60903E+07,  2.76946E+07,  2.92789E+07,  3.08369E+07,  3.23627E+07,  3.38513E+07,  3.52983E+07,  3.66997E+07,  3.80524E+07,  3.93537E+07,  4.06017E+07,  4.17946E+07,  4.29314E+07,  4.40115E+07,  4.50346E+07,  4.60007E+07,  4.69102E+07,  4.77638E+07,  4.85624E+07,  4.93070E+07,  4.99990E+07,  5.06396E+07,  5.12305E+07,  5.17733E+07,  5.22695E+07,  5.27210E+07,  5.31295E+07,  5.34968E+07,  5.38247E+07,  5.41150E+07,  5.43693E+07,  5.45896E+07,  5.47774E+07,  5.49345E+07,  5.50624E+07,  5.51628E+07,  5.52372E+07,  5.52871E+07,  5.53140E+07,  5.53191E+07,  5.53038E+07
  1.00000E+00,  1.00000E+00,  1.00002E+00,  1.00016E+00,  1.00076E+00,  1.00251E+00,  1.00641E+00,  1.01404E+00,  1.02818E+00,  1.05439E+00,  1.10416E+00,  1.20182E+00,  1.39949E+00,  1.81011E+00,  2.67966E+00,  4.54330E+00,  8.55668E+00,  1.71803E+01,  3.55501E+01,  7.41208E+01,  1.53558E+02,  3.13393E+02,  6.26593E+02,  1.22290E+03,  2.32421E+03,  4.29538E+03,  7.71289E+03,  1.34524E+04,  2.27931E+04,  3.75332E+04,  6.01074E+04,  9.36938E+04,  1.42295E+05,  2.10780E+05,  3.04872E+05,  4.31075E+05,  5.96541E+05,  8.08868E+05,  1.07586E+06,  1.40525E+06,  1.80439E+06,  2.27996E+06,  2.83771E+06,  3.48223E+06,  4.21674E+06,  5.04298E+06,  5.96116E+06,  6.96994E+06,  8.06648E+06,  9.24658E+06,  1.05048E+07,  1.18345E+07,  1.32284E+07,  1.46783E+07,  1.61756E+07,  1.77114E+07,  1.92767E+07,  2.08625E+07,  2.24602E+07,  2.40612E+07,  2.56575E+07,  2.72416E+07,  2.88065E+07,  3.03459E+07,  3.18541E+07,  3.33260E+07,  3.47572E+07,  3.61438E+07,  3.74827E+07,  3.87711E+07,  4.00071E+07,  4.11890E+07,  4.23157E+07,  4.33866E+07,  4.44013E+07,  4.53598E+07,  4.62626E+07,  4.71102E+07,  4.79034E+07,  4.86435E+07,  4.93314E+07,  4.99687E+07,  5.05569E+07,  5.10974E+07,  5.15919E+07,  5.20421E+07,  5.24499E+07,  5.28168E+07,  5.31447E+07,  5.34353E+07,  5.36903E+07,  5.39116E+07,  5.41007E+07,  5.42593E+07,  5.43891E+07,  5.44915E+07,  5.45681E+07,  5.46205E+07,  5.46498E+07,  5.46577E+07,  5.46453E+07
  1.00000E+00,  1.00000E+00,  1.00002E+00,  1.00015E+00,  1.00075E+00,  1.00247E+00,  1.00633E+00,  1.01388E+00,  1.02786E+00,  1.05374E+00,  1.10281E+00,  1.19892E+00,  1.39312E+00,  1.79583E+00,  2.64721E+00,  4.46910E+00,  8.38708E+00,  1.67954E+01,  3.46875E+01,  7.22223E+01,  1.49473E+02,  3.04827E+02,  6.09138E+02,  1.18840E+03,  2.25816E+03,  4.17292E+03,  7.49314E+03,  1.30706E+04,  2.21504E+04,  3.64841E+04,  5.84453E+04,  9.11351E+04,  1.38463E+05,  2.05188E+05,  2.96912E+05,  4.20009E+05,  5.81493E+05,  7.88830E+05,  1.04970E+06,  1.37171E+06,  1.76213E+06,  2.22758E+06,  2.77375E+06,  3.40524E+06,  4.12527E+06,  4.93564E+06,  5.83664E+06,  6.82703E+06,  7.90411E+06,  9.06381E+06,  1.03008E+07,  1.16087E+07,  1.29803E+07,  1.44077E+07,  1.58823E+07,  1.73954E+07,  1.89382E+07,  2.05019E+07,  2.20778E+07,  2.36575E+07,  2.52332E+07,  2.67974E+07,  2.83432E+07,  2.98644E+07,  3.13552E+07,  3.28106E+07,  3.42262E+07,  3.55982E+07,  3.69233E+07,  3.81991E+07,  3.94232E+07,  4.05942E+07,  4.17109E+07,  4.27726E+07,  4.37790E+07,  4.47301E+07,  4.56261E+07,  4.64677E+07,  4.72557E+07,  4.79911E+07,  4.86751E+07,  4.93091E+07,  4.98944E+07,  5.04327E+07,  5.09255E+07,  5.13744E+07,  5.17813E+07,  5.21478E+07,  5.24757E+07,  5.27666E+07,  5.30223E+07,  5.32445E+07,  5.34349E+07,  5.35950E+07,  5.37265E+07,  5.38309E+07,  5.39097E+07,  5.39643E+07,  5.39962E+07,  5.40067E+07,  5.39971E+07
  1.00000E+00,  1.00000E+00,  1.00002E+00,  1.00015E+00,  1.00074E+00,  1.00244E+00,  1.00626E+00,  1.01372E+00,  1.02755E+00,  1.05310E+00,  1.10148E+00,  1.19608E+00,  1.38689E+00,  1.78189E+00,  2.61558E+00,  4.39690E+00,  8.22228E+00,  1.64217E+01,  3.38510E+01,  7.03830E+01,  1.45518E+02,  2.96537E+02,  5.92252E+02,  1.15503E+03,  2.19427E+03,  4.05447E+03,  7.28056E+03,  1.27012E+04,  2.15283E+04,  3.54683E+04,  5.68354E+04,  8.86555E+04,  1.34747E+05,  1.99764E+05,  2.89188E+05,  4.09265E+05,  5.66876E+05,  7.69355E+05,  1.02426E+06,  1.33908E+06,  1.72100E+06,  2.17656E+06,  2.71144E+06,  3.33018E+06,  4.03606E+06,  4.83091E+06,  5.71510E+06,  6.68750E+06,  7.74551E+06,  8.88520E+06,  1.01014E+07,  1.13880E+07,  1.27377E+07,  1.41429E+07,  1.55952E+07,  1.70860E+07,  1.86067E+07,  2.01486E+07,  2.17030E+07,  2.32619E+07,  2.48173E+07,  2.63619E+07,  2.78889E+07,  2.93920E+07,  3.08656E+07,  3.23048E+07,  3.37050E+07,  3.50625E+07,  3.63742E+07,  3.76373E+07,  3.88498E+07,  4.00100E+07,  4.11168E+07,  4.21694E+07,  4.31676E+07,  4.41112E+07,  4.50005E+07,  4.58362E+07,  4.66189E+07,  4.73498E+07,  4.80298E+07,  4.86604E+07,  4.92430E+07,  4.97790E+07,  5.02700E+07,  5.07177E+07,  5.11237E+07,  5.14897E+07,  5.18175E+07,  5.21087E+07,  5.23650E+07,  5.25882E+07,  5.27797E+07,  5.29412E+07,  5.30744E+07,  5.31807E+07,  5.32616E+07,  5.33185E+07,  5.33528E+07,  5.33659E+07,  5.33591E+07
  1.00000E+00,  1.00000E+00,  1.00002E+00,  1.00015E+00,  1.00073E+00,  1.00241E+00,  1.00618E+00,  1.01357E+00,  1.02724E+00,  1.05247E+00,  1.10018E+00,  1.19329E+00,  1.38079E+00,  1.76827E+00,  2.58476E+00,  4.32663E+00,  8.06209E+00,  1.60590E+01,  3.30398E+01,  6.86006E+01,  1.41687E+02,  2.88513E+02,  5.75912E+02,  1.12275E+03,  2.13246E+03,  3.93989E+03,  7.07488E+03,  1.23436E+04,  2.09260E+04,  3.44846E+04,  5.52757E+04,  8.62524E+04,  1.31144E+05,  1.94502E+05,  2.81691E+05,  3.98831E+05,  5.52674E+05,  7.50424E+05,  9.99512E+05,  1.30733E+06,  1.68096E+06,  2.12688E+06,  2.65072E+06,  3.25702E+06,  3.94906E+06,  4.72873E+06,  5.59647E+06,  6.55124E+06,  7.59057E+06,  8.71067E+06,  9.90651E+06,  1.11720E+07,  1.25003E+07,  1.38837E+07,  1.53142E+07,  1.67831E+07,  1.82821E+07,  1.98024E+07,  2.13358E+07,  2.28741E+07,  2.44095E+07,  2.59348E+07,  2.74432E+07,  2.89286E+07,  3.03853E+07,  3.18084E+07,  3.31934E+07,  3.45367E+07,  3.58350E+07,  3.70856E+07,  3.82865E+07,  3.94361E+07,  4.05331E+07,  4.15767E+07,  4.25667E+07,  4.35029E+07,  4.43856E+07,  4.52154E+07,  4.59929E+07,  4.67192E+07,  4.73953E+07,  4.80226E+07,  4.86023E+07,  4.91360E+07,  4.96253E+07,  5.00716E+07,  5.04768E+07,  5.08423E+07,  5.11700E+07,  5.14614E+07,  5.17183E+07,  5.19422E+07,  5.21349E+07,  5.22979E+07,  5.24326E+07,  5.25408E+07,  5.26237E+07,  5.26828E+07,  5.27195E+07,  5.27352E+07,  5.27310E+07
  1.00000E+00,  1.00000E+00,  1.00002E+00,  1.00014E+00,  1.00072E+00,  1.00238E+00,  1.00611E+00,  1.01342E+00,  1.02693E+00,  1.05185E+00,  1.09890E+00,  1.19057E+00,  1.37483E+00,  1.75498E+00,  2.55471E+00,  4.25823E+00,  7.90638E+00,  1.57068E+01,  3.22529E+01,  6.68733E+01,  1.37977E+02,  2.80745E+02,  5.60100E+02,  1.09151E+03,  2.07267E+03,  3.82902E+03,  6.87585E+03,  1.19975E+04,  2.03430E+04,  3.35319E+04,  5.37646E+04,  8.39230E+04,  1.27651E+05,  1.89397E+05,  2.74414E+05,  3.88699E+05,  5.38875E+05,  7.32021E+05,  9.75446E+05,  1.27644E+06,  1.64198E+06,  2.07848E+06,  2.59154E+06,  3.18568E+06,  3.86420E+06,  4.62903E+06,  5.48067E+06,  6.41818E+06,  7.43920E+06,  8.54009E+06,  9.71595E+06,  1.09609E+07,  1.22681E+07,  1.36302E+07,  1.50391E+07,  1.64865E+07,  1.79641E+07,  1.94633E+07,  2.09760E+07,  2.24940E+07,  2.40097E+07,  2.55160E+07,  2.70061E+07,  2.84739E+07,  2.99139E+07,  3.13212E+07,  3.26912E+07,  3.40204E+07,  3.53055E+07,  3.65438E+07,  3.77333E+07,  3.88723E+07,  3.99595E+07,  4.09943E+07,  4.19762E+07,  4.29051E+07,  4.37812E+07,  4.46051E+07,  4.53775E+07,  4.60992E+07,  4.67714E+07,  4.73953E+07,  4.79722E+07,  4.85036E+07,  4.89911E+07,  4.94361E+07,  4.98403E+07,  5.02053E+07,  5.05328E+07,  5.08245E+07,  5.10818E+07,  5.13066E+07,  5.15004E+07,  5.16646E+07,  5.18010E+07,  5.19109E+07,  5.19958E+07,  5.20571E+07,  5.20961E+07,  5.21142E+07,  5.21126E+07
  1.00000E+00,  1.00000E+00,  1.00002E+00,  1.00014E+00,  1.00071E+00,  1.00235E+00,  1.00604E+00,  1.01327E+00,  1.02663E+00,  1.05125E+00,  1.09764E+00,  1.18789E+00,  1.36900E+00,  1.74200E+00,  2.52541E+00,  4.19164E+00,  7.75500E+00,  1.53648E+01,  3.14896E+01,  6.51989E+01,  1.34384E+02,  2.73224E+02,  5.44796E+02,  1.06129E+03,  2.01481E+03,  3.72175E+03,  6.68323E+03,  1.16626E+04,  1.97784E+04,  3.26091E+04,  5.23003E+04,  8.16650E+04,  1.24262E+05,  1.84444E+05,  2.67350E+05,  3.78858E+05,  5.25467E+05,  7.14129E+05,  9.52037E+05,  1.24637E+06,  1.60402E+06,  2.03134E+06,  2.53388E+06,  3.11613E+06,  3.78143E+06,  4.53173E+06,  5.36761E+06,  6.28822E+06,  7.29132E+06,  8.37336E+06,  9.52963E+06,  1.07544E+07,  1.20409E+07,  1.33820E+07,  1.47697E+07,  1.61960E+07,  1.76526E+07,  1.91310E+07,  2.06233E+07,  2.21213E+07,  2.36177E+07,  2.51052E+07,  2.65773E+07,  2.80279E+07,  2.94514E+07,  3.08430E+07,  3.21982E+07,  3.35135E+07,  3.47855E+07,  3.60117E+07,  3.71899E+07,  3.83184E+07,  3.93960E+07,  4.04220E+07,  4.13958E+07,  4.23175E+07,  4.31871E+07,  4.40051E+07,  4.47723E+07,  4.54895E+07,  4.61578E+07,  4.67783E+07,  4.73525E+07,  4.78816E+07,  4.83672E+07,  4.88108E+07,  4.92141E+07,  4.95786E+07,  4.99059E+07,  5.01977E+07,  5.04555E+07,  5.06811E+07,  5.08758E+07,  5.10414E+07,  5.11793E+07,  5.12909E+07,  5.13777E+07,  5.14411E+07,  5.14824E+07,  5.15029E+07,  5.15038E+07
  1.00000E+00,  1.00000E+00,  1.00001E+00,  1.00014E+00,  1.00069E+00,  1.00232E+00,  1.00597E+00,  1.01312E+00,  1.02634E+00,  1.05065E+00,  1.09641E+00,  1.18528E+00,  1.36330E+00,  1.72932E+00,  2.49684E+00,  4.12680E+00,  7.60780E+00,  1.50326E+01,  3.07490E+01,  6.35757E+01,  1.30902E+02,  2.65942E+02,  5.29981E+02,  1.03204E+03,  1.95881E+03,  3.61792E+03,  6.49678E+03,  1.13383E+04,  1.92317E+04,  3.17152E+04,  5.08813E+04,  7.94758E+04,  1.20976E+05,  1.79637E+05,  2.60491E+05,  3.69299E+05,  5.12436E+05,  6.96733E+05,  9.29265E+05,  1.21711E+06,  1.56706E+06,  1.98542E+06,  2.47767E+06,  3.04832E+06,  3.70068E+06,  4.43677E+06,  5.25723E+06,  6.16128E+06,  7.14681E+06,  8.21040E+06,  9.34745E+06,  1.05523E+07,  1.18186E+07,  1.31391E+07,  1.45061E+07,  1.59116E+07,  1.73474E+07,  1.88054E+07,  2.02776E+07,  2.17560E+07,  2.32333E+07,  2.47024E+07,  2.61567E+07,  2.75902E+07,  2.89974E+07,  3.03736E+07,  3.17142E+07,  3.30158E+07,  3.42749E+07,  3.54890E+07,  3.66560E+07,  3.77742E+07,  3.88423E+07,  3.98595E+07,  4.08254E+07,  4.17399E+07,  4.26030E+07,  4.34152E+07,  4.41773E+07,  4.48900E+07,  4.55543E+07,  4.61715E+07,  4.67428E+07,  4.72697E+07,  4.77534E+07,  4.81957E+07,  4.85980E+07,  4.89619E+07,  4.92889E+07,  4.95808E+07,  4.98391E+07,  5.00654E+07,  5.02611E+07,  5.04279E+07,  5.05672E+07,  5.06805E+07,  5.07692E+07,  5.08346E+07,  5.08781E+07,  5.09010E+07,  5.09044E+07
  1.00000E+00,  1.00000E+00,  1.00001E+00,  1.00014E+00,  1.00068E+00,  1.00229E+00,  1.00590E+00,  1.01298E+00,  1.02605E+00,  1.05006E+00,  1.09520E+00,  1.18271E+00,  1.35772E+00,  1.71694E+00,  2.46898E+00,  4.06366E+00,  7.46464E+00,  1.47099E+01,  3.00303E+01,  6.20019E+01,  1.27528E+02,  2.58889E+02,  5.15637E+02,  1.00372E+03,  1.90461E+03,  3.51743E+03,  6.31630E+03,  1.10242E+04,  1.87022E+04,  3.08491E+04,  4.95060E+04,  7.73532E+04,  1.17788E+05,  1.74972E+05,  2.53832E+05,  3.60013E+05,  4.99771E+05,  6.79817E+05,  9.07110E+05,  1.18862E+06,  1.53107E+06,  1.94068E+06,  2.42288E+06,  2.98218E+06,  3.62190E+06,  4.34409E+06,  5.14945E+06,  6.03730E+06,  7.00561E+06,  8.05109E+06,  9.16929E+06,  1.03547E+07,  1.16011E+07,  1.29013E+07,  1.42479E+07,  1.56329E+07,  1.70485E+07,  1.84864E+07,  1.99387E+07,  2.13979E+07,  2.28563E+07,  2.43072E+07,  2.57440E+07,  2.71607E+07,  2.85519E+07,  2.99128E+07,  3.12391E+07,  3.25270E+07,  3.37734E+07,  3.49756E+07,  3.61316E+07,  3.72395E+07,  3.82982E+07,  3.93067E+07,  4.02648E+07,  4.11720E+07,  4.20287E+07,  4.28352E+07,  4.35922E+07,  4.43004E+07,  4.49608E+07,  4.55747E+07,  4.61432E+07,  4.66677E+07,  4.71496E+07,  4.75904E+07,  4.79917E+07,  4.83550E+07,  4.86818E+07,  4.89738E+07,  4.92324E+07,  4.94594E+07,  4.96560E+07,  4.98240E+07,  4.99648E+07,  5.00797E+07,  5.01701E+07,  5.02376E+07,  5.02832E+07,  5.03083E+07,  5.03141E+07
  1.00000E+00,  1.00000E+00,  1.00001E+00,  1.00013E+00,  1.00067E+00,  1.00226E+00,  1.00583E+00,  1.01283E+00,  1.02576E+00,  1.04949E+00,  1.09401E+00,  1.18019E+00,  1.35225E+00,  1.70484E+00,  2.44180E+00,  4.00217E+00,  7.32540E+00,  1.43965E+01,  2.93327E+01,  6.04756E+01,  1.24259E+02,  2.52057E+02,  5.01749E+02,  9.76306E+02,  1.85215E+03,  3.42014E+03,  6.14156E+03,  1.07202E+04,  1.81893E+04,  3.00099E+04,  4.81729E+04,  7.52948E+04,  1.14695E+05,  1.70444E+05,  2.47366E+05,  3.50991E+05,  4.87460E+05,  6.63366E+05,  8.85555E+05,  1.16089E+06,  1.49602E+06,  1.89708E+06,  2.36948E+06,  2.91769E+06,  3.54504E+06,  4.25363E+06,  5.04421E+06,  5.91618E+06,  6.86762E+06,  7.89536E+06,  8.99507E+06,  1.01614E+07,  1.13882E+07,  1.26685E+07,  1.39951E+07,  1.53600E+07,  1.67556E+07,  1.81737E+07,  1.96066E+07,  2.10467E+07,  2.24866E+07,  2.39195E+07,  2.53390E+07,  2.67392E+07,  2.81146E+07,  2.94604E+07,  3.07725E+07,  3.20470E+07,  3.32808E+07,  3.44713E+07,  3.56163E+07,  3.67141E+07,  3.77634E+07,  3.87634E+07,  3.97136E+07,  4.06138E+07,  4.14641E+07,  4.22649E+07,  4.30167E+07,  4.37205E+07,  4.43770E+07,  4.49875E+07,  4.55532E+07,  4.60754E+07,  4.65554E+07,  4.69949E+07,  4.73951E+07,  4.77577E+07,  4.80843E+07,  4.83763E+07,  4.86353E+07,  4.88628E+07,  4.90604E+07,  4.92295E+07,  4.93716E+07,  4.94881E+07,  4.95803E+07,  4.96497E+07,  4.96974E+07,  4.97247E+07,  4.97329E+07
  1.00000E+00,  1.00000E+00,  1.00001E+00,  1.00013E+00,  1.00066E+00,  1.00223E+00,  1.00576E+00,  1.01269E+00,  1.02548E+00,  1.04892E+00,  1.09284E+00,  1.17773E+00,  1.34691E+00,  1.69302E+00,  2.41529E+00,  3.94227E+00,  7.18994E+00,  1.40919E+01,  2.86556E+01,  5.89953E+01,  1.21090E+02,  2.45438E+02,  4.88298E+02,  9.49763E+02,  1.80136E+03,  3.32595E+03,  5.97235E+03,  1.04257E+04,  1.76924E+04,  2.91967E+04,  4.68805E+04,  7.32985E+04,  1.11695E+05,  1.66049E+05,  2.41086E+05,  3.42226E+05,  4.75493E+05,  6.47366E+05,  8.64580E+05,  1.13390E+06,  1.46188E+06,  1.85460E+06,  2.31741E+06,  2.85478E+06,  3.47005E+06,  4.16532E+06,  4.94143E+06,  5.79785E+06,  6.73276E+06,  7.74310E+06,  8.82467E+06,  9.97227E+06,  1.11799E+07,  1.24407E+07,  1.37475E+07,  1.50927E+07,  1.64686E+07,  1.78673E+07,  1.92810E+07,  2.07023E+07,  2.21240E+07,  2.35393E+07,  2.49417E+07,  2.63255E+07,  2.76853E+07,  2.90163E+07,  3.03143E+07,  3.15756E+07,  3.27970E+07,  3.39758E+07,  3.51100E+07,  3.61977E+07,  3.72378E+07,  3.82294E+07,  3.91718E+07,  4.00650E+07,  4.09089E+07,  4.17040E+07,  4.24508E+07,  4.31501E+07,  4.38028E+07,  4.44100E+07,  4.49728E+07,  4.54927E+07,  4.59708E+07,  4.64088E+07,  4.68080E+07,  4.71699E+07,  4.74962E+07,  4.77882E+07,  4.80475E+07,  4.82756E+07,  4.84741E+07,  4.86443E+07,  4.87877E+07,  4.89056E+07,  4.89996E+07,  4.90708E+07,  4.91205E+07,  4.91501E+07,  4.91606E+07
  1.00000E+00,  1.00000E+00,  1.00001E+00,  1.00013E+00,  1.00065E+00,  1.00220E+00,  1.00570E+00,  1.01255E+00,  1.02520E+00,  1.04836E+00,  1.09169E+00,  1.17531E+00,  1.34168E+00,  1.68147E+00,  2.38942E+00,  3.88391E+00,  7.05815E+00,  1.37959E+01,  2.79983E+01,  5.75594E+01,  1.18018E+02,  2.39026E+02,  4.75270E+02,  9.24060E+02,  1.75217E+03,  3.23475E+03,  5.80849E+03,  1.01404E+04,  1.72110E+04,  2.84085E+04,  4.56275E+04,  7.13622E+04,  1.08783E+05,  1.61782E+05,  2.34986E+05,  3.33708E+05,  4.63859E+05,  6.31803E+05,  8.44168E+05,  1.10762E+06,  1.42863E+06,  1.81320E+06,  2.26665E+06,  2.79343E+06,  3.39686E+06,  4.07912E+06,  4.84106E+06,  5.68224E+06,  6.60095E+06,  7.59423E+06,  8.65801E+06,  9.78722E+06,  1.09759E+07,  1.22176E+07,  1.35051E+07,  1.48309E+07,  1.61874E+07,  1.75669E+07,  1.89618E+07,  2.03647E+07,  2.17684E+07,  2.31662E+07,  2.45519E+07,  2.59196E+07,  2.72640E+07,  2.85803E+07,  2.98644E+07,  3.11126E+07,  3.23217E+07,  3.34890E+07,  3.46125E+07,  3.56903E+07,  3.67213E+07,  3.77044E+07,  3.86392E+07,  3.95253E+07,  4.03630E+07,  4.11525E+07,  4.18942E+07,  4.25891E+07,  4.32379E+07,  4.38418E+07,  4.44018E+07,  4.49193E+07,  4.53956E+07,  4.58321E+07,  4.62302E+07,  4.65914E+07,  4.69173E+07,  4.72093E+07,  4.74689E+07,  4.76975E+07,  4.78968E+07,  4.80680E+07,  4.82127E+07,  4.83321E+07,  4.84277E+07,  4.85008E+07,  4.85525E+07,  4.85841E+07,  4.85969E+07
  1.00000E+00,  1.00000E+00,  1.00001E+00,  1.00013E+00,  1.00064E+00,  1.00217E+00,  1.00563E+00,  1.01241E+00,  1.02492E+00,  1.04781E+00,  1.09057E+00,  1.17294E+00,  1.33655E+00,  1.67018E+00,  2.36418E+00,  3.82704E+00,  6.92991E+00,  1.35082E+01,  2.73600E+01,  5.61663E+01,  1.15040E+02,  2.32811E+02,  4.62650E+02,  8.99166E+02,  1.70454E+03,  3.14642E+03,  5.64979E+03,  9.86405E+03,  1.67445E+04,  2.76445E+04,  4.44125E+04,  6.94840E+04,  1.05957E+05,  1.57640E+05,  2.29061E+05,  3.25430E+05,  4.52547E+05,  6.16665E+05,  8.24303E+05,  1.08203E+06,  1.39623E+06,  1.77285E+06,  2.21716E+06,  2.73357E+06,  3.32544E+06,  3.99495E+06,  4.74302E+06,  5.56929E+06,  6.47212E+06,  7.44867E+06,  8.49499E+06,  9.60615E+06,  1.07764E+07,  1.19992E+07,  1.32676E+07,  1.45743E+07,  1.59118E+07,  1.72725E+07,  1.86488E+07,  2.00335E+07,  2.14195E+07,  2.28002E+07,  2.41693E+07,  2.55211E+07,  2.68503E+07,  2.81522E+07,  2.94226E+07,  3.06578E+07,  3.18548E+07,  3.30108E+07,  3.41236E+07,  3.51917E+07,  3.62135E+07,  3.71883E+07,  3.81155E+07,  3.89947E+07,  3.98262E+07,  4.06100E+07,  4.13468E+07,  4.20372E+07,  4.26822E+07,  4.32827E+07,  4.38399E+07,  4.43551E+07,  4.48295E+07,  4.52645E+07,  4.56615E+07,  4.60220E+07,  4.63475E+07,  4.66394E+07,  4.68992E+07,  4.71284E+07,  4.73284E+07,  4.75007E+07,  4.76465E+07,  4.77674E+07,  4.78646E+07,  4.79394E+07,  4.79931E+07,  4.80268E+07,  4.80417E+07
  1.00000E+00,  1.00000E+00,  1.00001E+00,  1.00013E+00,  1.00063E+00,  1.00214E+00,  1.00556E+00,  1.01228E+00,  1.02465E+00,  1.04727E+00,  1.08946E+00,  1.17061E+00,  1.33154E+00,  1.65914E+00,  2.33955E+00,  3.77163E+00,  6.80510E+00,  1.32285E+01,  2.67401E+01,  5.48145E+01,  1.12152E+02,  2.26788E+02,  4.50423E+02,  8.75053E+02,  1.65841E+03,  3.06087E+03,  5.49605E+03,  9.59631E+03,  1.62924E+04,  2.69039E+04,  4.32343E+04,  6.76618E+04,  1.03214E+05,  1.53617E+05,  2.23306E+05,  3.17385E+05,  4.41548E+05,  6.01937E+05,  8.04969E+05,  1.05711E+06,  1.36467E+06,  1.73352E+06,  2.16890E+06,  2.67518E+06,  3.25574E+06,  3.91278E+06,  4.64726E+06,  5.45891E+06,  6.34618E+06,  7.30633E+06,  8.33553E+06,  9.42896E+06,  1.05810E+07,  1.17853E+07,  1.30350E+07,  1.43230E+07,  1.56418E+07,  1.69839E+07,  1.83419E+07,  1.97087E+07,  2.10773E+07,  2.24411E+07,  2.37938E+07,  2.51299E+07,  2.64442E+07,  2.77318E+07,  2.89887E+07,  3.02111E+07,  3.13961E+07,  3.25408E+07,  3.36432E+07,  3.47015E+07,  3.57144E+07,  3.66810E+07,  3.76006E+07,  3.84730E+07,  3.92982E+07,  4.00765E+07,  4.08083E+07,  4.14943E+07,  4.21355E+07,  4.27327E+07,  4.32871E+07,  4.37999E+07,  4.42723E+07,  4.47058E+07,  4.51017E+07,  4.54615E+07,  4.57866E+07,  4.60784E+07,  4.63384E+07,  4.65681E+07,  4.67688E+07,  4.69420E+07,  4.70891E+07,  4.72113E+07,  4.73100E+07,  4.73866E+07,  4.74421E+07,  4.74778E+07,  4.74949E+07
  1.00000E+00,  1.00000E+00,  1.00001E+00,  1.00012E+00,  1.00063E+00,  1.00211E+00,  1.00550E+00,  1.01215E+00,  1.02439E+00,  1.04674E+00,  1.08837E+00,  1.16833E+00,  1.32663E+00,  1.64836E+00,  2.31551E+00,  3.71762E+00,  6.68361E+00,  1.29566E+01,  2.61381E+01,  5.35027E+01,  1.09351E+02,  2.20950E+02,  4.38575E+02,  8.51692E+02,  1.61372E+03,  2.97800E+03,  5.34711E+03,  9.33688E+03,  1.58542E+04,  2.61858E+04,  4.20916E+04,  6.58938E+04,  1.00552E+05,  1.49711E+05,  2.17714E+05,  3.09565E+05,  4.30851E+05,  5.87608E+05,  7.86148E+05,  1.03285E+06,  1.33392E+06,  1.69518E+06,  2.12183E+06,  2.61822E+06,  3.18771E+06,  3.83253E+06,  4.55372E+06,  5.35105E+06,  6.22306E+06,  7.16712E+06,  8.17952E+06,  9.25557E+06,  1.03897E+07,  1.15759E+07,  1.28072E+07,  1.40767E+07,  1.53771E+07,  1.67009E+07,  1.80410E+07,  1.93902E+07,  2.07416E+07,  2.20887E+07,  2.34254E+07,  2.47460E+07,  2.60454E+07,  2.73189E+07,  2.85625E+07,  2.97723E+07,  3.09454E+07,  3.20790E+07,  3.31711E+07,  3.42198E+07,  3.52238E+07,  3.61822E+07,  3.70943E+07,  3.79599E+07,  3.87789E+07,  3.95517E+07,  4.02786E+07,  4.09602E+07,  4.15976E+07,  4.21915E+07,  4.27430E+07,  4.32535E+07,  4.37240E+07,  4.41560E+07,  4.45508E+07,  4.49098E+07,  4.52344E+07,  4.55261E+07,  4.57862E+07,  4.60163E+07,  4.62178E+07,  4.63919E+07,  4.65400E+07,  4.66636E+07,  4.67639E+07,  4.68421E+07,  4.68994E+07,  4.69371E+07,  4.69563E+07
  1.00000E+00,  1.00000E+00,  1.00001E+00,  1.00012E+00,  1.00062E+00,  1.00209E+00,  1.00544E+00,  1.01201E+00,  1.02413E+00,  1.04621E+00,  1.08731E+00,  1.16609E+00,  1.32182E+00,  1.63781E+00,  2.29204E+00,  3.66498E+00,  6.56535E+00,  1.26922E+01,  2.55533E+01,  5.22294E+01,  1.06635E+02,  2.15290E+02,  4.27093E+02,  8.29058E+02,  1.57043E+03,  2.89771E+03,  5.20281E+03,  9.08547E+03,  1.54295E+04,  2.54896E+04,  4.09831E+04,  6.41782E+04,  9.79677E+04,  1.45918E+05,  2.12280E+05,  3.01963E+05,  4.20448E+05,  5.73666E+05,  7.67827E+05,  1.00921E+06,  1.30396E+06,  1.65781E+06,  2.07593E+06,  2.56263E+06,  3.12130E+06,  3.75418E+06,  4.46234E+06,  5.24563E+06,  6.10269E+06,  7.03098E+06,  8.02689E+06,  9.08587E+06,  1.02025E+07,  1.13708E+07,  1.25841E+07,  1.38354E+07,  1.51177E+07,  1.64236E+07,  1.77459E+07,  1.90778E+07,  2.04122E+07,  2.17429E+07,  2.30637E+07,  2.43691E+07,  2.56539E+07,  2.69135E+07,  2.81438E+07,  2.93412E+07,  3.05026E+07,  3.16252E+07,  3.27070E+07,  3.37462E+07,  3.47414E+07,  3.56917E+07,  3.65964E+07,  3.74553E+07,  3.82682E+07,  3.90355E+07,  3.97574E+07,  4.04348E+07,  4.10683E+07,  4.16589E+07,  4.22076E+07,  4.27157E+07,  4.31843E+07,  4.36147E+07,  4.40084E+07,  4.43666E+07,  4.46907E+07,  4.49823E+07,  4.52426E+07,  4.54731E+07,  4.56751E+07,  4.58501E+07,  4.59994E+07,  4.61242E+07,  4.62260E+07,  4.63058E+07,  4.63649E+07,  4.64045E+07,  4.64257E+07
  1.00000E+00,  1.00000E+00,  1.00001E+00,  1.00012E+00,  1.00061E+00,  1.00206E+00,  1.00538E+00,  1.01189E+00,  1.02387E+00,  1.04570E+00,  1.08626E+00,  1.16390E+00,  1.31711E+00,  1.62750E+00,  2.26913E+00,  3.61365E+00,  6.45021E+00,  1.24351E+01,  2.49851E+01,  5.09934E+01,  1.03999E+02,  2.09802E+02,  4.15964E+02,  8.07125E+02,  1.52848E+03,  2.81992E+03,  5.06297E+03,  8.84180E+03,  1.50177E+04,  2.48144E+04,  3.99079E+04,  6.25133E+04,  9.54586E+04,  1.42233E+05,  2.07001E+05,  2.94573E+05,  4.10329E+05,  5.60099E+05,  7.49990E+05,  9.86193E+05,  1.27476E+06,  1.62138E+06,  2.03115E+06,  2.50840E+06,  3.05647E+06,  3.67765E+06,  4.37306E+06,  5.14261E+06,  5.98500E+06,  6.89782E+06,  7.87756E+06,  8.91978E+06,  1.00192E+07,  1.11699E+07,  1.23654E+07,  1.35989E+07,  1.48634E+07,  1.61516E+07,  1.74566E+07,  1.87713E+07,  2.00890E+07,  2.14035E+07,  2.27087E+07,  2.39990E+07,  2.52694E+07,  2.65153E+07,  2.77326E+07,  2.89177E+07,  3.00675E+07,  3.11793E+07,  3.22509E+07,  3.32807E+07,  3.42672E+07,  3.52095E+07,  3.61068E+07,  3.69590E+07,  3.77659E+07,  3.85277E+07,  3.92448E+07,  3.99178E+07,  4.05475E+07,  4.11348E+07,  4.16807E+07,  4.21864E+07,  4.26531E+07,  4.30820E+07,  4.34744E+07,  4.38318E+07,  4.41555E+07,  4.44468E+07,  4.47072E+07,  4.49381E+07,  4.51407E+07,  4.53166E+07,  4.54669E+07,  4.55930E+07,  4.56961E+07,  4.57775E+07,  4.58384E+07,  4.58798E+07,  4.59030E+07
  1.00000E+00,  1.00000E+00,  1.00001E+00,  1.00012E+00,  1.00060E+00,  1.00203E+00,  1.00531E+00,  1.01176E+00,  1.02361E+00,  1.04519E+00,  1.08523E+00,  1.16174E+00,  1.31250E+00,  1.61741E+00,  2.24675E+00,  3.56361E+00,  6.33808E+00,  1.21850E+01,  2.44331E+01,  4.97934E+01,  1.01442E+02,  2.04481E+02,  4.05176E+02,  7.85868E+02,  1.48783E+03,  2.74453E+03,  4.92744E+03,  8.60560E+03,  1.46185E+04,  2.41596E+04,  3.88646E+04,  6.08974E+04,  9.30224E+04,  1.38654E+05,  2.01870E+05,  2.87387E+05,  4.00487E+05,  5.46895E+05,  7.32622E+05,  9.63768E+05,  1.24631E+06,  1.58586E+06,  1.98748E+06,  2.45547E+06,  2.99318E+06,  3.60292E+06,  4.28583E+06,  5.04190E+06,  5.86993E+06,  6.76757E+06,  7.73144E+06,  8.75720E+06,  9.83973E+06,  1.09732E+07,  1.21513E+07,  1.33672E+07,  1.46141E+07,  1.58850E+07,  1.71728E+07,  1.84706E+07,  1.97720E+07,  2.10705E+07,  2.23602E+07,  2.36357E+07,  2.48919E+07,  2.61243E+07,  2.73287E+07,  2.85016E+07,  2.96399E+07,  3.07410E+07,  3.18026E+07,  3.28230E+07,  3.38009E+07,  3.47353E+07,  3.56254E+07,  3.64709E+07,  3.72717E+07,  3.80281E+07,  3.87403E+07,  3.94091E+07,  4.00350E+07,  4.06190E+07,  4.11621E+07,  4.16654E+07,  4.21302E+07,  4.25575E+07,  4.29488E+07,  4.33053E+07,  4.36285E+07,  4.39196E+07,  4.41800E+07,  4.44112E+07,  4.46145E+07,  4.47911E+07,  4.49424E+07,  4.50697E+07,  4.51742E+07,  4.52571E+07,  4.53197E+07,  4.53630E+07,  4.53881E+07
  1.00000E+00,  1.00000E+00,  1.00001E+00,  1.00011E+00,  1.00059E+00,  1.00201E+00,  1.00525E+00,  1.01163E+00,  1.02336E+00,  1.04469E+00,  1.08421E+00,  1.15963E+00,  1.30798E+00,  1.60755E+00,  2.22491E+00,  3.51481E+00,  6.22889E+00,  1.19417E+01,  2.38966E+01,  4.86282E+01,  9.89611E+01,  1.99319E+02,  3.94716E+02,  7.65264E+02,  1.44843E+03,  2.67147E+03,  4.79608E+03,  8.37663E+03,  1.42314E+04,  2.35245E+04,  3.78524E+04,  5.93290E+04,  9.06567E+04,  1.35176E+05,  1.96883E+05,  2.80400E+05,  3.90912E+05,  5.34044E+05,  7.15711E+05,  9.41923E+05,  1.21857E+06,  1.55122E+06,  1.94488E+06,  2.40382E+06,  2.93139E+06,  3.52992E+06,  4.20060E+06,  4.94347E+06,  5.75740E+06,  6.64016E+06,  7.58845E+06,  8.59807E+06,  9.66398E+06,  1.07805E+07,  1.19414E+07,  1.31401E+07,  1.43698E+07,  1.56235E+07,  1.68944E+07,  1.81757E+07,  1.94608E+07,  2.07436E+07,  2.20181E+07,  2.32790E+07,  2.45212E+07,  2.57401E+07,  2.69318E+07,  2.80927E+07,  2.92197E+07,  3.03102E+07,  3.13619E+07,  3.23731E+07,  3.33425E+07,  3.42689E+07,  3.51518E+07,  3.59907E+07,  3.67856E+07,  3.75366E+07,  3.82440E+07,  3.89085E+07,  3.95306E+07,  4.01114E+07,  4.06517E+07,  4.11526E+07,  4.16154E+07,  4.20412E+07,  4.24312E+07,  4.27869E+07,  4.31095E+07,  4.34004E+07,  4.36609E+07,  4.38924E+07,  4.40961E+07,  4.42735E+07,  4.44258E+07,  4.45543E+07,  4.46601E+07,  4.47445E+07,  4.48087E+07,  4.48538E+07,  4.48808E+07
  1.00000E+00,  1.00000E+00,  1.00001E+00,  1.00011E+00,  1.00058E+00,  1.00198E+00,  1.00519E+00,  1.01151E+00,  1.02311E+00,  1.04420E+00,  1.08322E+00,  1.15756E+00,  1.30355E+00,  1.59790E+00,  2.20357E+00,  3.46722E+00,  6.12253E+00,  1.17050E+01,  2.33751E+01,  4.74966E+01,  9.65531E+01,  1.94313E+02,  3.84574E+02,  7.45290E+02,  1.41024E+03,  2.60065E+03,  4.66874E+03,  8.15462E+03,  1.38560E+04,  2.29083E+04,  3.68702E+04,  5.78063E+04,  8.83593E+04,  1.31798E+05,  1.92036E+05,  2.73606E+05,  3.81596E+05,  5.21536E+05,  6.99243E+05,  9.20639E+05,  1.19154E+06,  1.51744E+06,  1.90332E+06,  2.35340E+06,  2.87105E+06,  3.45861E+06,  4.11731E+06,  4.84724E+06,  5.64736E+06,  6.51551E+06,  7.44852E+06,  8.44228E+06,  9.49188E+06,  1.05917E+07,  1.17358E+07,  1.29175E+07,  1.41302E+07,  1.53671E+07,  1.66214E+07,  1.78863E+07,  1.91555E+07,  2.04227E+07,  2.16823E+07,  2.29287E+07,  2.41570E+07,  2.53628E+07,  2.65420E+07,  2.76910E+07,  2.88068E+07,  2.98867E+07,  3.09287E+07,  3.19308E+07,  3.28916E+07,  3.38103E+07,  3.46860E+07,  3.55184E+07,  3.63074E+07,  3.70530E+07,  3.77557E+07,  3.84159E+07,  3.90343E+07,  3.96118E+07,  4.01493E+07,  4.06478E+07,  4.11086E+07,  4.15328E+07,  4.19216E+07,  4.22764E+07,  4.25985E+07,  4.28891E+07,  4.31496E+07,  4.33813E+07,  4.35856E+07,  4.37637E+07,  4.39169E+07,  4.40465E+07,  4.41536E+07,  4.42395E+07,  4.43053E+07,  4.43521E+07,  4.43809E+07
  1.00000E+00,  1.00000E+00,  1.00001E+00,  1.00011E+00,  1.00057E+00,  1.00196E+00,  1.00513E+00,  1.01138E+00,  1.02287E+00,  1.04372E+00,  1.08224E+00,  1.15552E+00,  1.29921E+00,  1.58846E+00,  2.18272E+00,  3.42080E+00,  6.01892E+00,  1.14747E+01,  2.28682E+01,  4.63976E+01,  9.42158E+01,  1.89455E+02,  3.74739E+02,  7.25924E+02,  1.37322E+03,  2.53199E+03,  4.54528E+03,  7.93935E+03,  1.34919E+04,  2.23106E+04,  3.59169E+04,  5.63281E+04,  8.61278E+04,  1.28515E+05,  1.87324E+05,  2.66998E+05,  3.72532E+05,  5.09360E+05,  6.83205E+05,  8.99902E+05,  1.16519E+06,  1.48451E+06,  1.86277E+06,  2.30420E+06,  2.81214E+06,  3.38895E+06,  4.03591E+06,  4.75316E+06,  5.53974E+06,  6.39357E+06,  7.31158E+06,  8.28977E+06,  9.32334E+06,  1.04068E+07,  1.15343E+07,  1.26993E+07,  1.38954E+07,  1.51157E+07,  1.63535E+07,  1.76024E+07,  1.88558E+07,  2.01078E+07,  2.13525E+07,  2.25847E+07,  2.37994E+07,  2.49921E+07,  2.61589E+07,  2.72962E+07,  2.84009E+07,  2.94705E+07,  3.05027E+07,  3.14958E+07,  3.24483E+07,  3.33593E+07,  3.42279E+07,  3.50538E+07,  3.58369E+07,  3.65772E+07,  3.72751E+07,  3.79311E+07,  3.85458E+07,  3.91200E+07,  3.96547E+07,  4.01509E+07,  4.06097E+07,  4.10323E+07,  4.14199E+07,  4.17738E+07,  4.20952E+07,  4.23855E+07,  4.26460E+07,  4.28780E+07,  4.30827E+07,  4.32615E+07,  4.34156E+07,  4.35463E+07,  4.36547E+07,  4.37419E+07,  4.38093E+07,  4.38577E+07,  4.38884E+07
  1.00000E+00,  1.00000E+00,  1.00001E+00,  1.00011E+00,  1.00056E+00,  1.00193E+00,  1.00508E+00,  1.01126E+00,  1.02263E+00,  1.04324E+00,  1.08128E+00,  1.15352E+00,  1.29496E+00,  1.57922E+00,  2.16236E+00,  3.37551E+00,  5.91797E+00,  1.12506E+01,  2.23754E+01,  4.53299E+01,  9.19469E+01,  1.84743E+02,  3.65199E+02,  7.07145E+02,  1.33733E+03,  2.46542E+03,  4.42557E+03,  7.73058E+03,  1.31387E+04,  2.17306E+04,  3.49916E+04,  5.48927E+04,  8.39603E+04,  1.25325E+05,  1.82743E+05,  2.60571E+05,  3.63712E+05,  4.97506E+05,  6.67584E+05,  8.79694E+05,  1.13950E+06,  1.45238E+06,  1.82320E+06,  2.25616E+06,  2.75460E+06,  3.32090E+06,  3.95636E+06,  4.66118E+06,  5.43448E+06,  6.27426E+06,  7.17754E+06,  8.14044E+06,  9.15828E+06,  1.02257E+07,  1.13368E+07,  1.24855E+07,  1.36651E+07,  1.48690E+07,  1.60908E+07,  1.73238E+07,  1.85617E+07,  1.97986E+07,  2.10288E+07,  2.22469E+07,  2.34481E+07,  2.46280E+07,  2.57825E+07,  2.69082E+07,  2.80020E+07,  2.90613E+07,  3.00840E+07,  3.10681E+07,  3.20123E+07,  3.29156E+07,  3.37772E+07,  3.45968E+07,  3.53740E+07,  3.61091E+07,  3.68022E+07,  3.74539E+07,  3.80649E+07,  3.86359E+07,  3.91678E+07,  3.96616E+07,  4.01184E+07,  4.05394E+07,  4.09258E+07,  4.12787E+07,  4.15996E+07,  4.18896E+07,  4.21500E+07,  4.23822E+07,  4.25874E+07,  4.27668E+07,  4.29218E+07,  4.30535E+07,  4.31630E+07,  4.32517E+07,  4.33205E+07,  4.33707E+07,  4.34031E+07
  1.00000E+00,  1.00000E+00,  1.00001E+00,  1.00011E+00,  1.00056E+00,  1.00191E+00,  1.00502E+00,  1.01114E+00,  1.02239E+00,  1.04277E+00,  1.08033E+00,  1.15156E+00,  1.29080E+00,  1.57019E+00,  2.14247E+00,  3.33132E+00,  5.81960E+00,  1.10325E+01,  2.18962E+01,  4.42926E+01,  8.97440E+01,  1.80170E+02,  3.55946E+02,  6.88934E+02,  1.30252E+03,  2.40088E+03,  4.30948E+03,  7.52809E+03,  1.27961E+04,  2.11678E+04,  3.40934E+04,  5.34989E+04,  8.18547E+04,  1.22225E+05,  1.78288E+05,  2.54319E+05,  3.55129E+05,  4.85964E+05,  6.52368E+05,  8.60002E+05,  1.11446E+06,  1.42104E+06,  1.78459E+06,  2.20927E+06,  2.69842E+06,  3.25441E+06,  3.87860E+06,  4.57125E+06,  5.33152E+06,  6.15751E+06,  7.04635E+06,  7.99424E+06,  8.99661E+06,  1.00482E+07,  1.11433E+07,  1.22758E+07,  1.34393E+07,  1.46272E+07,  1.58330E+07,  1.70504E+07,  1.82731E+07,  1.94951E+07,  2.07109E+07,  2.19152E+07,  2.31031E+07,  2.42702E+07,  2.54127E+07,  2.65269E+07,  2.76099E+07,  2.86591E+07,  2.96722E+07,  3.06475E+07,  3.15835E+07,  3.24793E+07,  3.33339E+07,  3.41471E+07,  3.49185E+07,  3.56483E+07,  3.63368E+07,  3.69844E+07,  3.75916E+07,  3.81594E+07,  3.86884E+07,  3.91799E+07,  3.96347E+07,  4.00541E+07,  4.04392E+07,  4.07912E+07,  4.11114E+07,  4.14011E+07,  4.16615E+07,  4.18938E+07,  4.20994E+07,  4.22795E+07,  4.24352E+07,  4.25679E+07,  4.26787E+07,  4.27687E+07,  4.28390E+07,  4.28907E+07,  4.29248E+07
  1.00000E+00,  1.00000E+00,  1.00001E+00,  1.00010E+00,  1.00055E+00,  1.00188E+00,  1.00496E+00,  1.01103E+00,  1.02216E+00,  1.04231E+00,  1.07940E+00,  1.14964E+00,  1.28671E+00,  1.56134E+00,  2.12302E+00,  3.28821E+00,  5.72375E+00,  1.08201E+01,  2.14302E+01,  4.32847E+01,  8.76049E+01,  1.75731E+02,  3.46968E+02,  6.71270E+02,  1.26876E+03,  2.33828E+03,  4.19689E+03,  7.33168E+03,  1.24636E+04,  2.06215E+04,  3.32215E+04,  5.21453E+04,  7.98089E+04,  1.19212E+05,  1.73957E+05,  2.48237E+05,  3.46775E+05,  4.74727E+05,  6.37545E+05,  8.40811E+05,  1.09004E+06,  1.39048E+06,  1.74692E+06,  2.16349E+06,  2.64354E+06,  3.18945E+06,  3.80260E+06,  4.48331E+06,  5.23081E+06,  6.04328E+06,  6.91793E+06,  7.85108E+06,  8.83826E+06,  9.87435E+06,  1.09537E+07,  1.20703E+07,  1.32178E+07,  1.43899E+07,  1.55801E+07,  1.67821E+07,  1.79898E+07,  1.91972E+07,  2.03988E+07,  2.15893E+07,  2.27641E+07,  2.39187E+07,  2.50492E+07,  2.61522E+07,  2.72245E+07,  2.82636E+07,  2.92674E+07,  3.02339E+07,  3.11618E+07,  3.20500E+07,  3.28978E+07,  3.37046E+07,  3.44703E+07,  3.51950E+07,  3.58787E+07,  3.65221E+07,  3.71257E+07,  3.76902E+07,  3.82165E+07,  3.87056E+07,  3.91584E+07,  3.95762E+07,  3.99600E+07,  4.03111E+07,  4.06306E+07,  4.09199E+07,  4.11802E+07,  4.14127E+07,  4.16187E+07,  4.17993E+07,  4.19559E+07,  4.20895E+07,  4.22014E+07,  4.22927E+07,  4.23644E+07,  4.24177E+07,  4.24535E+07
  1.00000E+00,  1.00000E+00,  1.00001E+00,  1.00010E+00,  1.00054E+00,  1.00186E+00,  1.00491E+00,  1.01091E+00,  1.02193E+00,  1.04186E+00,  1.07848E+00,  1.14775E+00,  1.28271E+00,  1.55269E+00,  2.10403E+00,  3.24613E+00,  5.63031E+00,  1.06134E+01,  2.09770E+01,  4.23052E+01,  8.55276E+01,  1.71423E+02,  3.38258E+02,  6.54135E+02,  1.23602E+03,  2.27757E+03,  4.08768E+03,  7.14114E+03,  1.21411E+04,  2.00914E+04,  3.23749E+04,  5.08306E+04,  7.78212E+04,  1.16283E+05,  1.69746E+05,  2.42320E+05,  3.38644E+05,  4.63784E+05,  6.23105E+05,  8.22106E+05,  1.06623E+06,  1.36066E+06,  1.71015E+06,  2.11879E+06,  2.58993E+06,  3.12597E+06,  3.72831E+06,  4.39731E+06,  5.13228E+06,  5.93148E+06,  6.79221E+06,  7.71089E+06,  8.68314E+06,  9.70397E+06,  1.07678E+07,  1.18688E+07,  1.30007E+07,  1.41572E+07,  1.53320E+07,  1.65189E+07,  1.77117E+07,  1.89046E+07,  2.00922E+07,  2.12693E+07,  2.24311E+07,  2.35733E+07,  2.46920E+07,  2.57838E+07,  2.68456E+07,  2.78748E+07,  2.88693E+07,  2.98271E+07,  3.07470E+07,  3.16278E+07,  3.24687E+07,  3.32693E+07,  3.40293E+07,  3.47488E+07,  3.54279E+07,  3.60672E+07,  3.66671E+07,  3.72284E+07,  3.77519E+07,  3.82386E+07,  3.86894E+07,  3.91055E+07,  3.94881E+07,  3.98382E+07,  4.01571E+07,  4.04460E+07,  4.07061E+07,  4.09387E+07,  4.11450E+07,  4.13262E+07,  4.14835E+07,  4.16181E+07,  4.17311E+07,  4.18236E+07,  4.18967E+07,  4.19515E+07,  4.19890E+07
  1.00000E+00,  1.00000E+00,  1.00001E+00,  1.00010E+00,  1.00053E+00,  1.00184E+00,  1.00485E+00,  1.01080E+00,  1.02170E+00,  1.04141E+00,  1.07758E+00,  1.14589E+00,  1.27879E+00,  1.54422E+00,  2.08546E+00,  3.20506E+00,  5.53924E+00,  1.04121E+01,  2.05361E+01,  4.13533E+01,  8.35099E+01,  1.67241E+02,  3.29805E+02,  6.37512E+02,  1.20426E+03,  2.21867E+03,  3.98174E+03,  6.95627E+03,  1.18280E+04,  1.95768E+04,  3.15529E+04,  4.95535E+04,  7.58897E+04,  1.13435E+05,  1.65649E+05,  2.36563E+05,  3.30729E+05,  4.53127E+05,  6.09036E+05,  8.03873E+05,  1.04301E+06,  1.33157E+06,  1.67426E+06,  2.07515E+06,  2.53757E+06,  3.06393E+06,  3.65568E+06,  4.31321E+06,  5.03589E+06,  5.82208E+06,  6.66914E+06,  7.57360E+06,  8.53119E+06,  9.53701E+06,  1.05856E+07,  1.16712E+07,  1.27877E+07,  1.39289E+07,  1.50886E+07,  1.62605E+07,  1.74387E+07,  1.86174E+07,  1.97912E+07,  2.09549E+07,  2.21040E+07,  2.32339E+07,  2.43410E+07,  2.54217E+07,  2.64731E+07,  2.74925E+07,  2.84778E+07,  2.94271E+07,  3.03390E+07,  3.12124E+07,  3.20465E+07,  3.28409E+07,  3.35953E+07,  3.43096E+07,  3.49842E+07,  3.56193E+07,  3.62155E+07,  3.67736E+07,  3.72944E+07,  3.77787E+07,  3.82275E+07,  3.86420E+07,  3.90232E+07,  3.93724E+07,  3.96906E+07,  3.99790E+07,  4.02390E+07,  4.04717E+07,  4.06784E+07,  4.08601E+07,  4.10181E+07,  4.11536E+07,  4.12676E+07,  4.13614E+07,  4.14358E+07,  4.14921E+07,  4.15312E+07
  1.00000E+00,  1.00000E+00,  1.00001E+00,  1.00010E+00,  1.00052E+00,  1.00181E+00,  1.00480E+00,  1.01068E+00,  1.02148E+00,  1.04097E+00,  1.07670E+00,  1.14407E+00,  1.27494E+00,  1.53592E+00,  2.06730E+00,  3.16498E+00,  5.45045E+00,  1.02160E+01,  2.01072E+01,  4.04279E+01,  8.15499E+01,  1.63181E+02,  3.21601E+02,  6.21382E+02,  1.17345E+03,  2.16154E+03,  3.87896E+03,  6.77689E+03,  1.15242E+04,  1.90772E+04,  3.07546E+04,  4.83129E+04,  7.40126E+04,  1.10667E+05,  1.61665E+05,  2.30961E+05,  3.23023E+05,  4.42747E+05,  5.95327E+05,  7.86099E+05,  1.02036E+06,  1.30319E+06,  1.63923E+06,  2.03253E+06,  2.48642E+06,  3.00331E+06,  3.58467E+06,  4.23096E+06,  4.94159E+06,  5.71500E+06,  6.54864E+06,  7.43914E+06,  8.38232E+06,  9.37339E+06,  1.04070E+07,  1.14775E+07,  1.25789E+07,  1.37050E+07,  1.48497E+07,  1.60069E+07,  1.71706E+07,  1.83353E+07,  1.94955E+07,  2.06461E+07,  2.17825E+07,  2.29004E+07,  2.39960E+07,  2.50658E+07,  2.61069E+07,  2.71166E+07,  2.80927E+07,  2.90336E+07,  2.99376E+07,  3.08037E+07,  3.16312E+07,  3.24194E+07,  3.31681E+07,  3.38774E+07,  3.45473E+07,  3.51784E+07,  3.57710E+07,  3.63259E+07,  3.68439E+07,  3.73258E+07,  3.77726E+07,  3.81855E+07,  3.85654E+07,  3.89135E+07,  3.92310E+07,  3.95191E+07,  3.97789E+07,  4.00116E+07,  4.02185E+07,  4.04008E+07,  4.05595E+07,  4.06958E+07,  4.08109E+07,  4.09058E+07,  4.09816E+07,  4.10393E+07,  4.10799E+07
  1.00000E+00,  1.00000E+00,  1.00001E+00,  1.00010E+00,  1.00052E+00,  1.00179E+00,  1.00474E+00,  1.01057E+00,  1.02126E+00,  1.04054E+00,  1.07583E+00,  1.14228E+00,  1.27117E+00,  1.52780E+00,  2.04956E+00,  3.12584E+00,  5.36387E+00,  1.00251E+01,  1.96898E+01,  3.95282E+01,  7.96457E+01,  1.59238E+02,  3.13637E+02,  6.05729E+02,  1.14355E+03,  2.10610E+03,  3.77923E+03,  6.60280E+03,  1.12293E+04,  1.85921E+04,  2.99793E+04,  4.71076E+04,  7.21881E+04,  1.07975E+05,  1.57790E+05,  2.25509E+05,  3.15522E+05,  4.32638E+05,  5.81969E+05,  7.68772E+05,  9.98277E+05,  1.27549E+06,  1.60503E+06,  1.99091E+06,  2.43644E+06,  2.94405E+06,  3.51524E+06,  4.15050E+06,  4.84932E+06,  5.61019E+06,  6.43066E+06,  7.30744E+06,  8.23647E+06,  9.21304E+06,  1.02319E+07,  1.12876E+07,  1.23740E+07,  1.34852E+07,  1.46152E+07,  1.57579E+07,  1.69075E+07,  1.80584E+07,  1.92051E+07,  2.03428E+07,  2.14667E+07,  2.25727E+07,  2.36569E+07,  2.47159E+07,  2.57468E+07,  2.67469E+07,  2.77141E+07,  2.86465E+07,  2.95427E+07,  3.04016E+07,  3.12224E+07,  3.20045E+07,  3.27477E+07,  3.34519E+07,  3.41173E+07,  3.47443E+07,  3.53333E+07,  3.58850E+07,  3.64002E+07,  3.68798E+07,  3.73246E+07,  3.77358E+07,  3.81144E+07,  3.84615E+07,  3.87783E+07,  3.90659E+07,  3.93255E+07,  3.95583E+07,  3.97655E+07,  3.99482E+07,  4.01075E+07,  4.02447E+07,  4.03607E+07,  4.04568E+07,  4.05339E+07,  4.05930E+07,  4.06351E+07
  1.00000E+00,  1.00000E+00,  1.00001E+00,  1.00010E+00,  1.00051E+00,  1.00177E+00,  1.00469E+00,  1.01046E+00,  1.02104E+00,  1.04011E+00,  1.07497E+00,  1.14052E+00,  1.26747E+00,  1.51985E+00,  2.03221E+00,  3.08762E+00,  5.27945E+00,  9.83917E+00,  1.92837E+01,  3.86535E+01,  7.77954E+01,  1.55409E+02,  3.05907E+02,  5.90538E+02,  1.11454E+03,  2.05231E+03,  3.68244E+03,  6.43384E+03,  1.09431E+04,  1.81211E+04,  2.92262E+04,  4.59364E+04,  7.04148E+04,  1.05358E+05,  1.54020E+05,  2.20204E+05,  3.08218E+05,  4.22790E+05,  5.68950E+05,  7.51879E+05,  9.76734E+05,  1.24847E+06,  1.57165E+06,  1.95027E+06,  2.38761E+06,  2.88614E+06,  3.44736E+06,  4.07181E+06,  4.75903E+06,  5.50760E+06,  6.31514E+06,  7.17845E+06,  8.09357E+06,  9.05589E+06,  1.00603E+07,  1.11013E+07,  1.21730E+07,  1.32697E+07,  1.43851E+07,  1.55136E+07,  1.66492E+07,  1.77864E+07,  1.89199E+07,  2.00447E+07,  2.11564E+07,  2.22506E+07,  2.33236E+07,  2.43720E+07,  2.53928E+07,  2.63834E+07,  2.73417E+07,  2.82658E+07,  2.91543E+07,  3.00060E+07,  3.08202E+07,  3.15963E+07,  3.23339E+07,  3.30331E+07,  3.36940E+07,  3.43169E+07,  3.49023E+07,  3.54509E+07,  3.59633E+07,  3.64405E+07,  3.68833E+07,  3.72929E+07,  3.76701E+07,  3.80162E+07,  3.83322E+07,  3.86194E+07,  3.88788E+07,  3.91116E+07,  3.93190E+07,  3.95021E+07,  3.96621E+07,  3.98001E+07,  3.99171E+07,  4.00142E+07,  4.00926E+07,  4.01530E+07,  4.01967E+07
  1.00000E+00,  1.00000E+00,  1.00001E+00,  1.00009E+00,  1.00050E+00,  1.00175E+00,  1.00464E+00,  1.01035E+00,  1.02083E+00,  1.03969E+00,  1.07413E+00,  1.13880E+00,  1.26384E+00,  1.51207E+00,  2.01524E+00,  3.05031E+00,  5.19711E+00,  9.65800E+00,  1.88885E+01,  3.78028E+01,  7.59973E+01,  1.51689E+02,  2.98401E+02,  5.75792E+02,  1.08638E+03,  2.00011E+03,  3.58851E+03,  6.26984E+03,  1.06651E+04,  1.76637E+04,  2.84947E+04,  4.47984E+04,  6.86908E+04,  1.02812E+05,  1.50352E+05,  2.15039E+05,  3.01105E+05,  4.13196E+05,  5.56262E+05,  7.35406E+05,  9.55719E+05,  1.22210E+06,  1.53905E+06,  1.91057E+06,  2.33991E+06,  2.82953E+06,  3.38097E+06,  3.99482E+06,  4.67068E+06,  5.40717E+06,  6.20201E+06,  7.05209E+06,  7.95354E+06,  8.90185E+06,  9.89201E+06,  1.09186E+07,  1.19759E+07,  1.30581E+07,  1.41593E+07,  1.52737E+07,  1.63955E+07,  1.75192E+07,  1.86397E+07,  1.97519E+07,  2.08514E+07,  2.19340E+07,  2.29959E+07,  2.40338E+07,  2.50446E+07,  2.60259E+07,  2.69753E+07,  2.78912E+07,  2.87721E+07,  2.96167E+07,  3.04244E+07,  3.11945E+07,  3.19266E+07,  3.26209E+07,  3.32773E+07,  3.38961E+07,  3.44780E+07,  3.50234E+07,  3.55330E+07,  3.60078E+07,  3.64487E+07,  3.68565E+07,  3.72325E+07,  3.75775E+07,  3.78928E+07,  3.81794E+07,  3.84386E+07,  3.86714E+07,  3.88790E+07,  3.90625E+07,  3.92231E+07,  3.93618E+07,  3.94798E+07,  3.95780E+07,  3.96575E+07,  3.97194E+07,  3.97644E+07
  1.00000E+00,  1.00000E+00,  1.00001E+00,  1.00009E+00,  1.00049E+00,  1.00173E+00,  1.00459E+00,  1.01025E+00,  1.02062E+00,  1.03927E+00,  1.07330E+00,  1.13710E+00,  1.26028E+00,  1.50444E+00,  1.99865E+00,  3.01386E+00,  5.11679E+00,  9.48149E+00,  1.85038E+01,  3.69755E+01,  7.42498E+01,  1.48077E+02,  2.91113E+02,  5.61478E+02,  1.05905E+03,  1.94944E+03,  3.49734E+03,  6.11063E+03,  1.03953E+04,  1.72195E+04,  2.77840E+04,  4.36923E+04,  6.70148E+04,  1.00337E+05,  1.46783E+05,  2.10012E+05,  2.94179E+05,  4.03850E+05,  5.43895E+05,  7.19344E+05,  9.35219E+05,  1.19636E+06,  1.50723E+06,  1.87179E+06,  2.29329E+06,  2.77419E+06,  3.31606E+06,  3.91951E+06,  4.58421E+06,  5.30885E+06,  6.09123E+06,  6.92831E+06,  7.81633E+06,  8.75087E+06,  9.72701E+06,  1.07394E+07,  1.17825E+07,  1.28506E+07,  1.39377E+07,  1.50382E+07,  1.61464E+07,  1.72569E+07,  1.83644E+07,  1.94642E+07,  2.05518E+07,  2.16229E+07,  2.26738E+07,  2.37013E+07,  2.47023E+07,  2.56742E+07,  2.66150E+07,  2.75228E+07,  2.83960E+07,  2.92337E+07,  3.00348E+07,  3.07990E+07,  3.15257E+07,  3.22150E+07,  3.28669E+07,  3.34818E+07,  3.40601E+07,  3.46023E+07,  3.51093E+07,  3.55817E+07,  3.60205E+07,  3.64267E+07,  3.68013E+07,  3.71453E+07,  3.74598E+07,  3.77459E+07,  3.80048E+07,  3.82376E+07,  3.84454E+07,  3.86293E+07,  3.87904E+07,  3.89299E+07,  3.90487E+07,  3.91480E+07,  3.92287E+07,  3.92918E+07,  3.93383E+07
  1.00000E+00,  1.00000E+00,  1.00001E+00,  1.00009E+00,  1.00049E+00,  1.00171E+00,  1.00454E+00,  1.01014E+00,  1.02041E+00,  1.03886E+00,  1.07249E+00,  1.13543E+00,  1.25679E+00,  1.49697E+00,  1.98242E+00,  2.97827E+00,  5.03845E+00,  9.30949E+00,  1.81293E+01,  3.61708E+01,  7.25511E+01,  1.44567E+02,  2.84035E+02,  5.47580E+02,  1.03252E+03,  1.90025E+03,  3.40883E+03,  5.95606E+03,  1.01332E+04,  1.67880E+04,  2.70934E+04,  4.26174E+04,  6.53853E+04,  9.79285E+04,  1.43310E+05,  2.05119E+05,  2.87433E+05,  3.94743E+05,  5.31840E+05,  7.03680E+05,  9.15218E+05,  1.17123E+06,  1.47616E+06,  1.83391E+06,  2.24773E+06,  2.72009E+06,  3.25257E+06,  3.84583E+06,  4.49959E+06,  5.21260E+06,  5.98273E+06,  6.80705E+06,  7.68186E+06,  8.60286E+06,  9.56521E+06,  1.05637E+07,  1.15928E+07,  1.26469E+07,  1.37202E+07,  1.48070E+07,  1.59018E+07,  1.69992E+07,  1.80940E+07,  1.91816E+07,  2.02573E+07,  2.13170E+07,  2.23572E+07,  2.33743E+07,  2.43656E+07,  2.53284E+07,  2.62605E+07,  2.71602E+07,  2.80260E+07,  2.88567E+07,  2.96515E+07,  3.04097E+07,  3.11310E+07,  3.18154E+07,  3.24629E+07,  3.30738E+07,  3.36485E+07,  3.41877E+07,  3.46919E+07,  3.51619E+07,  3.55988E+07,  3.60033E+07,  3.63765E+07,  3.67194E+07,  3.70331E+07,  3.73187E+07,  3.75773E+07,  3.78101E+07,  3.80180E+07,  3.82023E+07,  3.83640E+07,  3.85041E+07,  3.86238E+07,  3.87241E+07,  3.88059E+07,  3.88703E+07,  3.89182E+07
  1.00000E+00,  1.00000E+00,  1.00001E+00,  1.00009E+00,  1.00048E+00,  1.00168E+00,  1.00449E+00,  1.01004E+00,  1.02020E+00,  1.03846E+00,  1.07169E+00,  1.13380E+00,  1.25336E+00,  1.48965E+00,  1.96655E+00,  2.94349E+00,  4.96201E+00,  9.14186E+00,  1.77646E+01,  3.53880E+01,  7.08997E+01,  1.41156E+02,  2.77161E+02,  5.34085E+02,  1.00677E+03,  1.85251E+03,  3.32291E+03,  5.80598E+03,  9.87871E+03,  1.63688E+04,  2.64225E+04,  4.15725E+04,  6.38007E+04,  9.55860E+04,  1.39930E+05,  2.00354E+05,  2.80863E+05,  3.85869E+05,  5.20089E+05,  6.88404E+05,  8.95703E+05,  1.14671E+06,  1.44582E+06,  1.79690E+06,  2.20320E+06,  2.66719E+06,  3.19047E+06,  3.77375E+06,  4.41676E+06,  5.11835E+06,  5.87647E+06,  6.68825E+06,  7.55009E+06,  8.45777E+06,  9.40656E+06,  1.03913E+07,  1.14067E+07,  1.24470E+07,  1.35066E+07,  1.45800E+07,  1.56616E+07,  1.67461E+07,  1.78284E+07,  1.89038E+07,  1.99678E+07,  2.10164E+07,  2.20458E+07,  2.30528E+07,  2.40345E+07,  2.49882E+07,  2.59118E+07,  2.68036E+07,  2.76619E+07,  2.84857E+07,  2.92741E+07,  3.00265E+07,  3.07425E+07,  3.14220E+07,  3.20651E+07,  3.26721E+07,  3.32432E+07,  3.37793E+07,  3.42807E+07,  3.47484E+07,  3.51832E+07,  3.55861E+07,  3.59579E+07,  3.62997E+07,  3.66127E+07,  3.68977E+07,  3.71560E+07,  3.73887E+07,  3.75968E+07,  3.77814E+07,  3.79436E+07,  3.80844E+07,  3.82050E+07,  3.83062E+07,  3.83892E+07,  3.84548E+07,  3.85040E+07
  1.00000E+00,  1.00000E+00,  1.00001E+00,  1.00009E+00,  1.00047E+00,  1.00166E+00,  1.00444E+00,  1.00993E+00,  1.02000E+00,  1.03806E+00,  1.07090E+00,  1.13219E+00,  1.25000E+00,  1.48249E+00,  1.95102E+00,  2.90952E+00,  4.88742E+00,  8.97848E+00,  1.74096E+01,  3.46264E+01,  6.92941E+01,  1.37842E+02,  2.70483E+02,  5.20980E+02,  9.81757E+02,  1.80614E+03,  3.23947E+03,  5.66023E+03,  9.63153E+03,  1.59616E+04,  2.57704E+04,  4.05567E+04,  6.22598E+04,  9.33071E+04,  1.36641E+05,  1.95715E+05,  2.74463E+05,  3.77221E+05,  5.08632E+05,  6.73504E+05,  8.76662E+05,  1.12277E+06,  1.41618E+06,  1.76075E+06,  2.15969E+06,  2.61547E+06,  3.12974E+06,  3.70321E+06,  4.33569E+06,  5.02607E+06,  5.77239E+06,  6.57184E+06,  7.42093E+06,  8.31552E+06,  9.25098E+06,  1.02223E+07,  1.12240E+07,  1.22508E+07,  1.32970E+07,  1.43571E+07,  1.54257E+07,  1.64974E+07,  1.75674E+07,  1.86308E+07,  1.96833E+07,  2.07208E+07,  2.17397E+07,  2.27367E+07,  2.37088E+07,  2.46536E+07,  2.55688E+07,  2.64526E+07,  2.73036E+07,  2.81206E+07,  2.89027E+07,  2.96493E+07,  3.03600E+07,  3.10347E+07,  3.16734E+07,  3.22764E+07,  3.28441E+07,  3.33770E+07,  3.38757E+07,  3.43411E+07,  3.47739E+07,  3.51750E+07,  3.55455E+07,  3.58862E+07,  3.61983E+07,  3.64829E+07,  3.67408E+07,  3.69734E+07,  3.71816E+07,  3.73665E+07,  3.75292E+07,  3.76707E+07,  3.77920E+07,  3.78942E+07,  3.79782E+07,  3.80450E+07,  3.80956E+07
  1.00000E+00,  1.00000E+00,  1.00001E+00,  1.00009E+00,  1.00047E+00,  1.00164E+00,  1.00439E+00,  1.00983E+00,  1.01980E+00,  1.03767E+00,  1.07012E+00,  1.13061E+00,  1.24670E+00,  1.47546E+00,  1.93582E+00,  2.87633E+00,  4.81463E+00,  8.81922E+00,  1.70638E+01,  3.38853E+01,  6.77328E+01,  1.34621E+02,  2.63996E+02,  5.08252E+02,  9.57470E+02,  1.76113E+03,  3.15845E+03,  5.51868E+03,  9.39142E+03,  1.55660E+04,  2.51367E+04,  3.95692E+04,  6.07611E+04,  9.10899E+04,  1.33439E+05,  1.91198E+05,  2.68228E+05,  3.68793E+05,  4.97461E+05,  6.58971E+05,  8.58081E+05,  1.09940E+06,  1.38724E+06,  1.72542E+06,  2.11715E+06,  2.56490E+06,  3.07033E+06,  3.63418E+06,  4.25633E+06,  4.93571E+06,  5.67043E+06,  6.45778E+06,  7.29434E+06,  8.17606E+06,  9.09839E+06,  1.00564E+07,  1.10448E+07,  1.20583E+07,  1.30912E+07,  1.41382E+07,  1.51940E+07,  1.62532E+07,  1.73109E+07,  1.83625E+07,  1.94037E+07,  2.04303E+07,  2.14388E+07,  2.24258E+07,  2.33885E+07,  2.43244E+07,  2.52313E+07,  2.61073E+07,  2.69510E+07,  2.77612E+07,  2.85371E+07,  2.92779E+07,  2.99833E+07,  3.06532E+07,  3.12876E+07,  3.18867E+07,  3.24509E+07,  3.29807E+07,  3.34768E+07,  3.39398E+07,  3.43706E+07,  3.47700E+07,  3.51391E+07,  3.54787E+07,  3.57900E+07,  3.60740E+07,  3.63316E+07,  3.65640E+07,  3.67723E+07,  3.69575E+07,  3.71206E+07,  3.72628E+07,  3.73849E+07,  3.74880E+07,  3.75731E+07,  3.76410E+07,  3.76928E+07
  1.00000E+00,  1.00000E+00,  1.00001E+00,  1.00009E+00,  1.00046E+00,  1.00162E+00,  1.00434E+00,  1.00973E+00,  1.01960E+00,  1.03729E+00,  1.06935E+00,  1.12905E+00,  1.24347E+00,  1.46858E+00,  1.92096E+00,  2.84389E+00,  4.74359E+00,  8.66396E+00,  1.67270E+01,  3.31640E+01,  6.62145E+01,  1.31491E+02,  2.57693E+02,  4.95888E+02,  9.33883E+02,  1.71741E+03,  3.07977E+03,  5.38119E+03,  9.15816E+03,  1.51815E+04,  2.45207E+04,  3.86090E+04,  5.93034E+04,  8.89324E+04,  1.30323E+05,  1.86800E+05,  2.62154E+05,  3.60579E+05,  4.86569E+05,  6.44794E+05,  8.39947E+05,  1.07659E+06,  1.35898E+06,  1.69090E+06,  2.07557E+06,  2.51545E+06,  3.01221E+06,  3.56664E+06,  4.17864E+06,  4.84723E+06,  5.57056E+06,  6.34602E+06,  7.17025E+06,  8.03932E+06,  8.94874E+06,  9.89367E+06,  1.08690E+07,  1.18693E+07,  1.28892E+07,  1.39233E+07,  1.49664E+07,  1.60132E+07,  1.70589E+07,  1.80989E+07,  1.91288E+07,  2.01446E+07,  2.11428E+07,  2.21200E+07,  2.30735E+07,  2.40006E+07,  2.48992E+07,  2.57675E+07,  2.66040E+07,  2.74075E+07,  2.81772E+07,  2.89123E+07,  2.96125E+07,  3.02777E+07,  3.09077E+07,  3.15030E+07,  3.20637E+07,  3.25904E+07,  3.30837E+07,  3.35444E+07,  3.39732E+07,  3.43709E+07,  3.47386E+07,  3.50772E+07,  3.53876E+07,  3.56710E+07,  3.59282E+07,  3.61605E+07,  3.63689E+07,  3.65543E+07,  3.67179E+07,  3.68606E+07,  3.69835E+07,  3.70875E+07,  3.71736E+07,  3.72427E+07,  3.72957E+07
  1.00000E+00,  1.00000E+00,  1.00001E+00,  1.00008E+00,  1.00045E+00,  1.00160E+00,  1.00429E+00,  1.00963E+00,  1.01941E+00,  1.03691E+00,  1.06860E+00,  1.12752E+00,  1.24029E+00,  1.46183E+00,  1.90641E+00,  2.81219E+00,  4.67425E+00,  8.51257E+00,  1.63990E+01,  3.24621E+01,  6.47376E+01,  1.28447E+02,  2.51568E+02,  4.83877E+02,  9.10973E+02,  1.67494E+03,  3.00334E+03,  5.24764E+03,  8.93153E+03,  1.48079E+04,  2.39219E+04,  3.76753E+04,  5.78854E+04,  8.68330E+04,  1.27289E+05,  1.82516E+05,  2.56236E+05,  3.52573E+05,  4.75948E+05,  6.30963E+05,  8.22249E+05,  1.05431E+06,  1.33136E+06,  1.65718E+06,  2.03493E+06,  2.46709E+06,  2.95535E+06,  3.50053E+06,  4.10258E+06,  4.76057E+06,  5.47272E+06,  6.23649E+06,  7.04862E+06,  7.90523E+06,  8.80197E+06,  9.73404E+06,  1.06964E+07,  1.16838E+07,  1.26908E+07,  1.37123E+07,  1.47428E+07,  1.57775E+07,  1.68113E+07,  1.78398E+07,  1.88586E+07,  1.98638E+07,  2.08518E+07,  2.18193E+07,  2.27636E+07,  2.36820E+07,  2.45724E+07,  2.54331E+07,  2.62625E+07,  2.70594E+07,  2.78229E+07,  2.85524E+07,  2.92474E+07,  2.99078E+07,  3.05336E+07,  3.11250E+07,  3.16822E+07,  3.22059E+07,  3.26965E+07,  3.31549E+07,  3.35816E+07,  3.39777E+07,  3.43440E+07,  3.46814E+07,  3.49910E+07,  3.52737E+07,  3.55306E+07,  3.57628E+07,  3.59712E+07,  3.61568E+07,  3.63208E+07,  3.64641E+07,  3.65877E+07,  3.66926E+07,  3.67796E+07,  3.68498E+07,  3.69041E+07
  1.00000E+00,  1.00000E+00,  1.00001E+00,  1.00008E+00,  1.00045E+00,  1.00158E+00,  1.00425E+00,  1.00954E+00,  1.01922E+00,  1.03653E+00,  1.06786E+00,  1.12602E+00,  1.23717E+00,  1.45522E+00,  1.89217E+00,  2.78121E+00,  4.60656E+00,  8.36494E+00,  1.60794E+01,  3.17788E+01,  6.33010E+01,  1.25488E+02,  2.45615E+02,  4.72208E+02,  8.88717E+02,  1.63370E+03,  2.92910E+03,  5.11789E+03,  8.71132E+03,  1.44448E+04,  2.33398E+04,  3.67673E+04,  5.65060E+04,  8.47899E+04,  1.24335E+05,  1.78343E+05,  2.50470E+05,  3.44768E+05,  4.65590E+05,  6.17469E+05,  8.04975E+05,  1.03256E+06,  1.30439E+06,  1.62422E+06,  1.99519E+06,  2.41980E+06,  2.89973E+06,  3.43584E+06,  4.02812E+06,  4.67569E+06,  5.37687E+06,  6.12915E+06,  6.92938E+06,  7.77375E+06,  8.65799E+06,  9.57741E+06,  1.05270E+07,  1.15017E+07,  1.24961E+07,  1.35050E+07,  1.45233E+07,  1.55459E+07,  1.65680E+07,  1.75851E+07,  1.85929E+07,  1.95876E+07,  2.05655E+07,  2.15235E+07,  2.24587E+07,  2.33685E+07,  2.42509E+07,  2.51040E+07,  2.59263E+07,  2.67166E+07,  2.74741E+07,  2.81979E+07,  2.88878E+07,  2.95436E+07,  3.01651E+07,  3.07526E+07,  3.13065E+07,  3.18271E+07,  3.23150E+07,  3.27710E+07,  3.31958E+07,  3.35901E+07,  3.39550E+07,  3.42913E+07,  3.46001E+07,  3.48822E+07,  3.51387E+07,  3.53707E+07,  3.55791E+07,  3.57650E+07,  3.59293E+07,  3.60732E+07,  3.61974E+07,  3.63031E+07,  3.63912E+07,  3.64624E+07,  3.65179E+07
  1.00000E+00,  1.00000E+00,  1.00001E+00,  1.00008E+00,  1.00044E+00,  1.00156E+00,  1.00420E+00,  1.00944E+00,  1.01903E+00,  1.03616E+00,  1.06713E+00,  1.12455E+00,  1.23411E+00,  1.44874E+00,  1.87823E+00,  2.75092E+00,  4.54046E+00,  8.22096E+00,  1.57680E+01,  3.11135E+01,  6.19034E+01,  1.22611E+02,  2.39829E+02,  4.60868E+02,  8.67095E+02,  1.59363E+03,  2.85698E+03,  4.99183E+03,  8.49732E+03,  1.40919E+04,  2.27739E+04,  3.58842E+04,  5.51639E+04,  8.28013E+04,  1.21459E+05,  1.74279E+05,  2.44851E+05,  3.37159E+05,  4.55488E+05,  6.04303E+05,  7.88114E+05,  1.01132E+06,  1.27804E+06,  1.59200E+06,  1.95634E+06,  2.37354E+06,  2.84530E+06,  3.37251E+06,  3.95521E+06,  4.59257E+06,  5.28295E+06,  6.02395E+06,  6.81247E+06,  7.64482E+06,  8.51677E+06,  9.42373E+06,  1.03608E+07,  1.13229E+07,  1.23048E+07,  1.33014E+07,  1.43075E+07,  1.53183E+07,  1.63288E+07,  1.73347E+07,  1.83318E+07,  1.93161E+07,  2.02841E+07,  2.12326E+07,  2.21588E+07,  2.30601E+07,  2.39345E+07,  2.47801E+07,  2.55954E+07,  2.63792E+07,  2.71306E+07,  2.78490E+07,  2.85338E+07,  2.91848E+07,  2.98022E+07,  3.03859E+07,  3.09363E+07,  3.14539E+07,  3.19392E+07,  3.23928E+07,  3.28155E+07,  3.32082E+07,  3.35717E+07,  3.39069E+07,  3.42147E+07,  3.44962E+07,  3.47523E+07,  3.49841E+07,  3.51925E+07,  3.53786E+07,  3.55433E+07,  3.56877E+07,  3.58126E+07,  3.59191E+07,  3.60081E+07,  3.60804E+07,  3.61370E+07
  1.00000E+00,  1.00000E+00,  1.00001E+00,  1.00008E+00,  1.00043E+00,  1.00154E+00,  1.00416E+00,  1.00934E+00,  1.01884E+00,  1.03580E+00,  1.06641E+00,  1.12310E+00,  1.23111E+00,  1.44239E+00,  1.86458E+00,  2.72131E+00,  4.47593E+00,  8.08053E+00,  1.54646E+01,  3.04659E+01,  6.05435E+01,  1.19813E+02,  2.34205E+02,  4.49849E+02,  8.46086E+02,  1.55470E+03,  2.78690E+03,  4.86933E+03,  8.28935E+03,  1.37488E+04,  2.22235E+04,  3.50252E+04,  5.38581E+04,  8.08657E+04,  1.18659E+05,  1.70319E+05,  2.39375E+05,  3.29741E+05,  4.45635E+05,  5.91456E+05,  7.71654E+05,  9.90574E+05,  1.25230E+06,  1.56052E+06,  1.91836E+06,  2.32829E+06,  2.79204E+06,  3.31053E+06,  3.88381E+06,  4.51114E+06,  5.19093E+06,  5.92084E+06,  6.69786E+06,  7.51836E+06,  8.37823E+06,  9.27293E+06,  1.01977E+07,  1.11474E+07,  1.21170E+07,  1.31015E+07,  1.40956E+07,  1.50946E+07,  1.60938E+07,  1.70887E+07,  1.80750E+07,  1.90491E+07,  2.00072E+07,  2.09464E+07,  2.18637E+07,  2.27567E+07,  2.36231E+07,  2.44613E+07,  2.52697E+07,  2.60471E+07,  2.67925E+07,  2.75053E+07,  2.81851E+07,  2.88315E+07,  2.94447E+07,  3.00246E+07,  3.05716E+07,  3.10862E+07,  3.15688E+07,  3.20201E+07,  3.24408E+07,  3.28318E+07,  3.31939E+07,  3.35279E+07,  3.38349E+07,  3.41157E+07,  3.43714E+07,  3.46030E+07,  3.48114E+07,  3.49976E+07,  3.51627E+07,  3.53075E+07,  3.54331E+07,  3.55404E+07,  3.56302E+07,  3.57036E+07,  3.57613E+07
  1.00000E+00,  1.00000E+00,  1.00001E+00,  1.00008E+00,  1.00043E+00,  1.00153E+00,  1.00411E+00,  1.00925E+00,  1.01865E+00,  1.03544E+00,  1.06571E+00,  1.12167E+00,  1.22816E+00,  1.43616E+00,  1.85122E+00,  2.69235E+00,  4.41291E+00,  7.94354E+00,  1.51689E+01,  2.98352E+01,  5.92202E+01,  1.17092E+02,  2.28738E+02,  4.39139E+02,  8.25670E+02,  1.51687E+03,  2.71881E+03,  4.75029E+03,  8.08720E+03,  1.34152E+04,  2.16884E+04,  3.41896E+04,  5.25874E+04,  7.89815E+04,  1.15932E+05,  1.66462E+05,  2.34038E+05,  3.22508E+05,  4.36023E+05,  5.78919E+05,  7.55585E+05,  9.70314E+05,  1.22715E+06,  1.52974E+06,  1.88121E+06,  2.28403E+06,  2.73993E+06,  3.24985E+06,  3.81390E+06,  4.43138E+06,  5.10076E+06,  5.81978E+06,  6.58549E+06,  7.39435E+06,  8.24231E+06,  9.12495E+06,  1.00375E+07,  1.09751E+07,  1.19326E+07,  1.29051E+07,  1.38874E+07,  1.48749E+07,  1.58628E+07,  1.68467E+07,  1.78226E+07,  1.87865E+07,  1.97350E+07,  2.06649E+07,  2.15734E+07,  2.24580E+07,  2.33167E+07,  2.41476E+07,  2.49491E+07,  2.57201E+07,  2.64596E+07,  2.71669E+07,  2.78417E+07,  2.84835E+07,  2.90925E+07,  2.96687E+07,  3.02123E+07,  3.07239E+07,  3.12038E+07,  3.16528E+07,  3.20716E+07,  3.24608E+07,  3.28215E+07,  3.31544E+07,  3.34604E+07,  3.37406E+07,  3.39959E+07,  3.42272E+07,  3.44356E+07,  3.46219E+07,  3.47873E+07,  3.49326E+07,  3.50588E+07,  3.51669E+07,  3.52576E+07,  3.53319E+07,  3.53907E+07
  1.00000E+00,  1.00000E+00,  1.00001E+00,  1.00008E+00,  1.00042E+00,  1.00151E+00,  1.00407E+00,  1.00916E+00,  1.01847E+00,  1.03509E+00,  1.06501E+00,  1.12027E+00,  1.22526E+00,  1.43006E+00,  1.83814E+00,  2.66404E+00,  4.35135E+00,  7.80989E+00,  1.48807E+01,  2.92210E+01,  5.79324E+01,  1.14445E+02,  2.23421E+02,  4.28729E+02,  8.05829E+02,  1.48010E+03,  2.65263E+03,  4.63459E+03,  7.89071E+03,  1.30909E+04,  2.11679E+04,  3.33768E+04,  5.13508E+04,  7.71471E+04,  1.13276E+05,  1.62704E+05,  2.28836E+05,  3.15455E+05,  4.26647E+05,  5.66684E+05,  7.39896E+05,  9.50525E+05,  1.20257E+06,  1.49966E+06,  1.84489E+06,  2.24073E+06,  2.68893E+06,  3.19045E+06,  3.74544E+06,  4.35324E+06,  5.01240E+06,  5.72071E+06,  6.47530E+06,  7.27271E+06,  8.10897E+06,  8.97973E+06,  9.88033E+06,  1.08059E+07,  1.17515E+07,  1.27121E+07,  1.36829E+07,  1.46589E+07,  1.56357E+07,  1.66089E+07,  1.75743E+07,  1.85282E+07,  1.94671E+07,  2.03879E+07,  2.12877E+07,  2.21642E+07,  2.30151E+07,  2.38387E+07,  2.46334E+07,  2.53981E+07,  2.61318E+07,  2.68337E+07,  2.75035E+07,  2.81408E+07,  2.87456E+07,  2.93180E+07,  2.98583E+07,  3.03669E+07,  3.08442E+07,  3.12909E+07,  3.17076E+07,  3.20952E+07,  3.24544E+07,  3.27861E+07,  3.30913E+07,  3.33708E+07,  3.36256E+07,  3.38567E+07,  3.40650E+07,  3.42515E+07,  3.44172E+07,  3.45629E+07,  3.46897E+07,  3.47985E+07,  3.48901E+07,  3.49654E+07,  3.50252E+07
  1.00000E+00,  1.00000E+00,  1.00001E+00,  1.00008E+00,  1.00042E+00,  1.00149E+00,  1.00402E+00,  1.00907E+00,  1.01829E+00,  1.03474E+00,  1.06432E+00,  1.11889E+00,  1.22242E+00,  1.42407E+00,  1.82533E+00,  2.63636E+00,  4.29123E+00,  7.67949E+00,  1.45997E+01,  2.86227E+01,  5.66789E+01,  1.11870E+02,  2.18252E+02,  4.18608E+02,  7.86544E+02,  1.44437E+03,  2.58832E+03,  4.52214E+03,  7.69968E+03,  1.27755E+04,  2.06617E+04,  3.25859E+04,  5.01472E+04,  7.53612E+04,  1.10689E+05,  1.59042E+05,  2.23765E+05,  3.08578E+05,  4.17500E+05,  5.54743E+05,  7.24578E+05,  9.31196E+05,  1.17856E+06,  1.47026E+06,  1.80937E+06,  2.19837E+06,  2.63902E+06,  3.13230E+06,  3.67839E+06,  4.27670E+06,  4.92581E+06,  5.62359E+06,  6.36725E+06,  7.15339E+06,  7.97814E+06,  8.83721E+06,  9.72602E+06,  1.06398E+07,  1.15736E+07,  1.25226E+07,  1.34819E+07,  1.44467E+07,  1.54126E+07,  1.63751E+07,  1.73302E+07,  1.82742E+07,  1.92037E+07,  2.01154E+07,  2.10067E+07,  2.18750E+07,  2.27183E+07,  2.35347E+07,  2.43227E+07,  2.50811E+07,  2.58089E+07,  2.65055E+07,  2.71703E+07,  2.78031E+07,  2.84039E+07,  2.89726E+07,  2.95095E+07,  3.00151E+07,  3.04898E+07,  3.09341E+07,  3.13489E+07,  3.17347E+07,  3.20925E+07,  3.24231E+07,  3.27273E+07,  3.30062E+07,  3.32605E+07,  3.34913E+07,  3.36996E+07,  3.38862E+07,  3.40521E+07,  3.41983E+07,  3.43257E+07,  3.44351E+07,  3.45276E+07,  3.46038E+07,  3.46647E+07
  1.00000E+00,  1.00000E+00,  1.00001E+00,  1.00007E+00,  1.00041E+00,  1.00147E+00,  1.00398E+00,  1.00898E+00,  1.01812E+00,  1.03439E+00,  1.06365E+00,  1.11753E+00,  1.21962E+00,  1.41820E+00,  1.81279E+00,  2.60928E+00,  4.23250E+00,  7.55224E+00,  1.43258E+01,  2.80400E+01,  5.54587E+01,  1.09365E+02,  2.13224E+02,  4.08769E+02,  7.67798E+02,  1.40965E+03,  2.52580E+03,  4.41281E+03,  7.51395E+03,  1.24689E+04,  2.01692E+04,  3.18163E+04,  4.89757E+04,  7.36222E+04,  1.08169E+05,  1.55474E+05,  2.18822E+05,  3.01870E+05,  4.08576E+05,  5.43088E+05,  7.09621E+05,  9.12314E+05,  1.15509E+06,  1.44151E+06,  1.77463E+06,  2.15693E+06,  2.59017E+06,  3.07536E+06,  3.61273E+06,  4.20170E+06,  4.84094E+06,  5.52838E+06,  6.26129E+06,  7.03636E+06,  7.84977E+06,  8.69733E+06,  9.57453E+06,  1.04767E+07,  1.13989E+07,  1.23364E+07,  1.32844E+07,  1.42381E+07,  1.51932E+07,  1.61452E+07,  1.70902E+07,  1.80244E+07,  1.89445E+07,  1.98473E+07,  2.07301E+07,  2.15904E+07,  2.24261E+07,  2.32354E+07,  2.40167E+07,  2.47689E+07,  2.54910E+07,  2.61823E+07,  2.68422E+07,  2.74705E+07,  2.80672E+07,  2.86322E+07,  2.91658E+07,  2.96684E+07,  3.01405E+07,  3.05825E+07,  3.09953E+07,  3.13794E+07,  3.17358E+07,  3.20652E+07,  3.23685E+07,  3.26467E+07,  3.29005E+07,  3.31311E+07,  3.33392E+07,  3.35259E+07,  3.36921E+07,  3.38387E+07,  3.39666E+07,  3.40768E+07,  3.41700E+07,  3.42471E+07,  3.43090E+07
  1.00000E+00,  1.00000E+00,  1.00001E+00,  1.00007E+00,  1.00040E+00,  1.00145E+00,  1.00394E+00,  1.00889E+00,  1.01794E+00,  1.03406E+00,  1.06298E+00,  1.11619E+00,  1.21688E+00,  1.41244E+00,  1.80050E+00,  2.58279E+00,  4.17511E+00,  7.42805E+00,  1.40588E+01,  2.74722E+01,  5.42707E+01,  1.06928E+02,  2.08334E+02,  3.99202E+02,  7.49574E+02,  1.37589E+03,  2.46503E+03,  4.30653E+03,  7.33336E+03,  1.21706E+04,  1.96902E+04,  3.10675E+04,  4.78354E+04,  7.19288E+04,  1.05714E+05,  1.51997E+05,  2.14002E+05,  2.95328E+05,  3.99868E+05,  5.31711E+05,  6.95014E+05,  8.93868E+05,  1.13215E+06,  1.41340E+06,  1.74066E+06,  2.11638E+06,  2.54236E+06,  3.01961E+06,  3.54841E+06,  4.12822E+06,  4.75776E+06,  5.43504E+06,  6.15738E+06,  6.92155E+06,  7.72381E+06,  8.56004E+06,  9.42581E+06,  1.03165E+07,  1.12273E+07,  1.21535E+07,  1.30903E+07,  1.40331E+07,  1.49775E+07,  1.59191E+07,  1.68541E+07,  1.77787E+07,  1.86896E+07,  1.95836E+07,  2.04580E+07,  2.13103E+07,  2.21385E+07,  2.29407E+07,  2.37155E+07,  2.44616E+07,  2.51779E+07,  2.58639E+07,  2.65190E+07,  2.71429E+07,  2.77355E+07,  2.82968E+07,  2.88271E+07,  2.93268E+07,  2.97962E+07,  3.02360E+07,  3.06468E+07,  3.10292E+07,  3.13841E+07,  3.17124E+07,  3.20147E+07,  3.22922E+07,  3.25455E+07,  3.27758E+07,  3.29839E+07,  3.31706E+07,  3.33370E+07,  3.34840E+07,  3.36125E+07,  3.37232E+07,  3.38172E+07,  3.38952E+07,  3.39581E+07
  1.00000E+00,  1.00000E+00,  1.00001E+00,  1.00007E+00,  1.00040E+00,  1.00144E+00,  1.00389E+00,  1.00880E+00,  1.01777E+00,  1.03372E+00,  1.06233E+00,  1.11488E+00,  1.21418E+00,  1.40679E+00,  1.78847E+00,  2.55687E+00,  4.11904E+00,  7.30684E+00,  1.37984E+01,  2.69191E+01,  5.31140E+01,  1.04555E+02,  2.03577E+02,  3.89898E+02,  7.31854E+02,  1.34307E+03,  2.40595E+03,  4.20319E+03,  7.15774E+03,  1.18805E+04,  1.92241E+04,  3.03387E+04,  4.67252E+04,  7.02797E+04,  1.03323E+05,  1.48608E+05,  2.09303E+05,  2.88947E+05,  3.91371E+05,  5.20605E+05,  6.80750E+05,  8.75847E+05,  1.10974E+06,  1.38592E+06,  1.70742E+06,  2.07671E+06,  2.49556E+06,  2.96502E+06,  3.48540E+06,  4.05622E+06,  4.67624E+06,  5.34352E+06,  6.05546E+06,  6.80891E+06,  7.60020E+06,  8.42528E+06,  9.27980E+06,  1.01592E+07,  1.10587E+07,  1.19738E+07,  1.28996E+07,  1.38316E+07,  1.47654E+07,  1.56969E+07,  1.66220E+07,  1.75371E+07,  1.84388E+07,  1.93240E+07,  2.01901E+07,  2.10346E+07,  2.18554E+07,  2.26507E+07,  2.34189E+07,  2.41589E+07,  2.48696E+07,  2.55503E+07,  2.62006E+07,  2.68201E+07,  2.74086E+07,  2.79663E+07,  2.84934E+07,  2.89901E+07,  2.94569E+07,  2.98944E+07,  3.03032E+07,  3.06839E+07,  3.10374E+07,  3.13645E+07,  3.16659E+07,  3.19426E+07,  3.21955E+07,  3.24254E+07,  3.26334E+07,  3.28202E+07,  3.29868E+07,  3.31342E+07,  3.32631E+07,  3.33745E+07,  3.34692E+07,  3.35481E+07,  3.36120E+07
  1.00000E+00,  1.00000E+00,  1.00001E+00,  1.00007E+00,  1.00039E+00,  1.00142E+00,  1.00385E+00,  1.00871E+00,  1.01760E+00,  1.03339E+00,  1.06168E+00,  1.11359E+00,  1.21154E+00,  1.40125E+00,  1.77668E+00,  2.53152E+00,  4.06425E+00,  7.18851E+00,  1.35444E+01,  2.63801E+01,  5.19877E+01,  1.02247E+02,  1.98950E+02,  3.80849E+02,  7.14624E+02,  1.31115E+03,  2.34850E+03,  4.10271E+03,  6.98694E+03,  1.15983E+04,  1.87707E+04,  2.96294E+04,  4.56443E+04,  6.86735E+04,  1.00993E+05,  1.45305E+05,  2.04721E+05,  2.82722E+05,  3.83080E+05,  5.09763E+05,  6.66818E+05,  8.58239E+05,  1.08782E+06,  1.35905E+06,  1.67492E+06,  2.03788E+06,  2.44974E+06,  2.91157E+06,  3.42369E+06,  3.98567E+06,  4.59632E+06,  5.25378E+06,  5.95551E+06,  6.69841E+06,  7.47890E+06,  8.29300E+06,  9.13643E+06,  1.00047E+07,  1.08932E+07,  1.17972E+07,  1.27122E+07,  1.36335E+07,  1.45570E+07,  1.54783E+07,  1.63936E+07,  1.72993E+07,  1.81920E+07,  1.90687E+07,  1.99265E+07,  2.07633E+07,  2.15767E+07,  2.23651E+07,  2.31268E+07,  2.38608E+07,  2.45659E+07,  2.52414E+07,  2.58869E+07,  2.65020E+07,  2.70866E+07,  2.76407E+07,  2.81645E+07,  2.86583E+07,  2.91225E+07,  2.95577E+07,  2.99645E+07,  3.03435E+07,  3.06956E+07,  3.10214E+07,  3.13219E+07,  3.15979E+07,  3.18503E+07,  3.20799E+07,  3.22877E+07,  3.24746E+07,  3.26414E+07,  3.27891E+07,  3.29185E+07,  3.30305E+07,  3.31259E+07,  3.32057E+07,  3.32705E+07
  1.00000E+00,  1.00000E+00,  1.00001E+00,  1.00007E+00,  1.00039E+00,  1.00140E+00,  1.00381E+00,  1.00863E+00,  1.01743E+00,  1.03307E+00,  1.06105E+00,  1.11232E+00,  1.20894E+00,  1.39581E+00,  1.76513E+00,  2.50671E+00,  4.01070E+00,  7.07300E+00,  1.32967E+01,  2.58548E+01,  5.08907E+01,  9.99995E+01,  1.94447E+02,  3.72048E+02,  6.97867E+02,  1.28012E+03,  2.29263E+03,  4.00499E+03,  6.82082E+03,  1.13238E+04,  1.83294E+04,  2.89390E+04,  4.45919E+04,  6.71091E+04,  9.87224E+04,  1.42085E+05,  2.00254E+05,  2.76650E+05,  3.74987E+05,  4.99177E+05,  6.53211E+05,  8.41034E+05,  1.06641E+06,  1.33277E+06,  1.64311E+06,  1.99989E+06,  2.40489E+06,  2.85922E+06,  3.36323E+06,  3.91653E+06,  4.51799E+06,  5.16579E+06,  5.85746E+06,  6.58999E+06,  7.35985E+06,  8.16315E+06,  8.99565E+06,  9.85295E+06,  1.07305E+07,  1.16237E+07,  1.25279E+07,  1.34388E+07,  1.43520E+07,  1.52634E+07,  1.61691E+07,  1.70655E+07,  1.79492E+07,  1.88174E+07,  1.96671E+07,  2.04962E+07,  2.13023E+07,  2.20839E+07,  2.28392E+07,  2.35672E+07,  2.42668E+07,  2.49372E+07,  2.55779E+07,  2.61887E+07,  2.67693E+07,  2.73198E+07,  2.78403E+07,  2.83312E+07,  2.87929E+07,  2.92258E+07,  2.96306E+07,  3.00079E+07,  3.03585E+07,  3.06832E+07,  3.09827E+07,  3.12580E+07,  3.15098E+07,  3.17391E+07,  3.19467E+07,  3.21336E+07,  3.23006E+07,  3.24486E+07,  3.25785E+07,  3.26911E+07,  3.27873E+07,  3.28678E+07,  3.29335E+07
  1.00000E+00,  1.00000E+00,  1.00001E+00,  1.00007E+00,  1.00038E+00,  1.00139E+00,  1.00377E+00,  1.00854E+00,  1.01726E+00,  1.03274E+00,  1.06042E+00,  1.11107E+00,  1.20638E+00,  1.39048E+00,  1.75381E+00,  2.48244E+00,  3.95837E+00,  6.96021E+00,  1.30551E+01,  2.53428E+01,  4.98223E+01,  9.78119E+01,  1.90066E+02,  3.63486E+02,  6.81570E+02,  1.24994E+03,  2.23831E+03,  3.90994E+03,  6.65923E+03,  1.10567E+04,  1.79000E+04,  2.82669E+04,  4.35671E+04,  6.55851E+04,  9.65101E+04,  1.38946E+05,  1.95896E+05,  2.70726E+05,  3.67089E+05,  4.88840E+05,  6.39919E+05,  8.24221E+05,  1.04547E+06,  1.30707E+06,  1.61200E+06,  1.96270E+06,  2.36098E+06,  2.80795E+06,  3.30400E+06,  3.84877E+06,  4.44119E+06,  5.07950E+06,  5.76129E+06,  6.48361E+06,  7.24302E+06,  8.03566E+06,  8.85742E+06,  9.70392E+06,  1.05707E+07,  1.14532E+07,  1.23469E+07,  1.32474E+07,  1.41505E+07,  1.50520E+07,  1.59482E+07,  1.68354E+07,  1.77103E+07,  1.85700E+07,  1.94118E+07,  2.02332E+07,  2.10322E+07,  2.18070E+07,  2.25560E+07,  2.32780E+07,  2.39721E+07,  2.46374E+07,  2.52735E+07,  2.58799E+07,  2.64566E+07,  2.70035E+07,  2.75208E+07,  2.80088E+07,  2.84679E+07,  2.88986E+07,  2.93014E+07,  2.96770E+07,  3.00262E+07,  3.03497E+07,  3.06482E+07,  3.09227E+07,  3.11740E+07,  3.14030E+07,  3.16104E+07,  3.17973E+07,  3.19645E+07,  3.21128E+07,  3.22431E+07,  3.23563E+07,  3.24531E+07,  3.25344E+07,  3.26010E+07
  1.00000E+00,  1.00000E+00,  1.00001E+00,  1.00007E+00,  1.00038E+00,  1.00137E+00,  1.00373E+00,  1.00846E+00,  1.01710E+00,  1.03243E+00,  1.05980E+00,  1.10984E+00,  1.20387E+00,  1.38524E+00,  1.74272E+00,  2.45868E+00,  3.90720E+00,  6.85007E+00,  1.28194E+01,  2.48438E+01,  4.87816E+01,  9.56822E+01,  1.85803E+02,  3.55157E+02,  6.65718E+02,  1.22059E+03,  2.18547E+03,  3.81750E+03,  6.50203E+03,  1.07968E+04,  1.74820E+04,  2.76126E+04,  4.25691E+04,  6.41005E+04,  9.43540E+04,  1.35886E+05,  1.91647E+05,  2.64945E+05,  3.59380E+05,  4.78748E+05,  6.26935E+05,  8.07791E+05,  1.02500E+06,  1.28194E+06,  1.58156E+06,  1.92631E+06,  2.31799E+06,  2.75774E+06,  3.24596E+06,  3.78236E+06,  4.36590E+06,  4.99488E+06,  5.66695E+06,  6.37923E+06,  7.12834E+06,  7.91051E+06,  8.72167E+06,  9.55754E+06,  1.04137E+07,  1.12856E+07,  1.21689E+07,  1.30593E+07,  1.39523E+07,  1.48441E+07,  1.57309E+07,  1.66090E+07,  1.74753E+07,  1.83266E+07,  1.91605E+07,  1.99744E+07,  2.07663E+07,  2.15343E+07,  2.22771E+07,  2.29933E+07,  2.36819E+07,  2.43421E+07,  2.49735E+07,  2.55757E+07,  2.61485E+07,  2.66918E+07,  2.72059E+07,  2.76910E+07,  2.81476E+07,  2.85760E+07,  2.89768E+07,  2.93507E+07,  2.96985E+07,  3.00208E+07,  3.03184E+07,  3.05921E+07,  3.08428E+07,  3.10714E+07,  3.12787E+07,  3.14656E+07,  3.16329E+07,  3.17815E+07,  3.19122E+07,  3.20259E+07,  3.21234E+07,  3.22055E+07,  3.22729E+07
  1.00000E+00,  1.00000E+00,  1.00001E+00,  1.00007E+00,  1.00037E+00,  1.00135E+00,  1.00369E+00,  1.00837E+00,  1.01694E+00,  1.03212E+00,  1.05920E+00,  1.10863E+00,  1.20140E+00,  1.38011E+00,  1.73185E+00,  2.43542E+00,  3.85718E+00,  6.74252E+00,  1.25894E+01,  2.43572E+01,  4.77676E+01,  9.36084E+01,  1.81653E+02,  3.47052E+02,  6.50296E+02,  1.19204E+03,  2.13407E+03,  3.72757E+03,  6.34909E+03,  1.05439E+04,  1.70752E+04,  2.69756E+04,  4.15971E+04,  6.26541E+04,  9.22527E+04,  1.32902E+05,  1.87502E+05,  2.59305E+05,  3.51855E+05,  4.68892E+05,  6.14251E+05,  7.91734E+05,  1.00498E+06,  1.25735E+06,  1.55178E+06,  1.89069E+06,  2.27590E+06,  2.70855E+06,  3.18910E+06,  3.71728E+06,  4.29209E+06,  4.91189E+06,  5.57440E+06,  6.27680E+06,  7.01577E+06,  7.78763E+06,  8.58836E+06,  9.41374E+06,  1.02594E+07,  1.11210E+07,  1.19940E+07,  1.28742E+07,  1.37575E+07,  1.46397E+07,  1.55171E+07,  1.63863E+07,  1.72440E+07,  1.80871E+07,  1.89131E+07,  1.97195E+07,  2.05044E+07,  2.12658E+07,  2.20024E+07,  2.27127E+07,  2.33959E+07,  2.40512E+07,  2.46780E+07,  2.52759E+07,  2.58448E+07,  2.63846E+07,  2.68955E+07,  2.73778E+07,  2.78318E+07,  2.82579E+07,  2.86568E+07,  2.90290E+07,  2.93753E+07,  2.96964E+07,  2.99930E+07,  3.02660E+07,  3.05162E+07,  3.07444E+07,  3.09515E+07,  3.11383E+07,  3.13057E+07,  3.14546E+07,  3.15857E+07,  3.16999E+07,  3.17981E+07,  3.18809E+07,  3.19492E+07
  1.00000E+00,  1.00000E+00,  1.00001E+00,  1.00007E+00,  1.00037E+00,  1.00134E+00,  1.00365E+00,  1.00829E+00,  1.01678E+00,  1.03181E+00,  1.05860E+00,  1.10744E+00,  1.19898E+00,  1.37506E+00,  1.72120E+00,  2.41266E+00,  3.80828E+00,  6.63747E+00,  1.23650E+01,  2.38829E+01,  4.67797E+01,  9.15890E+01,  1.77614E+02,  3.39165E+02,  6.35293E+02,  1.16426E+03,  2.08407E+03,  3.64007E+03,  6.20027E+03,  1.02978E+04,  1.66792E+04,  2.63553E+04,  4.06504E+04,  6.12448E+04,  9.02045E+04,  1.29993E+05,  1.83459E+05,  2.53802E+05,  3.44508E+05,  4.59266E+05,  6.01858E+05,  7.76041E+05,  9.85417E+05,  1.23331E+06,  1.52264E+06,  1.85582E+06,  2.23468E+06,  2.66038E+06,  3.13339E+06,  3.65348E+06,  4.21971E+06,  4.83049E+06,  5.48360E+06,  6.17628E+06,  6.90528E+06,  7.66698E+06,  8.45743E+06,  9.27248E+06,  1.01078E+07,  1.09592E+07,  1.18221E+07,  1.26924E+07,  1.35658E+07,  1.44386E+07,  1.53069E+07,  1.61672E+07,  1.70163E+07,  1.78513E+07,  1.86696E+07,  1.94687E+07,  2.02465E+07,  2.10014E+07,  2.17318E+07,  2.24364E+07,  2.31143E+07,  2.37646E+07,  2.43868E+07,  2.49805E+07,  2.55455E+07,  2.60818E+07,  2.65896E+07,  2.70690E+07,  2.75204E+07,  2.79443E+07,  2.83412E+07,  2.87118E+07,  2.90566E+07,  2.93765E+07,  2.96721E+07,  2.99443E+07,  3.01939E+07,  3.04218E+07,  3.06287E+07,  3.08154E+07,  3.09830E+07,  3.11321E+07,  3.12636E+07,  3.13783E+07,  3.14771E+07,  3.15606E+07,  3.16297E+07
  1.00000E+00,  1.00000E+00,  1.00001E+00,  1.00006E+00,  1.00036E+00,  1.00132E+00,  1.00361E+00,  1.00821E+00,  1.01662E+00,  1.03150E+00,  1.05801E+00,  1.10626E+00,  1.19659E+00,  1.37012E+00,  1.71075E+00,  2.39038E+00,  3.76046E+00,  6.53486E+00,  1.21460E+01,  2.34203E+01,  4.58171E+01,  8.96223E+01,  1.73682E+02,  3.31490E+02,  6.20695E+02,  1.13724E+03,  2.03542E+03,  3.55495E+03,  6.05546E+03,  1.00583E+04,  1.62937E+04,  2.57513E+04,  3.97282E+04,  5.98716E+04,  8.82081E+04,  1.27156E+05,  1.79515E+05,  2.48431E+05,  3.37336E+05,  4.49865E+05,  5.89750E+05,  7.60701E+05,  9.66283E+05,  1.20979E+06,  1.49412E+06,  1.82169E+06,  2.19432E+06,  2.61319E+06,  3.07879E+06,  3.59095E+06,  4.14875E+06,  4.75066E+06,  5.39452E+06,  6.07763E+06,  6.79681E+06,  7.54851E+06,  8.32884E+06,  9.13372E+06,  9.95890E+06,  1.08001E+07,  1.16530E+07,  1.25135E+07,  1.33774E+07,  1.42408E+07,  1.51000E+07,  1.59516E+07,  1.67923E+07,  1.76193E+07,  1.84298E+07,  1.92216E+07,  1.99926E+07,  2.07410E+07,  2.14653E+07,  2.21642E+07,  2.28368E+07,  2.34822E+07,  2.40998E+07,  2.46893E+07,  2.52505E+07,  2.57834E+07,  2.62880E+07,  2.67646E+07,  2.72135E+07,  2.76351E+07,  2.80301E+07,  2.83989E+07,  2.87423E+07,  2.90610E+07,  2.93556E+07,  2.96271E+07,  2.98761E+07,  3.01035E+07,  3.03102E+07,  3.04969E+07,  3.06645E+07,  3.08139E+07,  3.09457E+07,  3.10609E+07,  3.11603E+07,  3.12445E+07,  3.13144E+07
  1.00000E+00,  1.00000E+00,  1.00001E+00,  1.00006E+00,  1.00036E+00,  1.00130E+00,  1.00358E+00,  1.00813E+00,  1.01646E+00,  1.03120E+00,  1.05742E+00,  1.10511E+00,  1.19425E+00,  1.36526E+00,  1.70052E+00,  2.36856E+00,  3.71369E+00,  6.43461E+00,  1.19323E+01,  2.29693E+01,  4.48790E+01,  8.77068E+01,  1.69853E+02,  3.24020E+02,  6.06489E+02,  1.11095E+03,  1.98809E+03,  3.47212E+03,  5.91453E+03,  9.82511E+03,  1.59184E+04,  2.51630E+04,  3.88298E+04,  5.85334E+04,  8.62618E+04,  1.24389E+05,  1.75667E+05,  2.43189E+05,  3.30334E+05,  4.40683E+05,  5.77919E+05,  7.45706E+05,  9.47573E+05,  1.18678E+06,  1.46622E+06,  1.78828E+06,  2.15479E+06,  2.56695E+06,  3.02529E+06,  3.52964E+06,  4.07916E+06,  4.67235E+06,  5.30712E+06,  5.98081E+06,  6.69033E+06,  7.43218E+06,  8.20254E+06,  8.99738E+06,  9.81255E+06,  1.06438E+07,  1.14869E+07,  1.23376E+07,  1.31921E+07,  1.40462E+07,  1.48965E+07,  1.57394E+07,  1.65718E+07,  1.73909E+07,  1.81938E+07,  1.89784E+07,  1.97426E+07,  2.04846E+07,  2.12028E+07,  2.18961E+07,  2.25634E+07,  2.32039E+07,  2.38170E+07,  2.44024E+07,  2.49598E+07,  2.54892E+07,  2.59907E+07,  2.64644E+07,  2.69108E+07,  2.73303E+07,  2.77233E+07,  2.80904E+07,  2.84324E+07,  2.87498E+07,  2.90435E+07,  2.93141E+07,  2.95625E+07,  2.97896E+07,  2.99960E+07,  3.01826E+07,  3.03503E+07,  3.04999E+07,  3.06321E+07,  3.07477E+07,  3.08477E+07,  3.09326E+07,  3.10033E+07
  1.00000E+00,  1.00000E+00,  1.00001E+00,  1.00006E+00,  1.00035E+00,  1.00129E+00,  1.00354E+00,  1.00805E+00,  1.01631E+00,  1.03091E+00,  1.05685E+00,  1.10397E+00,  1.19195E+00,  1.36049E+00,  1.69048E+00,  2.34719E+00,  3.66795E+00,  6.33668E+00,  1.17237E+01,  2.25294E+01,  4.39647E+01,  8.58408E+01,  1.66126E+02,  3.16749E+02,  5.92664E+02,  1.08536E+03,  1.94203E+03,  3.39151E+03,  5.77737E+03,  9.59813E+03,  1.55529E+04,  2.45901E+04,  3.79546E+04,  5.72292E+04,  8.43643E+04,  1.21691E+05,  1.71913E+05,  2.38072E+05,  3.23496E+05,  4.31714E+05,  5.66358E+05,  7.31049E+05,  9.29276E+05,  1.16427E+06,  1.43891E+06,  1.75556E+06,  2.11608E+06,  2.52166E+06,  2.97286E+06,  3.46955E+06,  4.01092E+06,  4.59554E+06,  5.22135E+06,  5.88579E+06,  6.58579E+06,  7.31794E+06,  8.07847E+06,  8.86344E+06,  9.66872E+06,  1.04901E+07,  1.13235E+07,  1.21647E+07,  1.30098E+07,  1.38548E+07,  1.46962E+07,  1.55306E+07,  1.63549E+07,  1.71660E+07,  1.79615E+07,  1.87390E+07,  1.94964E+07,  2.02320E+07,  2.09443E+07,  2.16319E+07,  2.22940E+07,  2.29297E+07,  2.35383E+07,  2.41196E+07,  2.46732E+07,  2.51992E+07,  2.56976E+07,  2.61685E+07,  2.66124E+07,  2.70296E+07,  2.74207E+07,  2.77861E+07,  2.81266E+07,  2.84429E+07,  2.87355E+07,  2.90054E+07,  2.92532E+07,  2.94798E+07,  2.96860E+07,  2.98725E+07,  3.00403E+07,  3.01900E+07,  3.03226E+07,  3.04387E+07,  3.05392E+07,  3.06247E+07,  3.06962E+07
  1.00000E+00,  1.00000E+00,  1.00001E+00,  1.00006E+00,  1.00035E+00,  1.00127E+00,  1.00350E+00,  1.00798E+00,  1.01615E+00,  1.03062E+00,  1.05629E+00,  1.10286E+00,  1.18968E+00,  1.35581E+00,  1.68064E+00,  2.32627E+00,  3.62321E+00,  6.24098E+00,  1.15200E+01,  2.21003E+01,  4.30734E+01,  8.40229E+01,  1.62496E+02,  3.09670E+02,  5.79208E+02,  1.06046E+03,  1.89721E+03,  3.31306E+03,  5.64386E+03,  9.37716E+03,  1.51971E+04,  2.40321E+04,  3.71018E+04,  5.59580E+04,  8.25143E+04,  1.19059E+05,  1.68250E+05,  2.33078E+05,  3.16820E+05,  4.22952E+05,  5.55060E+05,  7.16719E+05,  9.11381E+05,  1.14225E+06,  1.41218E+06,  1.72353E+06,  2.07816E+06,  2.47728E+06,  2.92147E+06,  3.41063E+06,  3.94400E+06,  4.52018E+06,  5.13720E+06,  5.79251E+06,  6.48316E+06,  7.20575E+06,  7.95661E+06,  8.73183E+06,  9.52737E+06,  1.03391E+07,  1.11629E+07,  1.19947E+07,  1.28305E+07,  1.36665E+07,  1.44992E+07,  1.53252E+07,  1.61413E+07,  1.69447E+07,  1.77327E+07,  1.85031E+07,  1.92539E+07,  1.99832E+07,  2.06896E+07,  2.13717E+07,  2.20286E+07,  2.26595E+07,  2.32637E+07,  2.38409E+07,  2.43908E+07,  2.49133E+07,  2.54086E+07,  2.58768E+07,  2.63182E+07,  2.67332E+07,  2.71223E+07,  2.74860E+07,  2.78251E+07,  2.81401E+07,  2.84317E+07,  2.87008E+07,  2.89480E+07,  2.91742E+07,  2.93801E+07,  2.95666E+07,  2.97343E+07,  2.98843E+07,  3.00171E+07,  3.01337E+07,  3.02347E+07,  3.03209E+07,  3.03931E+07
  1.00000E+00,  1.00000E+00,  1.00001E+00,  1.00006E+00,  1.00034E+00,  1.00126E+00,  1.00346E+00,  1.00790E+00,  1.01600E+00,  1.03033E+00,  1.05573E+00,  1.10176E+00,  1.18746E+00,  1.35121E+00,  1.67099E+00,  2.30578E+00,  3.57945E+00,  6.14747E+00,  1.13212E+01,  2.16817E+01,  4.22046E+01,  8.22518E+01,  1.58961E+02,  3.02778E+02,  5.66110E+02,  1.03622E+03,  1.85359E+03,  3.23670E+03,  5.51390E+03,  9.16202E+03,  1.48505E+04,  2.34885E+04,  3.62708E+04,  5.47190E+04,  8.07104E+04,  1.16492E+05,  1.64675E+05,  2.28203E+05,  3.10300E+05,  4.14393E+05,  5.44018E+05,  7.02708E+05,  8.93879E+05,  1.12071E+06,  1.38601E+06,  1.69217E+06,  2.04103E+06,  2.43381E+06,  2.87111E+06,  3.35287E+06,  3.87836E+06,  4.44626E+06,  5.05461E+06,  5.70096E+06,  6.38238E+06,  7.09556E+06,  7.83689E+06,  8.60252E+06,  9.38845E+06,  1.01906E+07,  1.10049E+07,  1.18274E+07,  1.26541E+07,  1.34813E+07,  1.43054E+07,  1.51230E+07,  1.59311E+07,  1.67268E+07,  1.75075E+07,  1.82709E+07,  1.90151E+07,  1.97381E+07,  2.04386E+07,  2.11153E+07,  2.17671E+07,  2.23932E+07,  2.29930E+07,  2.35661E+07,  2.41123E+07,  2.46315E+07,  2.51237E+07,  2.55891E+07,  2.60280E+07,  2.64408E+07,  2.68280E+07,  2.71901E+07,  2.75277E+07,  2.78414E+07,  2.81321E+07,  2.84003E+07,  2.86469E+07,  2.88727E+07,  2.90783E+07,  2.92646E+07,  2.94325E+07,  2.95825E+07,  2.97157E+07,  2.98326E+07,  2.99342E+07,  3.00210E+07,  3.00939E+07
  1.00000E+00,  1.00000E+00,  1.00001E+00,  1.00006E+00,  1.00034E+00,  1.00124E+00,  1.00343E+00,  1.00782E+00,  1.01586E+00,  1.03004E+00,  1.05518E+00,  1.10067E+00,  1.18527E+00,  1.34670E+00,  1.66153E+00,  2.28571E+00,  3.53663E+00,  6.05608E+00,  1.11271E+01,  2.12733E+01,  4.13575E+01,  8.05259E+01,  1.55517E+02,  2.96068E+02,  5.53359E+02,  1.01263E+03,  1.81112E+03,  3.16237E+03,  5.38737E+03,  8.95253E+03,  1.45130E+04,  2.29589E+04,  3.54610E+04,  5.35111E+04,  7.89513E+04,  1.13988E+05,  1.61187E+05,  2.23444E+05,  3.03933E+05,  4.06031E+05,  5.33226E+05,  6.89010E+05,  8.76760E+05,  1.09962E+06,  1.36040E+06,  1.66147E+06,  2.00465E+06,  2.39120E+06,  2.82174E+06,  3.29623E+06,  3.81399E+06,  4.37373E+06,  4.97356E+06,  5.61109E+06,  6.28343E+06,  6.98735E+06,  7.71928E+06,  8.47545E+06,  9.25191E+06,  1.00447E+07,  1.08497E+07,  1.16629E+07,  1.24806E+07,  1.32990E+07,  1.41146E+07,  1.49240E+07,  1.57241E+07,  1.65122E+07,  1.72857E+07,  1.80422E+07,  1.87798E+07,  1.94967E+07,  2.01914E+07,  2.08627E+07,  2.15094E+07,  2.21308E+07,  2.27262E+07,  2.32953E+07,  2.38378E+07,  2.43536E+07,  2.48428E+07,  2.53054E+07,  2.57419E+07,  2.61525E+07,  2.65377E+07,  2.68981E+07,  2.72343E+07,  2.75468E+07,  2.78364E+07,  2.81039E+07,  2.83499E+07,  2.85751E+07,  2.87805E+07,  2.89667E+07,  2.91345E+07,  2.92848E+07,  2.94182E+07,  2.95355E+07,  2.96376E+07,  2.97250E+07,  2.97986E+07
  1.00000E+00,  1.00000E+00,  1.00001E+00,  1.00006E+00,  1.00033E+00,  1.00123E+00,  1.00339E+00,  1.00775E+00,  1.01571E+00,  1.02976E+00,  1.05464E+00,  1.09960E+00,  1.18312E+00,  1.34227E+00,  1.65225E+00,  2.26605E+00,  3.49474E+00,  5.96675E+00,  1.09375E+01,  2.08748E+01,  4.05316E+01,  7.88441E+01,  1.52163E+02,  2.89533E+02,  5.40945E+02,  9.89665E+02,  1.76979E+03,  3.09000E+03,  5.26418E+03,  8.74853E+03,  1.41842E+04,  2.24429E+04,  3.46719E+04,  5.23337E+04,  7.72358E+04,  1.11545E+05,  1.57783E+05,  2.18798E+05,  2.97714E+05,  3.97860E+05,  5.22678E+05,  6.75616E+05,  8.60014E+05,  1.07899E+06,  1.33534E+06,  1.63140E+06,  1.96902E+06,  2.34945E+06,  2.77335E+06,  3.24069E+06,  3.75085E+06,  4.30257E+06,  4.89402E+06,  5.52286E+06,  6.18626E+06,  6.88106E+06,  7.60374E+06,  8.35058E+06,  9.11771E+06,  9.90116E+06,  1.06970E+07,  1.15012E+07,  1.23100E+07,  1.31197E+07,  1.39269E+07,  1.47281E+07,  1.55204E+07,  1.63010E+07,  1.70673E+07,  1.78170E+07,  1.85482E+07,  1.92590E+07,  1.99479E+07,  2.06137E+07,  2.12554E+07,  2.18721E+07,  2.24633E+07,  2.30284E+07,  2.35672E+07,  2.40797E+07,  2.45658E+07,  2.50257E+07,  2.54597E+07,  2.58681E+07,  2.62514E+07,  2.66101E+07,  2.69448E+07,  2.72562E+07,  2.75448E+07,  2.78114E+07,  2.80567E+07,  2.82816E+07,  2.84866E+07,  2.86727E+07,  2.88405E+07,  2.89909E+07,  2.91246E+07,  2.92423E+07,  2.93448E+07,  2.94328E+07,  2.95070E+07
  1.00000E+00,  1.00000E+00,  1.00000E+00,  1.00006E+00,  1.00033E+00,  1.00121E+00,  1.00336E+00,  1.00767E+00,  1.01556E+00,  1.02949E+00,  1.05410E+00,  1.09855E+00,  1.18100E+00,  1.33791E+00,  1.64314E+00,  2.24680E+00,  3.45375E+00,  5.87943E+00,  1.07524E+01,  2.04860E+01,  3.97262E+01,  7.72049E+01,  1.48896E+02,  2.83169E+02,  5.28857E+02,  9.67306E+02,  1.72954E+03,  3.01955E+03,  5.14422E+03,  8.54985E+03,  1.38640E+04,  2.19402E+04,  3.39027E+04,  5.11857E+04,  7.55627E+04,  1.09162E+05,  1.54461E+05,  2.14261E+05,  2.91639E+05,  3.89876E+05,  5.12367E+05,  6.62518E+05,  8.43633E+05,  1.05880E+06,  1.31080E+06,  1.60195E+06,  1.93411E+06,  2.30854E+06,  2.72591E+06,  3.18623E+06,  3.68892E+06,  4.23275E+06,  4.81596E+06,  5.43624E+06,  6.09085E+06,  6.77665E+06,  7.49022E+06,  8.22787E+06,  8.98579E+06,  9.76008E+06,  1.05468E+07,  1.13421E+07,  1.21421E+07,  1.29433E+07,  1.37421E+07,  1.45353E+07,  1.53199E+07,  1.60931E+07,  1.68522E+07,  1.75952E+07,  1.83199E+07,  1.90247E+07,  1.97079E+07,  2.03684E+07,  2.10051E+07,  2.16172E+07,  2.22041E+07,  2.27652E+07,  2.33004E+07,  2.38096E+07,  2.42926E+07,  2.47498E+07,  2.51814E+07,  2.55876E+07,  2.59690E+07,  2.63261E+07,  2.66593E+07,  2.69694E+07,  2.72570E+07,  2.75228E+07,  2.77675E+07,  2.79919E+07,  2.81966E+07,  2.83825E+07,  2.85503E+07,  2.87008E+07,  2.88347E+07,  2.89528E+07,  2.90558E+07,  2.91444E+07,  2.92193E+07
  1.00000E+00,  1.00000E+00,  1.00000E+00,  1.00006E+00,  1.00032E+00,  1.00120E+00,  1.00332E+00,  1.00760E+00,  1.01542E+00,  1.02921E+00,  1.05358E+00,  1.09752E+00,  1.17892E+00,  1.33364E+00,  1.63421E+00,  2.22793E+00,  3.41363E+00,  5.79407E+00,  1.05716E+01,  2.01065E+01,  3.89407E+01,  7.56071E+01,  1.45712E+02,  2.76970E+02,  5.17087E+02,  9.45536E+02,  1.69036E+03,  2.95095E+03,  5.02741E+03,  8.35635E+03,  1.35520E+04,  2.14503E+04,  3.31530E+04,  5.00663E+04,  7.39308E+04,  1.06836E+05,  1.51218E+05,  2.09831E+05,  2.85706E+05,  3.82075E+05,  5.02288E+05,  6.49709E+05,  8.27608E+05,  1.03905E+06,  1.28677E+06,  1.57311E+06,  1.89991E+06,  2.26845E+06,  2.67940E+06,  3.13283E+06,  3.62816E+06,  4.16424E+06,  4.73934E+06,  5.35120E+06,  5.99715E+06,  6.67410E+06,  7.37868E+06,  8.10728E+06,  8.85612E+06,  9.62137E+06,  1.03991E+07,  1.11856E+07,  1.19770E+07,  1.27697E+07,  1.35603E+07,  1.43456E+07,  1.51225E+07,  1.58883E+07,  1.66405E+07,  1.73768E+07,  1.80952E+07,  1.87939E+07,  1.94715E+07,  2.01267E+07,  2.07585E+07,  2.13660E+07,  2.19486E+07,  2.25058E+07,  2.30374E+07,  2.35432E+07,  2.40233E+07,  2.44778E+07,  2.49069E+07,  2.53110E+07,  2.56905E+07,  2.60458E+07,  2.63776E+07,  2.66865E+07,  2.69731E+07,  2.72381E+07,  2.74821E+07,  2.77060E+07,  2.79104E+07,  2.80962E+07,  2.82639E+07,  2.84145E+07,  2.85487E+07,  2.86671E+07,  2.87705E+07,  2.88596E+07,  2.89352E+07
  1.00000E+00,  1.00000E+00,  1.00000E+00,  1.00006E+00,  1.00032E+00,  1.00119E+00,  1.00329E+00,  1.00753E+00,  1.01528E+00,  1.02894E+00,  1.05306E+00,  1.09650E+00,  1.17687E+00,  1.32944E+00,  1.62545E+00,  2.20944E+00,  3.37436E+00,  5.71061E+00,  1.03949E+01,  1.97361E+01,  3.81746E+01,  7.40496E+01,  1.42610E+02,  2.70932E+02,  5.05623E+02,  9.24337E+02,  1.65220E+03,  2.88415E+03,  4.91365E+03,  8.16786E+03,  1.32480E+04,  2.09729E+04,  3.24221E+04,  4.89748E+04,  7.23390E+04,  1.04567E+05,  1.48052E+05,  2.05505E+05,  2.79909E+05,  3.74450E+05,  4.92434E+05,  6.37182E+05,  8.11930E+05,  1.01971E+06,  1.26325E+06,  1.54487E+06,  1.86641E+06,  2.22915E+06,  2.63381E+06,  3.08045E+06,  3.56856E+06,  4.09701E+06,  4.66412E+06,  5.26771E+06,  5.90512E+06,  6.57335E+06,  7.26908E+06,  7.98875E+06,  8.72865E+06,  9.48498E+06,  1.02539E+07,  1.10316E+07,  1.18145E+07,  1.25989E+07,  1.33814E+07,  1.41588E+07,  1.49281E+07,  1.56867E+07,  1.64319E+07,  1.71616E+07,  1.78737E+07,  1.85665E+07,  1.92386E+07,  1.98885E+07,  2.05154E+07,  2.11183E+07,  2.16967E+07,  2.22500E+07,  2.27780E+07,  2.32806E+07,  2.37577E+07,  2.42095E+07,  2.46362E+07,  2.50381E+07,  2.54157E+07,  2.57694E+07,  2.60998E+07,  2.64074E+07,  2.66929E+07,  2.69571E+07,  2.72005E+07,  2.74238E+07,  2.76280E+07,  2.78135E+07,  2.79813E+07,  2.81320E+07,  2.82663E+07,  2.83851E+07,  2.84889E+07,  2.85786E+07,  2.86547E+07
  1.00000E+00,  1.00000E+00,  1.00000E+00,  1.00005E+00,  1.00032E+00,  1.00117E+00,  1.00325E+00,  1.00746E+00,  1.01514E+00,  1.02868E+00,  1.05254E+00,  1.09549E+00,  1.17486E+00,  1.32531E+00,  1.61686E+00,  2.19132E+00,  3.33593E+00,  5.62901E+00,  1.02224E+01,  1.93746E+01,  3.74272E+01,  7.25312E+01,  1.39587E+02,  2.65050E+02,  4.94458E+02,  9.03691E+02,  1.61505E+03,  2.81909E+03,  4.80285E+03,  7.98425E+03,  1.29519E+04,  2.05076E+04,  3.17097E+04,  4.79104E+04,  7.07862E+04,  1.02352E+05,  1.44962E+05,  2.01281E+05,  2.74247E+05,  3.66999E+05,  4.82800E+05,  6.24930E+05,  7.96590E+05,  1.00078E+06,  1.24022E+06,  1.51720E+06,  1.83358E+06,  2.19064E+06,  2.58911E+06,  3.02909E+06,  3.51009E+06,  4.03104E+06,  4.59030E+06,  5.18572E+06,  5.81474E+06,  6.47438E+06,  7.16139E+06,  7.87226E+06,  8.60334E+06,  9.35087E+06,  1.01111E+07,  1.08802E+07,  1.16546E+07,  1.24307E+07,  1.32052E+07,  1.39749E+07,  1.47368E+07,  1.54881E+07,  1.62265E+07,  1.69496E+07,  1.76555E+07,  1.83425E+07,  1.90090E+07,  1.96538E+07,  2.02758E+07,  2.08742E+07,  2.14484E+07,  2.19979E+07,  2.25223E+07,  2.30216E+07,  2.34958E+07,  2.39449E+07,  2.43692E+07,  2.47690E+07,  2.51446E+07,  2.54967E+07,  2.58256E+07,  2.61320E+07,  2.64165E+07,  2.66798E+07,  2.69225E+07,  2.71454E+07,  2.73492E+07,  2.75346E+07,  2.77023E+07,  2.78530E+07,  2.79876E+07,  2.81066E+07,  2.82109E+07,  2.83011E+07,  2.83778E+07
  1.00000E+00,  1.00000E+00,  1.00000E+00,  1.00005E+00,  1.00031E+00,  1.00116E+00,  1.00322E+00,  1.00739E+00,  1.01500E+00,  1.02841E+00,  1.05204E+00,  1.09451E+00,  1.17287E+00,  1.32126E+00,  1.60842E+00,  2.17357E+00,  3.29831E+00,  5.54920E+00,  1.00538E+01,  1.90217E+01,  3.66982E+01,  7.10507E+01,  1.36641E+02,  2.59319E+02,  4.83582E+02,  8.83583E+02,  1.57886E+03,  2.75573E+03,  4.69492E+03,  7.80537E+03,  1.26633E+04,  2.00541E+04,  3.10150E+04,  4.68724E+04,  6.92713E+04,  1.00191E+05,  1.41945E+05,  1.97155E+05,  2.68714E+05,  3.59717E+05,  4.73380E+05,  6.12947E+05,  7.81580E+05,  9.82258E+05,  1.21767E+06,  1.49010E+06,  1.80141E+06,  2.15289E+06,  2.54528E+06,  2.97871E+06,  3.45273E+06,  3.96630E+06,  4.51782E+06,  5.10522E+06,  5.72597E+06,  6.37715E+06,  7.05556E+06,  7.75776E+06,  8.48014E+06,  9.21899E+06,  9.97060E+06,  1.07312E+07,  1.14973E+07,  1.22653E+07,  1.30319E+07,  1.37939E+07,  1.45484E+07,  1.52926E+07,  1.60242E+07,  1.67409E+07,  1.74406E+07,  1.81218E+07,  1.87828E+07,  1.94225E+07,  2.00397E+07,  2.06336E+07,  2.12036E+07,  2.17492E+07,  2.22702E+07,  2.27663E+07,  2.32375E+07,  2.36839E+07,  2.41058E+07,  2.45034E+07,  2.48772E+07,  2.52276E+07,  2.55551E+07,  2.58602E+07,  2.61437E+07,  2.64062E+07,  2.66482E+07,  2.68706E+07,  2.70740E+07,  2.72592E+07,  2.74268E+07,  2.75777E+07,  2.77124E+07,  2.78318E+07,  2.79364E+07,  2.80271E+07,  2.81044E+07
  1.00000E+00,  1.00000E+00,  1.00000E+00,  1.00005E+00,  1.00031E+00,  1.00115E+00,  1.00319E+00,  1.00732E+00,  1.01487E+00,  1.02815E+00,  1.05154E+00,  1.09353E+00,  1.17092E+00,  1.31728E+00,  1.60015E+00,  2.15617E+00,  3.26148E+00,  5.47116E+00,  9.88908E+00,  1.86771E+01,  3.59869E+01,  6.96070E+01,  1.33769E+02,  2.53735E+02,  4.72988E+02,  8.63997E+02,  1.54361E+03,  2.69401E+03,  4.58978E+03,  7.63109E+03,  1.23820E+04,  1.96121E+04,  3.03377E+04,  4.58599E+04,  6.77932E+04,  9.80820E+04,  1.38999E+05,  1.93126E+05,  2.63309E+05,  3.52599E+05,  4.64170E+05,  6.01225E+05,  7.66893E+05,  9.64123E+05,  1.19558E+06,  1.46356E+06,  1.76989E+06,  2.11589E+06,  2.50230E+06,  2.92930E+06,  3.39645E+06,  3.90275E+06,  4.44668E+06,  5.02617E+06,  5.63877E+06,  6.28162E+06,  6.95157E+06,  7.64521E+06,  8.35901E+06,  9.08931E+06,  9.83242E+06,  1.05847E+07,  1.13425E+07,  1.21025E+07,  1.28612E+07,  1.36157E+07,  1.43628E+07,  1.51001E+07,  1.58249E+07,  1.65352E+07,  1.72289E+07,  1.79043E+07,  1.85599E+07,  1.91944E+07,  1.98069E+07,  2.03964E+07,  2.09623E+07,  2.15041E+07,  2.20215E+07,  2.25144E+07,  2.29827E+07,  2.34265E+07,  2.38460E+07,  2.42415E+07,  2.46134E+07,  2.49621E+07,  2.52881E+07,  2.55921E+07,  2.58745E+07,  2.61361E+07,  2.63775E+07,  2.65994E+07,  2.68025E+07,  2.69874E+07,  2.71550E+07,  2.73059E+07,  2.74408E+07,  2.75604E+07,  2.76654E+07,  2.77566E+07,  2.78345E+07
  1.00000E+00,  1.00000E+00,  1.00000E+00,  1.00005E+00,  1.00030E+00,  1.00113E+00,  1.00316E+00,  1.00725E+00,  1.01473E+00,  1.02790E+00,  1.05105E+00,  1.09257E+00,  1.16901E+00,  1.31336E+00,  1.59203E+00,  2.13911E+00,  3.22542E+00,  5.39482E+00,  9.72812E+00,  1.83407E+01,  3.52928E+01,  6.81991E+01,  1.30970E+02,  2.48293E+02,  4.62665E+02,  8.44918E+02,  1.50928E+03,  2.63389E+03,  4.48735E+03,  7.46127E+03,  1.21080E+04,  1.91812E+04,  2.96773E+04,  4.48724E+04,  6.63511E+04,  9.60232E+04,  1.36123E+05,  1.89190E+05,  2.58027E+05,  3.45641E+05,  4.55163E+05,  5.89758E+05,  7.52520E+05,  9.46371E+05,  1.17396E+06,  1.43756E+06,  1.73900E+06,  2.07961E+06,  2.46016E+06,  2.88083E+06,  3.34122E+06,  3.84039E+06,  4.37683E+06,  4.94855E+06,  5.55312E+06,  6.18776E+06,  6.84936E+06,  7.53458E+06,  8.23992E+06,  8.96177E+06,  9.69651E+06,  1.04405E+07,  1.11902E+07,  1.19422E+07,  1.26933E+07,  1.34402E+07,  1.41802E+07,  1.49105E+07,  1.56287E+07,  1.63326E+07,  1.70203E+07,  1.76900E+07,  1.83402E+07,  1.89697E+07,  1.95774E+07,  2.01625E+07,  2.07244E+07,  2.12624E+07,  2.17764E+07,  2.22660E+07,  2.27314E+07,  2.31726E+07,  2.35897E+07,  2.39831E+07,  2.43531E+07,  2.47002E+07,  2.50248E+07,  2.53275E+07,  2.56089E+07,  2.58696E+07,  2.61103E+07,  2.63317E+07,  2.65344E+07,  2.67191E+07,  2.68866E+07,  2.70375E+07,  2.71726E+07,  2.72925E+07,  2.73979E+07,  2.74895E+07,  2.75679E+07
  1.00000E+00,  1.00000E+00,  1.00000E+00,  1.00005E+00,  1.00030E+00,  1.00112E+00,  1.00312E+00,  1.00718E+00,  1.01460E+00,  1.02764E+00,  1.05057E+00,  1.09163E+00,  1.16712E+00,  1.30952E+00,  1.58406E+00,  2.12239E+00,  3.19011E+00,  5.32015E+00,  9.57082E+00,  1.80122E+01,  3.46155E+01,  6.68259E+01,  1.28241E+02,  2.42990E+02,  4.52608E+02,  8.26330E+02,  1.47583E+03,  2.57532E+03,  4.38755E+03,  7.29579E+03,  1.18408E+04,  1.87611E+04,  2.90333E+04,  4.39090E+04,  6.49438E+04,  9.40135E+04,  1.33315E+05,  1.85345E+05,  2.52865E+05,  3.38839E+05,  4.46356E+05,  5.78541E+05,  7.38455E+05,  9.28992E+05,  1.15278E+06,  1.41208E+06,  1.70873E+06,  2.04405E+06,  2.41883E+06,  2.83328E+06,  3.28704E+06,  3.77918E+06,  4.30825E+06,  4.87231E+06,  5.46899E+06,  6.09554E+06,  6.74891E+06,  7.42582E+06,  8.12282E+06,  8.83635E+06,  9.56282E+06,  1.02987E+07,  1.10404E+07,  1.17845E+07,  1.25279E+07,  1.32675E+07,  1.40003E+07,  1.47237E+07,  1.54353E+07,  1.61330E+07,  1.68147E+07,  1.74788E+07,  1.81237E+07,  1.87482E+07,  1.93513E+07,  1.99320E+07,  2.04898E+07,  2.10241E+07,  2.15346E+07,  2.20211E+07,  2.24836E+07,  2.29221E+07,  2.33369E+07,  2.37282E+07,  2.40963E+07,  2.44417E+07,  2.47649E+07,  2.50663E+07,  2.53467E+07,  2.56066E+07,  2.58466E+07,  2.60674E+07,  2.62698E+07,  2.64543E+07,  2.66217E+07,  2.67726E+07,  2.69078E+07,  2.70280E+07,  2.71337E+07,  2.72258E+07,  2.73047E+07
  1.00000E+00,  1.00000E+00,  1.00000E+00,  1.00005E+00,  1.00029E+00,  1.00111E+00,  1.00309E+00,  1.00711E+00,  1.01447E+00,  1.02739E+00,  1.05009E+00,  1.09070E+00,  1.16526E+00,  1.30574E+00,  1.57623E+00,  2.10600E+00,  3.15553E+00,  5.24710E+00,  9.41707E+00,  1.76913E+01,  3.39545E+01,  6.54866E+01,  1.25580E+02,  2.37821E+02,  4.42808E+02,  8.08220E+02,  1.44325E+03,  2.51825E+03,  4.29031E+03,  7.13452E+03,  1.15804E+04,  1.83515E+04,  2.84052E+04,  4.29692E+04,  6.35705E+04,  9.20517E+04,  1.30572E+05,  1.81589E+05,  2.47821E+05,  3.32189E+05,  4.37742E+05,  5.67566E+05,  7.24689E+05,  9.11977E+05,  1.13204E+06,  1.38712E+06,  1.67906E+06,  2.00919E+06,  2.37830E+06,  2.78664E+06,  3.23386E+06,  3.71909E+06,  4.24091E+06,  4.79744E+06,  5.38634E+06,  6.00492E+06,  6.65019E+06,  7.31890E+06,  8.00767E+06,  8.71299E+06,  9.43130E+06,  1.01591E+07,  1.08929E+07,  1.16293E+07,  1.23651E+07,  1.30974E+07,  1.38231E+07,  1.45398E+07,  1.52449E+07,  1.59364E+07,  1.66122E+07,  1.72707E+07,  1.79103E+07,  1.85299E+07,  1.91283E+07,  1.97047E+07,  2.02584E+07,  2.07890E+07,  2.12961E+07,  2.17795E+07,  2.22391E+07,  2.26750E+07,  2.30875E+07,  2.34766E+07,  2.38429E+07,  2.41866E+07,  2.45084E+07,  2.48086E+07,  2.50880E+07,  2.53470E+07,  2.55863E+07,  2.58066E+07,  2.60085E+07,  2.61928E+07,  2.63601E+07,  2.65110E+07,  2.66464E+07,  2.67668E+07,  2.68729E+07,  2.69653E+07,  2.70448E+07
  1.00000E+00,  1.00000E+00,  1.00000E+00,  1.00005E+00,  1.00029E+00,  1.00109E+00,  1.00306E+00,  1.00704E+00,  1.01434E+00,  1.02715E+00,  1.04962E+00,  1.08978E+00,  1.16344E+00,  1.30202E+00,  1.56855E+00,  2.08992E+00,  3.12167E+00,  5.17563E+00,  9.26679E+00,  1.73779E+01,  3.33093E+01,  6.41800E+01,  1.22986E+02,  2.32783E+02,  4.33257E+02,  7.90573E+02,  1.41149E+03,  2.46265E+03,  4.19554E+03,  6.97733E+03,  1.13266E+04,  1.79521E+04,  2.77926E+04,  4.20524E+04,  6.22303E+04,  9.01364E+04,  1.27893E+05,  1.77920E+05,  2.42892E+05,  3.25688E+05,  4.29318E+05,  5.56829E+05,  7.11215E+05,  8.95317E+05,  1.11172E+06,  1.36267E+06,  1.64999E+06,  1.97501E+06,  2.33855E+06,  2.74088E+06,  3.18168E+06,  3.66011E+06,  4.17480E+06,  4.72390E+06,  5.30514E+06,  5.91587E+06,  6.55315E+06,  7.21379E+06,  7.89444E+06,  8.59166E+06,  9.30192E+06,  1.00218E+07,  1.07477E+07,  1.14765E+07,  1.22049E+07,  1.29299E+07,  1.36487E+07,  1.43586E+07,  1.50573E+07,  1.57426E+07,  1.64126E+07,  1.70656E+07,  1.77000E+07,  1.83146E+07,  1.89085E+07,  1.94806E+07,  2.00303E+07,  2.05572E+07,  2.10609E+07,  2.15412E+07,  2.19979E+07,  2.24313E+07,  2.28414E+07,  2.32285E+07,  2.35929E+07,  2.39350E+07,  2.42553E+07,  2.45543E+07,  2.48326E+07,  2.50907E+07,  2.53294E+07,  2.55491E+07,  2.57507E+07,  2.59347E+07,  2.61018E+07,  2.62528E+07,  2.63883E+07,  2.65089E+07,  2.66153E+07,  2.67082E+07,  2.67882E+07
  1.00000E+00,  1.00000E+00,  1.00000E+00,  1.00005E+00,  1.00029E+00,  1.00108E+00,  1.00303E+00,  1.00698E+00,  1.01421E+00,  1.02690E+00,  1.04915E+00,  1.08887E+00,  1.16164E+00,  1.29837E+00,  1.56101E+00,  2.07417E+00,  3.08850E+00,  5.10570E+00,  9.11987E+00,  1.70718E+01,  3.26795E+01,  6.29053E+01,  1.20456E+02,  2.27871E+02,  4.23948E+02,  7.73376E+02,  1.38055E+03,  2.40846E+03,  4.10319E+03,  6.82413E+03,  1.10791E+04,  1.75627E+04,  2.71951E+04,  4.11578E+04,  6.09222E+04,  8.82665E+04,  1.25277E+05,  1.74334E+05,  2.38073E+05,  3.19332E+05,  4.21078E+05,  5.46323E+05,  6.98028E+05,  8.79005E+05,  1.09182E+06,  1.33871E+06,  1.62148E+06,  1.94150E+06,  2.29957E+06,  2.69598E+06,  3.13047E+06,  3.60221E+06,  4.10988E+06,  4.65167E+06,  5.22536E+06,  5.82836E+06,  6.45776E+06,  7.11044E+06,  7.78310E+06,  8.47231E+06,  9.17464E+06,  9.88662E+06,  1.06049E+07,  1.13261E+07,  1.20471E+07,  1.27650E+07,  1.34768E+07,  1.41801E+07,  1.48725E+07,  1.55517E+07,  1.62159E+07,  1.68634E+07,  1.74927E+07,  1.81025E+07,  1.86917E+07,  1.92596E+07,  1.98054E+07,  2.03286E+07,  2.08289E+07,  2.13061E+07,  2.17601E+07,  2.21908E+07,  2.25986E+07,  2.29836E+07,  2.33461E+07,  2.36866E+07,  2.40055E+07,  2.43033E+07,  2.45805E+07,  2.48378E+07,  2.50757E+07,  2.52949E+07,  2.54961E+07,  2.56798E+07,  2.58469E+07,  2.59978E+07,  2.61334E+07,  2.62542E+07,  2.63609E+07,  2.64542E+07,  2.65347E+07
  1.00000E+00,  1.00000E+00,  1.00000E+00,  1.00005E+00,  1.00028E+00,  1.00107E+00,  1.00300E+00,  1.00691E+00,  1.01408E+00,  1.02666E+00,  1.04869E+00,  1.08798E+00,  1.15987E+00,  1.29478E+00,  1.55361E+00,  2.05871E+00,  3.05600E+00,  5.03728E+00,  8.97624E+00,  1.67728E+01,  3.20647E+01,  6.16617E+01,  1.17988E+02,  2.23083E+02,  4.14875E+02,  7.56616E+02,  1.35040E+03,  2.35565E+03,  4.01318E+03,  6.67478E+03,  1.08378E+04,  1.71829E+04,  2.66122E+04,  4.02849E+04,  5.96454E+04,  8.64407E+04,  1.22722E+05,  1.70831E+05,  2.33364E+05,  3.13117E+05,  4.13018E+05,  5.36042E+05,  6.85118E+05,  8.63032E+05,  1.07233E+06,  1.31523E+06,  1.59355E+06,  1.90864E+06,  2.26133E+06,  2.65194E+06,  3.08021E+06,  3.54537E+06,  4.04613E+06,  4.58073E+06,  5.14698E+06,  5.74236E+06,  6.36400E+06,  7.00883E+06,  7.67360E+06,  8.35493E+06,  9.04941E+06,  9.75364E+06,  1.04643E+07,  1.11780E+07,  1.18918E+07,  1.26026E+07,  1.33076E+07,  1.40044E+07,  1.46904E+07,  1.53636E+07,  1.60221E+07,  1.66642E+07,  1.72883E+07,  1.78933E+07,  1.84781E+07,  1.90417E+07,  1.95836E+07,  2.01032E+07,  2.06002E+07,  2.10742E+07,  2.15254E+07,  2.19536E+07,  2.23591E+07,  2.27420E+07,  2.31027E+07,  2.34415E+07,  2.37590E+07,  2.40555E+07,  2.43317E+07,  2.45881E+07,  2.48253E+07,  2.50440E+07,  2.52447E+07,  2.54282E+07,  2.55951E+07,  2.57461E+07,  2.58817E+07,  2.60027E+07,  2.61098E+07,  2.62034E+07,  2.62844E+07
  1.00000E+00,  1.00000E+00,  1.00000E+00,  1.00005E+00,  1.00028E+00,  1.00106E+00,  1.00297E+00,  1.00685E+00,  1.01396E+00,  1.02642E+00,  1.04824E+00,  1.08710E+00,  1.15812E+00,  1.29125E+00,  1.54634E+00,  2.04355E+00,  3.02417E+00,  4.97031E+00,  8.83580E+00,  1.64807E+01,  3.14644E+01,  6.04481E+01,  1.15582E+02,  2.18414E+02,  4.06031E+02,  7.40280E+02,  1.32101E+03,  2.30418E+03,  3.92544E+03,  6.52919E+03,  1.06025E+04,  1.68125E+04,  2.60436E+04,  3.94331E+04,  5.83991E+04,  8.46578E+04,  1.20226E+05,  1.67409E+05,  2.28760E+05,  3.07039E+05,  4.05133E+05,  5.25982E+05,  6.72481E+05,  8.47390E+05,  1.05323E+06,  1.29222E+06,  1.56616E+06,  1.87641E+06,  2.22383E+06,  2.60872E+06,  3.03088E+06,  3.48956E+06,  3.98352E+06,  4.51103E+06,  5.06997E+06,  5.65784E+06,  6.27183E+06,  6.90892E+06,  7.56590E+06,  8.23945E+06,  8.92620E+06,  9.62278E+06,  1.03259E+07,  1.10323E+07,  1.17388E+07,  1.24426E+07,  1.31409E+07,  1.38312E+07,  1.45110E+07,  1.51783E+07,  1.58311E+07,  1.64678E+07,  1.70869E+07,  1.76871E+07,  1.82674E+07,  1.88269E+07,  1.93649E+07,  1.98809E+07,  2.03745E+07,  2.08455E+07,  2.12939E+07,  2.17196E+07,  2.21227E+07,  2.25036E+07,  2.28624E+07,  2.31996E+07,  2.35157E+07,  2.38110E+07,  2.40861E+07,  2.43416E+07,  2.45782E+07,  2.47963E+07,  2.49966E+07,  2.51798E+07,  2.53465E+07,  2.54975E+07,  2.56332E+07,  2.57544E+07,  2.58617E+07,  2.59557E+07,  2.60371E+07
  1.00000E+00,  1.00000E+00,  1.00000E+00,  1.00005E+00,  1.00028E+00,  1.00104E+00,  1.00294E+00,  1.00679E+00,  1.01383E+00,  1.02619E+00,  1.04779E+00,  1.08624E+00,  1.15641E+00,  1.28778E+00,  1.53920E+00,  2.02869E+00,  2.99299E+00,  4.90476E+00,  8.69848E+00,  1.61952E+01,  3.08783E+01,  5.92638E+01,  1.13234E+02,  2.13861E+02,  3.97408E+02,  7.24357E+02,  1.29237E+03,  2.25402E+03,  3.83991E+03,  6.38724E+03,  1.03731E+04,  1.64512E+04,  2.54888E+04,  3.86018E+04,  5.71824E+04,  8.29168E+04,  1.17788E+05,  1.64064E+05,  2.24260E+05,  3.01095E+05,  3.97420E+05,  5.16137E+05,  6.60110E+05,  8.32071E+05,  1.03453E+06,  1.26967E+06,  1.53932E+06,  1.84482E+06,  2.18703E+06,  2.56631E+06,  2.98246E+06,  3.43477E+06,  3.92204E+06,  4.44257E+06,  4.99430E+06,  5.57477E+06,  6.18122E+06,  6.81068E+06,  7.45998E+06,  8.12586E+06,  8.80497E+06,  9.49400E+06,  1.01897E+07,  1.08887E+07,  1.15882E+07,  1.22851E+07,  1.29768E+07,  1.36606E+07,  1.43343E+07,  1.49957E+07,  1.56429E+07,  1.62743E+07,  1.68883E+07,  1.74838E+07,  1.80597E+07,  1.86150E+07,  1.91492E+07,  1.96616E+07,  2.01519E+07,  2.06199E+07,  2.10655E+07,  2.14886E+07,  2.18895E+07,  2.22683E+07,  2.26253E+07,  2.29609E+07,  2.32755E+07,  2.35696E+07,  2.38437E+07,  2.40983E+07,  2.43341E+07,  2.45517E+07,  2.47516E+07,  2.49345E+07,  2.51011E+07,  2.52520E+07,  2.53878E+07,  2.55091E+07,  2.56167E+07,  2.57111E+07,  2.57930E+07
  1.00000E+00,  1.00000E+00,  1.00000E+00,  1.00005E+00,  1.00027E+00,  1.00103E+00,  1.00291E+00,  1.00672E+00,  1.01371E+00,  1.02596E+00,  1.04735E+00,  1.08538E+00,  1.15472E+00,  1.28437E+00,  1.53220E+00,  2.01411E+00,  2.96244E+00,  4.84061E+00,  8.56418E+00,  1.59163E+01,  3.03060E+01,  5.81080E+01,  1.10944E+02,  2.09421E+02,  3.89001E+02,  7.08834E+02,  1.26444E+03,  2.20511E+03,  3.75653E+03,  6.24884E+03,  1.01494E+04,  1.60988E+04,  2.49475E+04,  3.77905E+04,  5.59946E+04,  8.12165E+04,  1.15406E+05,  1.60795E+05,  2.19860E+05,  2.95283E+05,  3.89874E+05,  5.06502E+05,  6.47998E+05,  8.17069E+05,  1.01620E+06,  1.24758E+06,  1.51300E+06,  1.81383E+06,  2.15094E+06,  2.52470E+06,  2.93494E+06,  3.38098E+06,  3.86165E+06,  4.37532E+06,  4.91994E+06,  5.49312E+06,  6.09214E+06,  6.71408E+06,  7.35581E+06,  8.01410E+06,  8.68568E+06,  9.36725E+06,  1.00556E+07,  1.07475E+07,  1.14399E+07,  1.21300E+07,  1.28151E+07,  1.34925E+07,  1.41601E+07,  1.48157E+07,  1.54574E+07,  1.60835E+07,  1.66926E+07,  1.72834E+07,  1.78549E+07,  1.84061E+07,  1.89364E+07,  1.94453E+07,  1.99323E+07,  2.03973E+07,  2.08401E+07,  2.12608E+07,  2.16594E+07,  2.20361E+07,  2.23913E+07,  2.27253E+07,  2.30385E+07,  2.33313E+07,  2.36044E+07,  2.38581E+07,  2.40932E+07,  2.43102E+07,  2.45097E+07,  2.46923E+07,  2.48587E+07,  2.50095E+07,  2.51454E+07,  2.52669E+07,  2.53748E+07,  2.54695E+07,  2.55518E+07
  1.00000E+00,  1.00000E+00,  1.00000E+00,  1.00004E+00,  1.00027E+00,  1.00102E+00,  1.00288E+00,  1.00666E+00,  1.01359E+00,  1.02573E+00,  1.04692E+00,  1.08454E+00,  1.15306E+00,  1.28102E+00,  1.52531E+00,  1.99980E+00,  2.93249E+00,  4.77780E+00,  8.43283E+00,  1.56437E+01,  2.97470E+01,  5.69798E+01,  1.08710E+02,  2.05091E+02,  3.80804E+02,  6.93700E+02,  1.23722E+03,  2.15743E+03,  3.67523E+03,  6.11389E+03,  9.93121E+03,  1.57550E+04,  2.44194E+04,  3.69986E+04,  5.48348E+04,  7.95559E+04,  1.13079E+05,  1.57600E+05,  2.15559E+05,  2.89598E+05,  3.82491E+05,  4.97072E+05,  6.36140E+05,  8.02375E+05,  9.98245E+05,  1.22592E+06,  1.48719E+06,  1.78344E+06,  2.11553E+06,  2.48386E+06,  2.88828E+06,  3.32816E+06,  3.80234E+06,  4.30925E+06,  4.84687E+06,  5.41286E+06,  6.00456E+06,  6.61908E+06,  7.25334E+06,  7.90416E+06,  8.56830E+06,  9.24251E+06,  9.92358E+06,  1.06084E+07,  1.12939E+07,  1.19773E+07,  1.26558E+07,  1.33270E+07,  1.39885E+07,  1.46383E+07,  1.52745E+07,  1.58955E+07,  1.64996E+07,  1.70858E+07,  1.76529E+07,  1.82000E+07,  1.87266E+07,  1.92319E+07,  1.97157E+07,  2.01777E+07,  2.06178E+07,  2.10359E+07,  2.14323E+07,  2.18070E+07,  2.21603E+07,  2.24927E+07,  2.28045E+07,  2.30961E+07,  2.33681E+07,  2.36210E+07,  2.38553E+07,  2.40717E+07,  2.42708E+07,  2.44531E+07,  2.46194E+07,  2.47701E+07,  2.49060E+07,  2.50277E+07,  2.51358E+07,  2.52309E+07,  2.53136E+07
  1.00000E+00,  1.00000E+00,  1.00000E+00,  1.00004E+00,  1.00026E+00,  1.00101E+00,  1.00285E+00,  1.00660E+00,  1.01347E+00,  1.02550E+00,  1.04649E+00,  1.08371E+00,  1.15142E+00,  1.27772E+00,  1.51855E+00,  1.98577E+00,  2.90315E+00,  4.71632E+00,  8.30435E+00,  1.53773E+01,  2.92011E+01,  5.58785E+01,  1.06530E+02,  2.00867E+02,  3.72810E+02,  6.78944E+02,  1.21068E+03,  2.11095E+03,  3.59597E+03,  5.98228E+03,  9.71838E+03,  1.54196E+04,  2.39040E+04,  3.62256E+04,  5.37025E+04,  7.79339E+04,  1.10806E+05,  1.54477E+05,  2.11353E+05,  2.84037E+05,  3.75268E+05,  4.87841E+05,  6.24529E+05,  7.87983E+05,  9.80652E+05,  1.20469E+06,  1.46190E+06,  1.75363E+06,  2.08079E+06,  2.44378E+06,  2.84249E+06,  3.27629E+06,  3.74409E+06,  4.24433E+06,  4.77507E+06,  5.33398E+06,  5.91845E+06,  6.52565E+06,  7.15255E+06,  7.79599E+06,  8.45279E+06,  9.11973E+06,  9.79364E+06,  1.04714E+07,  1.11501E+07,  1.18268E+07,  1.24989E+07,  1.31639E+07,  1.38194E+07,  1.44636E+07,  1.50943E+07,  1.57101E+07,  1.63094E+07,  1.68909E+07,  1.74537E+07,  1.79968E+07,  1.85196E+07,  1.90214E+07,  1.95020E+07,  1.99610E+07,  2.03984E+07,  2.08141E+07,  2.12081E+07,  2.15808E+07,  2.19324E+07,  2.22632E+07,  2.25735E+07,  2.28639E+07,  2.31348E+07,  2.33868E+07,  2.36205E+07,  2.38363E+07,  2.40349E+07,  2.42169E+07,  2.43830E+07,  2.45337E+07,  2.46696E+07,  2.47914E+07,  2.48998E+07,  2.49952E+07,  2.50782E+07
  1.00000E+00,  1.00000E+00,  1.00000E+00,  1.00004E+00,  1.00026E+00,  1.00100E+00,  1.00282E+00,  1.00654E+00,  1.01335E+00,  1.02528E+00,  1.04606E+00,  1.08290E+00,  1.14981E+00,  1.27448E+00,  1.51191E+00,  1.97200E+00,  2.87440E+00,  4.65612E+00,  8.17868E+00,  1.51168E+01,  2.86678E+01,  5.48034E+01,  1.04403E+02,  1.96746E+02,  3.65014E+02,  6.64555E+02,  1.18480E+03,  2.06562E+03,  3.51867E+03,  5.85393E+03,  9.51078E+03,  1.50924E+04,  2.34010E+04,  3.54711E+04,  5.25967E+04,  7.63496E+04,  1.08584E+05,  1.51425E+05,  2.07241E+05,  2.78598E+05,  3.68199E+05,  4.78806E+05,  6.13159E+05,  7.73885E+05,  9.63412E+05,  1.18388E+06,  1.43709E+06,  1.72440E+06,  2.04671E+06,  2.40445E+06,  2.79753E+06,  3.22535E+06,  3.68687E+06,  4.18055E+06,  4.70449E+06,  5.25643E+06,  5.83379E+06,  6.43377E+06,  7.05340E+06,  7.68957E+06,  8.33912E+06,  8.99889E+06,  9.66572E+06,  1.03366E+07,  1.10084E+07,  1.16786E+07,  1.23443E+07,  1.30031E+07,  1.36528E+07,  1.42913E+07,  1.49167E+07,  1.55273E+07,  1.61218E+07,  1.66988E+07,  1.72573E+07,  1.77964E+07,  1.83154E+07,  1.88138E+07,  1.92912E+07,  1.97473E+07,  2.01819E+07,  2.05951E+07,  2.09870E+07,  2.13576E+07,  2.17074E+07,  2.20366E+07,  2.23455E+07,  2.26347E+07,  2.29046E+07,  2.31557E+07,  2.33886E+07,  2.36038E+07,  2.38020E+07,  2.39837E+07,  2.41495E+07,  2.43001E+07,  2.44361E+07,  2.45581E+07,  2.46666E+07,  2.47623E+07,  2.48458E+07
  1.00000E+00,  1.00000E+00,  1.00000E+00,  1.00004E+00,  1.00026E+00,  1.00099E+00,  1.00279E+00,  1.00648E+00,  1.01323E+00,  1.02506E+00,  1.04564E+00,  1.08209E+00,  1.14822E+00,  1.27129E+00,  1.50539E+00,  1.95849E+00,  2.84621E+00,  4.59717E+00,  8.05573E+00,  1.48623E+01,  2.81469E+01,  5.37537E+01,  1.02327E+02,  1.92727E+02,  3.57410E+02,  6.50523E+02,  1.15957E+03,  2.02142E+03,  3.44329E+03,  5.72874E+03,  9.30827E+03,  1.47731E+04,  2.29101E+04,  3.47344E+04,  5.15169E+04,  7.48019E+04,  1.06413E+05,  1.48441E+05,  2.03219E+05,  2.73278E+05,  3.61283E+05,  4.69962E+05,  6.02026E+05,  7.60076E+05,  9.46520E+05,  1.16349E+06,  1.41277E+06,  1.69572E+06,  2.01327E+06,  2.36585E+06,  2.75339E+06,  3.17534E+06,  3.63066E+06,  4.11788E+06,  4.63514E+06,  5.18019E+06,  5.75054E+06,  6.34340E+06,  6.95586E+06,  7.58485E+06,  8.22726E+06,  8.87994E+06,  9.53978E+06,  1.02038E+07,  1.08690E+07,  1.15326E+07,  1.21920E+07,  1.28448E+07,  1.34886E+07,  1.41215E+07,  1.47416E+07,  1.53472E+07,  1.59368E+07,  1.65093E+07,  1.70636E+07,  1.75987E+07,  1.81141E+07,  1.86090E+07,  1.90832E+07,  1.95363E+07,  1.99683E+07,  2.03791E+07,  2.07687E+07,  2.11374E+07,  2.14853E+07,  2.18129E+07,  2.21204E+07,  2.24084E+07,  2.26772E+07,  2.29274E+07,  2.31596E+07,  2.33742E+07,  2.35720E+07,  2.37533E+07,  2.39190E+07,  2.40695E+07,  2.42055E+07,  2.43276E+07,  2.44363E+07,  2.45323E+07,  2.46161E+07
  1.00000E+00,  1.00000E+00,  1.00000E+00,  1.00004E+00,  1.00025E+00,  1.00097E+00,  1.00276E+00,  1.00642E+00,  1.01312E+00,  1.02484E+00,  1.04523E+00,  1.08130E+00,  1.14666E+00,  1.26815E+00,  1.49898E+00,  1.94524E+00,  2.81858E+00,  4.53945E+00,  7.93543E+00,  1.46134E+01,  2.76380E+01,  5.27288E+01,  1.00300E+02,  1.88805E+02,  3.49993E+02,  6.36839E+02,  1.13496E+03,  1.97832E+03,  3.36977E+03,  5.60663E+03,  9.11069E+03,  1.44616E+04,  2.24310E+04,  3.40152E+04,  5.04623E+04,  7.32900E+04,  1.04291E+05,  1.45524E+05,  1.99287E+05,  2.68073E+05,  3.54514E+05,  4.61304E+05,  5.91123E+05,  7.46547E+05,  9.29965E+05,  1.14349E+06,  1.38891E+06,  1.66759E+06,  1.98046E+06,  2.32796E+06,  2.71005E+06,  3.12621E+06,  3.57544E+06,  4.05630E+06,  4.56697E+06,  5.10525E+06,  5.66867E+06,  6.25452E+06,  6.85991E+06,  7.48182E+06,  8.11716E+06,  8.76284E+06,  9.41579E+06,  1.00730E+07,  1.07316E+07,  1.13888E+07,  1.20420E+07,  1.26887E+07,  1.33268E+07,  1.39542E+07,  1.45690E+07,  1.51695E+07,  1.57545E+07,  1.63225E+07,  1.68725E+07,  1.74038E+07,  1.79154E+07,  1.84070E+07,  1.88780E+07,  1.93282E+07,  1.97575E+07,  2.01658E+07,  2.05533E+07,  2.09199E+07,  2.12661E+07,  2.15921E+07,  2.18982E+07,  2.21849E+07,  2.24527E+07,  2.27021E+07,  2.29335E+07,  2.31475E+07,  2.33448E+07,  2.35258E+07,  2.36913E+07,  2.38417E+07,  2.39777E+07,  2.40999E+07,  2.42088E+07,  2.43051E+07,  2.43893E+07
  1.00000E+00,  1.00000E+00,  1.00000E+00,  1.00004E+00,  1.00025E+00,  1.00096E+00,  1.00274E+00,  1.00636E+00,  1.01300E+00,  1.02462E+00,  1.04482E+00,  1.08051E+00,  1.14512E+00,  1.26506E+00,  1.49268E+00,  1.93223E+00,  2.79150E+00,  4.48291E+00,  7.81773E+00,  1.43701E+01,  2.71407E+01,  5.17280E+01,  9.83227E+01,  1.84978E+02,  3.42758E+02,  6.23491E+02,  1.11096E+03,  1.93628E+03,  3.29807E+03,  5.48751E+03,  8.91793E+03,  1.41575E+04,  2.19633E+04,  3.33130E+04,  4.94324E+04,  7.18128E+04,  1.02217E+05,  1.42672E+05,  1.95441E+05,  2.62981E+05,  3.47889E+05,  4.52827E+05,  5.80445E+05,  7.33293E+05,  9.13741E+05,  1.12389E+06,  1.36552E+06,  1.64000E+06,  1.94826E+06,  2.29077E+06,  2.66750E+06,  3.07797E+06,  3.52120E+06,  3.99579E+06,  4.49996E+06,  5.03157E+06,  5.58817E+06,  6.16710E+06,  6.76551E+06,  7.38043E+06,  8.00880E+06,  8.64758E+06,  9.29371E+06,  9.94424E+06,  1.05963E+07,  1.12471E+07,  1.18941E+07,  1.25350E+07,  1.31673E+07,  1.37892E+07,  1.43988E+07,  1.49944E+07,  1.55746E+07,  1.61382E+07,  1.66841E+07,  1.72114E+07,  1.77195E+07,  1.82076E+07,  1.86755E+07,  1.91229E+07,  1.95495E+07,  1.99554E+07,  2.03406E+07,  2.07053E+07,  2.10497E+07,  2.13741E+07,  2.16788E+07,  2.19643E+07,  2.22311E+07,  2.24795E+07,  2.27102E+07,  2.29236E+07,  2.31204E+07,  2.33011E+07,  2.34664E+07,  2.36167E+07,  2.37527E+07,  2.38749E+07,  2.39841E+07,  2.40806E+07,  2.41652E+07
  1.00000E+00,  1.00000E+00,  1.00000E+00,  1.00004E+00,  1.00025E+00,  1.00095E+00,  1.00271E+00,  1.00630E+00,  1.01289E+00,  1.02441E+00,  1.04442E+00,  1.07974E+00,  1.14361E+00,  1.26203E+00,  1.48649E+00,  1.91946E+00,  2.76494E+00,  4.42754E+00,  7.70255E+00,  1.41322E+01,  2.66548E+01,  5.07505E+01,  9.63921E+01,  1.81244E+02,  3.35699E+02,  6.10471E+02,  1.08755E+03,  1.89528E+03,  3.22812E+03,  5.37130E+03,  8.72984E+03,  1.38608E+04,  2.15067E+04,  3.26274E+04,  4.84264E+04,  7.03695E+04,  1.00191E+05,  1.39884E+05,  1.91679E+05,  2.57999E+05,  3.41405E+05,  4.44528E+05,  5.69987E+05,  7.20308E+05,  8.97841E+05,  1.10468E+06,  1.34258E+06,  1.61293E+06,  1.91666E+06,  2.25426E+06,  2.62572E+06,  3.03058E+06,  3.46791E+06,  3.93633E+06,  4.43410E+06,  4.95912E+06,  5.50900E+06,  6.08111E+06,  6.67264E+06,  7.28065E+06,  7.90215E+06,  8.53410E+06,  9.17351E+06,  9.81743E+06,  1.04630E+07,  1.11076E+07,  1.17485E+07,  1.23834E+07,  1.30101E+07,  1.36266E+07,  1.42310E+07,  1.48217E+07,  1.53973E+07,  1.59565E+07,  1.64983E+07,  1.70217E+07,  1.75261E+07,  1.80109E+07,  1.84757E+07,  1.89202E+07,  1.93442E+07,  1.97477E+07,  2.01307E+07,  2.04935E+07,  2.08361E+07,  2.11589E+07,  2.14622E+07,  2.17465E+07,  2.20122E+07,  2.22597E+07,  2.24897E+07,  2.27025E+07,  2.28989E+07,  2.30792E+07,  2.32442E+07,  2.33944E+07,  2.35304E+07,  2.36528E+07,  2.37621E+07,  2.38589E+07,  2.39438E+07
  1.00000E+00,  1.00000E+00,  1.00000E+00,  1.00004E+00,  1.00024E+00,  1.00094E+00,  1.00268E+00,  1.00625E+00,  1.01278E+00,  1.02420E+00,  1.04402E+00,  1.07898E+00,  1.14211E+00,  1.25904E+00,  1.48041E+00,  1.90692E+00,  2.73890E+00,  4.37331E+00,  7.58982E+00,  1.38995E+01,  2.61800E+01,  4.97959E+01,  9.45074E+01,  1.77600E+02,  3.28812E+02,  5.97769E+02,  1.06471E+03,  1.85528E+03,  3.15989E+03,  5.25792E+03,  8.54630E+03,  1.35712E+04,  2.10610E+04,  3.19578E+04,  4.74437E+04,  6.89593E+04,  9.82100E+04,  1.37158E+05,  1.88000E+05,  2.53125E+05,  3.35059E+05,  4.36402E+05,  5.59744E+05,  7.07585E+05,  8.82257E+05,  1.08584E+06,  1.32008E+06,  1.58637E+06,  1.88565E+06,  2.21842E+06,  2.58470E+06,  2.98404E+06,  3.41555E+06,  3.87789E+06,  4.36936E+06,  4.88790E+06,  5.43114E+06,  5.99652E+06,  6.58126E+06,  7.18247E+06,  7.79717E+06,  8.42239E+06,  9.05515E+06,  9.69254E+06,  1.03317E+07,  1.09701E+07,  1.16050E+07,  1.22341E+07,  1.28552E+07,  1.34663E+07,  1.40656E+07,  1.46515E+07,  1.52225E+07,  1.57773E+07,  1.63150E+07,  1.68346E+07,  1.73354E+07,  1.78169E+07,  1.82786E+07,  1.87202E+07,  1.91416E+07,  1.95427E+07,  1.99236E+07,  2.02843E+07,  2.06252E+07,  2.09464E+07,  2.12484E+07,  2.15314E+07,  2.17961E+07,  2.20427E+07,  2.22719E+07,  2.24841E+07,  2.26800E+07,  2.28600E+07,  2.30248E+07,  2.31749E+07,  2.33108E+07,  2.34333E+07,  2.35427E+07,  2.36398E+07,  2.37250E+07
  1.00000E+00,  1.00000E+00,  1.00000E+00,  1.00004E+00,  1.00024E+00,  1.00093E+00,  1.00265E+00,  1.00619E+00,  1.01267E+00,  1.02399E+00,  1.04363E+00,  1.07823E+00,  1.14064E+00,  1.25610E+00,  1.47444E+00,  1.89462E+00,  2.71337E+00,  4.32018E+00,  7.47949E+00,  1.36720E+01,  2.57160E+01,  4.88634E+01,  9.26672E+01,  1.74043E+02,  3.22092E+02,  5.85377E+02,  1.04244E+03,  1.81626E+03,  3.09331E+03,  5.14730E+03,  8.36719E+03,  1.32885E+04,  2.06259E+04,  3.13039E+04,  4.64837E+04,  6.75812E+04,  9.62736E+04,  1.34493E+05,  1.84401E+05,  2.48355E+05,  3.28848E+05,  4.28445E+05,  5.49710E+05,  6.95119E+05,  8.66982E+05,  1.06736E+06,  1.29802E+06,  1.56032E+06,  1.85522E+06,  2.18324E+06,  2.54441E+06,  2.93833E+06,  3.36411E+06,  3.82046E+06,  4.30572E+06,  4.81786E+06,  5.35457E+06,  5.91331E+06,  6.49135E+06,  7.08584E+06,  7.69384E+06,  8.31241E+06,  8.93860E+06,  9.56954E+06,  1.02024E+07,  1.08346E+07,  1.14636E+07,  1.20869E+07,  1.27025E+07,  1.33084E+07,  1.39026E+07,  1.44836E+07,  1.50500E+07,  1.56006E+07,  1.61342E+07,  1.66500E+07,  1.71473E+07,  1.76254E+07,  1.80841E+07,  1.85229E+07,  1.89417E+07,  1.93404E+07,  1.97191E+07,  2.00779E+07,  2.04170E+07,  2.07366E+07,  2.10372E+07,  2.13191E+07,  2.15826E+07,  2.18284E+07,  2.20568E+07,  2.22685E+07,  2.24638E+07,  2.26435E+07,  2.28080E+07,  2.29580E+07,  2.30939E+07,  2.32164E+07,  2.33260E+07,  2.34233E+07,  2.35089E+07
  1.00000E+00,  1.00000E+00,  1.00000E+00,  1.00004E+00,  1.00024E+00,  1.00092E+00,  1.00263E+00,  1.00613E+00,  1.01256E+00,  1.02379E+00,  1.04324E+00,  1.07748E+00,  1.13919E+00,  1.25321E+00,  1.46856E+00,  1.88254E+00,  2.68834E+00,  4.26812E+00,  7.37150E+00,  1.34495E+01,  2.52624E+01,  4.79525E+01,  9.08705E+01,  1.70571E+02,  3.15534E+02,  5.73287E+02,  1.02070E+03,  1.77819E+03,  3.02836E+03,  5.03935E+03,  8.19239E+03,  1.30126E+04,  2.02010E+04,  3.06652E+04,  4.55459E+04,  6.62345E+04,  9.43808E+04,  1.31886E+05,  1.80881E+05,  2.43688E+05,  3.22767E+05,  4.20654E+05,  5.39882E+05,  6.82903E+05,  8.52009E+05,  1.04925E+06,  1.27637E+06,  1.53475E+06,  1.82535E+06,  2.14870E+06,  2.50485E+06,  2.89342E+06,  3.31356E+06,  3.76402E+06,  4.24316E+06,  4.74899E+06,  5.27926E+06,  5.83145E+06,  6.40288E+06,  6.99074E+06,  7.59212E+06,  8.20412E+06,  8.82383E+06,  9.44839E+06,  1.00751E+07,  1.07012E+07,  1.13242E+07,  1.19419E+07,  1.25520E+07,  1.31526E+07,  1.37418E+07,  1.43181E+07,  1.48800E+07,  1.54263E+07,  1.59559E+07,  1.64679E+07,  1.69616E+07,  1.74365E+07,  1.78921E+07,  1.83281E+07,  1.87443E+07,  1.91407E+07,  1.95172E+07,  1.98741E+07,  2.02114E+07,  2.05295E+07,  2.08287E+07,  2.11094E+07,  2.13719E+07,  2.16167E+07,  2.18444E+07,  2.20554E+07,  2.22503E+07,  2.24296E+07,  2.25939E+07,  2.27437E+07,  2.28796E+07,  2.30022E+07,  2.31119E+07,  2.32094E+07,  2.32953E+07
  1.00000E+00,  1.00000E+00,  1.00000E+00,  1.00004E+00,  1.00023E+00,  1.00091E+00,  1.00260E+00,  1.00608E+00,  1.01245E+00,  1.02358E+00,  1.04286E+00,  1.07675E+00,  1.13776E+00,  1.25036E+00,  1.46279E+00,  1.87069E+00,  2.66378E+00,  4.21712E+00,  7.26579E+00,  1.32318E+01,  2.48190E+01,  4.70626E+01,  8.91159E+01,  1.67182E+02,  3.09134E+02,  5.61489E+02,  9.99495E+02,  1.74105E+03,  2.96499E+03,  4.93401E+03,  8.02177E+03,  1.27432E+04,  1.97861E+04,  3.00415E+04,  4.46296E+04,  6.49183E+04,  9.25303E+04,  1.29337E+05,  1.77437E+05,  2.39120E+05,  3.16815E+05,  4.13024E+05,  5.30254E+05,  6.70933E+05,  8.37331E+05,  1.03149E+06,  1.25514E+06,  1.50967E+06,  1.79604E+06,  2.11479E+06,  2.46600E+06,  2.84930E+06,  3.26389E+06,  3.70854E+06,  4.18165E+06,  4.68127E+06,  5.20519E+06,  5.75092E+06,  6.31583E+06,  6.89714E+06,  7.49199E+06,  8.09751E+06,  8.71080E+06,  9.32907E+06,  9.94957E+06,  1.05697E+07,  1.11869E+07,  1.17990E+07,  1.24037E+07,  1.29990E+07,  1.35833E+07,  1.41549E+07,  1.47123E+07,  1.52543E+07,  1.57799E+07,  1.62882E+07,  1.67785E+07,  1.72501E+07,  1.77027E+07,  1.81359E+07,  1.85495E+07,  1.89436E+07,  1.93180E+07,  1.96729E+07,  2.00085E+07,  2.03250E+07,  2.06228E+07,  2.09023E+07,  2.11637E+07,  2.14077E+07,  2.16346E+07,  2.18450E+07,  2.20394E+07,  2.22184E+07,  2.23824E+07,  2.25320E+07,  2.26679E+07,  2.27905E+07,  2.29004E+07,  2.29981E+07,  2.30843E+07
  1.00000E+00,  1.00000E+00,  1.00000E+00,  1.00004E+00,  1.00023E+00,  1.00090E+00,  1.00258E+00,  1.00602E+00,  1.01235E+00,  1.02338E+00,  1.04248E+00,  1.07603E+00,  1.13636E+00,  1.24756E+00,  1.45712E+00,  1.85904E+00,  2.63970E+00,  4.16715E+00,  7.16229E+00,  1.30188E+01,  2.43856E+01,  4.61931E+01,  8.74024E+01,  1.63874E+02,  3.02887E+02,  5.49976E+02,  9.78802E+02,  1.70480E+03,  2.90314E+03,  4.83120E+03,  7.85523E+03,  1.24802E+04,  1.93809E+04,  2.94322E+04,  4.37343E+04,  6.36320E+04,  9.07211E+04,  1.26844E+05,  1.74068E+05,  2.34650E+05,  3.10987E+05,  4.05552E+05,  5.20822E+05,  6.59201E+05,  8.22942E+05,  1.01407E+06,  1.23432E+06,  1.48505E+06,  1.76726E+06,  2.08149E+06,  2.42784E+06,  2.80597E+06,  3.21509E+06,  3.65402E+06,  4.12118E+06,  4.61468E+06,  5.13232E+06,  5.67169E+06,  6.23016E+06,  6.80501E+06,  7.39342E+06,  7.99253E+06,  8.59950E+06,  9.21154E+06,  9.82595E+06,  1.04401E+07,  1.10516E+07,  1.16581E+07,  1.22574E+07,  1.28477E+07,  1.34270E+07,  1.39939E+07,  1.45469E+07,  1.50847E+07,  1.56064E+07,  1.61110E+07,  1.65978E+07,  1.70662E+07,  1.75157E+07,  1.79462E+07,  1.83573E+07,  1.87490E+07,  1.91213E+07,  1.94742E+07,  1.98081E+07,  2.01231E+07,  2.04195E+07,  2.06977E+07,  2.09582E+07,  2.12012E+07,  2.14274E+07,  2.16372E+07,  2.18311E+07,  2.20097E+07,  2.21734E+07,  2.23229E+07,  2.24587E+07,  2.25814E+07,  2.26914E+07,  2.27893E+07,  2.28757E+07
  1.00000E+00,  1.00000E+00,  1.00000E+00,  1.00004E+00,  1.00023E+00,  1.00089E+00,  1.00255E+00,  1.00597E+00,  1.01224E+00,  1.02318E+00,  1.04211E+00,  1.07532E+00,  1.13497E+00,  1.24481E+00,  1.45154E+00,  1.84761E+00,  2.61607E+00,  4.11818E+00,  7.06096E+00,  1.28105E+01,  2.39618E+01,  4.53435E+01,  8.57289E+01,  1.60643E+02,  2.96790E+02,  5.38740E+02,  9.58609E+02,  1.66943E+03,  2.84279E+03,  4.73086E+03,  7.69266E+03,  1.22234E+04,  1.89853E+04,  2.88370E+04,  4.28596E+04,  6.23746E+04,  8.89521E+04,  1.24405E+05,  1.70771E+05,  2.30275E+05,  3.05282E+05,  3.98234E+05,  5.11581E+05,  6.47704E+05,  8.08836E+05,  9.96989E+05,  1.21388E+06,  1.46090E+06,  1.73902E+06,  2.04880E+06,  2.39036E+06,  2.76339E+06,  3.16713E+06,  3.60042E+06,  4.06173E+06,  4.54919E+06,  5.06065E+06,  5.59373E+06,  6.14586E+06,  6.71434E+06,  7.29637E+06,  7.88915E+06,  8.48987E+06,  9.09577E+06,  9.70415E+06,  1.03125E+07,  1.09182E+07,  1.15192E+07,  1.21133E+07,  1.26984E+07,  1.32729E+07,  1.38351E+07,  1.43837E+07,  1.49174E+07,  1.54352E+07,  1.59361E+07,  1.64194E+07,  1.68846E+07,  1.73312E+07,  1.77589E+07,  1.81675E+07,  1.85569E+07,  1.89270E+07,  1.92781E+07,  1.96103E+07,  1.99237E+07,  2.02188E+07,  2.04958E+07,  2.07551E+07,  2.09973E+07,  2.12227E+07,  2.14319E+07,  2.16253E+07,  2.18035E+07,  2.19670E+07,  2.21163E+07,  2.22520E+07,  2.23747E+07,  2.24848E+07,  2.25830E+07,  2.26697E+07
  1.00000E+00,  1.00000E+00,  1.00000E+00,  1.00004E+00,  1.00023E+00,  1.00088E+00,  1.00253E+00,  1.00591E+00,  1.01214E+00,  1.02299E+00,  1.04174E+00,  1.07462E+00,  1.13361E+00,  1.24209E+00,  1.44606E+00,  1.83639E+00,  2.59290E+00,  4.07019E+00,  6.96175E+00,  1.26067E+01,  2.35475E+01,  4.45132E+01,  8.40942E+01,  1.57489E+02,  2.90838E+02,  5.27773E+02,  9.38902E+02,  1.63492E+03,  2.78388E+03,  4.63291E+03,  7.53396E+03,  1.19727E+04,  1.85988E+04,  2.82555E+04,  4.20047E+04,  6.11456E+04,  8.72225E+04,  1.22020E+05,  1.67546E+05,  2.25993E+05,  2.99695E+05,  3.91066E+05,  5.02528E+05,  6.36436E+05,  7.95006E+05,  9.80237E+05,  1.19384E+06,  1.43720E+06,  1.71129E+06,  2.01670E+06,  2.35355E+06,  2.72156E+06,  3.12000E+06,  3.54773E+06,  4.00327E+06,  4.48478E+06,  4.99015E+06,  5.51703E+06,  6.06290E+06,  6.62508E+06,  7.20083E+06,  7.78736E+06,  8.38191E+06,  8.98172E+06,  9.58416E+06,  1.01867E+07,  1.07868E+07,  1.13823E+07,  1.19711E+07,  1.25512E+07,  1.31209E+07,  1.36786E+07,  1.42228E+07,  1.47524E+07,  1.52663E+07,  1.57635E+07,  1.62435E+07,  1.67055E+07,  1.71491E+07,  1.75741E+07,  1.79802E+07,  1.83672E+07,  1.87353E+07,  1.90845E+07,  1.94149E+07,  1.97268E+07,  2.00205E+07,  2.02963E+07,  2.05546E+07,  2.07959E+07,  2.10205E+07,  2.12291E+07,  2.14220E+07,  2.15998E+07,  2.17630E+07,  2.19122E+07,  2.20478E+07,  2.21705E+07,  2.22808E+07,  2.23791E+07,  2.24660E+07
  1.00000E+00,  1.00000E+00,  1.00000E+00,  1.00004E+00,  1.00022E+00,  1.00087E+00,  1.00250E+00,  1.00586E+00,  1.01203E+00,  1.02279E+00,  1.04138E+00,  1.07393E+00,  1.13226E+00,  1.23942E+00,  1.44067E+00,  1.82536E+00,  2.57016E+00,  4.02315E+00,  6.86459E+00,  1.24072E+01,  2.31423E+01,  4.37019E+01,  8.24974E+01,  1.54409E+02,  2.85027E+02,  5.17069E+02,  9.19667E+02,  1.60123E+03,  2.72639E+03,  4.53731E+03,  7.37901E+03,  1.17278E+04,  1.82214E+04,  2.76874E+04,  4.11693E+04,  5.99442E+04,  8.55311E+04,  1.19687E+05,  1.64390E+05,  2.21801E+05,  2.94226E+05,  3.84046E+05,  4.93657E+05,  6.25392E+05,  7.81447E+05,  9.63806E+05,  1.17418E+06,  1.41394E+06,  1.68407E+06,  1.98518E+06,  2.31740E+06,  2.68046E+06,  3.07368E+06,  3.49594E+06,  3.94579E+06,  4.42143E+06,  4.92080E+06,  5.44157E+06,  5.98125E+06,  6.53722E+06,  7.10676E+06,  7.68713E+06,  8.27557E+06,  8.86938E+06,  9.46593E+06,  1.00627E+07,  1.06573E+07,  1.12474E+07,  1.18310E+07,  1.24061E+07,  1.29710E+07,  1.35242E+07,  1.40641E+07,  1.45896E+07,  1.50996E+07,  1.55933E+07,  1.60698E+07,  1.65287E+07,  1.69694E+07,  1.73917E+07,  1.77952E+07,  1.81800E+07,  1.85460E+07,  1.88933E+07,  1.92220E+07,  1.95324E+07,  1.98247E+07,  2.00993E+07,  2.03566E+07,  2.05969E+07,  2.08208E+07,  2.10287E+07,  2.12211E+07,  2.13985E+07,  2.15615E+07,  2.17105E+07,  2.18461E+07,  2.19688E+07,  2.20791E+07,  2.21776E+07,  2.22648E+07
  1.00000E+00,  1.00000E+00,  1.00000E+00,  1.00004E+00,  1.00022E+00,  1.00086E+00,  1.00248E+00,  1.00581E+00,  1.01193E+00,  1.02260E+00,  1.04102E+00,  1.07324E+00,  1.13093E+00,  1.23679E+00,  1.43537E+00,  1.81453E+00,  2.54786E+00,  3.97705E+00,  6.76944E+00,  1.22121E+01,  2.27461E+01,  4.29088E+01,  8.09373E+01,  1.51401E+02,  2.79354E+02,  5.06619E+02,  9.00892E+02,  1.56834E+03,  2.67026E+03,  4.44397E+03,  7.22772E+03,  1.14887E+04,  1.78527E+04,  2.71324E+04,  4.03529E+04,  5.87696E+04,  8.38771E+04,  1.17405E+05,  1.61301E+05,  2.17698E+05,  2.88869E+05,  3.77168E+05,  4.84964E+05,  6.14566E+05,  7.68151E+05,  9.47691E+05,  1.15489E+06,  1.39111E+06,  1.65735E+06,  1.95422E+06,  2.28188E+06,  2.64008E+06,  3.02815E+06,  3.44502E+06,  3.88927E+06,  4.35913E+06,  4.85257E+06,  5.36730E+06,  5.90089E+06,  6.45073E+06,  7.01414E+06,  7.58841E+06,  8.17083E+06,  8.75870E+06,  9.34944E+06,  9.94053E+06,  1.05296E+07,  1.11144E+07,  1.16929E+07,  1.22631E+07,  1.28232E+07,  1.33719E+07,  1.39075E+07,  1.44290E+07,  1.49352E+07,  1.54253E+07,  1.58985E+07,  1.63542E+07,  1.67920E+07,  1.72116E+07,  1.76127E+07,  1.79952E+07,  1.83591E+07,  1.87045E+07,  1.90315E+07,  1.93403E+07,  1.96313E+07,  1.99047E+07,  2.01609E+07,  2.04004E+07,  2.06235E+07,  2.08308E+07,  2.10227E+07,  2.11997E+07,  2.13624E+07,  2.15112E+07,  2.16467E+07,  2.17694E+07,  2.18798E+07,  2.19785E+07,  2.20659E+07
  1.00000E+00,  1.00000E+00,  1.00000E+00,  1.00003E+00,  1.00022E+00,  1.00085E+00,  1.00245E+00,  1.00576E+00,  1.01183E+00,  1.02241E+00,  1.04067E+00,  1.07257E+00,  1.12963E+00,  1.23421E+00,  1.43016E+00,  1.80390E+00,  2.52597E+00,  3.93185E+00,  6.67624E+00,  1.20211E+01,  2.23586E+01,  4.21337E+01,  7.94132E+01,  1.48463E+02,  2.73815E+02,  4.96418E+02,  8.82564E+02,  1.53624E+03,  2.61548E+03,  4.35284E+03,  7.07999E+03,  1.12552E+04,  1.74925E+04,  2.65901E+04,  3.95549E+04,  5.76213E+04,  8.22595E+04,  1.15172E+05,  1.58279E+05,  2.13682E+05,  2.83624E+05,  3.70432E+05,  4.76446E+05,  6.03954E+05,  7.55114E+05,  9.31884E+05,  1.13596E+06,  1.36870E+06,  1.63112E+06,  1.92382E+06,  2.24699E+06,  2.60040E+06,  2.98341E+06,  3.39497E+06,  3.83369E+06,  4.29785E+06,  4.78544E+06,  5.29423E+06,  5.82179E+06,  6.36558E+06,  6.92294E+06,  7.49120E+06,  8.06765E+06,  8.64967E+06,  9.23466E+06,  9.82014E+06,  1.04038E+07,  1.09833E+07,  1.15567E+07,  1.21220E+07,  1.26775E+07,  1.32216E+07,  1.37531E+07,  1.42705E+07,  1.47730E+07,  1.52595E+07,  1.57294E+07,  1.61820E+07,  1.66169E+07,  1.70338E+07,  1.74324E+07,  1.78127E+07,  1.81745E+07,  1.85180E+07,  1.88434E+07,  1.91507E+07,  1.94403E+07,  1.97125E+07,  1.99677E+07,  2.02063E+07,  2.04286E+07,  2.06353E+07,  2.08266E+07,  2.10033E+07,  2.11656E+07,  2.13143E+07,  2.14497E+07,  2.15724E+07,  2.16829E+07,  2.17817E+07,  2.18693E+07
  1.00000E+00,  1.00000E+00,  1.00000E+00,  1.00003E+00,  1.00021E+00,  1.00084E+00,  1.00243E+00,  1.00571E+00,  1.01173E+00,  1.02222E+00,  1.04032E+00,  1.07190E+00,  1.12834E+00,  1.23166E+00,  1.42503E+00,  1.79345E+00,  2.50449E+00,  3.88754E+00,  6.58496E+00,  1.18341E+01,  2.19796E+01,  4.13759E+01,  7.79239E+01,  1.45594E+02,  2.68405E+02,  4.86458E+02,  8.64672E+02,  1.50491E+03,  2.56199E+03,  4.26387E+03,  6.93573E+03,  1.10271E+04,  1.71407E+04,  2.60601E+04,  3.87749E+04,  5.64985E+04,  8.06774E+04,  1.12988E+05,  1.55321E+05,  2.09750E+05,  2.78488E+05,  3.63832E+05,  4.68099E+05,  5.93552E+05,  7.42330E+05,  9.16378E+05,  1.11738E+06,  1.34671E+06,  1.60536E+06,  1.89397E+06,  2.21272E+06,  2.56141E+06,  2.93943E+06,  3.34576E+06,  3.77903E+06,  4.23757E+06,  4.71940E+06,  5.22232E+06,  5.74394E+06,  6.28175E+06,  6.83314E+06,  7.39545E+06,  7.96603E+06,  8.54225E+06,  9.12156E+06,  9.70149E+06,  1.02797E+07,  1.08540E+07,  1.14224E+07,  1.19828E+07,  1.25337E+07,  1.30735E+07,  1.36007E+07,  1.41142E+07,  1.46129E+07,  1.50959E+07,  1.55625E+07,  1.60120E+07,  1.64441E+07,  1.68583E+07,  1.72545E+07,  1.76325E+07,  1.79923E+07,  1.83339E+07,  1.86576E+07,  1.89634E+07,  1.92516E+07,  1.95227E+07,  1.97768E+07,  2.00145E+07,  2.02361E+07,  2.04421E+07,  2.06329E+07,  2.08092E+07,  2.09712E+07,  2.11197E+07,  2.12550E+07,  2.13776E+07,  2.14882E+07,  2.15872E+07,  2.16751E+07
  1.00000E+00,  1.00000E+00,  1.00000E+00,  1.00003E+00,  1.00021E+00,  1.00083E+00,  1.00240E+00,  1.00565E+00,  1.01163E+00,  1.02204E+00,  1.03997E+00,  1.07125E+00,  1.12707E+00,  1.22915E+00,  1.41999E+00,  1.78318E+00,  2.48341E+00,  3.84410E+00,  6.49554E+00,  1.16511E+01,  2.16089E+01,  4.06351E+01,  7.64687E+01,  1.42791E+02,  2.63122E+02,  4.76732E+02,  8.47203E+02,  1.47431E+03,  2.50976E+03,  4.17699E+03,  6.79485E+03,  1.08043E+04,  1.67969E+04,  2.55422E+04,  3.80125E+04,  5.54007E+04,  7.91300E+04,  1.10851E+05,  1.52426E+05,  2.05900E+05,  2.73457E+05,  3.57367E+05,  4.59918E+05,  5.83354E+05,  7.29793E+05,  9.01168E+05,  1.09915E+06,  1.32512E+06,  1.58007E+06,  1.86464E+06,  2.17905E+06,  2.52310E+06,  2.89620E+06,  3.29737E+06,  3.72528E+06,  4.17827E+06,  4.65442E+06,  5.15155E+06,  5.66731E+06,  6.19923E+06,  6.74471E+06,  7.30115E+06,  7.86592E+06,  8.43641E+06,  9.01010E+06,  9.58456E+06,  1.01575E+07,  1.07266E+07,  1.12900E+07,  1.18457E+07,  1.23920E+07,  1.29273E+07,  1.34504E+07,  1.39600E+07,  1.44549E+07,  1.49345E+07,  1.53978E+07,  1.58443E+07,  1.62735E+07,  1.66851E+07,  1.70788E+07,  1.74546E+07,  1.78124E+07,  1.81521E+07,  1.84741E+07,  1.87784E+07,  1.90653E+07,  1.93352E+07,  1.95883E+07,  1.98250E+07,  2.00459E+07,  2.02512E+07,  2.04416E+07,  2.06174E+07,  2.07791E+07,  2.09274E+07,  2.10626E+07,  2.11852E+07,  2.12959E+07,  2.13950E+07,  2.14830E+07
  1.00000E+00,  1.00000E+00,  1.00000E+00,  1.00003E+00,  1.00021E+00,  1.00082E+00,  1.00238E+00,  1.00560E+00,  1.01153E+00,  1.02186E+00,  1.03963E+00,  1.07060E+00,  1.12582E+00,  1.22668E+00,  1.41503E+00,  1.77310E+00,  2.46273E+00,  3.80151E+00,  6.40795E+00,  1.14720E+01,  2.12462E+01,  3.99109E+01,  7.50465E+01,  1.40052E+02,  2.57963E+02,  4.67236E+02,  8.30146E+02,  1.44444E+03,  2.45877E+03,  4.09216E+03,  6.65726E+03,  1.05867E+04,  1.64611E+04,  2.50361E+04,  3.72671E+04,  5.43272E+04,  7.76164E+04,  1.08760E+05,  1.49592E+05,  2.02131E+05,  2.68530E+05,  3.51032E+05,  4.51901E+05,  5.73356E+05,  7.17498E+05,  8.86246E+05,  1.08127E+06,  1.30393E+06,  1.55524E+06,  1.83584E+06,  2.14597E+06,  2.48544E+06,  2.85370E+06,  3.24980E+06,  3.67242E+06,  4.11995E+06,  4.59048E+06,  5.08190E+06,  5.59188E+06,  6.11797E+06,  6.65763E+06,  7.20827E+06,  7.76729E+06,  8.33213E+06,  8.90027E+06,  9.46930E+06,  1.00369E+07,  1.06010E+07,  1.11594E+07,  1.17103E+07,  1.22521E+07,  1.27832E+07,  1.33021E+07,  1.38078E+07,  1.42991E+07,  1.47751E+07,  1.52352E+07,  1.56787E+07,  1.61051E+07,  1.65141E+07,  1.69054E+07,  1.72789E+07,  1.76347E+07,  1.79726E+07,  1.82929E+07,  1.85957E+07,  1.88813E+07,  1.91499E+07,  1.94020E+07,  1.96378E+07,  1.98579E+07,  2.00626E+07,  2.02524E+07,  2.04278E+07,  2.05893E+07,  2.07373E+07,  2.08724E+07,  2.09950E+07,  2.11057E+07,  2.12050E+07,  2.12933E+07
  1.00000E+00,  1.00000E+00,  1.00000E+00,  1.00003E+00,  1.00021E+00,  1.00081E+00,  1.00236E+00,  1.00556E+00,  1.01144E+00,  1.02168E+00,  1.03929E+00,  1.06996E+00,  1.12458E+00,  1.22425E+00,  1.41016E+00,  1.76319E+00,  2.44242E+00,  3.75974E+00,  6.32212E+00,  1.12966E+01,  2.08914E+01,  3.92027E+01,  7.36565E+01,  1.37377E+02,  2.52923E+02,  4.57962E+02,  8.13490E+02,  1.41527E+03,  2.40898E+03,  4.00930E+03,  6.52286E+03,  1.03741E+04,  1.61329E+04,  2.45414E+04,  3.65385E+04,  5.32774E+04,  7.61358E+04,  1.06714E+05,  1.46819E+05,  1.98440E+05,  2.63704E+05,  3.44825E+05,  4.44043E+05,  5.63553E+05,  7.05440E+05,  8.71608E+05,  1.06372E+06,  1.28313E+06,  1.53086E+06,  1.80755E+06,  2.11347E+06,  2.44844E+06,  2.81193E+06,  3.20302E+06,  3.62043E+06,  4.06257E+06,  4.52757E+06,  5.01335E+06,  5.51763E+06,  6.03797E+06,  6.57188E+06,  7.11679E+06,  7.67014E+06,  8.22938E+06,  8.79203E+06,  9.35570E+06,  9.91810E+06,  1.04771E+07,  1.10306E+07,  1.15769E+07,  1.21142E+07,  1.26410E+07,  1.31558E+07,  1.36576E+07,  1.41453E+07,  1.46179E+07,  1.50747E+07,  1.55152E+07,  1.59388E+07,  1.63452E+07,  1.67341E+07,  1.71055E+07,  1.74592E+07,  1.77953E+07,  1.81139E+07,  1.84152E+07,  1.86995E+07,  1.89669E+07,  1.92180E+07,  1.94529E+07,  1.96722E+07,  1.98763E+07,  2.00656E+07,  2.02406E+07,  2.04017E+07,  2.05495E+07,  2.06845E+07,  2.08071E+07,  2.09178E+07,  2.10172E+07,  2.11057E+07
  1.00000E+00,  1.00000E+00,  1.00000E+00,  1.00003E+00,  1.00020E+00,  1.00080E+00,  1.00233E+00,  1.00551E+00,  1.01134E+00,  1.02150E+00,  1.03896E+00,  1.06933E+00,  1.12337E+00,  1.22185E+00,  1.40536E+00,  1.75346E+00,  2.42249E+00,  3.71879E+00,  6.23803E+00,  1.11249E+01,  2.05443E+01,  3.85101E+01,  7.22979E+01,  1.34763E+02,  2.48001E+02,  4.48904E+02,  7.97225E+02,  1.38679E+03,  2.36035E+03,  3.92839E+03,  6.39159E+03,  1.01664E+04,  1.58122E+04,  2.40579E+04,  3.58261E+04,  5.22508E+04,  7.46873E+04,  1.04711E+05,  1.44104E+05,  1.94826E+05,  2.58977E+05,  3.38744E+05,  4.36341E+05,  5.53942E+05,  6.93613E+05,  8.57245E+05,  1.04649E+06,  1.26271E+06,  1.50691E+06,  1.77977E+06,  2.08153E+06,  2.41207E+06,  2.77087E+06,  3.15702E+06,  3.56929E+06,  4.00612E+06,  4.46567E+06,  4.94589E+06,  5.44453E+06,  5.95920E+06,  6.48743E+06,  7.02668E+06,  7.57442E+06,  8.12813E+06,  8.68536E+06,  9.24372E+06,  9.80097E+06,  1.03550E+07,  1.09037E+07,  1.14453E+07,  1.19781E+07,  1.25007E+07,  1.30115E+07,  1.35095E+07,  1.39935E+07,  1.44627E+07,  1.49164E+07,  1.53539E+07,  1.57747E+07,  1.61785E+07,  1.65651E+07,  1.69342E+07,  1.72859E+07,  1.76202E+07,  1.79371E+07,  1.82370E+07,  1.85199E+07,  1.87862E+07,  1.90362E+07,  1.92702E+07,  1.94887E+07,  1.96922E+07,  1.98809E+07,  2.00555E+07,  2.02163E+07,  2.03639E+07,  2.04988E+07,  2.06213E+07,  2.07321E+07,  2.08316E+07,  2.09202E+07
  1.00000E+00,  1.00000E+00,  1.00000E+00,  1.00003E+00,  1.00020E+00,  1.00080E+00,  1.00231E+00,  1.00546E+00,  1.01125E+00,  1.02132E+00,  1.03863E+00,  1.06871E+00,  1.12217E+00,  1.21950E+00,  1.40064E+00,  1.74389E+00,  2.40293E+00,  3.67862E+00,  6.15563E+00,  1.09568E+01,  2.02046E+01,  3.78329E+01,  7.09699E+01,  1.32208E+02,  2.43192E+02,  4.40057E+02,  7.81340E+02,  1.35897E+03,  2.31286E+03,  3.84935E+03,  6.26335E+03,  9.96347E+03,  1.54988E+04,  2.35853E+04,  3.51295E+04,  5.12466E+04,  7.32703E+04,  1.02752E+05,  1.41446E+05,  1.91287E+05,  2.54346E+05,  3.32784E+05,  4.28791E+05,  5.44518E+05,  6.82013E+05,  8.43154E+05,  1.02958E+06,  1.24266E+06,  1.48340E+06,  1.75247E+06,  2.05015E+06,  2.37633E+06,  2.73050E+06,  3.11179E+06,  3.51899E+06,  3.95058E+06,  4.40475E+06,  4.87949E+06,  5.37256E+06,  5.88163E+06,  6.40425E+06,  6.93792E+06,  7.48012E+06,  8.02836E+06,  8.58022E+06,  9.13335E+06,  9.68549E+06,  1.02345E+07,  1.07785E+07,  1.13155E+07,  1.18439E+07,  1.23623E+07,  1.28691E+07,  1.33633E+07,  1.38437E+07,  1.43096E+07,  1.47600E+07,  1.51946E+07,  1.56126E+07,  1.60139E+07,  1.63981E+07,  1.67651E+07,  1.71148E+07,  1.74472E+07,  1.77625E+07,  1.80609E+07,  1.83425E+07,  1.86076E+07,  1.88565E+07,  1.90897E+07,  1.93075E+07,  1.95102E+07,  1.96985E+07,  1.98726E+07,  2.00331E+07,  2.01805E+07,  2.03152E+07,  2.04377E+07,  2.05485E+07,  2.06481E+07,  2.07369E+07
  1.00000E+00,  1.00000E+00,  1.00000E+00,  1.00003E+00,  1.00020E+00,  1.00079E+00,  1.00229E+00,  1.00541E+00,  1.01115E+00,  1.02114E+00,  1.03830E+00,  1.06809E+00,  1.12098E+00,  1.21717E+00,  1.39600E+00,  1.73449E+00,  2.38372E+00,  3.63922E+00,  6.07488E+00,  1.07922E+01,  1.98722E+01,  3.71705E+01,  6.96716E+01,  1.29712E+02,  2.38494E+02,  4.31415E+02,  7.65825E+02,  1.33180E+03,  2.26647E+03,  3.77215E+03,  6.13807E+03,  9.76517E+03,  1.51925E+04,  2.31232E+04,  3.44484E+04,  5.02645E+04,  7.18839E+04,  1.00834E+05,  1.38844E+05,  1.87821E+05,  2.49810E+05,  3.26945E+05,  4.21390E+05,  5.35277E+05,  6.70635E+05,  8.29327E+05,  1.01299E+06,  1.22297E+06,  1.46031E+06,  1.72566E+06,  2.01932E+06,  2.34120E+06,  2.69081E+06,  3.06731E+06,  3.46952E+06,  3.89594E+06,  4.34481E+06,  4.81413E+06,  5.30172E+06,  5.80526E+06,  6.32233E+06,  6.85048E+06,  7.38720E+06,  7.93005E+06,  8.47661E+06,  9.02455E+06,  9.57164E+06,  1.01158E+07,  1.06550E+07,  1.11875E+07,  1.17116E+07,  1.22257E+07,  1.27286E+07,  1.32190E+07,  1.36959E+07,  1.41584E+07,  1.46057E+07,  1.50373E+07,  1.54527E+07,  1.58514E+07,  1.62332E+07,  1.65980E+07,  1.69457E+07,  1.72764E+07,  1.75901E+07,  1.78869E+07,  1.81672E+07,  1.84311E+07,  1.86791E+07,  1.89113E+07,  1.91283E+07,  1.93305E+07,  1.95182E+07,  1.96919E+07,  1.98521E+07,  1.99992E+07,  2.01337E+07,  2.02562E+07,  2.03670E+07,  2.04667E+07,  2.05557E+07
  1.00000E+00,  1.00000E+00,  1.00000E+00,  1.00003E+00,  1.00020E+00,  1.00078E+00,  1.00227E+00,  1.00536E+00,  1.01106E+00,  1.02097E+00,  1.03798E+00,  1.06749E+00,  1.11982E+00,  1.21488E+00,  1.39143E+00,  1.72525E+00,  2.36486E+00,  3.60057E+00,  5.99574E+00,  1.06310E+01,  1.95468E+01,  3.65226E+01,  6.84023E+01,  1.27272E+02,  2.33903E+02,  4.22973E+02,  7.50670E+02,  1.30526E+03,  2.22117E+03,  3.69673E+03,  6.01567E+03,  9.57141E+03,  1.48931E+04,  2.26716E+04,  3.37823E+04,  4.93039E+04,  7.05274E+04,  9.89568E+04,  1.36297E+05,  1.84427E+05,  2.45366E+05,  3.21222E+05,  4.14135E+05,  5.26215E+05,  6.59473E+05,  8.15760E+05,  9.96702E+05,  1.20365E+06,  1.43763E+06,  1.69932E+06,  1.98902E+06,  2.30666E+06,  2.65178E+06,  3.02357E+06,  3.42085E+06,  3.84218E+06,  4.28581E+06,  4.74979E+06,  5.23196E+06,  5.73004E+06,  6.24165E+06,  6.76434E+06,  7.29565E+06,  7.83316E+06,  8.37448E+06,  8.91729E+06,  9.45939E+06,  9.99870E+06,  1.05332E+07,  1.10612E+07,  1.15810E+07,  1.20910E+07,  1.25900E+07,  1.30766E+07,  1.35500E+07,  1.40092E+07,  1.44534E+07,  1.48821E+07,  1.52947E+07,  1.56909E+07,  1.60704E+07,  1.64331E+07,  1.67788E+07,  1.71077E+07,  1.74197E+07,  1.77151E+07,  1.79941E+07,  1.82568E+07,  1.85037E+07,  1.87351E+07,  1.89513E+07,  1.91528E+07,  1.93400E+07,  1.95132E+07,  1.96731E+07,  1.98200E+07,  1.99544E+07,  2.00768E+07,  2.01876E+07,  2.02874E+07,  2.03766E+07
  1.00000E+00,  1.00000E+00,  1.00000E+00,  1.00003E+00,  1.00019E+00,  1.00077E+00,  1.00225E+00,  1.00531E+00,  1.01097E+00,  1.02080E+00,  1.03766E+00,  1.06689E+00,  1.11867E+00,  1.21263E+00,  1.38694E+00,  1.71617E+00,  2.34634E+00,  3.56266E+00,  5.91817E+00,  1.04731E+01,  1.92284E+01,  3.58889E+01,  6.71613E+01,  1.24888E+02,  2.29418E+02,  4.14726E+02,  7.35866E+02,  1.27934E+03,  2.17691E+03,  3.62306E+03,  5.89608E+03,  9.38205E+03,  1.46005E+04,  2.22300E+04,  3.31310E+04,  4.83641E+04,  6.92000E+04,  9.71196E+04,  1.33802E+05,  1.81102E+05,  2.41012E+05,  3.15613E+05,  4.07022E+05,  5.17328E+05,  6.48524E+05,  8.02447E+05,  9.80714E+05,  1.18467E+06,  1.41535E+06,  1.67344E+06,  1.95925E+06,  2.27272E+06,  2.61341E+06,  2.98054E+06,  3.37298E+06,  3.78928E+06,  4.22775E+06,  4.68646E+06,  5.16328E+06,  5.65597E+06,  6.16218E+06,  6.67948E+06,  7.20545E+06,  7.73768E+06,  8.27382E+06,  8.81156E+06,  9.34872E+06,  9.88323E+06,  1.04131E+07,  1.09367E+07,  1.14522E+07,  1.19581E+07,  1.24532E+07,  1.29361E+07,  1.34060E+07,  1.38619E+07,  1.43030E+07,  1.47288E+07,  1.51387E+07,  1.55324E+07,  1.59096E+07,  1.62702E+07,  1.66139E+07,  1.69410E+07,  1.72514E+07,  1.75454E+07,  1.78230E+07,  1.80846E+07,  1.83305E+07,  1.85609E+07,  1.87764E+07,  1.89772E+07,  1.91638E+07,  1.93367E+07,  1.94962E+07,  1.96429E+07,  1.97771E+07,  1.98995E+07,  2.00103E+07,  2.01102E+07,  2.01995E+07
  1.00000E+00,  1.00000E+00,  1.00000E+00,  1.00003E+00,  1.00019E+00,  1.00076E+00,  1.00222E+00,  1.00527E+00,  1.01088E+00,  1.02063E+00,  1.03735E+00,  1.06630E+00,  1.11753E+00,  1.21041E+00,  1.38252E+00,  1.70724E+00,  2.32816E+00,  3.52547E+00,  5.84214E+00,  1.03185E+01,  1.89168E+01,  3.52689E+01,  6.59478E+01,  1.22557E+02,  2.25034E+02,  4.06668E+02,  7.21403E+02,  1.25402E+03,  2.13367E+03,  3.55108E+03,  5.77922E+03,  9.19699E+03,  1.43145E+04,  2.17982E+04,  3.24940E+04,  4.74449E+04,  6.79012E+04,  9.53212E+04,  1.31360E+05,  1.77846E+05,  2.36746E+05,  3.10116E+05,  4.00049E+05,  5.08613E+05,  6.37783E+05,  7.89382E+05,  9.65020E+05,  1.16604E+06,  1.39347E+06,  1.64801E+06,  1.92999E+06,  2.23935E+06,  2.57569E+06,  2.93823E+06,  3.32588E+06,  3.73723E+06,  4.17061E+06,  4.62411E+06,  5.09566E+06,  5.58303E+06,  6.08390E+06,  6.59587E+06,  7.11657E+06,  7.64359E+06,  8.17459E+06,  8.70732E+06,  9.23960E+06,  9.76936E+06,  1.02947E+07,  1.08138E+07,  1.13251E+07,  1.18269E+07,  1.23182E+07,  1.27975E+07,  1.32639E+07,  1.37165E+07,  1.41546E+07,  1.45775E+07,  1.49847E+07,  1.53759E+07,  1.57508E+07,  1.61092E+07,  1.64511E+07,  1.67764E+07,  1.70852E+07,  1.73777E+07,  1.76540E+07,  1.79144E+07,  1.81593E+07,  1.83889E+07,  1.86035E+07,  1.88037E+07,  1.89898E+07,  1.91622E+07,  1.93214E+07,  1.94678E+07,  1.96019E+07,  1.97241E+07,  1.98350E+07,  1.99349E+07,  2.00244E+07
  1.00000E+00,  1.00000E+00,  1.00000E+00,  1.00003E+00,  1.00019E+00,  1.00075E+00,  1.00220E+00,  1.00522E+00,  1.01079E+00,  1.02046E+00,  1.03704E+00,  1.06571E+00,  1.11641E+00,  1.20822E+00,  1.37816E+00,  1.69846E+00,  2.31030E+00,  3.48898E+00,  5.76761E+00,  1.01670E+01,  1.86117E+01,  3.46623E+01,  6.47611E+01,  1.20279E+02,  2.20751E+02,  3.98795E+02,  7.07273E+02,  1.22928E+03,  2.09143E+03,  3.48074E+03,  5.66503E+03,  9.01612E+03,  1.40349E+04,  2.13760E+04,  3.18710E+04,  4.65455E+04,  6.66301E+04,  9.35608E+04,  1.28969E+05,  1.74657E+05,  2.32566E+05,  3.04728E+05,  3.93212E+05,  5.00065E+05,  6.27245E+05,  7.76561E+05,  9.49614E+05,  1.14774E+06,  1.37198E+06,  1.62303E+06,  1.90123E+06,  2.20655E+06,  2.53859E+06,  2.89662E+06,  3.27955E+06,  3.68602E+06,  4.11437E+06,  4.56274E+06,  5.02908E+06,  5.51119E+06,  6.00679E+06,  6.51351E+06,  7.02898E+06,  7.55084E+06,  8.07678E+06,  8.60455E+06,  9.13199E+06,  9.65707E+06,  1.01779E+07,  1.06926E+07,  1.11997E+07,  1.16976E+07,  1.21849E+07,  1.26606E+07,  1.31236E+07,  1.35730E+07,  1.40080E+07,  1.44281E+07,  1.48327E+07,  1.52214E+07,  1.55940E+07,  1.59503E+07,  1.62902E+07,  1.66138E+07,  1.69210E+07,  1.72120E+07,  1.74870E+07,  1.77463E+07,  1.79901E+07,  1.82188E+07,  1.84327E+07,  1.86322E+07,  1.88178E+07,  1.89897E+07,  1.91486E+07,  1.92947E+07,  1.94287E+07,  1.95508E+07,  1.96617E+07,  1.97617E+07,  1.98513E+07
  1.00000E+00,  1.00000E+00,  1.00000E+00,  1.00003E+00,  1.00019E+00,  1.00074E+00,  1.00218E+00,  1.00518E+00,  1.01070E+00,  1.02030E+00,  1.03673E+00,  1.06514E+00,  1.11531E+00,  1.20607E+00,  1.37388E+00,  1.68984E+00,  2.29276E+00,  3.45317E+00,  5.69454E+00,  1.00186E+01,  1.83130E+01,  3.40689E+01,  6.36006E+01,  1.18051E+02,  2.16564E+02,  3.91101E+02,  6.93467E+02,  1.20511E+03,  2.05015E+03,  3.41202E+03,  5.55343E+03,  8.83933E+03,  1.37615E+04,  2.09632E+04,  3.12616E+04,  4.56656E+04,  6.53861E+04,  9.18374E+04,  1.26627E+05,  1.71532E+05,  2.28470E+05,  2.99447E+05,  3.86508E+05,  4.91681E+05,  6.16905E+05,  7.63978E+05,  9.34490E+05,  1.12978E+06,  1.35087E+06,  1.59849E+06,  1.87297E+06,  2.17430E+06,  2.50211E+06,  2.85569E+06,  3.23397E+06,  3.63562E+06,  4.05901E+06,  4.50232E+06,  4.96352E+06,  5.44044E+06,  5.93083E+06,  6.43235E+06,  6.94267E+06,  7.45944E+06,  7.98037E+06,  8.50323E+06,  9.02589E+06,  9.54633E+06,  1.00626E+07,  1.05731E+07,  1.10760E+07,  1.15699E+07,  1.20535E+07,  1.25256E+07,  1.29852E+07,  1.34313E+07,  1.38634E+07,  1.42806E+07,  1.46825E+07,  1.50688E+07,  1.54392E+07,  1.57934E+07,  1.61314E+07,  1.64531E+07,  1.67587E+07,  1.70483E+07,  1.73220E+07,  1.75802E+07,  1.78230E+07,  1.80507E+07,  1.82639E+07,  1.84627E+07,  1.86477E+07,  1.88193E+07,  1.89778E+07,  1.91237E+07,  1.92574E+07,  1.93795E+07,  1.94904E+07,  1.95904E+07,  1.96801E+07
  1.00000E+00,  1.00000E+00,  1.00000E+00,  1.00003E+00,  1.00018E+00,  1.00074E+00,  1.00216E+00,  1.00513E+00,  1.01061E+00,  1.02013E+00,  1.03643E+00,  1.06457E+00,  1.11422E+00,  1.20395E+00,  1.36967E+00,  1.68135E+00,  2.27554E+00,  3.41804E+00,  5.62290E+00,  9.87319E+00,  1.80206E+01,  3.34882E+01,  6.24655E+01,  1.15873E+02,  2.12472E+02,  3.83582E+02,  6.79977E+02,  1.18149E+03,  2.00982E+03,  3.34486E+03,  5.44437E+03,  8.66652E+03,  1.34942E+04,  2.05595E+04,  3.06655E+04,  4.48046E+04,  6.41686E+04,  9.01502E+04,  1.24333E+05,  1.68472E+05,  2.24456E+05,  2.94270E+05,  3.79935E+05,  4.83458E+05,  6.06761E+05,  7.51628E+05,  9.19641E+05,  1.11213E+06,  1.33014E+06,  1.57437E+06,  1.84519E+06,  2.14260E+06,  2.46624E+06,  2.81543E+06,  3.18912E+06,  3.58602E+06,  4.00452E+06,  4.44283E+06,  4.89895E+06,  5.37075E+06,  5.85600E+06,  6.35239E+06,  6.85761E+06,  7.36935E+06,  7.88532E+06,  8.40333E+06,  8.92126E+06,  9.43711E+06,  9.94897E+06,  1.04551E+07,  1.09539E+07,  1.14439E+07,  1.19237E+07,  1.23923E+07,  1.28485E+07,  1.32915E+07,  1.37205E+07,  1.41349E+07,  1.45343E+07,  1.49181E+07,  1.52862E+07,  1.56383E+07,  1.59744E+07,  1.62944E+07,  1.65985E+07,  1.68866E+07,  1.71590E+07,  1.74160E+07,  1.76578E+07,  1.78847E+07,  1.80970E+07,  1.82952E+07,  1.84797E+07,  1.86508E+07,  1.88089E+07,  1.89546E+07,  1.90882E+07,  1.92101E+07,  1.93210E+07,  1.94211E+07,  1.95109E+07
  1.00000E+00,  1.00000E+00,  1.00000E+00,  1.00003E+00,  1.00018E+00,  1.00073E+00,  1.00214E+00,  1.00509E+00,  1.01052E+00,  1.01997E+00,  1.03613E+00,  1.06401E+00,  1.11315E+00,  1.20185E+00,  1.36552E+00,  1.67301E+00,  2.25862E+00,  3.38356E+00,  5.55266E+00,  9.73075E+00,  1.77343E+01,  3.29199E+01,  6.13552E+01,  1.13744E+02,  2.08472E+02,  3.76234E+02,  6.66794E+02,  1.15841E+03,  1.97041E+03,  3.27923E+03,  5.33776E+03,  8.49759E+03,  1.32329E+04,  2.01647E+04,  3.00824E+04,  4.39622E+04,  6.29770E+04,  8.84983E+04,  1.22087E+05,  1.65474E+05,  2.20523E+05,  2.89195E+05,  3.73489E+05,  4.75391E+05,  5.96807E+05,  7.39507E+05,  9.05063E+05,  1.09480E+06,  1.30977E+06,  1.55067E+06,  1.81788E+06,  2.11143E+06,  2.43096E+06,  2.77582E+06,  3.14500E+06,  3.53721E+06,  3.95089E+06,  4.38426E+06,  4.83537E+06,  5.30212E+06,  5.78228E+06,  6.27361E+06,  6.77379E+06,  7.28054E+06,  7.79162E+06,  8.30483E+06,  8.81809E+06,  9.32938E+06,  9.83685E+06,  1.03387E+07,  1.08335E+07,  1.13196E+07,  1.17957E+07,  1.22607E+07,  1.27136E+07,  1.31534E+07,  1.35795E+07,  1.39911E+07,  1.43879E+07,  1.47693E+07,  1.51351E+07,  1.54852E+07,  1.58194E+07,  1.61377E+07,  1.64401E+07,  1.67268E+07,  1.69980E+07,  1.72538E+07,  1.74945E+07,  1.77205E+07,  1.79321E+07,  1.81297E+07,  1.83136E+07,  1.84842E+07,  1.86420E+07,  1.87874E+07,  1.89208E+07,  1.90427E+07,  1.91535E+07,  1.92536E+07,  1.93436E+07
  1.00000E+00,  1.00000E+00,  1.00000E+00,  1.00003E+00,  1.00018E+00,  1.00072E+00,  1.00212E+00,  1.00504E+00,  1.01044E+00,  1.01981E+00,  1.03583E+00,  1.06345E+00,  1.11209E+00,  1.19979E+00,  1.36143E+00,  1.66481E+00,  2.24200E+00,  3.34972E+00,  5.48378E+00,  9.59118E+00,  1.74540E+01,  3.23637E+01,  6.02692E+01,  1.11662E+02,  2.04561E+02,  3.69052E+02,  6.53910E+02,  1.13585E+03,  1.93189E+03,  3.21508E+03,  5.23356E+03,  8.33244E+03,  1.29774E+04,  1.97785E+04,  2.95120E+04,  4.31379E+04,  6.18105E+04,  8.68809E+04,  1.19887E+05,  1.62536E+05,  2.16668E+05,  2.84220E+05,  3.67168E+05,  4.67479E+05,  5.87040E+05,  7.27609E+05,  8.90750E+05,  1.07779E+06,  1.28976E+06,  1.52738E+06,  1.79104E+06,  2.08078E+06,  2.39627E+06,  2.73686E+06,  3.10158E+06,  3.48917E+06,  3.89809E+06,  4.32660E+06,  4.77276E+06,  5.23451E+06,  5.70966E+06,  6.19597E+06,  6.69118E+06,  7.19301E+06,  7.69924E+06,  8.20771E+06,  8.71633E+06,  9.22313E+06,  9.72625E+06,  1.02239E+07,  1.07146E+07,  1.11969E+07,  1.16693E+07,  1.21308E+07,  1.25804E+07,  1.30171E+07,  1.34402E+07,  1.38491E+07,  1.42433E+07,  1.46223E+07,  1.49859E+07,  1.53339E+07,  1.56662E+07,  1.59828E+07,  1.62836E+07,  1.65689E+07,  1.68388E+07,  1.70935E+07,  1.73332E+07,  1.75583E+07,  1.77691E+07,  1.79660E+07,  1.81494E+07,  1.83195E+07,  1.84770E+07,  1.86221E+07,  1.87553E+07,  1.88771E+07,  1.89879E+07,  1.90881E+07,  1.91781E+07
  1.00000E+00,  1.00000E+00,  1.00000E+00,  1.00003E+00,  1.00018E+00,  1.00071E+00,  1.00210E+00,  1.00500E+00,  1.01035E+00,  1.01965E+00,  1.03554E+00,  1.06290E+00,  1.11105E+00,  1.19776E+00,  1.35741E+00,  1.65675E+00,  2.22567E+00,  3.31651E+00,  5.41623E+00,  9.45441E+00,  1.71794E+01,  3.18194E+01,  5.92067E+01,  1.09626E+02,  2.00738E+02,  3.62031E+02,  6.41318E+02,  1.11381E+03,  1.89425E+03,  3.15239E+03,  5.13171E+03,  8.17097E+03,  1.27275E+04,  1.94008E+04,  2.89539E+04,  4.23312E+04,  6.06688E+04,  8.52972E+04,  1.17733E+05,  1.59658E+05,  2.12890E+05,  2.79342E+05,  3.60970E+05,  4.59716E+05,  5.77456E+05,  7.15930E+05,  8.76695E+05,  1.06107E+06,  1.27009E+06,  1.50449E+06,  1.76466E+06,  2.05065E+06,  2.36215E+06,  2.69854E+06,  3.05886E+06,  3.44189E+06,  3.84611E+06,  4.26982E+06,  4.71110E+06,  5.16791E+06,  5.63811E+06,  6.11947E+06,  6.60976E+06,  7.10673E+06,  7.60817E+06,  8.11194E+06,  8.61599E+06,  9.11833E+06,  9.61714E+06,  1.01107E+07,  1.05974E+07,  1.10758E+07,  1.15446E+07,  1.20026E+07,  1.24489E+07,  1.28825E+07,  1.33027E+07,  1.37089E+07,  1.41005E+07,  1.44771E+07,  1.48385E+07,  1.51845E+07,  1.55149E+07,  1.58297E+07,  1.61290E+07,  1.64129E+07,  1.66815E+07,  1.69350E+07,  1.71738E+07,  1.73980E+07,  1.76080E+07,  1.78043E+07,  1.79870E+07,  1.81568E+07,  1.83138E+07,  1.84587E+07,  1.85917E+07,  1.87134E+07,  1.88242E+07,  1.89244E+07,  1.90145E+07
  1.00000E+00,  1.00000E+00,  1.00000E+00,  1.00003E+00,  1.00017E+00,  1.00070E+00,  1.00208E+00,  1.00496E+00,  1.01027E+00,  1.01950E+00,  1.03525E+00,  1.06236E+00,  1.11002E+00,  1.19576E+00,  1.35346E+00,  1.64882E+00,  2.20963E+00,  3.28392E+00,  5.34998E+00,  9.32038E+00,  1.69106E+01,  3.12866E+01,  5.81672E+01,  1.07634E+02,  1.97000E+02,  3.55169E+02,  6.29010E+02,  1.09226E+03,  1.85746E+03,  3.09110E+03,  5.03213E+03,  8.01310E+03,  1.24832E+04,  1.90314E+04,  2.84079E+04,  4.15417E+04,  5.95510E+04,  8.37464E+04,  1.15622E+05,  1.56838E+05,  2.09187E+05,  2.74560E+05,  3.54890E+05,  4.52101E+05,  5.68050E+05,  7.04466E+05,  8.62895E+05,  1.04465E+06,  1.25078E+06,  1.48200E+06,  1.73873E+06,  2.02102E+06,  2.32859E+06,  2.66084E+06,  3.01683E+06,  3.39536E+06,  3.79495E+06,  4.21391E+06,  4.65037E+06,  5.10231E+06,  5.56762E+06,  6.04409E+06,  6.52951E+06,  7.02167E+06,  7.51838E+06,  8.01751E+06,  8.51702E+06,  9.01496E+06,  9.50950E+06,  9.99893E+06,  1.04817E+07,  1.09563E+07,  1.14215E+07,  1.18761E+07,  1.23191E+07,  1.27496E+07,  1.31669E+07,  1.35704E+07,  1.39594E+07,  1.43337E+07,  1.46929E+07,  1.50369E+07,  1.53654E+07,  1.56786E+07,  1.59763E+07,  1.62587E+07,  1.65261E+07,  1.67785E+07,  1.70162E+07,  1.72395E+07,  1.74488E+07,  1.76444E+07,  1.78266E+07,  1.79959E+07,  1.81526E+07,  1.82972E+07,  1.84300E+07,  1.85516E+07,  1.86623E+07,  1.87625E+07,  1.88528E+07
  1.00000E+00,  1.00000E+00,  1.00000E+00,  1.00003E+00,  1.00017E+00,  1.00070E+00,  1.00206E+00,  1.00491E+00,  1.01019E+00,  1.01934E+00,  1.03496E+00,  1.06183E+00,  1.10900E+00,  1.19379E+00,  1.34956E+00,  1.64102E+00,  2.19387E+00,  3.25192E+00,  5.28501E+00,  9.18902E+00,  1.66472E+01,  3.07651E+01,  5.71501E+01,  1.05686E+02,  1.93345E+02,  3.48460E+02,  6.16978E+02,  1.07120E+03,  1.82150E+03,  3.03120E+03,  4.93478E+03,  7.85873E+03,  1.22442E+04,  1.86700E+04,  2.78736E+04,  4.07690E+04,  5.84568E+04,  8.22277E+04,  1.13555E+05,  1.54074E+05,  2.05558E+05,  2.69872E+05,  3.48927E+05,  4.44630E+05,  5.58820E+05,  6.93212E+05,  8.49344E+05,  1.02853E+06,  1.23180E+06,  1.45990E+06,  1.71323E+06,  1.99188E+06,  2.29558E+06,  2.62374E+06,  2.97546E+06,  3.34955E+06,  3.74457E+06,  4.15886E+06,  4.59056E+06,  5.03769E+06,  5.49816E+06,  5.96980E+06,  6.45041E+06,  6.93782E+06,  7.42984E+06,  7.92438E+06,  8.41941E+06,  8.91300E+06,  9.40331E+06,  9.88867E+06,  1.03675E+07,  1.08384E+07,  1.13000E+07,  1.17512E+07,  1.21910E+07,  1.26184E+07,  1.30329E+07,  1.34336E+07,  1.38202E+07,  1.41921E+07,  1.45491E+07,  1.48911E+07,  1.52178E+07,  1.55292E+07,  1.58254E+07,  1.61064E+07,  1.63725E+07,  1.66237E+07,  1.68604E+07,  1.70829E+07,  1.72914E+07,  1.74863E+07,  1.76680E+07,  1.78368E+07,  1.79931E+07,  1.81374E+07,  1.82701E+07,  1.83915E+07,  1.85022E+07,  1.86025E+07,  1.86928E+07
  1.00000E+00,  1.00000E+00,  1.00000E+00,  1.00003E+00,  1.00017E+00,  1.00069E+00,  1.00204E+00,  1.00487E+00,  1.01010E+00,  1.01919E+00,  1.03468E+00,  1.06130E+00,  1.10800E+00,  1.19184E+00,  1.34573E+00,  1.63335E+00,  2.17838E+00,  3.22050E+00,  5.22128E+00,  9.06026E+00,  1.63893E+01,  3.02546E+01,  5.61549E+01,  1.03781E+02,  1.89770E+02,  3.41900E+02,  6.05217E+02,  1.05062E+03,  1.78634E+03,  2.97263E+03,  4.83960E+03,  7.70778E+03,  1.20105E+04,  1.83164E+04,  2.73509E+04,  4.00127E+04,  5.73855E+04,  8.07405E+04,  1.11529E+05,  1.51367E+05,  2.02000E+05,  2.65274E+05,  3.43079E+05,  4.37300E+05,  5.49760E+05,  6.82163E+05,  8.36036E+05,  1.01269E+06,  1.21315E+06,  1.43817E+06,  1.68817E+06,  1.96323E+06,  2.26312E+06,  2.58725E+06,  2.93476E+06,  3.30447E+06,  3.69498E+06,  4.10464E+06,  4.53165E+06,  4.97403E+06,  5.42972E+06,  5.89658E+06,  6.37245E+06,  6.85516E+06,  7.34255E+06,  7.83255E+06,  8.32314E+06,  8.81241E+06,  9.29855E+06,  9.77987E+06,  1.02548E+07,  1.07220E+07,  1.11800E+07,  1.16279E+07,  1.20644E+07,  1.24889E+07,  1.29005E+07,  1.32985E+07,  1.36826E+07,  1.40522E+07,  1.44071E+07,  1.47470E+07,  1.50718E+07,  1.53816E+07,  1.56762E+07,  1.59559E+07,  1.62207E+07,  1.64708E+07,  1.67065E+07,  1.69281E+07,  1.71358E+07,  1.73301E+07,  1.75112E+07,  1.76795E+07,  1.78355E+07,  1.79795E+07,  1.81120E+07,  1.82333E+07,  1.83439E+07,  1.84442E+07,  1.85346E+07
  1.00000E+00,  1.00000E+00,  1.00000E+00,  1.00003E+00,  1.00017E+00,  1.00068E+00,  1.00202E+00,  1.00483E+00,  1.01002E+00,  1.01904E+00,  1.03440E+00,  1.06078E+00,  1.10701E+00,  1.18993E+00,  1.34195E+00,  1.62580E+00,  2.16316E+00,  3.18966E+00,  5.15876E+00,  8.93406E+00,  1.61366E+01,  2.97547E+01,  5.51810E+01,  1.01917E+02,  1.86275E+02,  3.35487E+02,  5.93719E+02,  1.03049E+03,  1.75197E+03,  2.91537E+03,  4.74653E+03,  7.56015E+03,  1.17819E+04,  1.79705E+04,  2.68393E+04,  3.92724E+04,  5.63366E+04,  7.92839E+04,  1.09545E+05,  1.48713E+05,  1.98513E+05,  2.60766E+05,  3.37342E+05,  4.30108E+05,  5.40869E+05,  6.71316E+05,  8.22967E+05,  9.97124E+05,  1.19482E+06,  1.41682E+06,  1.66353E+06,  1.93506E+06,  2.23118E+06,  2.55134E+06,  2.89470E+06,  3.26009E+06,  3.64615E+06,  4.05126E+06,  4.47362E+06,  4.91131E+06,  5.36229E+06,  5.82443E+06,  6.29561E+06,  6.77366E+06,  7.25648E+06,  7.74198E+06,  8.22819E+06,  8.71319E+06,  9.19519E+06,  9.67252E+06,  1.01436E+07,  1.06071E+07,  1.10616E+07,  1.15061E+07,  1.19395E+07,  1.23610E+07,  1.27697E+07,  1.31652E+07,  1.35467E+07,  1.39140E+07,  1.42667E+07,  1.46047E+07,  1.49277E+07,  1.52357E+07,  1.55289E+07,  1.58071E+07,  1.60706E+07,  1.63197E+07,  1.65544E+07,  1.67751E+07,  1.69820E+07,  1.71756E+07,  1.73561E+07,  1.75240E+07,  1.76796E+07,  1.78234E+07,  1.79556E+07,  1.80768E+07,  1.81873E+07,  1.82876E+07,  1.83781E+07
  1.00000E+00,  1.00000E+00,  1.00000E+00,  1.00003E+00,  1.00017E+00,  1.00067E+00,  1.00200E+00,  1.00479E+00,  1.00994E+00,  1.01889E+00,  1.03412E+00,  1.06026E+00,  1.10603E+00,  1.18804E+00,  1.33823E+00,  1.61838E+00,  2.14821E+00,  3.15938E+00,  5.09743E+00,  8.81034E+00,  1.58891E+01,  2.92653E+01,  5.42279E+01,  1.00094E+02,  1.82856E+02,  3.29215E+02,  5.82477E+02,  1.01082E+03,  1.71837E+03,  2.85939E+03,  4.65553E+03,  7.41578E+03,  1.15582E+04,  1.76321E+04,  2.63387E+04,  3.85478E+04,  5.53095E+04,  7.78573E+04,  1.07601E+05,  1.46112E+05,  1.95094E+05,  2.56345E+05,  3.31715E+05,  4.23051E+05,  5.32142E+05,  6.60666E+05,  8.10133E+05,  9.81837E+05,  1.17682E+06,  1.39583E+06,  1.63930E+06,  1.90735E+06,  2.19976E+06,  2.51602E+06,  2.85527E+06,  3.21641E+06,  3.59808E+06,  3.99868E+06,  4.41647E+06,  4.84952E+06,  5.29584E+06,  5.75332E+06,  6.21985E+06,  6.69331E+06,  7.17160E+06,  7.65266E+06,  8.13453E+06,  8.61530E+06,  9.09321E+06,  9.56658E+06,  1.00339E+07,  1.04937E+07,  1.09448E+07,  1.13859E+07,  1.18162E+07,  1.22347E+07,  1.26406E+07,  1.30334E+07,  1.34125E+07,  1.37775E+07,  1.41281E+07,  1.44640E+07,  1.47852E+07,  1.50916E+07,  1.53832E+07,  1.56601E+07,  1.59224E+07,  1.61703E+07,  1.64040E+07,  1.66238E+07,  1.68300E+07,  1.70229E+07,  1.72029E+07,  1.73703E+07,  1.75255E+07,  1.76690E+07,  1.78010E+07,  1.79221E+07,  1.80325E+07,  1.81328E+07,  1.82234E+07
  1.00000E+00,  1.00000E+00,  1.00000E+00,  1.00002E+00,  1.00016E+00,  1.00067E+00,  1.00198E+00,  1.00475E+00,  1.00986E+00,  1.01874E+00,  1.03385E+00,  1.05975E+00,  1.10507E+00,  1.18617E+00,  1.33457E+00,  1.61108E+00,  2.13351E+00,  3.12965E+00,  5.03725E+00,  8.68905E+00,  1.56466E+01,  2.87861E+01,  5.32951E+01,  9.83103E+01,  1.79513E+02,  3.23082E+02,  5.71484E+02,  9.91582E+02,  1.68552E+03,  2.80465E+03,  4.56653E+03,  7.27457E+03,  1.13395E+04,  1.73010E+04,  2.58487E+04,  3.78384E+04,  5.43038E+04,  7.64599E+04,  1.05697E+05,  1.43564E+05,  1.91742E+05,  2.52010E+05,  3.26195E+05,  4.16126E+05,  5.23576E+05,  6.50210E+05,  7.97527E+05,  9.66819E+05,  1.15912E+06,  1.37519E+06,  1.61548E+06,  1.88010E+06,  2.16886E+06,  2.48126E+06,  2.81647E+06,  3.17341E+06,  3.55074E+06,  3.94690E+06,  4.36017E+06,  4.78865E+06,  5.23035E+06,  5.68323E+06,  6.14518E+06,  6.61410E+06,  7.08791E+06,  7.56457E+06,  8.04214E+06,  8.51873E+06,  8.99259E+06,  9.46204E+06,  9.92558E+06,  1.03818E+07,  1.08294E+07,  1.12673E+07,  1.16944E+07,  1.21100E+07,  1.25131E+07,  1.29033E+07,  1.32799E+07,  1.36426E+07,  1.39911E+07,  1.43251E+07,  1.46445E+07,  1.49492E+07,  1.52393E+07,  1.55148E+07,  1.57758E+07,  1.60226E+07,  1.62553E+07,  1.64742E+07,  1.66797E+07,  1.68719E+07,  1.70513E+07,  1.72183E+07,  1.73731E+07,  1.75163E+07,  1.76481E+07,  1.77690E+07,  1.78794E+07,  1.79797E+07,  1.80703E+07
  1.00000E+00,  1.00000E+00,  1.00000E+00,  1.00002E+00,  1.00016E+00,  1.00066E+00,  1.00196E+00,  1.00471E+00,  1.00978E+00,  1.01859E+00,  1.03358E+00,  1.05925E+00,  1.10411E+00,  1.18434E+00,  1.33096E+00,  1.60389E+00,  2.11906E+00,  3.10045E+00,  4.97821E+00,  8.57013E+00,  1.54090E+01,  2.83168E+01,  5.23820E+01,  9.65649E+01,  1.76242E+02,  3.17085E+02,  5.60735E+02,  9.72772E+02,  1.65340E+03,  2.75112E+03,  4.47950E+03,  7.13646E+03,  1.11254E+04,  1.69770E+04,  2.53691E+04,  3.71439E+04,  5.33190E+04,  7.50911E+04,  1.03831E+05,  1.41066E+05,  1.88456E+05,  2.47759E+05,  3.20780E+05,  4.09331E+05,  5.15168E+05,  6.39942E+05,  7.85146E+05,  9.52065E+05,  1.14173E+06,  1.35491E+06,  1.59205E+06,  1.85330E+06,  2.13846E+06,  2.44705E+06,  2.77828E+06,  3.13107E+06,  3.50413E+06,  3.89591E+06,  4.30471E+06,  4.72867E+06,  5.16583E+06,  5.61415E+06,  6.07157E+06,  6.53599E+06,  7.00537E+06,  7.47769E+06,  7.95101E+06,  8.42346E+06,  8.89330E+06,  9.35888E+06,  9.81868E+06,  1.02713E+07,  1.07155E+07,  1.11501E+07,  1.15742E+07,  1.19868E+07,  1.23872E+07,  1.27748E+07,  1.31490E+07,  1.35094E+07,  1.38558E+07,  1.41878E+07,  1.45054E+07,  1.48085E+07,  1.50971E+07,  1.53712E+07,  1.56310E+07,  1.58766E+07,  1.61084E+07,  1.63264E+07,  1.65311E+07,  1.67227E+07,  1.69015E+07,  1.70680E+07,  1.72225E+07,  1.73653E+07,  1.74969E+07,  1.76177E+07,  1.77280E+07,  1.78283E+07,  1.79190E+07
  1.00000E+00,  1.00000E+00,  1.00000E+00,  1.00002E+00,  1.00016E+00,  1.00065E+00,  1.00194E+00,  1.00467E+00,  1.00970E+00,  1.01845E+00,  1.03331E+00,  1.05876E+00,  1.10317E+00,  1.18253E+00,  1.32741E+00,  1.59682E+00,  2.10486E+00,  3.07178E+00,  4.92028E+00,  8.45353E+00,  1.51761E+01,  2.78572E+01,  5.14883E+01,  9.48570E+01,  1.73043E+02,  3.11219E+02,  5.50224E+02,  9.54379E+02,  1.62198E+03,  2.69877E+03,  4.39438E+03,  7.00136E+03,  1.09161E+04,  1.66600E+04,  2.48998E+04,  3.64640E+04,  5.23545E+04,  7.37503E+04,  1.02002E+05,  1.38617E+05,  1.85235E+05,  2.43589E+05,  3.15468E+05,  4.02662E+05,  5.06914E+05,  6.29861E+05,  7.72986E+05,  9.37568E+05,  1.12464E+06,  1.33498E+06,  1.56902E+06,  1.82694E+06,  2.10855E+06,  2.41339E+06,  2.74069E+06,  3.08940E+06,  3.45823E+06,  3.84568E+06,  4.25007E+06,  4.66957E+06,  5.10223E+06,  5.54606E+06,  5.99900E+06,  6.45898E+06,  6.92398E+06,  7.39200E+06,  7.86111E+06,  8.32947E+06,  8.79533E+06,  9.25708E+06,  9.71318E+06,  1.01623E+07,  1.06031E+07,  1.10345E+07,  1.14554E+07,  1.18651E+07,  1.22628E+07,  1.26478E+07,  1.30196E+07,  1.33778E+07,  1.37221E+07,  1.40522E+07,  1.43680E+07,  1.46694E+07,  1.49565E+07,  1.52293E+07,  1.54878E+07,  1.57324E+07,  1.59631E+07,  1.61803E+07,  1.63842E+07,  1.65751E+07,  1.67534E+07,  1.69194E+07,  1.70735E+07,  1.72160E+07,  1.73474E+07,  1.74680E+07,  1.75783E+07,  1.76786E+07,  1.77693E+07
  1.00000E+00,  1.00000E+00,  1.00000E+00,  1.00002E+00,  1.00016E+00,  1.00065E+00,  1.00193E+00,  1.00463E+00,  1.00963E+00,  1.01830E+00,  1.03305E+00,  1.05827E+00,  1.10225E+00,  1.18074E+00,  1.32391E+00,  1.58987E+00,  2.09090E+00,  3.04362E+00,  4.86343E+00,  8.33920E+00,  1.49480E+01,  2.74071E+01,  5.06133E+01,  9.31857E+01,  1.69912E+02,  3.05481E+02,  5.39944E+02,  9.36391E+02,  1.59126E+03,  2.64758E+03,  4.31112E+03,  6.86920E+03,  1.07112E+04,  1.63497E+04,  2.44403E+04,  3.57983E+04,  5.14100E+04,  7.24368E+04,  1.00210E+05,  1.36217E+05,  1.82076E+05,  2.39499E+05,  3.10256E+05,  3.96118E+05,  4.98811E+05,  6.19961E+05,  7.61041E+05,  9.23325E+05,  1.10785E+06,  1.31538E+06,  1.54638E+06,  1.80101E+06,  2.07913E+06,  2.38027E+06,  2.70369E+06,  3.04837E+06,  3.41303E+06,  3.79621E+06,  4.19625E+06,  4.61134E+06,  5.03956E+06,  5.47894E+06,  5.92745E+06,  6.38305E+06,  6.84371E+06,  7.30747E+06,  7.77242E+06,  8.23673E+06,  8.69866E+06,  9.15660E+06,  9.60905E+06,  1.00546E+07,  1.04921E+07,  1.09203E+07,  1.13382E+07,  1.17450E+07,  1.21400E+07,  1.25224E+07,  1.28918E+07,  1.32478E+07,  1.35900E+07,  1.39182E+07,  1.42322E+07,  1.45320E+07,  1.48176E+07,  1.50890E+07,  1.53463E+07,  1.55898E+07,  1.58195E+07,  1.60358E+07,  1.62389E+07,  1.64292E+07,  1.66069E+07,  1.67725E+07,  1.69262E+07,  1.70684E+07,  1.71996E+07,  1.73200E+07,  1.74302E+07,  1.75305E+07,  1.76212E+07
  1.00000E+00,  1.00000E+00,  1.00000E+00,  1.00002E+00,  1.00016E+00,  1.00064E+00,  1.00191E+00,  1.00459E+00,  1.00955E+00,  1.01816E+00,  1.03278E+00,  1.05778E+00,  1.10133E+00,  1.17898E+00,  1.32046E+00,  1.58302E+00,  2.07718E+00,  3.01596E+00,  4.80765E+00,  8.22708E+00,  1.47244E+01,  2.69662E+01,  4.97567E+01,  9.15501E+01,  1.66850E+02,  2.99869E+02,  5.29889E+02,  9.18799E+02,  1.56122E+03,  2.59751E+03,  4.22968E+03,  6.73990E+03,  1.05108E+04,  1.60461E+04,  2.39906E+04,  3.51465E+04,  5.04849E+04,  7.11499E+04,  9.84542E+04,  1.33865E+05,  1.78978E+05,  2.35488E+05,  3.05142E+05,  3.89695E+05,  4.90856E+05,  6.10239E+05,  7.49307E+05,  9.09330E+05,  1.09134E+06,  1.29611E+06,  1.52411E+06,  1.77551E+06,  2.05018E+06,  2.34767E+06,  2.66727E+06,  3.00797E+06,  3.36853E+06,  3.74749E+06,  4.14323E+06,  4.55396E+06,  4.97780E+06,  5.41278E+06,  5.85691E+06,  6.30817E+06,  6.76455E+06,  7.22410E+06,  7.68493E+06,  8.14523E+06,  8.60327E+06,  9.05744E+06,  9.50626E+06,  9.94835E+06,  1.03825E+07,  1.08075E+07,  1.12224E+07,  1.16264E+07,  1.20186E+07,  1.23986E+07,  1.27656E+07,  1.31194E+07,  1.34595E+07,  1.37858E+07,  1.40980E+07,  1.43962E+07,  1.46803E+07,  1.49503E+07,  1.52064E+07,  1.54488E+07,  1.56775E+07,  1.58930E+07,  1.60953E+07,  1.62849E+07,  1.64621E+07,  1.66271E+07,  1.67805E+07,  1.69224E+07,  1.70533E+07,  1.71736E+07,  1.72837E+07,  1.73840E+07,  1.74747E+07
  1.00000E+00,  1.00000E+00,  1.00000E+00,  1.00002E+00,  1.00015E+00,  1.00063E+00,  1.00189E+00,  1.00455E+00,  1.00947E+00,  1.01802E+00,  1.03253E+00,  1.05730E+00,  1.10043E+00,  1.17725E+00,  1.31707E+00,  1.57629E+00,  2.06369E+00,  2.98879E+00,  4.75289E+00,  8.11712E+00,  1.45052E+01,  2.65344E+01,  4.89180E+01,  8.99493E+01,  1.63854E+02,  2.94378E+02,  5.20055E+02,  9.01594E+02,  1.53183E+03,  2.54853E+03,  4.15002E+03,  6.61341E+03,  1.03146E+04,  1.57489E+04,  2.35503E+04,  3.45082E+04,  4.95788E+04,  6.98892E+04,  9.67333E+04,  1.31558E+05,  1.75941E+05,  2.31553E+05,  3.00124E+05,  3.83391E+05,  4.83047E+05,  6.00692E+05,  7.37781E+05,  8.95578E+05,  1.07512E+06,  1.27716E+06,  1.50221E+06,  1.75042E+06,  2.02169E+06,  2.31559E+06,  2.63142E+06,  2.96819E+06,  3.32469E+06,  3.69949E+06,  4.09099E+06,  4.49742E+06,  4.91692E+06,  5.34757E+06,  5.78737E+06,  6.23433E+06,  6.68647E+06,  7.14186E+06,  7.59862E+06,  8.05494E+06,  8.50913E+06,  8.95957E+06,  9.40480E+06,  9.84344E+06,  1.02743E+07,  1.06961E+07,  1.11081E+07,  1.15092E+07,  1.18988E+07,  1.22762E+07,  1.26409E+07,  1.29924E+07,  1.33305E+07,  1.36549E+07,  1.39654E+07,  1.42620E+07,  1.45446E+07,  1.48133E+07,  1.50682E+07,  1.53094E+07,  1.55372E+07,  1.57517E+07,  1.59533E+07,  1.61423E+07,  1.63189E+07,  1.64835E+07,  1.66364E+07,  1.67780E+07,  1.69087E+07,  1.70289E+07,  1.71389E+07,  1.72391E+07,  1.73299E+07
  1.00000E+00,  1.00000E+00,  1.00000E+00,  1.00002E+00,  1.00015E+00,  1.00063E+00,  1.00187E+00,  1.00451E+00,  1.00940E+00,  1.01788E+00,  1.03227E+00,  1.05683E+00,  1.09954E+00,  1.17553E+00,  1.31372E+00,  1.56966E+00,  2.05043E+00,  2.96210E+00,  4.69915E+00,  8.00927E+00,  1.42904E+01,  2.61114E+01,  4.80968E+01,  8.83824E+01,  1.60921E+02,  2.89007E+02,  5.10435E+02,  8.84764E+02,  1.50309E+03,  2.50063E+03,  4.07208E+03,  6.48964E+03,  1.01227E+04,  1.54580E+04,  2.31192E+04,  3.38832E+04,  4.86913E+04,  6.86539E+04,  9.50467E+04,  1.29297E+05,  1.72962E+05,  2.27693E+05,  2.95201E+05,  3.77203E+05,  4.75379E+05,  5.91315E+05,  7.26458E+05,  8.82065E+05,  1.05917E+06,  1.25854E+06,  1.48067E+06,  1.72575E+06,  1.99367E+06,  2.28402E+06,  2.59613E+06,  2.92903E+06,  3.28153E+06,  3.65222E+06,  4.03952E+06,  4.44170E+06,  4.85692E+06,  5.28328E+06,  5.71880E+06,  6.16152E+06,  6.60947E+06,  7.06074E+06,  7.51346E+06,  7.96585E+06,  8.41622E+06,  8.86298E+06,  9.30465E+06,  9.73988E+06,  1.01674E+07,  1.05862E+07,  1.09952E+07,  1.13935E+07,  1.17804E+07,  1.21553E+07,  1.25177E+07,  1.28671E+07,  1.32031E+07,  1.35256E+07,  1.38343E+07,  1.41293E+07,  1.44104E+07,  1.46778E+07,  1.49315E+07,  1.51716E+07,  1.53984E+07,  1.56121E+07,  1.58130E+07,  1.60012E+07,  1.61773E+07,  1.63414E+07,  1.64939E+07,  1.66352E+07,  1.67657E+07,  1.68857E+07,  1.69956E+07,  1.70957E+07,  1.71866E+07
  1.00000E+00,  1.00000E+00,  1.00000E+00,  1.00002E+00,  1.00015E+00,  1.00062E+00,  1.00186E+00,  1.00447E+00,  1.00932E+00,  1.01774E+00,  1.03202E+00,  1.05636E+00,  1.09866E+00,  1.17385E+00,  1.31043E+00,  1.56314E+00,  2.03738E+00,  2.93588E+00,  4.64639E+00,  7.90348E+00,  1.40798E+01,  2.56969E+01,  4.72927E+01,  8.68486E+01,  1.58052E+02,  2.83752E+02,  5.01024E+02,  8.68301E+02,  1.47498E+03,  2.45376E+03,  3.99584E+03,  6.36854E+03,  9.93481E+03,  1.51732E+04,  2.26972E+04,  3.32711E+04,  4.78219E+04,  6.74435E+04,  9.33937E+04,  1.27081E+05,  1.70041E+05,  2.23907E+05,  2.90369E+05,  3.71129E+05,  4.67850E+05,  5.82106E+05,  7.15334E+05,  8.68786E+05,  1.04349E+06,  1.24023E+06,  1.45948E+06,  1.70147E+06,  1.96609E+06,  2.25295E+06,  2.56139E+06,  2.89047E+06,  3.23901E+06,  3.60565E+06,  3.98881E+06,  4.38679E+06,  4.79779E+06,  5.21990E+06,  5.65119E+06,  6.08971E+06,  6.53352E+06,  6.98071E+06,  7.42945E+06,  7.87795E+06,  8.32454E+06,  8.76764E+06,  9.20579E+06,  9.63763E+06,  1.00619E+07,  1.04776E+07,  1.08836E+07,  1.12792E+07,  1.16635E+07,  1.20359E+07,  1.23960E+07,  1.27432E+07,  1.30772E+07,  1.33978E+07,  1.37048E+07,  1.39982E+07,  1.42779E+07,  1.45439E+07,  1.47964E+07,  1.50354E+07,  1.52612E+07,  1.54741E+07,  1.56741E+07,  1.58618E+07,  1.60372E+07,  1.62008E+07,  1.63530E+07,  1.64940E+07,  1.66242E+07,  1.67440E+07,  1.68538E+07,  1.69539E+07,  1.70448E+07
  1.00000E+00,  1.00000E+00,  1.00000E+00,  1.00002E+00,  1.00015E+00,  1.00061E+00,  1.00184E+00,  1.00443E+00,  1.00925E+00,  1.01760E+00,  1.03177E+00,  1.05590E+00,  1.09779E+00,  1.17218E+00,  1.30718E+00,  1.55672E+00,  2.02456E+00,  2.91012E+00,  4.59461E+00,  7.79971E+00,  1.38734E+01,  2.52908E+01,  4.65052E+01,  8.53471E+01,  1.55244E+02,  2.78610E+02,  4.91817E+02,  8.52197E+02,  1.44747E+03,  2.40791E+03,  3.92124E+03,  6.25004E+03,  9.75096E+03,  1.48945E+04,  2.22840E+04,  3.26716E+04,  4.69702E+04,  6.62575E+04,  9.17734E+04,  1.24907E+05,  1.67176E+05,  2.20192E+05,  2.85628E+05,  3.65168E+05,  4.60458E+05,  5.73061E+05,  7.04405E+05,  8.55736E+05,  1.02808E+06,  1.22222E+06,  1.43865E+06,  1.67759E+06,  1.93895E+06,  2.22237E+06,  2.52719E+06,  2.85249E+06,  3.19714E+06,  3.55977E+06,  3.93884E+06,  4.33268E+06,  4.73949E+06,  5.15741E+06,  5.58453E+06,  6.01890E+06,  6.45860E+06,  6.90177E+06,  7.34655E+06,  7.79120E+06,  8.23405E+06,  8.67353E+06,  9.10819E+06,  9.53668E+06,  9.95778E+06,  1.03704E+07,  1.07735E+07,  1.11663E+07,  1.15480E+07,  1.19180E+07,  1.22757E+07,  1.26207E+07,  1.29528E+07,  1.32715E+07,  1.35768E+07,  1.38686E+07,  1.41468E+07,  1.44115E+07,  1.46628E+07,  1.49007E+07,  1.51256E+07,  1.53376E+07,  1.55369E+07,  1.57238E+07,  1.58987E+07,  1.60619E+07,  1.62136E+07,  1.63543E+07,  1.64843E+07,  1.66039E+07,  1.67136E+07,  1.68137E+07,  1.69046E+07
  1.00000E+00,  1.00000E+00,  1.00000E+00,  1.00002E+00,  1.00015E+00,  1.00061E+00,  1.00182E+00,  1.00440E+00,  1.00918E+00,  1.01747E+00,  1.03152E+00,  1.05544E+00,  1.09693E+00,  1.17054E+00,  1.30398E+00,  1.55040E+00,  2.01195E+00,  2.88482E+00,  4.54377E+00,  7.69792E+00,  1.36711E+01,  2.48930E+01,  4.57339E+01,  8.38772E+01,  1.52496E+02,  2.73578E+02,  4.82809E+02,  8.36441E+02,  1.42057E+03,  2.36306E+03,  3.84825E+03,  6.13408E+03,  9.57102E+03,  1.46216E+04,  2.18794E+04,  3.20845E+04,  4.61358E+04,  6.50953E+04,  9.01852E+04,  1.22776E+05,  1.64366E+05,  2.16548E+05,  2.80976E+05,  3.59315E+05,  4.53199E+05,  5.64177E+05,  6.93667E+05,  8.42910E+05,  1.01293E+06,  1.20451E+06,  1.41816E+06,  1.65409E+06,  1.91225E+06,  2.19227E+06,  2.49351E+06,  2.81510E+06,  3.15590E+06,  3.51457E+06,  3.88961E+06,  4.27935E+06,  4.68204E+06,  5.09581E+06,  5.51879E+06,  5.94906E+06,  6.38471E+06,  6.82388E+06,  7.26476E+06,  7.70560E+06,  8.14474E+06,  8.58064E+06,  9.01184E+06,  9.43701E+06,  9.85492E+06,  1.02645E+07,  1.06647E+07,  1.10548E+07,  1.14339E+07,  1.18014E+07,  1.21569E+07,  1.24998E+07,  1.28298E+07,  1.31467E+07,  1.34503E+07,  1.37405E+07,  1.40173E+07,  1.42806E+07,  1.45307E+07,  1.47676E+07,  1.49915E+07,  1.52026E+07,  1.54011E+07,  1.55874E+07,  1.57618E+07,  1.59244E+07,  1.60758E+07,  1.62161E+07,  1.63459E+07,  1.64653E+07,  1.65749E+07,  1.66749E+07,  1.67658E+07
  1.00000E+00,  1.00000E+00,  1.00000E+00,  1.00002E+00,  1.00014E+00,  1.00060E+00,  1.00180E+00,  1.00436E+00,  1.00911E+00,  1.01734E+00,  1.03127E+00,  1.05499E+00,  1.09609E+00,  1.16892E+00,  1.30083E+00,  1.54418E+00,  1.99954E+00,  2.85995E+00,  4.49386E+00,  7.59805E+00,  1.34727E+01,  2.45031E+01,  4.49785E+01,  8.24380E+01,  1.49806E+02,  2.68655E+02,  4.73995E+02,  8.21026E+02,  1.39424E+03,  2.31917E+03,  3.77683E+03,  6.02059E+03,  9.39488E+03,  1.43545E+04,  2.14831E+04,  3.15095E+04,  4.53184E+04,  6.39563E+04,  8.86284E+04,  1.20687E+05,  1.61610E+05,  2.12973E+05,  2.76410E+05,  3.53570E+05,  4.46071E+05,  5.55451E+05,  6.83117E+05,  8.30306E+05,  9.98041E+05,  1.18710E+06,  1.39800E+06,  1.63098E+06,  1.88597E+06,  2.16264E+06,  2.46036E+06,  2.77828E+06,  3.11528E+06,  3.47004E+06,  3.84109E+06,  4.22679E+06,  4.62540E+06,  5.03508E+06,  5.45397E+06,  5.88018E+06,  6.31182E+06,  6.74705E+06,  7.18406E+06,  7.62112E+06,  8.05660E+06,  8.48895E+06,  8.91672E+06,  9.33860E+06,  9.75336E+06,  1.01599E+07,  1.05573E+07,  1.09446E+07,  1.13212E+07,  1.16863E+07,  1.20395E+07,  1.23802E+07,  1.27083E+07,  1.30233E+07,  1.33252E+07,  1.36139E+07,  1.38892E+07,  1.41513E+07,  1.44002E+07,  1.46360E+07,  1.48589E+07,  1.50691E+07,  1.52669E+07,  1.54526E+07,  1.56263E+07,  1.57885E+07,  1.59394E+07,  1.60795E+07,  1.62090E+07,  1.63282E+07,  1.64377E+07,  1.65377E+07,  1.66286E+07
  1.00000E+00,  1.00000E+00,  1.00000E+00,  1.00002E+00,  1.00014E+00,  1.00059E+00,  1.00179E+00,  1.00432E+00,  1.00903E+00,  1.01720E+00,  1.03103E+00,  1.05455E+00,  1.09525E+00,  1.16732E+00,  1.29772E+00,  1.53805E+00,  1.98734E+00,  2.83551E+00,  4.44485E+00,  7.50007E+00,  1.32782E+01,  2.41211E+01,  4.42386E+01,  8.10289E+01,  1.47173E+02,  2.63836E+02,  4.65371E+02,  8.05943E+02,  1.36848E+03,  2.27622E+03,  3.70693E+03,  5.90952E+03,  9.22248E+03,  1.40930E+04,  2.10952E+04,  3.09462E+04,  4.45175E+04,  6.28401E+04,  8.71022E+04,  1.18638E+05,  1.58907E+05,  2.09465E+05,  2.71928E+05,  3.47929E+05,  4.39071E+05,  5.46879E+05,  6.72751E+05,  8.17917E+05,  9.83400E+05,  1.16998E+06,  1.37818E+06,  1.60824E+06,  1.86011E+06,  2.13347E+06,  2.42772E+06,  2.74202E+06,  3.07526E+06,  3.42618E+06,  3.79329E+06,  4.17499E+06,  4.56956E+06,  4.97520E+06,  5.39005E+06,  5.81224E+06,  6.23992E+06,  6.67124E+06,  7.10442E+06,  7.53775E+06,  7.96960E+06,  8.39843E+06,  8.82282E+06,  9.24143E+06,  9.65307E+06,  1.00566E+07,  1.04512E+07,  1.08358E+07,  1.12098E+07,  1.15725E+07,  1.19235E+07,  1.22621E+07,  1.25882E+07,  1.29014E+07,  1.32016E+07,  1.34887E+07,  1.37626E+07,  1.40234E+07,  1.42711E+07,  1.45058E+07,  1.47278E+07,  1.49372E+07,  1.51342E+07,  1.53192E+07,  1.54923E+07,  1.56540E+07,  1.58046E+07,  1.59443E+07,  1.60735E+07,  1.61926E+07,  1.63020E+07,  1.64019E+07,  1.64928E+07
  1.00000E+00,  1.00000E+00,  1.00000E+00,  1.00002E+00,  1.00014E+00,  1.00059E+00,  1.00177E+00,  1.00429E+00,  1.00896E+00,  1.01707E+00,  1.03079E+00,  1.05410E+00,  1.09443E+00,  1.16575E+00,  1.29466E+00,  1.53202E+00,  1.97535E+00,  2.81150E+00,  4.39673E+00,  7.40392E+00,  1.30874E+01,  2.37466E+01,  4.35138E+01,  7.96490E+01,  1.44595E+02,  2.59120E+02,  4.56931E+02,  7.91184E+02,  1.34328E+03,  2.23420E+03,  3.63853E+03,  5.80081E+03,  9.05370E+03,  1.38369E+04,  2.07152E+04,  3.03944E+04,  4.37327E+04,  6.17461E+04,  8.56060E+04,  1.16629E+05,  1.56255E+05,  2.06023E+05,  2.67530E+05,  3.42392E+05,  4.32197E+05,  5.38458E+05,  6.62564E+05,  8.05740E+05,  9.69006E+05,  1.15314E+06,  1.35868E+06,  1.58586E+06,  1.83466E+06,  2.10476E+06,  2.39558E+06,  2.70630E+06,  3.03585E+06,  3.38296E+06,  3.74618E+06,  4.12393E+06,  4.51452E+06,  4.91616E+06,  5.32701E+06,  5.74524E+06,  6.16899E+06,  6.59645E+06,  7.02584E+06,  7.45548E+06,  7.88373E+06,  8.30908E+06,  8.73010E+06,  9.14548E+06,  9.55403E+06,  9.95464E+06,  1.03464E+07,  1.07283E+07,  1.10998E+07,  1.14602E+07,  1.18088E+07,  1.21454E+07,  1.24695E+07,  1.27810E+07,  1.30795E+07,  1.33650E+07,  1.36375E+07,  1.38969E+07,  1.41434E+07,  1.43771E+07,  1.45981E+07,  1.48066E+07,  1.50029E+07,  1.51872E+07,  1.53598E+07,  1.55211E+07,  1.56712E+07,  1.58106E+07,  1.59396E+07,  1.60585E+07,  1.61677E+07,  1.62676E+07,  1.63584E+07
  1.00000E+00,  1.00000E+00,  1.00000E+00,  1.00002E+00,  1.00014E+00,  1.00058E+00,  1.00175E+00,  1.00425E+00,  1.00889E+00,  1.01694E+00,  1.03056E+00,  1.05367E+00,  1.09361E+00,  1.16419E+00,  1.29165E+00,  1.52609E+00,  1.96354E+00,  2.78790E+00,  4.34948E+00,  7.30958E+00,  1.29004E+01,  2.33797E+01,  4.28038E+01,  7.82977E+01,  1.42072E+02,  2.54504E+02,  4.48671E+02,  7.76742E+02,  1.31861E+03,  2.19308E+03,  3.57159E+03,  5.69440E+03,  8.88847E+03,  1.35861E+04,  2.03430E+04,  2.98539E+04,  4.29638E+04,  6.06738E+04,  8.41391E+04,  1.14658E+05,  1.53654E+05,  2.02645E+05,  2.63212E+05,  3.36955E+05,  4.25446E+05,  5.30186E+05,  6.52555E+05,  7.93772E+05,  9.54853E+05,  1.13659E+06,  1.33950E+06,  1.56384E+06,  1.80961E+06,  2.07650E+06,  2.36394E+06,  2.67113E+06,  2.99702E+06,  3.34037E+06,  3.69976E+06,  4.07361E+06,  4.46026E+06,  4.85794E+06,  5.26485E+06,  5.67915E+06,  6.09902E+06,  6.52265E+06,  6.94830E+06,  7.37427E+06,  7.79897E+06,  8.22087E+06,  8.63856E+06,  9.05074E+06,  9.45622E+06,  9.85390E+06,  1.02428E+07,  1.06222E+07,  1.09911E+07,  1.13491E+07,  1.16956E+07,  1.20301E+07,  1.23522E+07,  1.26619E+07,  1.29587E+07,  1.32427E+07,  1.35138E+07,  1.37719E+07,  1.40173E+07,  1.42499E+07,  1.44699E+07,  1.46776E+07,  1.48731E+07,  1.50568E+07,  1.52288E+07,  1.53895E+07,  1.55393E+07,  1.56783E+07,  1.58070E+07,  1.59258E+07,  1.60349E+07,  1.61347E+07,  1.62255E+07
  1.00000E+00,  1.00000E+00,  1.00000E+00,  1.00002E+00,  1.00014E+00,  1.00057E+00,  1.00174E+00,  1.00422E+00,  1.00882E+00,  1.01681E+00,  1.03032E+00,  1.05324E+00,  1.09281E+00,  1.16266E+00,  1.28867E+00,  1.52024E+00,  1.95193E+00,  2.76471E+00,  4.30307E+00,  7.21700E+00,  1.27169E+01,  2.30200E+01,  4.21081E+01,  7.69744E+01,  1.39601E+02,  2.49986E+02,  4.40587E+02,  7.62607E+02,  1.29448E+03,  2.15283E+03,  3.50607E+03,  5.59024E+03,  8.72671E+03,  1.33406E+04,  1.99785E+04,  2.93243E+04,  4.22103E+04,  5.96228E+04,  8.27009E+04,  1.12726E+05,  1.51102E+05,  1.99331E+05,  2.58975E+05,  3.31616E+05,  4.18815E+05,  5.22059E+05,  6.42719E+05,  7.82007E+05,  9.40939E+05,  1.12030E+06,  1.32062E+06,  1.54218E+06,  1.78496E+06,  2.04867E+06,  2.33278E+06,  2.63649E+06,  2.95878E+06,  3.29841E+06,  3.65401E+06,  4.02401E+06,  4.40676E+06,  4.80053E+06,  5.20354E+06,  5.61396E+06,  6.02999E+06,  6.44984E+06,  6.87178E+06,  7.29413E+06,  7.71530E+06,  8.13379E+06,  8.54818E+06,  8.95719E+06,  9.35962E+06,  9.75440E+06,  1.01406E+07,  1.05173E+07,  1.08837E+07,  1.12394E+07,  1.15836E+07,  1.19161E+07,  1.22363E+07,  1.25441E+07,  1.28393E+07,  1.31218E+07,  1.33915E+07,  1.36483E+07,  1.38925E+07,  1.41240E+07,  1.43431E+07,  1.45500E+07,  1.47447E+07,  1.49277E+07,  1.50992E+07,  1.52594E+07,  1.54088E+07,  1.55475E+07,  1.56759E+07,  1.57945E+07,  1.59035E+07,  1.60032E+07,  1.60940E+07
  1.00000E+00,  1.00000E+00,  1.00000E+00,  1.00002E+00,  1.00014E+00,  1.00057E+00,  1.00172E+00,  1.00418E+00,  1.00876E+00,  1.01669E+00,  1.03009E+00,  1.05281E+00,  1.09201E+00,  1.16115E+00,  1.28574E+00,  1.51448E+00,  1.94051E+00,  2.74191E+00,  4.25750E+00,  7.12614E+00,  1.25370E+01,  2.26674E+01,  4.14265E+01,  7.56783E+01,  1.37182E+02,  2.45562E+02,  4.32675E+02,  7.48774E+02,  1.27085E+03,  2.11344E+03,  3.44194E+03,  5.48827E+03,  8.56832E+03,  1.31001E+04,  1.96215E+04,  2.88055E+04,  4.14719E+04,  5.85926E+04,  8.12907E+04,  1.10830E+05,  1.48598E+05,  1.96078E+05,  2.54815E+05,  3.26375E+05,  4.12303E+05,  5.14074E+05,  6.33052E+05,  7.70442E+05,  9.27257E+05,  1.10428E+06,  1.30206E+06,  1.52086E+06,  1.76069E+06,  2.02128E+06,  2.30210E+06,  2.60237E+06,  2.92110E+06,  3.25707E+06,  3.60892E+06,  3.97511E+06,  4.35402E+06,  4.74393E+06,  5.14307E+06,  5.54965E+06,  5.96188E+06,  6.37799E+06,  6.79626E+06,  7.21503E+06,  7.63271E+06,  8.04781E+06,  8.45894E+06,  8.86481E+06,  9.26422E+06,  9.65612E+06,  1.00395E+07,  1.04136E+07,  1.07776E+07,  1.11310E+07,  1.14730E+07,  1.18034E+07,  1.21218E+07,  1.24278E+07,  1.27213E+07,  1.30023E+07,  1.32705E+07,  1.35261E+07,  1.37691E+07,  1.39996E+07,  1.42178E+07,  1.44237E+07,  1.46178E+07,  1.48001E+07,  1.49710E+07,  1.51307E+07,  1.52797E+07,  1.54180E+07,  1.55463E+07,  1.56646E+07,  1.57734E+07,  1.58731E+07,  1.59639E+07
  1.00000E+00,  1.00000E+00,  1.00000E+00,  1.00002E+00,  1.00013E+00,  1.00056E+00,  1.00171E+00,  1.00415E+00,  1.00869E+00,  1.01656E+00,  1.02986E+00,  1.05239E+00,  1.09123E+00,  1.15965E+00,  1.28286E+00,  1.50882E+00,  1.92927E+00,  2.71950E+00,  4.21273E+00,  7.03696E+00,  1.23605E+01,  2.23218E+01,  4.07587E+01,  7.44087E+01,  1.34813E+02,  2.41232E+02,  4.24930E+02,  7.35235E+02,  1.24773E+03,  2.07489E+03,  3.37916E+03,  5.38844E+03,  8.41324E+03,  1.28646E+04,  1.92718E+04,  2.82972E+04,  4.07482E+04,  5.75827E+04,  7.99080E+04,  1.08971E+05,  1.46142E+05,  1.92886E+05,  2.50731E+05,  3.21228E+05,  4.05906E+05,  5.06230E+05,  6.23552E+05,  7.59073E+05,  9.13803E+05,  1.08853E+06,  1.28380E+06,  1.49988E+06,  1.73681E+06,  1.99431E+06,  2.27188E+06,  2.56877E+06,  2.88398E+06,  3.21633E+06,  3.56448E+06,  3.92691E+06,  4.30202E+06,  4.68811E+06,  5.08344E+06,  5.48622E+06,  5.89469E+06,  6.30710E+06,  6.72174E+06,  7.13695E+06,  7.55118E+06,  7.96293E+06,  8.37083E+06,  8.77358E+06,  9.17000E+06,  9.55904E+06,  9.93974E+06,  1.03112E+07,  1.06728E+07,  1.10238E+07,  1.13637E+07,  1.16921E+07,  1.20085E+07,  1.23128E+07,  1.26047E+07,  1.28841E+07,  1.31510E+07,  1.34053E+07,  1.36471E+07,  1.38766E+07,  1.40938E+07,  1.42989E+07,  1.44922E+07,  1.46739E+07,  1.48442E+07,  1.50034E+07,  1.51519E+07,  1.52900E+07,  1.54179E+07,  1.55361E+07,  1.56448E+07,  1.57444E+07,  1.58352E+07
  1.00000E+00,  1.00000E+00,  1.00000E+00,  1.00002E+00,  1.00013E+00,  1.00056E+00,  1.00169E+00,  1.00411E+00,  1.00862E+00,  1.01644E+00,  1.02963E+00,  1.05198E+00,  1.09045E+00,  1.15818E+00,  1.28001E+00,  1.50323E+00,  1.91822E+00,  2.69747E+00,  4.16876E+00,  6.94943E+00,  1.21874E+01,  2.19829E+01,  4.01043E+01,  7.31652E+01,  1.32494E+02,  2.36993E+02,  4.17349E+02,  7.21982E+02,  1.22510E+03,  2.03715E+03,  3.31770E+03,  5.29071E+03,  8.26139E+03,  1.26340E+04,  1.89292E+04,  2.77992E+04,  4.00390E+04,  5.65927E+04,  7.85521E+04,  1.07148E+05,  1.43732E+05,  1.89754E+05,  2.46722E+05,  3.16173E+05,  3.99623E+05,  4.98522E+05,  6.14216E+05,  7.47897E+05,  9.00574E+05,  1.07303E+06,  1.26583E+06,  1.47924E+06,  1.71330E+06,  1.96776E+06,  2.24213E+06,  2.53567E+06,  2.84741E+06,  3.17619E+06,  3.52068E+06,  3.87940E+06,  4.25075E+06,  4.63307E+06,  5.02462E+06,  5.42365E+06,  5.82840E+06,  6.23715E+06,  6.64819E+06,  7.05989E+06,  7.47069E+06,  7.87913E+06,  8.28382E+06,  8.68348E+06,  9.07695E+06,  9.46315E+06,  9.84115E+06,  1.02101E+07,  1.05692E+07,  1.09179E+07,  1.12557E+07,  1.15820E+07,  1.18966E+07,  1.21991E+07,  1.24894E+07,  1.27673E+07,  1.30328E+07,  1.32858E+07,  1.35265E+07,  1.37549E+07,  1.39712E+07,  1.41754E+07,  1.43680E+07,  1.45490E+07,  1.47187E+07,  1.48775E+07,  1.50256E+07,  1.51633E+07,  1.52910E+07,  1.54089E+07,  1.55175E+07,  1.56170E+07,  1.57078E+07
  1.00000E+00,  1.00000E+00,  1.00000E+00,  1.00002E+00,  1.00013E+00,  1.00055E+00,  1.00167E+00,  1.00408E+00,  1.00855E+00,  1.01631E+00,  1.02941E+00,  1.05156E+00,  1.08968E+00,  1.15673E+00,  1.27720E+00,  1.49774E+00,  1.90734E+00,  2.67581E+00,  4.12557E+00,  6.86351E+00,  1.20176E+01,  2.16507E+01,  3.94629E+01,  7.19470E+01,  1.30222E+02,  2.32842E+02,  4.09927E+02,  7.09008E+02,  1.20295E+03,  2.00020E+03,  3.25754E+03,  5.19502E+03,  8.11268E+03,  1.24081E+04,  1.85936E+04,  2.73111E+04,  3.93439E+04,  5.56221E+04,  7.72225E+04,  1.05359E+05,  1.41368E+05,  1.86679E+05,  2.42787E+05,  3.11210E+05,  3.93451E+05,  4.90949E+05,  6.05039E+05,  7.36910E+05,  8.87565E+05,  1.05779E+06,  1.24815E+06,  1.45892E+06,  1.69015E+06,  1.94162E+06,  2.21283E+06,  2.50306E+06,  2.81138E+06,  3.13663E+06,  3.47751E+06,  3.83256E+06,  4.20020E+06,  4.57878E+06,  4.96660E+06,  5.36192E+06,  5.76300E+06,  6.16811E+06,  6.57559E+06,  6.98382E+06,  7.39124E+06,  7.79639E+06,  8.19790E+06,  8.59450E+06,  8.98503E+06,  9.36843E+06,  9.74376E+06,  1.01102E+07,  1.04669E+07,  1.08133E+07,  1.11489E+07,  1.14733E+07,  1.17859E+07,  1.20867E+07,  1.23754E+07,  1.26518E+07,  1.29159E+07,  1.31677E+07,  1.34072E+07,  1.36346E+07,  1.38499E+07,  1.40533E+07,  1.42451E+07,  1.44255E+07,  1.45947E+07,  1.47529E+07,  1.49006E+07,  1.50380E+07,  1.51654E+07,  1.52832E+07,  1.53916E+07,  1.54910E+07,  1.55817E+07
  1.00000E+00,  1.00000E+00,  1.00000E+00,  1.00002E+00,  1.00013E+00,  1.00054E+00,  1.00166E+00,  1.00404E+00,  1.00849E+00,  1.01619E+00,  1.02919E+00,  1.05116E+00,  1.08893E+00,  1.15529E+00,  1.27444E+00,  1.49232E+00,  1.89663E+00,  2.65452E+00,  4.08314E+00,  6.77916E+00,  1.18510E+01,  2.13249E+01,  3.88344E+01,  7.07536E+01,  1.27997E+02,  2.28778E+02,  4.02661E+02,  6.96308E+02,  1.18126E+03,  1.96404E+03,  3.19864E+03,  5.10132E+03,  7.96705E+03,  1.21869E+04,  1.82648E+04,  2.68329E+04,  3.86625E+04,  5.46705E+04,  7.59185E+04,  1.03605E+05,  1.39048E+05,  1.83661E+05,  2.38923E+05,  3.06336E+05,  3.87388E+05,  4.83507E+05,  5.96020E+05,  7.26107E+05,  8.74771E+05,  1.04280E+06,  1.23075E+06,  1.43893E+06,  1.66737E+06,  1.91588E+06,  2.18397E+06,  2.47095E+06,  2.77588E+06,  3.09765E+06,  3.43496E+06,  3.78638E+06,  4.15035E+06,  4.52525E+06,  4.90938E+06,  5.30102E+06,  5.69846E+06,  6.09999E+06,  6.50395E+06,  6.90873E+06,  7.31279E+06,  7.71469E+06,  8.11305E+06,  8.50663E+06,  8.89425E+06,  9.27487E+06,  9.64753E+06,  1.00114E+07,  1.03658E+07,  1.07099E+07,  1.10434E+07,  1.13658E+07,  1.16766E+07,  1.19756E+07,  1.22627E+07,  1.25376E+07,  1.28003E+07,  1.30509E+07,  1.32893E+07,  1.35156E+07,  1.37300E+07,  1.39326E+07,  1.41236E+07,  1.43033E+07,  1.44719E+07,  1.46297E+07,  1.47770E+07,  1.49140E+07,  1.50412E+07,  1.51587E+07,  1.52669E+07,  1.53663E+07,  1.54570E+07
  1.00000E+00,  1.00000E+00,  1.00000E+00,  1.00002E+00,  1.00013E+00,  1.00054E+00,  1.00164E+00,  1.00401E+00,  1.00842E+00,  1.01607E+00,  1.02897E+00,  1.05076E+00,  1.08818E+00,  1.15388E+00,  1.27171E+00,  1.48699E+00,  1.88610E+00,  2.63358E+00,  4.04145E+00,  6.69636E+00,  1.16876E+01,  2.10055E+01,  3.82184E+01,  6.95843E+01,  1.25818E+02,  2.24798E+02,  3.95546E+02,  6.83875E+02,  1.16003E+03,  1.92863E+03,  3.14097E+03,  5.00957E+03,  7.82443E+03,  1.19702E+04,  1.79427E+04,  2.63643E+04,  3.79947E+04,  5.37375E+04,  7.46397E+04,  1.01884E+05,  1.36771E+05,  1.80699E+05,  2.35129E+05,  3.01548E+05,  3.81431E+05,  4.76195E+05,  5.87155E+05,  7.15487E+05,  8.62189E+05,  1.02805E+06,  1.21364E+06,  1.41925E+06,  1.64495E+06,  1.89053E+06,  2.15555E+06,  2.43931E+06,  2.74090E+06,  3.05923E+06,  3.39302E+06,  3.74085E+06,  4.10120E+06,  4.47245E+06,  4.85293E+06,  5.24094E+06,  5.63478E+06,  6.03276E+06,  6.43323E+06,  6.83460E+06,  7.23535E+06,  7.63402E+06,  8.02927E+06,  8.41984E+06,  8.80458E+06,  9.18243E+06,  9.55247E+06,  9.91385E+06,  1.02658E+07,  1.06078E+07,  1.09391E+07,  1.12595E+07,  1.15685E+07,  1.18658E+07,  1.21512E+07,  1.24247E+07,  1.26861E+07,  1.29354E+07,  1.31726E+07,  1.33979E+07,  1.36113E+07,  1.38131E+07,  1.40034E+07,  1.41825E+07,  1.43505E+07,  1.45078E+07,  1.46547E+07,  1.47914E+07,  1.49182E+07,  1.50355E+07,  1.51436E+07,  1.52429E+07,  1.53335E+07
  1.00000E+00,  1.00000E+00,  1.00000E+00,  1.00002E+00,  1.00013E+00,  1.00053E+00,  1.00163E+00,  1.00398E+00,  1.00836E+00,  1.01595E+00,  1.02875E+00,  1.05036E+00,  1.08744E+00,  1.15248E+00,  1.26902E+00,  1.48174E+00,  1.87573E+00,  2.61299E+00,  4.00050E+00,  6.61506E+00,  1.15272E+01,  2.06923E+01,  3.76146E+01,  6.84387E+01,  1.23684E+02,  2.20900E+02,  3.88580E+02,  6.71701E+02,  1.13924E+03,  1.89396E+03,  3.08450E+03,  4.91972E+03,  7.68474E+03,  1.17578E+04,  1.76271E+04,  2.59050E+04,  3.73400E+04,  5.28227E+04,  7.33855E+04,  1.00195E+05,  1.34537E+05,  1.77792E+05,  2.31404E+05,  2.96847E+05,  3.75580E+05,  4.69009E+05,  5.78440E+05,  7.05044E+05,  8.49815E+05,  1.01354E+06,  1.19679E+06,  1.39988E+06,  1.62287E+06,  1.86557E+06,  2.12755E+06,  2.40814E+06,  2.70644E+06,  3.02137E+06,  3.35168E+06,  3.69597E+06,  4.05274E+06,  4.42038E+06,  4.79725E+06,  5.18167E+06,  5.57195E+06,  5.96642E+06,  6.36344E+06,  6.76143E+06,  7.15888E+06,  7.55436E+06,  7.94652E+06,  8.33412E+06,  8.71600E+06,  9.09112E+06,  9.45855E+06,  9.81744E+06,  1.01671E+07,  1.05068E+07,  1.08361E+07,  1.11545E+07,  1.14616E+07,  1.17572E+07,  1.20411E+07,  1.23131E+07,  1.25731E+07,  1.28211E+07,  1.30572E+07,  1.32815E+07,  1.34940E+07,  1.36950E+07,  1.38845E+07,  1.40629E+07,  1.42304E+07,  1.43872E+07,  1.45336E+07,  1.46700E+07,  1.47966E+07,  1.49137E+07,  1.50216E+07,  1.51208E+07,  1.52114E+07
  1.00000E+00,  1.00000E+00,  1.00000E+00,  1.00002E+00,  1.00012E+00,  1.00053E+00,  1.00161E+00,  1.00394E+00,  1.00829E+00,  1.01583E+00,  1.02854E+00,  1.04997E+00,  1.08671E+00,  1.15110E+00,  1.26637E+00,  1.47656E+00,  1.86553E+00,  2.59275E+00,  3.96026E+00,  6.53524E+00,  1.13698E+01,  2.03851E+01,  3.70227E+01,  6.73161E+01,  1.21593E+02,  2.17083E+02,  3.81759E+02,  6.59782E+02,  1.11889E+03,  1.86002E+03,  3.02920E+03,  4.83173E+03,  7.54792E+03,  1.15499E+04,  1.73178E+04,  2.54548E+04,  3.66982E+04,  5.19256E+04,  7.21553E+04,  9.85386E+04,  1.32345E+05,  1.74938E+05,  2.27747E+05,  2.92229E+05,  3.69831E+05,  4.61947E+05,  5.69874E+05,  6.94776E+05,  8.37645E+05,  9.99272E+05,  1.18022E+06,  1.38082E+06,  1.60114E+06,  1.84100E+06,  2.09998E+06,  2.37743E+06,  2.67248E+06,  2.98406E+06,  3.31093E+06,  3.65172E+06,  4.00494E+06,  4.36902E+06,  4.74233E+06,  5.12319E+06,  5.50995E+06,  5.90094E+06,  6.29454E+06,  6.68919E+06,  7.08339E+06,  7.47571E+06,  7.86481E+06,  8.24945E+06,  8.62850E+06,  9.00091E+06,  9.36575E+06,  9.72219E+06,  1.00695E+07,  1.04070E+07,  1.07342E+07,  1.10507E+07,  1.13560E+07,  1.16499E+07,  1.19322E+07,  1.22027E+07,  1.24614E+07,  1.27082E+07,  1.29432E+07,  1.31664E+07,  1.33780E+07,  1.35781E+07,  1.37669E+07,  1.39446E+07,  1.41115E+07,  1.42679E+07,  1.44139E+07,  1.45499E+07,  1.46762E+07,  1.47931E+07,  1.49009E+07,  1.49999E+07,  1.50905E+07
  1.00000E+00,  1.00000E+00,  1.00000E+00,  1.00002E+00,  1.00012E+00,  1.00052E+00,  1.00160E+00,  1.00391E+00,  1.00823E+00,  1.01572E+00,  1.02832E+00,  1.04958E+00,  1.08599E+00,  1.14974E+00,  1.26375E+00,  1.47146E+00,  1.85549E+00,  2.57284E+00,  3.92071E+00,  6.45686E+00,  1.12154E+01,  2.00838E+01,  3.64424E+01,  6.62161E+01,  1.19545E+02,  2.13344E+02,  3.75079E+02,  6.48110E+02,  1.09896E+03,  1.82678E+03,  2.97505E+03,  4.74555E+03,  7.41390E+03,  1.13461E+04,  1.70148E+04,  2.50137E+04,  3.60690E+04,  5.10460E+04,  7.09487E+04,  9.69133E+04,  1.30193E+05,  1.72136E+05,  2.24155E+05,  2.87693E+05,  3.64183E+05,  4.55007E+05,  5.61453E+05,  6.84680E+05,  8.25675E+05,  9.85230E+05,  1.16391E+06,  1.36205E+06,  1.57974E+06,  1.81680E+06,  2.07283E+06,  2.34718E+06,  2.63902E+06,  2.94728E+06,  3.27075E+06,  3.60809E+06,  3.95781E+06,  4.31837E+06,  4.68814E+06,  5.06549E+06,  5.44876E+06,  5.83631E+06,  6.22654E+06,  6.61788E+06,  7.00885E+06,  7.39803E+06,  7.78410E+06,  8.16583E+06,  8.54207E+06,  8.91179E+06,  9.27407E+06,  9.62806E+06,  9.97304E+06,  1.03084E+07,  1.06335E+07,  1.09480E+07,  1.12515E+07,  1.15438E+07,  1.18245E+07,  1.20935E+07,  1.23509E+07,  1.25965E+07,  1.28303E+07,  1.30525E+07,  1.32632E+07,  1.34625E+07,  1.36506E+07,  1.38276E+07,  1.39940E+07,  1.41498E+07,  1.42954E+07,  1.44311E+07,  1.45571E+07,  1.46738E+07,  1.47814E+07,  1.48803E+07,  1.49709E+07
  1.00000E+00,  1.00000E+00,  1.00000E+00,  1.00002E+00,  1.00012E+00,  1.00052E+00,  1.00158E+00,  1.00388E+00,  1.00817E+00,  1.01560E+00,  1.02811E+00,  1.04919E+00,  1.08528E+00,  1.14840E+00,  1.26117E+00,  1.46644E+00,  1.84560E+00,  2.55327E+00,  3.88185E+00,  6.37989E+00,  1.10639E+01,  1.97883E+01,  3.58736E+01,  6.51380E+01,  1.17538E+02,  2.09682E+02,  3.68537E+02,  6.36681E+02,  1.07945E+03,  1.79423E+03,  2.92202E+03,  4.66114E+03,  7.28261E+03,  1.11465E+04,  1.67178E+04,  2.45812E+04,  3.54522E+04,  5.01834E+04,  6.97651E+04,  9.53185E+04,  1.28081E+05,  1.69385E+05,  2.20628E+05,  2.83238E+05,  3.58633E+05,  4.48186E+05,  5.53175E+05,  6.74752E+05,  8.13902E+05,  9.71415E+05,  1.14786E+06,  1.34358E+06,  1.55867E+06,  1.79297E+06,  2.04608E+06,  2.31738E+06,  2.60604E+06,  2.91103E+06,  3.23115E+06,  3.56507E+06,  3.91133E+06,  4.26840E+06,  4.63469E+06,  5.00856E+06,  5.38839E+06,  5.77253E+06,  6.15941E+06,  6.54747E+06,  6.93525E+06,  7.32133E+06,  7.70440E+06,  8.08323E+06,  8.45668E+06,  8.82374E+06,  9.18347E+06,  9.53504E+06,  9.87773E+06,  1.02109E+07,  1.05340E+07,  1.08466E+07,  1.11483E+07,  1.14388E+07,  1.17180E+07,  1.19856E+07,  1.22416E+07,  1.24860E+07,  1.27187E+07,  1.29399E+07,  1.31497E+07,  1.33481E+07,  1.35355E+07,  1.37119E+07,  1.38777E+07,  1.40330E+07,  1.41782E+07,  1.43135E+07,  1.44392E+07,  1.45557E+07,  1.46632E+07,  1.47620E+07,  1.48525E+07
  1.00000E+00,  1.00000E+00,  1.00000E+00,  1.00002E+00,  1.00012E+00,  1.00051E+00,  1.00157E+00,  1.00385E+00,  1.00811E+00,  1.01548E+00,  1.02790E+00,  1.04881E+00,  1.08458E+00,  1.14707E+00,  1.25863E+00,  1.46149E+00,  1.83587E+00,  2.53401E+00,  3.84367E+00,  6.30430E+00,  1.09152E+01,  1.94985E+01,  3.53159E+01,  6.40814E+01,  1.15572E+02,  2.06095E+02,  3.62129E+02,  6.25488E+02,  1.06034E+03,  1.76236E+03,  2.87009E+03,  4.57847E+03,  7.15400E+03,  1.09508E+04,  1.64267E+04,  2.41573E+04,  3.48474E+04,  4.93374E+04,  6.86041E+04,  9.37538E+04,  1.26009E+05,  1.66685E+05,  2.17165E+05,  2.78861E+05,  3.53180E+05,  4.41482E+05,  5.45037E+05,  6.64989E+05,  8.02321E+05,  9.57823E+05,  1.13207E+06,  1.32540E+06,  1.53793E+06,  1.76949E+06,  2.01973E+06,  2.28802E+06,  2.57355E+06,  2.87530E+06,  3.19211E+06,  3.52265E+06,  3.86549E+06,  4.21912E+06,  4.58196E+06,  4.95239E+06,  5.32880E+06,  5.70958E+06,  6.09314E+06,  6.47796E+06,  6.86258E+06,  7.24558E+06,  7.62568E+06,  8.00163E+06,  8.37233E+06,  8.73675E+06,  9.09396E+06,  9.44313E+06,  9.78353E+06,  1.01145E+07,  1.04356E+07,  1.07463E+07,  1.10462E+07,  1.13351E+07,  1.16127E+07,  1.18789E+07,  1.21336E+07,  1.23767E+07,  1.26083E+07,  1.28285E+07,  1.30374E+07,  1.32350E+07,  1.34216E+07,  1.35974E+07,  1.37626E+07,  1.39174E+07,  1.40622E+07,  1.41971E+07,  1.43226E+07,  1.44388E+07,  1.45461E+07,  1.46449E+07,  1.47353E+07
  1.00000E+00,  1.00000E+00,  1.00000E+00,  1.00002E+00,  1.00012E+00,  1.00051E+00,  1.00156E+00,  1.00382E+00,  1.00804E+00,  1.01537E+00,  1.02770E+00,  1.04844E+00,  1.08388E+00,  1.14576E+00,  1.25612E+00,  1.45662E+00,  1.82630E+00,  2.51507E+00,  3.80613E+00,  6.23007E+00,  1.07692E+01,  1.92142E+01,  3.47690E+01,  6.30459E+01,  1.13646E+02,  2.02581E+02,  3.55854E+02,  6.14526E+02,  1.04162E+03,  1.73114E+03,  2.81922E+03,  4.49749E+03,  7.02801E+03,  1.07592E+04,  1.61415E+04,  2.37418E+04,  3.42544E+04,  4.85077E+04,  6.74651E+04,  9.22183E+04,  1.23974E+05,  1.64034E+05,  2.13763E+05,  2.74562E+05,  3.47822E+05,  4.34893E+05,  5.37036E+05,  6.55388E+05,  7.90930E+05,  9.44450E+05,  1.11653E+06,  1.30751E+06,  1.51750E+06,  1.74638E+06,  1.99377E+06,  2.25909E+06,  2.54152E+06,  2.84008E+06,  3.15362E+06,  3.48082E+06,  3.82028E+06,  4.17051E+06,  4.52993E+06,  4.89696E+06,  5.27000E+06,  5.64744E+06,  6.02773E+06,  6.40934E+06,  6.79082E+06,  7.17078E+06,  7.54792E+06,  7.92104E+06,  8.28900E+06,  8.65080E+06,  9.00550E+06,  9.35229E+06,  9.69043E+06,  1.00193E+07,  1.03384E+07,  1.06471E+07,  1.09453E+07,  1.12325E+07,  1.15086E+07,  1.17733E+07,  1.20267E+07,  1.22686E+07,  1.24992E+07,  1.27183E+07,  1.29263E+07,  1.31231E+07,  1.33089E+07,  1.34841E+07,  1.36487E+07,  1.38031E+07,  1.39474E+07,  1.40820E+07,  1.42072E+07,  1.43232E+07,  1.44303E+07,  1.45289E+07,  1.46193E+07
  1.00000E+00,  1.00000E+00,  1.00000E+00,  1.00002E+00,  1.00012E+00,  1.00050E+00,  1.00154E+00,  1.00379E+00,  1.00798E+00,  1.01526E+00,  1.02749E+00,  1.04806E+00,  1.08320E+00,  1.14447E+00,  1.25365E+00,  1.45181E+00,  1.81687E+00,  2.49644E+00,  3.76924E+00,  6.15716E+00,  1.06259E+01,  1.89352E+01,  3.42328E+01,  6.20308E+01,  1.11758E+02,  1.99139E+02,  3.49707E+02,  6.03789E+02,  1.02330E+03,  1.70056E+03,  2.76939E+03,  4.41816E+03,  6.90456E+03,  1.05714E+04,  1.58620E+04,  2.33345E+04,  3.36730E+04,  4.76940E+04,  6.63477E+04,  9.07116E+04,  1.21977E+05,  1.61431E+05,  2.10423E+05,  2.70338E+05,  3.42557E+05,  4.28416E+05,  5.29169E+05,  6.45947E+05,  7.79724E+05,  9.31292E+05,  1.10123E+06,  1.28989E+06,  1.49739E+06,  1.72361E+06,  1.96820E+06,  2.23058E+06,  2.50996E+06,  2.80537E+06,  3.11567E+06,  3.43958E+06,  3.77570E+06,  4.12255E+06,  4.47860E+06,  4.84227E+06,  5.21197E+06,  5.58611E+06,  5.96315E+06,  6.34158E+06,  6.71995E+06,  7.09690E+06,  7.47113E+06,  7.84142E+06,  8.20668E+06,  8.56587E+06,  8.91810E+06,  9.26252E+06,  9.59842E+06,  9.92517E+06,  1.02422E+07,  1.05491E+07,  1.08455E+07,  1.11311E+07,  1.14056E+07,  1.16690E+07,  1.19210E+07,  1.21618E+07,  1.23912E+07,  1.26093E+07,  1.28164E+07,  1.30124E+07,  1.31975E+07,  1.33720E+07,  1.35361E+07,  1.36899E+07,  1.38338E+07,  1.39681E+07,  1.40930E+07,  1.42088E+07,  1.43157E+07,  1.44142E+07,  1.45045E+07
  1.00000E+00,  1.00000E+00,  1.00000E+00,  1.00002E+00,  1.00012E+00,  1.00050E+00,  1.00153E+00,  1.00375E+00,  1.00792E+00,  1.01515E+00,  1.02729E+00,  1.04770E+00,  1.08252E+00,  1.14320E+00,  1.25121E+00,  1.44708E+00,  1.80758E+00,  2.47812E+00,  3.73298E+00,  6.08554E+00,  1.04853E+01,  1.86616E+01,  3.37070E+01,  6.10358E+01,  1.09908E+02,  1.95766E+02,  3.43685E+02,  5.93273E+02,  1.00534E+03,  1.67062E+03,  2.72059E+03,  4.34044E+03,  6.78361E+03,  1.03873E+04,  1.55880E+04,  2.29352E+04,  3.31028E+04,  4.68959E+04,  6.52514E+04,  8.92329E+04,  1.20017E+05,  1.58875E+05,  2.07142E+05,  2.66189E+05,  3.37383E+05,  4.22050E+05,  5.21434E+05,  6.36661E+05,  7.68701E+05,  9.18344E+05,  1.08617E+06,  1.27255E+06,  1.47759E+06,  1.70119E+06,  1.94301E+06,  2.20249E+06,  2.47886E+06,  2.77115E+06,  3.07825E+06,  3.39890E+06,  3.73172E+06,  4.07525E+06,  4.42796E+06,  4.78830E+06,  5.15469E+06,  5.52557E+06,  5.89939E+06,  6.27467E+06,  6.64998E+06,  7.02394E+06,  7.39527E+06,  7.76277E+06,  8.12534E+06,  8.48196E+06,  8.83172E+06,  9.17381E+06,  9.50748E+06,  9.83213E+06,  1.01472E+07,  1.04522E+07,  1.07469E+07,  1.10308E+07,  1.13038E+07,  1.15658E+07,  1.18165E+07,  1.20560E+07,  1.22844E+07,  1.25015E+07,  1.27076E+07,  1.29028E+07,  1.30872E+07,  1.32611E+07,  1.34246E+07,  1.35780E+07,  1.37215E+07,  1.38554E+07,  1.39799E+07,  1.40955E+07,  1.42023E+07,  1.43007E+07,  1.43909E+07
  1.00000E+00,  1.00000E+00,  1.00000E+00,  1.00002E+00,  1.00011E+00,  1.00049E+00,  1.00151E+00,  1.00372E+00,  1.00786E+00,  1.01504E+00,  1.02709E+00,  1.04733E+00,  1.08185E+00,  1.14194E+00,  1.24880E+00,  1.44241E+00,  1.79844E+00,  2.46009E+00,  3.69734E+00,  6.01519E+00,  1.03472E+01,  1.83931E+01,  3.31913E+01,  6.00604E+01,  1.08095E+02,  1.92461E+02,  3.37786E+02,  5.82971E+02,  9.87756E+02,  1.64128E+03,  2.67278E+03,  4.26430E+03,  6.66510E+03,  1.02069E+04,  1.53194E+04,  2.25436E+04,  3.25437E+04,  4.61130E+04,  6.41759E+04,  8.77818E+04,  1.18093E+05,  1.56365E+05,  2.03919E+05,  2.62112E+05,  3.32299E+05,  4.15793E+05,  5.13829E+05,  6.27528E+05,  7.57857E+05,  9.05603E+05,  1.07135E+06,  1.25547E+06,  1.45809E+06,  1.67911E+06,  1.91820E+06,  2.17482E+06,  2.44820E+06,  2.73742E+06,  3.04137E+06,  3.35879E+06,  3.68835E+06,  4.02858E+06,  4.37800E+06,  4.73504E+06,  5.09816E+06,  5.46580E+06,  5.83645E+06,  6.20862E+06,  6.58088E+06,  6.95188E+06,  7.32034E+06,  7.68507E+06,  8.04498E+06,  8.39905E+06,  8.74637E+06,  9.08613E+06,  9.41760E+06,  9.74015E+06,  1.00532E+07,  1.03564E+07,  1.06493E+07,  1.09316E+07,  1.12032E+07,  1.14637E+07,  1.17131E+07,  1.19515E+07,  1.21787E+07,  1.23949E+07,  1.26001E+07,  1.27945E+07,  1.29782E+07,  1.31514E+07,  1.33143E+07,  1.34672E+07,  1.36102E+07,  1.37438E+07,  1.38681E+07,  1.39834E+07,  1.40900E+07,  1.41883E+07,  1.42784E+07
  1.00000E+00,  1.00000E+00,  1.00000E+00,  1.00002E+00,  1.00011E+00,  1.00049E+00,  1.00150E+00,  1.00369E+00,  1.00780E+00,  1.01493E+00,  1.02689E+00,  1.04697E+00,  1.08118E+00,  1.14069E+00,  1.24643E+00,  1.43782E+00,  1.78944E+00,  2.44235E+00,  3.66230E+00,  5.94608E+00,  1.02116E+01,  1.81296E+01,  3.26856E+01,  5.91042E+01,  1.06318E+02,  1.89223E+02,  3.32007E+02,  5.72880E+02,  9.70530E+02,  1.61254E+03,  2.62594E+03,  4.18971E+03,  6.54897E+03,  1.00302E+04,  1.50561E+04,  2.21598E+04,  3.19953E+04,  4.53451E+04,  6.31206E+04,  8.63577E+04,  1.16204E+05,  1.53901E+05,  2.00754E+05,  2.58107E+05,  3.27302E+05,  4.09641E+05,  5.06351E+05,  6.18545E+05,  7.47188E+05,  8.93066E+05,  1.05677E+06,  1.23866E+06,  1.43888E+06,  1.65735E+06,  1.89375E+06,  2.14754E+06,  2.41799E+06,  2.70417E+06,  3.00499E+06,  3.31924E+06,  3.64557E+06,  3.98255E+06,  4.32869E+06,  4.68248E+06,  5.04237E+06,  5.40681E+06,  5.77431E+06,  6.14339E+06,  6.51263E+06,  6.88070E+06,  7.24633E+06,  7.60832E+06,  7.96558E+06,  8.31712E+06,  8.66202E+06,  8.99947E+06,  9.32875E+06,  9.64923E+06,  9.96037E+06,  1.02617E+07,  1.05529E+07,  1.08336E+07,  1.11036E+07,  1.13627E+07,  1.16109E+07,  1.18481E+07,  1.20742E+07,  1.22894E+07,  1.24937E+07,  1.26873E+07,  1.28702E+07,  1.30428E+07,  1.32051E+07,  1.33575E+07,  1.35002E+07,  1.36334E+07,  1.37574E+07,  1.38725E+07,  1.39789E+07,  1.40770E+07,  1.41671E+07
  1.00000E+00,  1.00000E+00,  1.00000E+00,  1.00002E+00,  1.00011E+00,  1.00048E+00,  1.00149E+00,  1.00366E+00,  1.00774E+00,  1.01482E+00,  1.02670E+00,  1.04662E+00,  1.08053E+00,  1.13947E+00,  1.24408E+00,  1.43329E+00,  1.78058E+00,  2.42490E+00,  3.62785E+00,  5.87819E+00,  1.00786E+01,  1.78711E+01,  3.21896E+01,  5.81666E+01,  1.04577E+02,  1.86050E+02,  3.26344E+02,  5.62994E+02,  9.53654E+02,  1.58439E+03,  2.58005E+03,  4.11661E+03,  6.43518E+03,  9.85692E+03,  1.47980E+04,  2.17834E+04,  3.14576E+04,  4.45917E+04,  6.20851E+04,  8.49599E+04,  1.14350E+05,  1.51481E+05,  1.97645E+05,  2.54172E+05,  3.22391E+05,  4.03593E+05,  4.98998E+05,  6.09710E+05,  7.36692E+05,  8.80728E+05,  1.04241E+06,  1.22211E+06,  1.41997E+06,  1.63593E+06,  1.86967E+06,  2.12067E+06,  2.38821E+06,  2.67139E+06,  2.96913E+06,  3.28023E+06,  3.60337E+06,  3.93713E+06,  4.28005E+06,  4.63061E+06,  4.98730E+06,  5.34858E+06,  5.71295E+06,  6.07898E+06,  6.44524E+06,  6.81040E+06,  7.17321E+06,  7.53248E+06,  7.88713E+06,  8.23616E+06,  8.57866E+06,  8.91382E+06,  9.24093E+06,  9.55935E+06,  9.86855E+06,  1.01681E+07,  1.04575E+07,  1.07366E+07,  1.10051E+07,  1.12629E+07,  1.15098E+07,  1.17458E+07,  1.19708E+07,  1.21850E+07,  1.23884E+07,  1.25812E+07,  1.27634E+07,  1.29354E+07,  1.30971E+07,  1.32490E+07,  1.33913E+07,  1.35241E+07,  1.36478E+07,  1.37627E+07,  1.38689E+07,  1.39669E+07,  1.40569E+07
  1.00000E+00,  1.00000E+00,  1.00000E+00,  1.00002E+00,  1.00011E+00,  1.00048E+00,  1.00147E+00,  1.00363E+00,  1.00769E+00,  1.01471E+00,  1.02650E+00,  1.04627E+00,  1.07988E+00,  1.13825E+00,  1.24177E+00,  1.42882E+00,  1.77185E+00,  2.40773E+00,  3.59399E+00,  5.81149E+00,  9.94789E+00,  1.76174E+01,  3.17030E+01,  5.72473E+01,  1.02870E+02,  1.82941E+02,  3.20796E+02,  5.53308E+02,  9.37121E+02,  1.55681E+03,  2.53510E+03,  4.04500E+03,  6.32365E+03,  9.68710E+03,  1.45450E+04,  2.14143E+04,  3.09302E+04,  4.38527E+04,  6.10690E+04,  8.35879E+04,  1.12529E+05,  1.49104E+05,  1.94591E+05,  2.50306E+05,  3.17564E+05,  3.97648E+05,  4.91767E+05,  6.01020E+05,  7.26365E+05,  8.68586E+05,  1.02828E+06,  1.20581E+06,  1.40135E+06,  1.61482E+06,  1.84594E+06,  2.09418E+06,  2.35886E+06,  2.63907E+06,  2.93377E+06,  3.24176E+06,  3.56174E+06,  3.89232E+06,  4.23205E+06,  4.57942E+06,  4.93294E+06,  5.29108E+06,  5.65238E+06,  6.01537E+06,  6.37868E+06,  6.74097E+06,  7.10099E+06,  7.45757E+06,  7.80962E+06,  8.15616E+06,  8.49628E+06,  8.82917E+06,  9.15412E+06,  9.47050E+06,  9.77777E+06,  1.00755E+07,  1.03632E+07,  1.06407E+07,  1.09078E+07,  1.11641E+07,  1.14098E+07,  1.16446E+07,  1.18686E+07,  1.20818E+07,  1.22843E+07,  1.24762E+07,  1.26578E+07,  1.28290E+07,  1.29903E+07,  1.31417E+07,  1.32835E+07,  1.34160E+07,  1.35394E+07,  1.36540E+07,  1.37601E+07,  1.38579E+07,  1.39479E+07
  1.00000E+00,  1.00000E+00,  1.00000E+00,  1.00002E+00,  1.00011E+00,  1.00047E+00,  1.00146E+00,  1.00360E+00,  1.00763E+00,  1.01460E+00,  1.02631E+00,  1.04592E+00,  1.07924E+00,  1.13706E+00,  1.23950E+00,  1.42442E+00,  1.76326E+00,  2.39083E+00,  3.56069E+00,  5.74595E+00,  9.81958E+00,  1.73685E+01,  3.12257E+01,  5.63459E+01,  1.01196E+02,  1.79893E+02,  3.15360E+02,  5.43818E+02,  9.20923E+02,  1.52979E+03,  2.49104E+03,  3.97481E+03,  6.21436E+03,  9.52064E+03,  1.42970E+04,  2.10524E+04,  3.04129E+04,  4.31277E+04,  6.00719E+04,  8.22413E+04,  1.10742E+05,  1.46770E+05,  1.91591E+05,  2.46506E+05,  3.12820E+05,  3.91803E+05,  4.84656E+05,  5.92472E+05,  7.16204E+05,  8.56637E+05,  1.01436E+06,  1.18977E+06,  1.38301E+06,  1.59403E+06,  1.82255E+06,  2.06808E+06,  2.32993E+06,  2.60721E+06,  2.89889E+06,  3.20381E+06,  3.52068E+06,  3.84811E+06,  4.18468E+06,  4.52890E+06,  4.87928E+06,  5.23433E+06,  5.59257E+06,  5.95256E+06,  6.31294E+06,  6.67238E+06,  7.02964E+06,  7.38354E+06,  7.73303E+06,  8.07710E+06,  8.41486E+06,  8.74550E+06,  9.06831E+06,  9.38267E+06,  9.68802E+06,  9.98392E+06,  1.02700E+07,  1.05459E+07,  1.08115E+07,  1.10665E+07,  1.13108E+07,  1.15445E+07,  1.17674E+07,  1.19796E+07,  1.21813E+07,  1.23724E+07,  1.25532E+07,  1.27239E+07,  1.28845E+07,  1.30354E+07,  1.31768E+07,  1.33089E+07,  1.34320E+07,  1.35464E+07,  1.36523E+07,  1.37501E+07,  1.38399E+07
  1.00000E+00,  1.00000E+00,  1.00000E+00,  1.00001E+00,  1.00011E+00,  1.00047E+00,  1.00145E+00,  1.00358E+00,  1.00757E+00,  1.01450E+00,  1.02612E+00,  1.04557E+00,  1.07861E+00,  1.13587E+00,  1.23725E+00,  1.42008E+00,  1.75479E+00,  2.37421E+00,  3.52794E+00,  5.68155E+00,  9.69358E+00,  1.71241E+01,  3.07575E+01,  5.54620E+01,  9.95560E+01,  1.76906E+02,  3.10032E+02,  5.34519E+02,  9.05053E+02,  1.50331E+03,  2.44788E+03,  3.90604E+03,  6.10723E+03,  9.35746E+03,  1.40538E+04,  2.06975E+04,  2.99054E+04,  4.24164E+04,  5.90934E+04,  8.09194E+04,  1.08986E+05,  1.44478E+05,  1.88644E+05,  2.42773E+05,  3.08157E+05,  3.86057E+05,  4.77663E+05,  5.84063E+05,  7.06207E+05,  8.44876E+05,  1.00067E+06,  1.17397E+06,  1.36494E+06,  1.57355E+06,  1.79952E+06,  2.04236E+06,  2.30141E+06,  2.57579E+06,  2.86451E+06,  3.16639E+06,  3.48017E+06,  3.80450E+06,  4.13794E+06,  4.47904E+06,  4.82632E+06,  5.17829E+06,  5.53351E+06,  5.89054E+06,  6.24802E+06,  6.60463E+06,  6.95915E+06,  7.31041E+06,  7.65735E+06,  7.99897E+06,  8.33439E+06,  8.66280E+06,  8.98349E+06,  9.29583E+06,  9.59928E+06,  9.89339E+06,  1.01778E+07,  1.04521E+07,  1.07162E+07,  1.09699E+07,  1.12130E+07,  1.14454E+07,  1.16673E+07,  1.18786E+07,  1.20793E+07,  1.22697E+07,  1.24498E+07,  1.26198E+07,  1.27799E+07,  1.29303E+07,  1.30712E+07,  1.32030E+07,  1.33258E+07,  1.34399E+07,  1.35457E+07,  1.36433E+07,  1.37330E+07
  1.00000E+00,  1.00000E+00,  1.00000E+00,  1.00001E+00,  1.00011E+00,  1.00046E+00,  1.00143E+00,  1.00355E+00,  1.00751E+00,  1.01439E+00,  1.02593E+00,  1.04523E+00,  1.07798E+00,  1.13471E+00,  1.23503E+00,  1.41580E+00,  1.74645E+00,  2.35785E+00,  3.49574E+00,  5.61826E+00,  9.56985E+00,  1.68843E+01,  3.02982E+01,  5.45951E+01,  9.79477E+01,  1.73979E+02,  3.04811E+02,  5.25408E+02,  8.89501E+02,  1.47737E+03,  2.40558E+03,  3.83864E+03,  6.00224E+03,  9.19751E+03,  1.38153E+04,  2.03495E+04,  2.94077E+04,  4.17185E+04,  5.81331E+04,  7.96218E+04,  1.07263E+05,  1.42226E+05,  1.85748E+05,  2.39104E+05,  3.03573E+05,  3.80406E+05,  4.70786E+05,  5.75791E+05,  6.96369E+05,  8.33302E+05,  9.87184E+05,  1.15841E+06,  1.34715E+06,  1.55337E+06,  1.77681E+06,  2.01701E+06,  2.27329E+06,  2.54482E+06,  2.83060E+06,  3.12948E+06,  3.44021E+06,  3.76146E+06,  4.09182E+06,  4.42983E+06,  4.77404E+06,  5.12297E+06,  5.47519E+06,  5.82929E+06,  6.18389E+06,  6.53771E+06,  6.88951E+06,  7.23815E+06,  7.58256E+06,  7.92176E+06,  8.25485E+06,  8.58105E+06,  8.89963E+06,  9.20998E+06,  9.51155E+06,  9.80388E+06,  1.00866E+07,  1.03594E+07,  1.06220E+07,  1.08743E+07,  1.11162E+07,  1.13475E+07,  1.15683E+07,  1.17786E+07,  1.19785E+07,  1.21680E+07,  1.23474E+07,  1.25167E+07,  1.26763E+07,  1.28262E+07,  1.29668E+07,  1.30982E+07,  1.32207E+07,  1.33345E+07,  1.34401E+07,  1.35375E+07,  1.36272E+07
  1.00000E+00,  1.00000E+00,  1.00000E+00,  1.00001E+00,  1.00010E+00,  1.00046E+00,  1.00142E+00,  1.00352E+00,  1.00746E+00,  1.01429E+00,  1.02574E+00,  1.04490E+00,  1.07737E+00,  1.13355E+00,  1.23284E+00,  1.41158E+00,  1.73824E+00,  2.34174E+00,  3.46408E+00,  5.55608E+00,  9.44833E+00,  1.66489E+01,  2.98476E+01,  5.37450E+01,  9.63710E+01,  1.71109E+02,  2.99695E+02,  5.16478E+02,  8.74263E+02,  1.45195E+03,  2.36413E+03,  3.77258E+03,  5.89932E+03,  9.04069E+03,  1.35815E+04,  2.00082E+04,  2.89195E+04,  4.10337E+04,  5.71906E+04,  7.83480E+04,  1.05571E+05,  1.40015E+05,  1.82903E+05,  2.35498E+05,  2.99068E+05,  3.74851E+05,  4.64022E+05,  5.67654E+05,  6.86690E+05,  8.21909E+05,  9.73911E+05,  1.14309E+06,  1.32963E+06,  1.53350E+06,  1.75445E+06,  1.99202E+06,  2.24558E+06,  2.51429E+06,  2.79716E+06,  3.09307E+06,  3.40079E+06,  3.71900E+06,  4.04630E+06,  4.38126E+06,  4.72243E+06,  5.06836E+06,  5.41761E+06,  5.76879E+06,  6.12055E+06,  6.47160E+06,  6.82072E+06,  7.16676E+06,  7.50866E+06,  7.84545E+06,  8.17624E+06,  8.50024E+06,  8.81673E+06,  9.12510E+06,  9.42479E+06,  9.71536E+06,  9.99643E+06,  1.02677E+07,  1.05289E+07,  1.07798E+07,  1.10204E+07,  1.12506E+07,  1.14703E+07,  1.16797E+07,  1.18787E+07,  1.20674E+07,  1.22461E+07,  1.24148E+07,  1.25738E+07,  1.27232E+07,  1.28633E+07,  1.29944E+07,  1.31166E+07,  1.32302E+07,  1.33356E+07,  1.34329E+07,  1.35224E+07
  1.00000E+00,  1.00000E+00,  1.00000E+00,  1.00001E+00,  1.00010E+00,  1.00045E+00,  1.00141E+00,  1.00349E+00,  1.00740E+00,  1.01419E+00,  1.02556E+00,  1.04456E+00,  1.07675E+00,  1.13241E+00,  1.23068E+00,  1.40742E+00,  1.73015E+00,  2.32590E+00,  3.43294E+00,  5.49496E+00,  9.32898E+00,  1.64178E+01,  2.94054E+01,  5.29111E+01,  9.48250E+01,  1.68297E+02,  2.94680E+02,  5.07728E+02,  8.59329E+02,  1.42703E+03,  2.32351E+03,  3.70784E+03,  5.79844E+03,  8.88695E+03,  1.33522E+04,  1.96734E+04,  2.84405E+04,  4.03618E+04,  5.62656E+04,  7.70974E+04,  1.03909E+05,  1.37843E+05,  1.80109E+05,  2.31955E+05,  2.94639E+05,  3.69388E+05,  4.57369E+05,  5.59648E+05,  6.77164E+05,  8.10696E+05,  9.60842E+05,  1.12800E+06,  1.31237E+06,  1.51391E+06,  1.73240E+06,  1.96740E+06,  2.21826E+06,  2.48417E+06,  2.76418E+06,  3.05716E+06,  3.36190E+06,  3.67710E+06,  4.00138E+06,  4.33331E+06,  4.67148E+06,  5.01443E+06,  5.36075E+06,  5.70905E+06,  6.05799E+06,  6.40630E+06,  6.75275E+06,  7.09621E+06,  7.43563E+06,  7.77003E+06,  8.09854E+06,  8.42036E+06,  8.73478E+06,  9.04118E+06,  9.33901E+06,  9.62783E+06,  9.90725E+06,  1.01770E+07,  1.04367E+07,  1.06863E+07,  1.09257E+07,  1.11547E+07,  1.13734E+07,  1.15818E+07,  1.17799E+07,  1.19679E+07,  1.21458E+07,  1.23139E+07,  1.24723E+07,  1.26213E+07,  1.27610E+07,  1.28916E+07,  1.30136E+07,  1.31269E+07,  1.32321E+07,  1.33293E+07,  1.34187E+07
  1.00000E+00,  1.00000E+00,  1.00000E+00,  1.00001E+00,  1.00010E+00,  1.00045E+00,  1.00140E+00,  1.00346E+00,  1.00735E+00,  1.01409E+00,  1.02538E+00,  1.04423E+00,  1.07615E+00,  1.13129E+00,  1.22855E+00,  1.40333E+00,  1.72218E+00,  2.31030E+00,  3.40231E+00,  5.43489E+00,  9.21174E+00,  1.61909E+01,  2.89715E+01,  5.20933E+01,  9.33090E+01,  1.65539E+02,  2.89764E+02,  4.99152E+02,  8.44694E+02,  1.40262E+03,  2.28369E+03,  3.64438E+03,  5.69954E+03,  8.73621E+03,  1.31274E+04,  1.93450E+04,  2.79706E+04,  3.97024E+04,  5.53577E+04,  7.58696E+04,  1.02277E+05,  1.35709E+05,  1.77362E+05,  2.28473E+05,  2.90285E+05,  3.64017E+05,  4.50825E+05,  5.51772E+05,  6.67791E+05,  7.99659E+05,  9.47976E+05,  1.11315E+06,  1.29537E+06,  1.49462E+06,  1.71068E+06,  1.94312E+06,  2.19132E+06,  2.45448E+06,  2.73165E+06,  3.02174E+06,  3.32354E+06,  3.63576E+06,  3.95704E+06,  4.28599E+06,  4.62118E+06,  4.96118E+06,  5.30460E+06,  5.65005E+06,  5.99620E+06,  6.34178E+06,  6.68559E+06,  7.02650E+06,  7.36346E+06,  7.69550E+06,  8.02174E+06,  8.34140E+06,  8.65376E+06,  8.95820E+06,  9.25420E+06,  9.54128E+06,  9.81906E+06,  1.00872E+07,  1.03456E+07,  1.05938E+07,  1.08320E+07,  1.10599E+07,  1.12775E+07,  1.14849E+07,  1.16822E+07,  1.18694E+07,  1.20466E+07,  1.22141E+07,  1.23719E+07,  1.25204E+07,  1.26597E+07,  1.27900E+07,  1.29116E+07,  1.30247E+07,  1.31297E+07,  1.32267E+07,  1.33161E+07
  1.00000E+00,  1.00000E+00,  1.00000E+00,  1.00001E+00,  1.00010E+00,  1.00044E+00,  1.00138E+00,  1.00343E+00,  1.00729E+00,  1.01399E+00,  1.02520E+00,  1.04391E+00,  1.07555E+00,  1.13018E+00,  1.22644E+00,  1.39928E+00,  1.71433E+00,  2.29494E+00,  3.37219E+00,  5.37585E+00,  9.09659E+00,  1.59682E+01,  2.85457E+01,  5.12910E+01,  9.18224E+01,  1.62835E+02,  2.84946E+02,  4.90746E+02,  8.30350E+02,  1.37869E+03,  2.24467E+03,  3.58217E+03,  5.60259E+03,  8.58841E+03,  1.29069E+04,  1.90229E+04,  2.75096E+04,  3.90554E+04,  5.44666E+04,  7.46642E+04,  1.00675E+05,  1.33613E+05,  1.74664E+05,  2.25050E+05,  2.86004E+05,  3.58735E+05,  4.44389E+05,  5.44023E+05,  6.58566E+05,  7.88794E+05,  9.35308E+05,  1.09852E+06,  1.27862E+06,  1.47561E+06,  1.68928E+06,  1.91920E+06,  2.16477E+06,  2.42521E+06,  2.69957E+06,  2.98679E+06,  3.28568E+06,  3.59496E+06,  3.91329E+06,  4.23928E+06,  4.57152E+06,  4.90861E+06,  5.24915E+06,  5.59177E+06,  5.93516E+06,  6.27804E+06,  6.61924E+06,  6.95762E+06,  7.29213E+06,  7.62183E+06,  7.94582E+06,  8.26334E+06,  8.57366E+06,  8.87616E+06,  9.17033E+06,  9.45568E+06,  9.73184E+06,  9.99849E+06,  1.02554E+07,  1.05024E+07,  1.07393E+07,  1.09660E+07,  1.11826E+07,  1.13891E+07,  1.15855E+07,  1.17719E+07,  1.19484E+07,  1.21153E+07,  1.22726E+07,  1.24205E+07,  1.25594E+07,  1.26893E+07,  1.28106E+07,  1.29235E+07,  1.30283E+07,  1.31252E+07,  1.32144E+07
  1.00000E+00,  1.00000E+00,  1.00000E+00,  1.00001E+00,  1.00010E+00,  1.00044E+00,  1.00137E+00,  1.00341E+00,  1.00724E+00,  1.01389E+00,  1.02502E+00,  1.04358E+00,  1.07496E+00,  1.12908E+00,  1.22437E+00,  1.39530E+00,  1.70660E+00,  2.27983E+00,  3.34255E+00,  5.31781E+00,  8.98347E+00,  1.57496E+01,  2.81279E+01,  5.05040E+01,  9.03646E+01,  1.60185E+02,  2.80223E+02,  4.82507E+02,  8.16291E+02,  1.35523E+03,  2.20642E+03,  3.52119E+03,  5.50754E+03,  8.44349E+03,  1.26907E+04,  1.87070E+04,  2.70573E+04,  3.84204E+04,  5.35918E+04,  7.34807E+04,  9.91007E+04,  1.31555E+05,  1.72013E+05,  2.21686E+05,  2.81796E+05,  3.53540E+05,  4.38058E+05,  5.36399E+05,  6.49488E+05,  7.78099E+05,  9.22835E+05,  1.08411E+06,  1.26212E+06,  1.45688E+06,  1.66818E+06,  1.89562E+06,  2.13859E+06,  2.39634E+06,  2.66794E+06,  2.95233E+06,  3.24833E+06,  3.55470E+06,  3.87010E+06,  4.19317E+06,  4.52250E+06,  4.85670E+06,  5.19439E+06,  5.53421E+06,  5.87486E+06,  6.21508E+06,  6.55368E+06,  6.88955E+06,  7.22164E+06,  7.54901E+06,  7.87078E+06,  8.18617E+06,  8.49446E+06,  8.79505E+06,  9.08739E+06,  9.37103E+06,  9.64557E+06,  9.91072E+06,  1.01662E+07,  1.04119E+07,  1.06476E+07,  1.08732E+07,  1.10888E+07,  1.12943E+07,  1.14898E+07,  1.16754E+07,  1.18513E+07,  1.20175E+07,  1.21742E+07,  1.23217E+07,  1.24601E+07,  1.25897E+07,  1.27107E+07,  1.28233E+07,  1.29279E+07,  1.30246E+07,  1.31138E+07
  1.00000E+00,  1.00000E+00,  1.00000E+00,  1.00001E+00,  1.00010E+00,  1.00043E+00,  1.00136E+00,  1.00338E+00,  1.00719E+00,  1.01379E+00,  1.02484E+00,  1.04326E+00,  1.07438E+00,  1.12799E+00,  1.22232E+00,  1.39137E+00,  1.69898E+00,  2.26495E+00,  3.31341E+00,  5.26076E+00,  8.87233E+00,  1.55349E+01,  2.77179E+01,  4.97319E+01,  8.89348E+01,  1.57586E+02,  2.75593E+02,  4.74430E+02,  8.02511E+02,  1.33224E+03,  2.16893E+03,  3.46141E+03,  5.41435E+03,  8.30138E+03,  1.24786E+04,  1.83971E+04,  2.66135E+04,  3.77972E+04,  5.27331E+04,  7.23186E+04,  9.75549E+04,  1.29532E+05,  1.69407E+05,  2.18380E+05,  2.77659E+05,  3.48432E+05,  4.31831E+05,  5.28898E+05,  6.40553E+05,  7.67571E+05,  9.10554E+05,  1.06992E+06,  1.24587E+06,  1.43843E+06,  1.64739E+06,  1.87237E+06,  2.11278E+06,  2.36787E+06,  2.63673E+06,  2.91832E+06,  3.21148E+06,  3.51497E+06,  3.82748E+06,  4.14765E+06,  4.47410E+06,  4.80544E+06,  5.14031E+06,  5.47736E+06,  5.81529E+06,  6.15287E+06,  6.48890E+06,  6.82228E+06,  7.15198E+06,  7.47704E+06,  7.79660E+06,  8.10987E+06,  8.41616E+06,  8.71484E+06,  9.00537E+06,  9.28731E+06,  9.56026E+06,  9.82390E+06,  1.00780E+07,  1.03223E+07,  1.05568E+07,  1.07813E+07,  1.09959E+07,  1.12005E+07,  1.13951E+07,  1.15800E+07,  1.17551E+07,  1.19207E+07,  1.20769E+07,  1.22239E+07,  1.23618E+07,  1.24911E+07,  1.26117E+07,  1.27241E+07,  1.28285E+07,  1.29251E+07,  1.30141E+07
  1.00000E+00,  1.00000E+00,  1.00000E+00,  1.00001E+00,  1.00010E+00,  1.00043E+00,  1.00135E+00,  1.00335E+00,  1.00713E+00,  1.01369E+00,  1.02466E+00,  1.04295E+00,  1.07380E+00,  1.12692E+00,  1.22029E+00,  1.38749E+00,  1.69147E+00,  2.25030E+00,  3.28473E+00,  5.20468E+00,  8.76315E+00,  1.53240E+01,  2.73154E+01,  4.89744E+01,  8.75325E+01,  1.55037E+02,  2.71053E+02,  4.66513E+02,  7.89003E+02,  1.30971E+03,  2.13217E+03,  3.40281E+03,  5.32297E+03,  8.16202E+03,  1.22706E+04,  1.80930E+04,  2.61780E+04,  3.71856E+04,  5.18901E+04,  7.11775E+04,  9.60366E+04,  1.27545E+05,  1.66847E+05,  2.15130E+05,  2.73591E+05,  3.43408E+05,  4.25705E+05,  5.21516E+05,  6.31760E+05,  7.57207E+05,  8.98461E+05,  1.05594E+06,  1.22986E+06,  1.42024E+06,  1.62690E+06,  1.84945E+06,  2.08733E+06,  2.33980E+06,  2.60595E+06,  2.88478E+06,  3.17512E+06,  3.47577E+06,  3.78541E+06,  4.10271E+06,  4.42631E+06,  4.75482E+06,  5.08690E+06,  5.42120E+06,  5.75645E+06,  6.09141E+06,  6.42489E+06,  6.75581E+06,  7.08313E+06,  7.40590E+06,  7.72327E+06,  8.03445E+06,  8.33874E+06,  8.63552E+06,  8.92427E+06,  9.20451E+06,  9.47587E+06,  9.73802E+06,  9.99072E+06,  1.02338E+07,  1.04670E+07,  1.06905E+07,  1.09040E+07,  1.11076E+07,  1.13014E+07,  1.14855E+07,  1.16600E+07,  1.18249E+07,  1.19805E+07,  1.21270E+07,  1.22646E+07,  1.23934E+07,  1.25138E+07,  1.26259E+07,  1.27301E+07,  1.28265E+07,  1.29155E+07
  1.00000E+00,  1.00000E+00,  1.00000E+00,  1.00001E+00,  1.00010E+00,  1.00042E+00,  1.00133E+00,  1.00333E+00,  1.00708E+00,  1.01359E+00,  1.02449E+00,  1.04263E+00,  1.07323E+00,  1.12587E+00,  1.21830E+00,  1.38367E+00,  1.68407E+00,  2.23587E+00,  3.25652E+00,  5.14954E+00,  8.65588E+00,  1.51170E+01,  2.69204E+01,  4.82312E+01,  8.61570E+01,  1.52538E+02,  2.66602E+02,  4.58752E+02,  7.75761E+02,  1.28762E+03,  2.09614E+03,  3.34535E+03,  5.23337E+03,  8.02535E+03,  1.20665E+04,  1.77948E+04,  2.57507E+04,  3.65854E+04,  5.10626E+04,  7.00570E+04,  9.45454E+04,  1.25593E+05,  1.64331E+05,  2.11935E+05,  2.69591E+05,  3.38467E+05,  4.19679E+05,  5.14253E+05,  6.23105E+05,  7.47004E+05,  8.86553E+05,  1.04217E+06,  1.21409E+06,  1.40233E+06,  1.60671E+06,  1.82686E+06,  2.06224E+06,  2.31211E+06,  2.57560E+06,  2.85168E+06,  3.13925E+06,  3.43708E+06,  3.74389E+06,  4.05836E+06,  4.37912E+06,  4.70484E+06,  5.03415E+06,  5.36574E+06,  5.69832E+06,  6.03068E+06,  6.36164E+06,  6.69012E+06,  7.01508E+06,  7.33559E+06,  7.65078E+06,  7.95988E+06,  8.26219E+06,  8.55710E+06,  8.84406E+06,  9.12263E+06,  9.39240E+06,  9.65308E+06,  9.90439E+06,  1.01462E+07,  1.03782E+07,  1.06005E+07,  1.08131E+07,  1.10158E+07,  1.12087E+07,  1.13920E+07,  1.15658E+07,  1.17301E+07,  1.18851E+07,  1.20312E+07,  1.21683E+07,  1.22968E+07,  1.24168E+07,  1.25287E+07,  1.26327E+07,  1.27290E+07,  1.28178E+07
  1.00000E+00,  1.00000E+00,  1.00000E+00,  1.00001E+00,  1.00009E+00,  1.00042E+00,  1.00132E+00,  1.00330E+00,  1.00703E+00,  1.01350E+00,  1.02432E+00,  1.04232E+00,  1.07267E+00,  1.12482E+00,  1.21633E+00,  1.37990E+00,  1.67678E+00,  2.22167E+00,  3.22877E+00,  5.09533E+00,  8.55047E+00,  1.49137E+01,  2.65326E+01,  4.75019E+01,  8.48078E+01,  1.50088E+02,  2.62238E+02,  4.51142E+02,  7.62780E+02,  1.26596E+03,  2.06081E+03,  3.28901E+03,  5.14552E+03,  7.89131E+03,  1.18664E+04,  1.75021E+04,  2.53314E+04,  3.59962E+04,  5.02501E+04,  6.89566E+04,  9.30806E+04,  1.23675E+05,  1.61858E+05,  2.08794E+05,  2.65658E+05,  3.33608E+05,  4.13750E+05,  5.07106E+05,  6.14587E+05,  7.36958E+05,  8.74826E+05,  1.02861E+06,  1.19855E+06,  1.38467E+06,  1.58680E+06,  1.80460E+06,  2.03750E+06,  2.28481E+06,  2.54565E+06,  2.81903E+06,  3.10385E+06,  3.39889E+06,  3.70290E+06,  4.01456E+06,  4.33254E+06,  4.65548E+06,  4.98205E+06,  5.31095E+06,  5.64090E+06,  5.97068E+06,  6.29914E+06,  6.62520E+06,  6.94782E+06,  7.26608E+06,  7.57912E+06,  7.88615E+06,  8.18650E+06,  8.47954E+06,  8.76474E+06,  9.04164E+06,  9.30985E+06,  9.56905E+06,  9.81899E+06,  1.00595E+07,  1.02904E+07,  1.05116E+07,  1.07231E+07,  1.09248E+07,  1.11170E+07,  1.12995E+07,  1.14725E+07,  1.16362E+07,  1.17907E+07,  1.19363E+07,  1.20730E+07,  1.22011E+07,  1.23209E+07,  1.24325E+07,  1.25362E+07,  1.26323E+07,  1.27211E+07
  1.00000E+00,  1.00000E+00,  1.00000E+00,  1.00001E+00,  1.00009E+00,  1.00042E+00,  1.00131E+00,  1.00327E+00,  1.00698E+00,  1.01340E+00,  1.02415E+00,  1.04202E+00,  1.07211E+00,  1.12379E+00,  1.21438E+00,  1.37618E+00,  1.66960E+00,  2.20769E+00,  3.20146E+00,  5.04203E+00,  8.44690E+00,  1.47140E+01,  2.61520E+01,  4.67863E+01,  8.34843E+01,  1.47684E+02,  2.57959E+02,  4.43682E+02,  7.50053E+02,  1.24473E+03,  2.02618E+03,  3.23377E+03,  5.05936E+03,  7.75985E+03,  1.16701E+04,  1.72150E+04,  2.49199E+04,  3.54178E+04,  4.94524E+04,  6.78760E+04,  9.16417E+04,  1.21790E+05,  1.59428E+05,  2.05707E+05,  2.61791E+05,  3.28829E+05,  4.07917E+05,  5.00073E+05,  6.06202E+05,  7.27069E+05,  8.63278E+05,  1.01526E+06,  1.18324E+06,  1.36727E+06,  1.56719E+06,  1.78264E+06,  2.01311E+06,  2.25788E+06,  2.51611E+06,  2.78682E+06,  3.06892E+06,  3.36121E+06,  3.66244E+06,  3.97133E+06,  4.28654E+06,  4.60673E+06,  4.93060E+06,  5.25682E+06,  5.58416E+06,  5.91140E+06,  6.23738E+06,  6.56103E+06,  6.88134E+06,  7.19737E+06,  7.50827E+06,  7.81326E+06,  8.11166E+06,  8.40285E+06,  8.68629E+06,  8.96154E+06,  9.22819E+06,  9.48593E+06,  9.73450E+06,  9.97371E+06,  1.02034E+07,  1.04235E+07,  1.06340E+07,  1.08349E+07,  1.10261E+07,  1.12079E+07,  1.13803E+07,  1.15433E+07,  1.16973E+07,  1.18423E+07,  1.19786E+07,  1.21064E+07,  1.22258E+07,  1.23372E+07,  1.24407E+07,  1.25367E+07,  1.26253E+07
  1.00000E+00,  1.00000E+00,  1.00000E+00,  1.00001E+00,  1.00009E+00,  1.00041E+00,  1.00130E+00,  1.00325E+00,  1.00693E+00,  1.01331E+00,  1.02398E+00,  1.04171E+00,  1.07156E+00,  1.12277E+00,  1.21246E+00,  1.37252E+00,  1.66252E+00,  2.19392E+00,  3.17459E+00,  4.98962E+00,  8.34512E+00,  1.45179E+01,  2.57783E+01,  4.60841E+01,  8.21860E+01,  1.45327E+02,  2.53763E+02,  4.36366E+02,  7.37574E+02,  1.22391E+03,  1.99222E+03,  3.17961E+03,  4.97486E+03,  7.63091E+03,  1.14775E+04,  1.69333E+04,  2.45161E+04,  3.48501E+04,  4.86692E+04,  6.68147E+04,  9.02283E+04,  1.19938E+05,  1.57040E+05,  2.02672E+05,  2.57988E+05,  3.24127E+05,  4.02179E+05,  4.93152E+05,  5.97948E+05,  7.17331E+05,  8.51906E+05,  1.00210E+06,  1.16816E+06,  1.35012E+06,  1.54785E+06,  1.76100E+06,  1.98905E+06,  2.23132E+06,  2.48697E+06,  2.75504E+06,  3.03444E+06,  3.32401E+06,  3.62251E+06,  3.92865E+06,  4.24111E+06,  4.55859E+06,  4.87977E+06,  5.20336E+06,  5.52811E+06,  5.85282E+06,  6.17635E+06,  6.49762E+06,  6.81563E+06,  7.12945E+06,  7.43822E+06,  7.74119E+06,  8.03765E+06,  8.32701E+06,  8.60871E+06,  8.88231E+06,  9.14741E+06,  9.40370E+06,  9.65091E+06,  9.88886E+06,  1.01174E+07,  1.03364E+07,  1.05459E+07,  1.07458E+07,  1.09363E+07,  1.11173E+07,  1.12889E+07,  1.14514E+07,  1.16048E+07,  1.17493E+07,  1.18852E+07,  1.20126E+07,  1.21317E+07,  1.22428E+07,  1.23462E+07,  1.24420E+07,  1.25305E+07
  1.00000E+00,  1.00000E+00,  1.00000E+00,  1.00001E+00,  1.00009E+00,  1.00041E+00,  1.00129E+00,  1.00322E+00,  1.00688E+00,  1.01321E+00,  1.02381E+00,  1.04141E+00,  1.07101E+00,  1.12176E+00,  1.21056E+00,  1.36890E+00,  1.65554E+00,  2.18036E+00,  3.14814E+00,  4.93808E+00,  8.24509E+00,  1.43253E+01,  2.54114E+01,  4.53949E+01,  8.09121E+01,  1.43014E+02,  2.49647E+02,  4.29193E+02,  7.25339E+02,  1.20350E+03,  1.95892E+03,  3.12649E+03,  4.89200E+03,  7.50443E+03,  1.12885E+04,  1.66568E+04,  2.41197E+04,  3.42928E+04,  4.79001E+04,  6.57724E+04,  8.88398E+04,  1.18118E+05,  1.54692E+05,  1.99688E+05,  2.54249E+05,  3.19503E+05,  3.96533E+05,  4.86341E+05,  5.89824E+05,  7.07744E+05,  8.40706E+05,  9.89142E+05,  1.15330E+06,  1.33323E+06,  1.52879E+06,  1.73966E+06,  1.96533E+06,  2.20513E+06,  2.45823E+06,  2.72369E+06,  3.00043E+06,  3.28730E+06,  3.58308E+06,  3.88650E+06,  4.19626E+06,  4.51105E+06,  4.82957E+06,  5.15054E+06,  5.47273E+06,  5.79494E+06,  6.11604E+06,  6.43495E+06,  6.75068E+06,  7.06230E+06,  7.36897E+06,  7.66993E+06,  7.96447E+06,  8.25200E+06,  8.53198E+06,  8.80394E+06,  9.06751E+06,  9.32235E+06,  9.56822E+06,  9.80490E+06,  1.00323E+07,  1.02502E+07,  1.04587E+07,  1.06577E+07,  1.08473E+07,  1.10275E+07,  1.11985E+07,  1.13604E+07,  1.15132E+07,  1.16573E+07,  1.17927E+07,  1.19197E+07,  1.20386E+07,  1.21494E+07,  1.22525E+07,  1.23482E+07,  1.24365E+07
  1.00000E+00,  1.00000E+00,  1.00000E+00,  1.00001E+00,  1.00009E+00,  1.00040E+00,  1.00128E+00,  1.00320E+00,  1.00682E+00,  1.01312E+00,  1.02364E+00,  1.04112E+00,  1.07047E+00,  1.12076E+00,  1.20869E+00,  1.36533E+00,  1.64867E+00,  2.16701E+00,  3.12212E+00,  4.88740E+00,  8.14679E+00,  1.41361E+01,  2.50512E+01,  4.47186E+01,  7.96624E+01,  1.40746E+02,  2.45612E+02,  4.22159E+02,  7.13342E+02,  1.18348E+03,  1.92627E+03,  3.07440E+03,  4.81072E+03,  7.38037E+03,  1.11032E+04,  1.63856E+04,  2.37307E+04,  3.37457E+04,  4.71450E+04,  6.47487E+04,  8.74756E+04,  1.16330E+05,  1.52385E+05,  1.96754E+05,  2.50571E+05,  3.14955E+05,  3.90977E+05,  4.79637E+05,  5.81826E+05,  6.98304E+05,  8.29676E+05,  9.76376E+05,  1.13865E+06,  1.31657E+06,  1.51000E+06,  1.71862E+06,  1.94194E+06,  2.17929E+06,  2.42987E+06,  2.69275E+06,  2.96686E+06,  3.25107E+06,  3.54416E+06,  3.84490E+06,  4.15197E+06,  4.46410E+06,  4.77999E+06,  5.09837E+06,  5.41802E+06,  5.73775E+06,  6.05643E+06,  6.37300E+06,  6.68647E+06,  6.99592E+06,  7.30051E+06,  7.59946E+06,  7.89211E+06,  8.17782E+06,  8.45609E+06,  8.72643E+06,  8.98847E+06,  9.24188E+06,  9.48640E+06,  9.72184E+06,  9.94804E+06,  1.01649E+07,  1.03724E+07,  1.05705E+07,  1.07593E+07,  1.09387E+07,  1.11090E+07,  1.12703E+07,  1.14226E+07,  1.15661E+07,  1.17011E+07,  1.18278E+07,  1.19463E+07,  1.20569E+07,  1.21598E+07,  1.22553E+07,  1.23435E+07
  1.00000E+00,  1.00000E+00,  1.00000E+00,  1.00001E+00,  1.00009E+00,  1.00040E+00,  1.00127E+00,  1.00317E+00,  1.00678E+00,  1.01303E+00,  1.02348E+00,  1.04082E+00,  1.06994E+00,  1.11978E+00,  1.20684E+00,  1.36181E+00,  1.64189E+00,  2.15386E+00,  3.09652E+00,  4.83755E+00,  8.05017E+00,  1.39503E+01,  2.46976E+01,  4.40547E+01,  7.84361E+01,  1.38522E+02,  2.41653E+02,  4.15261E+02,  7.01577E+02,  1.16386E+03,  1.89425E+03,  3.02331E+03,  4.73101E+03,  7.25866E+03,  1.09213E+04,  1.61194E+04,  2.33489E+04,  3.32086E+04,  4.64034E+04,  6.37432E+04,  8.61355E+04,  1.14573E+05,  1.50116E+05,  1.93870E+05,  2.46955E+05,  3.10480E+05,  3.85511E+05,  4.73040E+05,  5.73953E+05,  6.89008E+05,  8.18812E+05,  9.63800E+05,  1.12423E+06,  1.30016E+06,  1.49148E+06,  1.69788E+06,  1.91887E+06,  2.15381E+06,  2.40190E+06,  2.66222E+06,  2.93373E+06,  3.21530E+06,  3.50574E+06,  3.80381E+06,  4.10823E+06,  4.41772E+06,  4.73101E+06,  5.04682E+06,  5.36396E+06,  5.68123E+06,  5.99752E+06,  6.31178E+06,  6.62301E+06,  6.93030E+06,  7.23281E+06,  7.52979E+06,  7.82054E+06,  8.10446E+06,  8.38102E+06,  8.64976E+06,  8.91028E+06,  9.16227E+06,  9.40546E+06,  9.63965E+06,  9.86469E+06,  1.00805E+07,  1.02870E+07,  1.04842E+07,  1.06721E+07,  1.08508E+07,  1.10205E+07,  1.11811E+07,  1.13328E+07,  1.14759E+07,  1.16105E+07,  1.17368E+07,  1.18550E+07,  1.19653E+07,  1.20680E+07,  1.21633E+07,  1.22514E+07
  1.00000E+00,  1.00000E+00,  1.00000E+00,  1.00001E+00,  1.00009E+00,  1.00040E+00,  1.00125E+00,  1.00315E+00,  1.00673E+00,  1.01294E+00,  1.02332E+00,  1.04053E+00,  1.06941E+00,  1.11880E+00,  1.20502E+00,  1.35834E+00,  1.63521E+00,  2.14090E+00,  3.07131E+00,  4.78853E+00,  7.95520E+00,  1.37677E+01,  2.43503E+01,  4.34031E+01,  7.72328E+01,  1.36339E+02,  2.37771E+02,  4.08496E+02,  6.90040E+02,  1.14461E+03,  1.86284E+03,  2.97321E+03,  4.65282E+03,  7.13927E+03,  1.07428E+04,  1.58581E+04,  2.29741E+04,  3.26812E+04,  4.56753E+04,  6.27556E+04,  8.48188E+04,  1.12846E+05,  1.47887E+05,  1.91034E+05,  2.43398E+05,  3.06078E+05,  3.80133E+05,  4.66547E+05,  5.66202E+05,  6.79855E+05,  8.08112E+05,  9.51410E+05,  1.11001E+06,  1.28399E+06,  1.47322E+06,  1.67742E+06,  1.89612E+06,  2.12867E+06,  2.37430E+06,  2.63210E+06,  2.90103E+06,  3.18000E+06,  3.46782E+06,  3.76325E+06,  4.06504E+06,  4.37192E+06,  4.68262E+06,  4.99590E+06,  5.31054E+06,  5.62538E+06,  5.93930E+06,  6.25126E+06,  6.56027E+06,  6.86542E+06,  7.16588E+06,  7.46089E+06,  7.74977E+06,  8.03191E+06,  8.30678E+06,  8.57392E+06,  8.83293E+06,  9.08351E+06,  9.32537E+06,  9.55833E+06,  9.78222E+06,  9.99696E+06,  1.02025E+07,  1.03988E+07,  1.05859E+07,  1.07638E+07,  1.09328E+07,  1.10928E+07,  1.12440E+07,  1.13866E+07,  1.15207E+07,  1.16467E+07,  1.17645E+07,  1.18746E+07,  1.19771E+07,  1.20722E+07,  1.21602E+07
  1.00000E+00,  1.00000E+00,  1.00000E+00,  1.00001E+00,  1.00009E+00,  1.00039E+00,  1.00124E+00,  1.00312E+00,  1.00668E+00,  1.01285E+00,  1.02316E+00,  1.04024E+00,  1.06889E+00,  1.11784E+00,  1.20322E+00,  1.35492E+00,  1.62862E+00,  2.12815E+00,  3.04651E+00,  4.74031E+00,  7.86185E+00,  1.35883E+01,  2.40093E+01,  4.27635E+01,  7.60520E+01,  1.34198E+02,  2.33963E+02,  4.01861E+02,  6.78725E+02,  1.12573E+03,  1.83204E+03,  2.92407E+03,  4.57612E+03,  7.02214E+03,  1.05677E+04,  1.56018E+04,  2.26062E+04,  3.21635E+04,  4.49601E+04,  6.17854E+04,  8.35251E+04,  1.11149E+05,  1.45695E+05,  1.88245E+05,  2.39899E+05,  3.01748E+05,  3.74841E+05,  4.60156E+05,  5.58572E+05,  6.70842E+05,  7.97573E+05,  9.39204E+05,  1.09600E+06,  1.26804E+06,  1.45522E+06,  1.65726E+06,  1.87368E+06,  2.10388E+06,  2.34708E+06,  2.60237E+06,  2.86877E+06,  3.14515E+06,  3.43037E+06,  3.72320E+06,  4.02239E+06,  4.32668E+06,  4.63483E+06,  4.94559E+06,  5.25776E+06,  5.57018E+06,  5.88176E+06,  6.19144E+06,  6.49825E+06,  6.80128E+06,  7.09971E+06,  7.39277E+06,  7.67978E+06,  7.96015E+06,  8.23334E+06,  8.49889E+06,  8.75641E+06,  9.00558E+06,  9.24613E+06,  9.47786E+06,  9.70061E+06,  9.91428E+06,  1.01188E+07,  1.03142E+07,  1.05005E+07,  1.06777E+07,  1.08460E+07,  1.10054E+07,  1.11560E+07,  1.12981E+07,  1.14319E+07,  1.15574E+07,  1.16750E+07,  1.17848E+07,  1.18871E+07,  1.19820E+07,  1.20699E+07
  1.00000E+00,  1.00000E+00,  1.00000E+00,  1.00001E+00,  1.00009E+00,  1.00039E+00,  1.00123E+00,  1.00310E+00,  1.00663E+00,  1.01276E+00,  1.02300E+00,  1.03996E+00,  1.06837E+00,  1.11689E+00,  1.20144E+00,  1.35154E+00,  1.62213E+00,  2.11558E+00,  3.02209E+00,  4.69289E+00,  7.77008E+00,  1.34121E+01,  2.36744E+01,  4.21356E+01,  7.48933E+01,  1.32097E+02,  2.30227E+02,  3.95354E+02,  6.67628E+02,  1.10722E+03,  1.80184E+03,  2.87586E+03,  4.50088E+03,  6.90722E+03,  1.03959E+04,  1.53501E+04,  2.22451E+04,  3.16551E+04,  4.42578E+04,  6.08324E+04,  8.22539E+04,  1.09481E+05,  1.43541E+05,  1.85503E+05,  2.36459E+05,  2.97488E+05,  3.69633E+05,  4.53865E+05,  5.51059E+05,  6.61966E+05,  7.87192E+05,  9.27179E+05,  1.08220E+06,  1.25233E+06,  1.43748E+06,  1.63737E+06,  1.85156E+06,  2.07942E+06,  2.32021E+06,  2.57304E+06,  2.83692E+06,  3.11076E+06,  3.39340E+06,  3.68365E+06,  3.98026E+06,  4.28200E+06,  4.58761E+06,  4.89588E+06,  5.20561E+06,  5.51564E+06,  5.82489E+06,  6.13231E+06,  6.43694E+06,  6.73787E+06,  7.03427E+06,  7.32540E+06,  7.61057E+06,  7.88918E+06,  8.16070E+06,  8.42468E+06,  8.68071E+06,  8.92848E+06,  9.16772E+06,  9.39823E+06,  9.61985E+06,  9.83247E+06,  1.00360E+07,  1.02305E+07,  1.04160E+07,  1.05925E+07,  1.07600E+07,  1.09188E+07,  1.10690E+07,  1.12106E+07,  1.13439E+07,  1.14691E+07,  1.15863E+07,  1.16959E+07,  1.17979E+07,  1.18927E+07,  1.19805E+07
  1.00000E+00,  1.00000E+00,  1.00000E+00,  1.00001E+00,  1.00009E+00,  1.00038E+00,  1.00122E+00,  1.00307E+00,  1.00658E+00,  1.01267E+00,  1.02284E+00,  1.03967E+00,  1.06786E+00,  1.11595E+00,  1.19968E+00,  1.34820E+00,  1.61573E+00,  2.10320E+00,  2.99806E+00,  4.64623E+00,  7.67987E+00,  1.32389E+01,  2.33455E+01,  4.15192E+01,  7.37561E+01,  1.30036E+02,  2.26562E+02,  3.88970E+02,  6.56744E+02,  1.08906E+03,  1.77221E+03,  2.82858E+03,  4.42706E+03,  6.79447E+03,  1.02273E+04,  1.51032E+04,  2.18905E+04,  3.11560E+04,  4.35681E+04,  5.98962E+04,  8.10049E+04,  1.07842E+05,  1.41423E+05,  1.82807E+05,  2.33074E+05,  2.93297E+05,  3.64508E+05,  4.47673E+05,  5.43663E+05,  6.53226E+05,  7.76967E+05,  9.15332E+05,  1.06859E+06,  1.23684E+06,  1.41999E+06,  1.61776E+06,  1.82973E+06,  2.05530E+06,  2.29371E+06,  2.54410E+06,  2.80549E+06,  3.07680E+06,  3.35690E+06,  3.64459E+06,  3.93866E+06,  4.23786E+06,  4.54097E+06,  4.84677E+06,  5.15407E+06,  5.46174E+06,  5.76868E+06,  6.07386E+06,  6.37633E+06,  6.67517E+06,  6.96957E+06,  7.25877E+06,  7.54211E+06,  7.81898E+06,  8.08885E+06,  8.35126E+06,  8.60582E+06,  8.85220E+06,  9.09014E+06,  9.31943E+06,  9.53992E+06,  9.75150E+06,  9.95410E+06,  1.01477E+07,  1.03324E+07,  1.05081E+07,  1.06750E+07,  1.08332E+07,  1.09827E+07,  1.11239E+07,  1.12568E+07,  1.13816E+07,  1.14985E+07,  1.16078E+07,  1.17096E+07,  1.18042E+07,  1.18919E+07
  1.00000E+00,  1.00000E+00,  1.00000E+00,  1.00001E+00,  1.00008E+00,  1.00038E+00,  1.00121E+00,  1.00305E+00,  1.00653E+00,  1.01258E+00,  1.02268E+00,  1.03939E+00,  1.06736E+00,  1.11502E+00,  1.19794E+00,  1.34491E+00,  1.60942E+00,  2.09100E+00,  2.97440E+00,  4.60034E+00,  7.59118E+00,  1.30687E+01,  2.30225E+01,  4.09140E+01,  7.26399E+01,  1.28013E+02,  2.22967E+02,  3.82708E+02,  6.46067E+02,  1.07125E+03,  1.74315E+03,  2.78220E+03,  4.35465E+03,  6.68383E+03,  1.00618E+04,  1.48608E+04,  2.15425E+04,  3.06658E+04,  4.28906E+04,  5.89765E+04,  7.97775E+04,  1.06231E+05,  1.39340E+05,  1.80155E+05,  2.29745E+05,  2.89173E+05,  3.59464E+05,  4.41578E+05,  5.36380E+05,  6.44618E+05,  7.66895E+05,  9.03659E+05,  1.05519E+06,  1.22157E+06,  1.40274E+06,  1.59843E+06,  1.80821E+06,  2.03150E+06,  2.26756E+06,  2.51554E+06,  2.77446E+06,  3.04328E+06,  3.32086E+06,  3.60603E+06,  3.89757E+06,  4.19427E+06,  4.49489E+06,  4.79825E+06,  5.10315E+06,  5.40847E+06,  5.71312E+06,  6.01609E+06,  6.31640E+06,  6.61318E+06,  6.90559E+06,  7.19289E+06,  7.47441E+06,  7.74955E+06,  8.01777E+06,  8.27863E+06,  8.53172E+06,  8.77673E+06,  9.01338E+06,  9.24146E+06,  9.46083E+06,  9.67136E+06,  9.87300E+06,  1.00657E+07,  1.02496E+07,  1.04246E+07,  1.05908E+07,  1.07483E+07,  1.08974E+07,  1.10380E+07,  1.11705E+07,  1.12950E+07,  1.14116E+07,  1.15206E+07,  1.16222E+07,  1.17166E+07,  1.18041E+07
  1.00000E+00,  1.00000E+00,  1.00000E+00,  1.00001E+00,  1.00008E+00,  1.00038E+00,  1.00120E+00,  1.00302E+00,  1.00649E+00,  1.01250E+00,  1.02253E+00,  1.03912E+00,  1.06686E+00,  1.11410E+00,  1.19623E+00,  1.34166E+00,  1.60320E+00,  2.07899E+00,  2.95111E+00,  4.55519E+00,  7.50398E+00,  1.29015E+01,  2.27052E+01,  4.03199E+01,  7.15444E+01,  1.26029E+02,  2.19440E+02,  3.76566E+02,  6.35595E+02,  1.05378E+03,  1.71464E+03,  2.73670E+03,  4.28360E+03,  6.57527E+03,  9.89945E+03,  1.46228E+04,  2.12007E+04,  3.01845E+04,  4.22252E+04,  5.80729E+04,  7.85714E+04,  1.04647E+05,  1.37293E+05,  1.77548E+05,  2.26471E+05,  2.85116E+05,  3.54501E+05,  4.35578E+05,  5.29210E+05,  6.36140E+05,  7.56973E+05,  8.92157E+05,  1.04197E+06,  1.20652E+06,  1.38574E+06,  1.57936E+06,  1.78698E+06,  2.00802E+06,  2.24176E+06,  2.48735E+06,  2.74384E+06,  3.01019E+06,  3.28528E+06,  3.56795E+06,  3.85699E+06,  4.15121E+06,  4.44937E+06,  4.75030E+06,  5.05282E+06,  5.35582E+06,  5.65821E+06,  5.95897E+06,  6.25716E+06,  6.55188E+06,  6.84232E+06,  7.12773E+06,  7.40745E+06,  7.68087E+06,  7.94746E+06,  8.20677E+06,  8.45841E+06,  8.70205E+06,  8.93742E+06,  9.16430E+06,  9.38255E+06,  9.59205E+06,  9.79273E+06,  9.98458E+06,  1.01676E+07,  1.03419E+07,  1.05074E+07,  1.06644E+07,  1.08129E+07,  1.09531E+07,  1.10851E+07,  1.12092E+07,  1.13255E+07,  1.14342E+07,  1.15356E+07,  1.16299E+07,  1.17172E+07
  1.00000E+00,  1.00000E+00,  1.00000E+00,  1.00001E+00,  1.00008E+00,  1.00037E+00,  1.00119E+00,  1.00300E+00,  1.00644E+00,  1.01241E+00,  1.02237E+00,  1.03884E+00,  1.06636E+00,  1.11320E+00,  1.19454E+00,  1.33846E+00,  1.59706E+00,  2.06715E+00,  2.92818E+00,  4.51077E+00,  7.41824E+00,  1.27372E+01,  2.23935E+01,  3.97364E+01,  7.04691E+01,  1.24081E+02,  2.15979E+02,  3.70540E+02,  6.25322E+02,  1.03664E+03,  1.68668E+03,  2.69206E+03,  4.21389E+03,  6.46874E+03,  9.74007E+03,  1.43893E+04,  2.08652E+04,  2.97118E+04,  4.15716E+04,  5.71852E+04,  7.73862E+04,  1.03090E+05,  1.35280E+05,  1.74983E+05,  2.23250E+05,  2.81124E+05,  3.49615E+05,  4.29672E+05,  5.22150E+05,  6.27791E+05,  7.47199E+05,  8.80824E+05,  1.02895E+06,  1.19169E+06,  1.36897E+06,  1.56056E+06,  1.76604E+06,  1.98485E+06,  2.21630E+06,  2.45953E+06,  2.71362E+06,  2.97752E+06,  3.25015E+06,  3.53034E+06,  3.81691E+06,  4.10867E+06,  4.40440E+06,  4.70293E+06,  5.00309E+06,  5.30378E+06,  5.60393E+06,  5.90251E+06,  6.19859E+06,  6.49127E+06,  6.77976E+06,  7.06329E+06,  7.34122E+06,  7.61293E+06,  7.87791E+06,  8.13569E+06,  8.38588E+06,  8.62816E+06,  8.86225E+06,  9.08794E+06,  9.30508E+06,  9.51355E+06,  9.71328E+06,  9.90425E+06,  1.00865E+07,  1.02600E+07,  1.04249E+07,  1.05812E+07,  1.07292E+07,  1.08689E+07,  1.10005E+07,  1.11242E+07,  1.12402E+07,  1.13487E+07,  1.14499E+07,  1.15439E+07,  1.16312E+07
  1.00000E+00,  1.00000E+00,  1.00000E+00,  1.00001E+00,  1.00008E+00,  1.00037E+00,  1.00118E+00,  1.00298E+00,  1.00639E+00,  1.01233E+00,  1.02222E+00,  1.03857E+00,  1.06587E+00,  1.11230E+00,  1.19287E+00,  1.33530E+00,  1.59101E+00,  2.05549E+00,  2.90560E+00,  4.46706E+00,  7.33393E+00,  1.25757E+01,  2.20874E+01,  3.91636E+01,  6.94135E+01,  1.22170E+02,  2.12583E+02,  3.64628E+02,  6.15243E+02,  1.01983E+03,  1.65924E+03,  2.64826E+03,  4.14549E+03,  6.36420E+03,  9.58365E+03,  1.41600E+04,  2.05358E+04,  2.92477E+04,  4.09296E+04,  5.63130E+04,  7.62214E+04,  1.01560E+05,  1.33301E+05,  1.72461E+05,  2.20081E+05,  2.77196E+05,  3.44808E+05,  4.23857E+05,  5.15198E+05,  6.19567E+05,  7.37570E+05,  8.69658E+05,  1.01612E+06,  1.17707E+06,  1.35244E+06,  1.54201E+06,  1.74539E+06,  1.96200E+06,  2.19117E+06,  2.43208E+06,  2.68378E+06,  2.94527E+06,  3.21546E+06,  3.49320E+06,  3.77733E+06,  4.06664E+06,  4.35997E+06,  4.65612E+06,  4.95395E+06,  5.25236E+06,  5.55027E+06,  5.84669E+06,  6.14068E+06,  6.43135E+06,  6.71789E+06,  6.99957E+06,  7.27571E+06,  7.54573E+06,  7.80910E+06,  8.06536E+06,  8.31412E+06,  8.55504E+06,  8.78787E+06,  9.01238E+06,  9.22841E+06,  9.43585E+06,  9.63463E+06,  9.82473E+06,  1.00061E+07,  1.01789E+07,  1.03432E+07,  1.04989E+07,  1.06463E+07,  1.07856E+07,  1.09168E+07,  1.10401E+07,  1.11558E+07,  1.12640E+07,  1.13649E+07,  1.14588E+07,  1.15459E+07
  1.00000E+00,  1.00000E+00,  1.00000E+00,  1.00001E+00,  1.00008E+00,  1.00036E+00,  1.00117E+00,  1.00295E+00,  1.00635E+00,  1.01224E+00,  1.02207E+00,  1.03830E+00,  1.06539E+00,  1.11141E+00,  1.19121E+00,  1.33218E+00,  1.58505E+00,  2.04400E+00,  2.88337E+00,  4.42406E+00,  7.25102E+00,  1.24170E+01,  2.17866E+01,  3.86010E+01,  6.83773E+01,  1.20294E+02,  2.09251E+02,  3.58827E+02,  6.05356E+02,  1.00334E+03,  1.63232E+03,  2.60529E+03,  4.07838E+03,  6.26161E+03,  9.43011E+03,  1.39349E+04,  2.02124E+04,  2.87918E+04,  4.02989E+04,  5.54560E+04,  7.50767E+04,  1.00056E+05,  1.31355E+05,  1.69981E+05,  2.16964E+05,  2.73331E+05,  3.40075E+05,  4.18133E+05,  5.08352E+05,  6.11467E+05,  7.28084E+05,  8.58654E+05,  1.00347E+06,  1.16265E+06,  1.33614E+06,  1.52373E+06,  1.72501E+06,  1.93946E+06,  2.16638E+06,  2.40498E+06,  2.65433E+06,  2.91343E+06,  3.18120E+06,  3.45652E+06,  3.73822E+06,  4.02513E+06,  4.31607E+06,  4.60986E+06,  4.90538E+06,  5.20152E+06,  5.49723E+06,  5.79151E+06,  6.08342E+06,  6.37209E+06,  6.65670E+06,  6.93654E+06,  7.21092E+06,  7.47926E+06,  7.74103E+06,  7.99578E+06,  8.24311E+06,  8.48269E+06,  8.71426E+06,  8.93759E+06,  9.15252E+06,  9.35895E+06,  9.55679E+06,  9.74601E+06,  9.92663E+06,  1.00987E+07,  1.02623E+07,  1.04174E+07,  1.05643E+07,  1.07030E+07,  1.08338E+07,  1.09568E+07,  1.10721E+07,  1.11801E+07,  1.12808E+07,  1.13745E+07,  1.14615E+07
  1.00000E+00,  1.00000E+00,  1.00000E+00,  1.00001E+00,  1.00008E+00,  1.00036E+00,  1.00116E+00,  1.00293E+00,  1.00630E+00,  1.01216E+00,  1.02192E+00,  1.03804E+00,  1.06491E+00,  1.11054E+00,  1.18958E+00,  1.32910E+00,  1.57917E+00,  2.03268E+00,  2.86149E+00,  4.38174E+00,  7.16950E+00,  1.22610E+01,  2.14912E+01,  3.80486E+01,  6.73600E+01,  1.18453E+02,  2.05981E+02,  3.53135E+02,  5.95655E+02,  9.87157E+02,  1.60592E+03,  2.56313E+03,  4.01251E+03,  6.16092E+03,  9.27940E+03,  1.37139E+04,  1.98948E+04,  2.83440E+04,  3.96793E+04,  5.46139E+04,  7.39516E+04,  9.85772E+04,  1.29441E+05,  1.67541E+05,  2.13897E+05,  2.69527E+05,  3.35418E+05,  4.12498E+05,  5.01610E+05,  6.03490E+05,  7.18738E+05,  8.47811E+05,  9.91002E+05,  1.14844E+06,  1.32007E+06,  1.50569E+06,  1.70491E+06,  1.91722E+06,  2.14192E+06,  2.37824E+06,  2.62526E+06,  2.88199E+06,  3.14738E+06,  3.42030E+06,  3.69960E+06,  3.98412E+06,  4.27269E+06,  4.56416E+06,  4.85738E+06,  5.15128E+06,  5.44480E+06,  5.73696E+06,  6.02681E+06,  6.31349E+06,  6.59620E+06,  6.87420E+06,  7.14683E+06,  7.41351E+06,  7.67369E+06,  7.92694E+06,  8.17285E+06,  8.41110E+06,  8.64142E+06,  8.86358E+06,  9.07742E+06,  9.28283E+06,  9.47973E+06,  9.66809E+06,  9.84792E+06,  1.00192E+07,  1.01821E+07,  1.03367E+07,  1.04831E+07,  1.06213E+07,  1.07517E+07,  1.08743E+07,  1.09893E+07,  1.10970E+07,  1.11975E+07,  1.12910E+07,  1.13778E+07
  1.00000E+00,  1.00000E+00,  1.00000E+00,  1.00001E+00,  1.00008E+00,  1.00036E+00,  1.00115E+00,  1.00291E+00,  1.00626E+00,  1.01208E+00,  1.02177E+00,  1.03777E+00,  1.06443E+00,  1.10967E+00,  1.18797E+00,  1.32606E+00,  1.57337E+00,  2.02152E+00,  2.83993E+00,  4.34010E+00,  7.08932E+00,  1.21077E+01,  2.12009E+01,  3.75060E+01,  6.63612E+01,  1.16646E+02,  2.02772E+02,  3.47551E+02,  5.86137E+02,  9.71280E+02,  1.58000E+03,  2.52176E+03,  3.94788E+03,  6.06210E+03,  9.13145E+03,  1.34969E+04,  1.95829E+04,  2.79042E+04,  3.90707E+04,  5.37864E+04,  7.28458E+04,  9.71234E+04,  1.27560E+05,  1.65142E+05,  2.10880E+05,  2.65784E+05,  3.30833E+05,  4.06949E+05,  4.94972E+05,  5.95631E+05,  7.09531E+05,  8.37126E+05,  9.78714E+05,  1.13443E+06,  1.30422E+06,  1.48790E+06,  1.68509E+06,  1.89527E+06,  2.11778E+06,  2.35184E+06,  2.59656E+06,  2.85096E+06,  3.11398E+06,  3.38452E+06,  3.66145E+06,  3.94361E+06,  4.22984E+06,  4.51899E+06,  4.80995E+06,  5.10162E+06,  5.39298E+06,  5.68302E+06,  5.97084E+06,  6.25555E+06,  6.53636E+06,  6.81254E+06,  7.08344E+06,  7.34846E+06,  7.60707E+06,  7.85883E+06,  8.10333E+06,  8.34026E+06,  8.56933E+06,  8.79032E+06,  9.00308E+06,  9.20748E+06,  9.40345E+06,  9.59095E+06,  9.76999E+06,  9.94059E+06,  1.01028E+07,  1.02568E+07,  1.04026E+07,  1.05404E+07,  1.06704E+07,  1.07926E+07,  1.09073E+07,  1.10147E+07,  1.11150E+07,  1.12083E+07,  1.12950E+07
  1.00000E+00,  1.00000E+00,  1.00000E+00,  1.00001E+00,  1.00008E+00,  1.00035E+00,  1.00114E+00,  1.00289E+00,  1.00621E+00,  1.01199E+00,  1.02162E+00,  1.03751E+00,  1.06396E+00,  1.10881E+00,  1.18638E+00,  1.32306E+00,  1.56765E+00,  2.01052E+00,  2.81871E+00,  4.29912E+00,  7.01046E+00,  1.19570E+01,  2.09157E+01,  3.69731E+01,  6.53806E+01,  1.14872E+02,  1.99623E+02,  3.42070E+02,  5.76797E+02,  9.55701E+02,  1.55458E+03,  2.48116E+03,  3.88445E+03,  5.96511E+03,  8.98623E+03,  1.32839E+04,  1.92766E+04,  2.74723E+04,  3.84727E+04,  5.29733E+04,  7.17589E+04,  9.56941E+04,  1.25709E+05,  1.62782E+05,  2.07912E+05,  2.62101E+05,  3.26320E+05,  4.01487E+05,  4.88434E+05,  5.87891E+05,  7.00459E+05,  8.26596E+05,  9.66602E+05,  1.12061E+06,  1.28860E+06,  1.47036E+06,  1.66553E+06,  1.87362E+06,  2.09396E+06,  2.32579E+06,  2.56823E+06,  2.82031E+06,  3.08099E+06,  3.34919E+06,  3.62377E+06,  3.90358E+06,  4.18749E+06,  4.47435E+06,  4.76306E+06,  5.05253E+06,  5.34174E+06,  5.62970E+06,  5.91549E+06,  6.19825E+06,  6.47718E+06,  6.75156E+06,  7.02073E+06,  7.28411E+06,  7.54116E+06,  7.79144E+06,  8.03454E+06,  8.27015E+06,  8.49798E+06,  8.71782E+06,  8.92950E+06,  9.13290E+06,  9.32794E+06,  9.51458E+06,  9.69283E+06,  9.86272E+06,  1.00243E+07,  1.01777E+07,  1.03230E+07,  1.04603E+07,  1.05898E+07,  1.07117E+07,  1.08261E+07,  1.09332E+07,  1.10332E+07,  1.11264E+07,  1.12129E+07
  1.00000E+00,  1.00000E+00,  1.00000E+00,  1.00001E+00,  1.00008E+00,  1.00035E+00,  1.00113E+00,  1.00286E+00,  1.00617E+00,  1.01191E+00,  1.02148E+00,  1.03725E+00,  1.06350E+00,  1.10796E+00,  1.18481E+00,  1.32010E+00,  1.56200E+00,  1.99968E+00,  2.79781E+00,  4.25879E+00,  6.93290E+00,  1.18088E+01,  2.06354E+01,  3.64497E+01,  6.44177E+01,  1.13130E+02,  1.96532E+02,  3.36692E+02,  5.67632E+02,  9.40415E+02,  1.52963E+03,  2.44132E+03,  3.82220E+03,  5.86990E+03,  8.84366E+03,  1.30747E+04,  1.89758E+04,  2.70480E+04,  3.78852E+04,  5.21742E+04,  7.06905E+04,  9.42889E+04,  1.23890E+05,  1.60460E+05,  2.04992E+05,  2.58476E+05,  3.21878E+05,  3.96108E+05,  4.81995E+05,  5.80266E+05,  6.91521E+05,  8.16219E+05,  9.54663E+05,  1.10699E+06,  1.27319E+06,  1.45305E+06,  1.64624E+06,  1.85225E+06,  2.07045E+06,  2.30008E+06,  2.54026E+06,  2.79005E+06,  3.04842E+06,  3.31429E+06,  3.58654E+06,  3.86404E+06,  4.14565E+06,  4.43025E+06,  4.71672E+06,  5.00401E+06,  5.29109E+06,  5.57698E+06,  5.86076E+06,  6.14158E+06,  6.41865E+06,  6.69124E+06,  6.95870E+06,  7.22045E+06,  7.47595E+06,  7.72476E+06,  7.96647E+06,  8.20077E+06,  8.42738E+06,  8.64607E+06,  8.85667E+06,  9.05907E+06,  9.25319E+06,  9.43898E+06,  9.61645E+06,  9.78562E+06,  9.94655E+06,  1.00993E+07,  1.02441E+07,  1.03809E+07,  1.05100E+07,  1.06315E+07,  1.07456E+07,  1.08525E+07,  1.09523E+07,  1.10453E+07,  1.11316E+07
  1.00000E+00,  1.00000E+00,  1.00000E+00,  1.00001E+00,  1.00008E+00,  1.00035E+00,  1.00112E+00,  1.00284E+00,  1.00612E+00,  1.01183E+00,  1.02134E+00,  1.03700E+00,  1.06304E+00,  1.10713E+00,  1.18326E+00,  1.31717E+00,  1.55644E+00,  1.98900E+00,  2.77722E+00,  4.21910E+00,  6.85661E+00,  1.16632E+01,  2.03601E+01,  3.59356E+01,  6.34722E+01,  1.11421E+02,  1.93498E+02,  3.31414E+02,  5.58639E+02,  9.25414E+02,  1.50515E+03,  2.40222E+03,  3.76110E+03,  5.77645E+03,  8.70369E+03,  1.28694E+04,  1.86804E+04,  2.66312E+04,  3.73080E+04,  5.13890E+04,  6.96404E+04,  9.29072E+04,  1.22100E+05,  1.58176E+05,  2.02118E+05,  2.54909E+05,  3.17505E+05,  3.90812E+05,  4.75654E+05,  5.72755E+05,  6.82715E+05,  8.05992E+05,  9.42895E+05,  1.09357E+06,  1.25799E+06,  1.43598E+06,  1.62721E+06,  1.83117E+06,  2.04725E+06,  2.27469E+06,  2.51265E+06,  2.76018E+06,  3.01625E+06,  3.27982E+06,  3.54976E+06,  3.82497E+06,  4.10430E+06,  4.38665E+06,  4.67092E+06,  4.95605E+06,  5.24101E+06,  5.52485E+06,  5.80664E+06,  6.08554E+06,  6.36076E+06,  6.63158E+06,  6.89734E+06,  7.15747E+06,  7.41143E+06,  7.65878E+06,  7.89912E+06,  8.13212E+06,  8.35750E+06,  8.57505E+06,  8.78459E+06,  8.98599E+06,  9.17919E+06,  9.36413E+06,  9.54082E+06,  9.70928E+06,  9.86956E+06,  1.00218E+07,  1.01660E+07,  1.03024E+07,  1.04310E+07,  1.05522E+07,  1.06659E+07,  1.07725E+07,  1.08721E+07,  1.09649E+07,  1.10511E+07
  1.00000E+00,  1.00000E+00,  1.00000E+00,  1.00001E+00,  1.00007E+00,  1.00034E+00,  1.00111E+00,  1.00282E+00,  1.00608E+00,  1.01175E+00,  1.02119E+00,  1.03674E+00,  1.06259E+00,  1.10630E+00,  1.18172E+00,  1.31429E+00,  1.55095E+00,  1.97848E+00,  2.75695E+00,  4.18003E+00,  6.78157E+00,  1.15200E+01,  2.00894E+01,  3.54306E+01,  6.25438E+01,  1.09743E+02,  1.90521E+02,  3.26234E+02,  5.49813E+02,  9.10694E+02,  1.48112E+03,  2.36385E+03,  3.70113E+03,  5.68471E+03,  8.56627E+03,  1.26677E+04,  1.83902E+04,  2.62218E+04,  3.67408E+04,  5.06172E+04,  6.86080E+04,  9.15488E+04,  1.20340E+05,  1.55930E+05,  1.99291E+05,  2.51398E+05,  3.13201E+05,  3.85597E+05,  4.69409E+05,  5.65356E+05,  6.74037E+05,  7.95913E+05,  9.31293E+05,  1.08033E+06,  1.24300E+06,  1.41915E+06,  1.60843E+06,  1.81037E+06,  2.02435E+06,  2.24964E+06,  2.48539E+06,  2.73067E+06,  2.98449E+06,  3.24577E+06,  3.51344E+06,  3.78637E+06,  4.06345E+06,  4.34357E+06,  4.62565E+06,  4.90864E+06,  5.19151E+06,  5.47331E+06,  5.75313E+06,  6.03012E+06,  6.30351E+06,  6.57256E+06,  6.83664E+06,  7.09516E+06,  7.34759E+06,  7.59349E+06,  7.83246E+06,  8.06417E+06,  8.28834E+06,  8.50475E+06,  8.71323E+06,  8.91365E+06,  9.10593E+06,  9.29003E+06,  9.46594E+06,  9.63369E+06,  9.79333E+06,  9.94494E+06,  1.00886E+07,  1.02245E+07,  1.03528E+07,  1.04735E+07,  1.05870E+07,  1.06933E+07,  1.07926E+07,  1.08853E+07,  1.09713E+07
  1.00000E+00,  1.00000E+00,  1.00000E+00,  1.00001E+00,  1.00007E+00,  1.00034E+00,  1.00110E+00,  1.00280E+00,  1.00604E+00,  1.01167E+00,  1.02105E+00,  1.03649E+00,  1.06214E+00,  1.10548E+00,  1.18020E+00,  1.31144E+00,  1.54553E+00,  1.96810E+00,  2.73698E+00,  4.14158E+00,  6.70775E+00,  1.13792E+01,  1.98235E+01,  3.49345E+01,  6.16320E+01,  1.08095E+02,  1.87598E+02,  3.21150E+02,  5.41151E+02,  8.96247E+02,  1.45754E+03,  2.32619E+03,  3.64227E+03,  5.59465E+03,  8.43134E+03,  1.24696E+04,  1.81053E+04,  2.58195E+04,  3.61835E+04,  4.98588E+04,  6.75932E+04,  9.02130E+04,  1.18609E+05,  1.53720E+05,  1.96509E+05,  2.47942E+05,  3.08963E+05,  3.80462E+05,  4.63258E+05,  5.58066E+05,  6.65486E+05,  7.85979E+05,  9.19857E+05,  1.06727E+06,  1.22823E+06,  1.40254E+06,  1.58990E+06,  1.78984E+06,  2.00175E+06,  2.22491E+06,  2.45848E+06,  2.70154E+06,  2.95311E+06,  3.21214E+06,  3.47755E+06,  3.74823E+06,  4.02308E+06,  4.30100E+06,  4.58091E+06,  4.86177E+06,  5.14256E+06,  5.42234E+06,  5.70021E+06,  5.97531E+06,  6.24688E+06,  6.51419E+06,  6.77659E+06,  7.03351E+06,  7.28443E+06,  7.52889E+06,  7.76650E+06,  7.99692E+06,  8.21989E+06,  8.43517E+06,  8.64259E+06,  8.84203E+06,  9.03341E+06,  9.21666E+06,  9.39180E+06,  9.55884E+06,  9.71783E+06,  9.86886E+06,  1.00120E+07,  1.01475E+07,  1.02753E+07,  1.03957E+07,  1.05088E+07,  1.06148E+07,  1.07140E+07,  1.08064E+07,  1.08923E+07
  1.00000E+00,  1.00000E+00,  1.00000E+00,  1.00001E+00,  1.00007E+00,  1.00034E+00,  1.00109E+00,  1.00278E+00,  1.00599E+00,  1.01159E+00,  1.02091E+00,  1.03624E+00,  1.06169E+00,  1.10467E+00,  1.17871E+00,  1.30863E+00,  1.54019E+00,  1.95787E+00,  2.71731E+00,  4.10373E+00,  6.63512E+00,  1.12407E+01,  1.95621E+01,  3.44471E+01,  6.07365E+01,  1.06477E+02,  1.84728E+02,  3.16160E+02,  5.32650E+02,  8.82068E+02,  1.43440E+03,  2.28922E+03,  3.58449E+03,  5.50624E+03,  8.29886E+03,  1.22752E+04,  1.78254E+04,  2.54244E+04,  3.56359E+04,  4.91133E+04,  6.65956E+04,  8.88996E+04,  1.16907E+05,  1.51545E+05,  1.93771E+05,  2.44541E+05,  3.04791E+05,  3.75406E+05,  4.57199E+05,  5.50885E+05,  6.57060E+05,  7.76188E+05,  9.08583E+05,  1.05440E+06,  1.21365E+06,  1.38616E+06,  1.57163E+06,  1.76959E+06,  1.97945E+06,  2.20049E+06,  2.43191E+06,  2.67278E+06,  2.92213E+06,  3.17892E+06,  3.44209E+06,  3.71055E+06,  3.98319E+06,  4.25892E+06,  4.53668E+06,  4.81543E+06,  5.09417E+06,  5.37195E+06,  5.64788E+06,  5.92111E+06,  6.19086E+06,  6.45644E+06,  6.71719E+06,  6.97252E+06,  7.22193E+06,  7.46496E+06,  7.70122E+06,  7.93037E+06,  8.15214E+06,  8.36630E+06,  8.57267E+06,  8.77114E+06,  8.96160E+06,  9.14403E+06,  9.31839E+06,  9.48473E+06,  9.64308E+06,  9.79353E+06,  9.93617E+06,  1.00711E+07,  1.01985E+07,  1.03186E+07,  1.04314E+07,  1.05371E+07,  1.06360E+07,  1.07283E+07,  1.08140E+07
  1.00000E+00,  1.00000E+00,  1.00000E+00,  1.00001E+00,  1.00007E+00,  1.00033E+00,  1.00108E+00,  1.00275E+00,  1.00595E+00,  1.01152E+00,  1.02077E+00,  1.03600E+00,  1.06125E+00,  1.10387E+00,  1.17723E+00,  1.30585E+00,  1.53492E+00,  1.94779E+00,  2.69794E+00,  4.06647E+00,  6.56368E+00,  1.11046E+01,  1.93053E+01,  3.39683E+01,  5.98570E+01,  1.04888E+02,  1.81911E+02,  3.11262E+02,  5.24305E+02,  8.68151E+02,  1.41168E+03,  2.25294E+03,  3.52777E+03,  5.41944E+03,  8.16878E+03,  1.20842E+04,  1.75504E+04,  2.50362E+04,  3.50978E+04,  4.83806E+04,  6.56148E+04,  8.76080E+04,  1.15232E+05,  1.49406E+05,  1.91077E+05,  2.41193E+05,  3.00683E+05,  3.70427E+05,  4.51232E+05,  5.43810E+05,  6.48758E+05,  7.66538E+05,  8.97468E+05,  1.04171E+06,  1.19927E+06,  1.37000E+06,  1.55359E+06,  1.74960E+06,  1.95743E+06,  2.17639E+06,  2.40567E+06,  2.64437E+06,  2.89153E+06,  3.14611E+06,  3.40707E+06,  3.67331E+06,  3.94376E+06,  4.21733E+06,  4.49296E+06,  4.76963E+06,  5.04633E+06,  5.32212E+06,  5.59612E+06,  5.86749E+06,  6.13546E+06,  6.39932E+06,  6.65842E+06,  6.91218E+06,  7.16009E+06,  7.40170E+06,  7.63662E+06,  7.86450E+06,  8.08508E+06,  8.29812E+06,  8.50346E+06,  8.70095E+06,  8.89052E+06,  9.07211E+06,  9.24571E+06,  9.41134E+06,  9.56905E+06,  9.71892E+06,  9.86104E+06,  9.99552E+06,  1.01225E+07,  1.02422E+07,  1.03547E+07,  1.04601E+07,  1.05588E+07,  1.06508E+07,  1.07365E+07
  1.00000E+00,  1.00000E+00,  1.00000E+00,  1.00001E+00,  1.00007E+00,  1.00033E+00,  1.00107E+00,  1.00273E+00,  1.00591E+00,  1.01144E+00,  1.02063E+00,  1.03575E+00,  1.06082E+00,  1.10308E+00,  1.17576E+00,  1.30311E+00,  1.52972E+00,  1.93785E+00,  2.67885E+00,  4.02978E+00,  6.49338E+00,  1.09708E+01,  1.90528E+01,  3.34978E+01,  5.89932E+01,  1.03328E+02,  1.79145E+02,  3.06453E+02,  5.16115E+02,  8.54492E+02,  1.38939E+03,  2.21732E+03,  3.47209E+03,  5.33422E+03,  8.04105E+03,  1.18966E+04,  1.72804E+04,  2.46547E+04,  3.45690E+04,  4.76604E+04,  6.46505E+04,  8.63379E+04,  1.13585E+05,  1.47302E+05,  1.88426E+05,  2.37898E+05,  2.96639E+05,  3.65523E+05,  4.45353E+05,  5.36839E+05,  6.40575E+05,  7.57026E+05,  8.86510E+05,  1.02920E+06,  1.18510E+06,  1.35406E+06,  1.53580E+06,  1.72987E+06,  1.93570E+06,  2.15260E+06,  2.37977E+06,  2.61632E+06,  2.86130E+06,  3.11370E+06,  3.37246E+06,  3.63652E+06,  3.90480E+06,  4.17623E+06,  4.44975E+06,  4.72434E+06,  4.99902E+06,  5.27285E+06,  5.54494E+06,  5.81447E+06,  6.08066E+06,  6.34281E+06,  6.60027E+06,  6.85248E+06,  7.09890E+06,  7.33910E+06,  7.57268E+06,  7.79931E+06,  8.01870E+06,  8.23064E+06,  8.43494E+06,  8.63147E+06,  8.82014E+06,  9.00090E+06,  9.17374E+06,  9.33867E+06,  9.49574E+06,  9.64503E+06,  9.78663E+06,  9.92065E+06,  1.00472E+07,  1.01665E+07,  1.02787E+07,  1.03839E+07,  1.04823E+07,  1.05742E+07,  1.06596E+07
  1.00000E+00,  1.00000E+00,  1.00000E+00,  1.00001E+00,  1.00007E+00,  1.00033E+00,  1.00106E+00,  1.00271E+00,  1.00587E+00,  1.01136E+00,  1.02050E+00,  1.03551E+00,  1.06038E+00,  1.10229E+00,  1.17432E+00,  1.30040E+00,  1.52460E+00,  1.92805E+00,  2.66005E+00,  3.99367E+00,  6.42422E+00,  1.08391E+01,  1.88046E+01,  3.30356E+01,  5.81447E+01,  1.01797E+02,  1.76430E+02,  3.01733E+02,  5.08075E+02,  8.41084E+02,  1.36750E+03,  2.18236E+03,  3.41742E+03,  5.25054E+03,  7.91561E+03,  1.17123E+04,  1.70151E+04,  2.42800E+04,  3.40493E+04,  4.69524E+04,  6.37025E+04,  8.50888E+04,  1.11965E+05,  1.45231E+05,  1.85817E+05,  2.34654E+05,  2.92657E+05,  3.60694E+05,  4.39563E+05,  5.29971E+05,  6.32512E+05,  7.47650E+05,  8.75707E+05,  1.01685E+06,  1.17111E+06,  1.33834E+06,  1.51825E+06,  1.71041E+06,  1.91426E+06,  2.12911E+06,  2.35419E+06,  2.58862E+06,  2.83145E+06,  3.08168E+06,  3.33827E+06,  3.60017E+06,  3.86630E+06,  4.13560E+06,  4.40703E+06,  4.67957E+06,  4.95225E+06,  5.22413E+06,  5.49433E+06,  5.76202E+06,  6.02645E+06,  6.28690E+06,  6.54275E+06,  6.79340E+06,  7.03836E+06,  7.27716E+06,  7.50941E+06,  7.73479E+06,  7.95301E+06,  8.16384E+06,  8.36710E+06,  8.56267E+06,  8.75045E+06,  8.93039E+06,  9.10247E+06,  9.26671E+06,  9.42315E+06,  9.57186E+06,  9.71293E+06,  9.84648E+06,  9.97265E+06,  1.00916E+07,  1.02034E+07,  1.03083E+07,  1.04065E+07,  1.04982E+07,  1.05835E+07
  1.00000E+00,  1.00000E+00,  1.00000E+00,  1.00001E+00,  1.00007E+00,  1.00032E+00,  1.00105E+00,  1.00269E+00,  1.00583E+00,  1.01129E+00,  1.02036E+00,  1.03527E+00,  1.05996E+00,  1.10152E+00,  1.17289E+00,  1.29773E+00,  1.51953E+00,  1.91839E+00,  2.64152E+00,  3.95811E+00,  6.35616E+00,  1.07097E+01,  1.85606E+01,  3.25813E+01,  5.73112E+01,  1.00292E+02,  1.73764E+02,  2.97098E+02,  5.00183E+02,  8.27922E+02,  1.34602E+03,  2.14804E+03,  3.36375E+03,  5.16838E+03,  7.79243E+03,  1.15314E+04,  1.67544E+04,  2.39117E+04,  3.35386E+04,  4.62565E+04,  6.27703E+04,  8.38604E+04,  1.10371E+05,  1.43194E+05,  1.83249E+05,  2.31461E+05,  2.88737E+05,  3.55938E+05,  4.33860E+05,  5.23204E+05,  6.24565E+05,  7.38408E+05,  8.65055E+05,  1.00468E+06,  1.15732E+06,  1.32282E+06,  1.50092E+06,  1.69120E+06,  1.89309E+06,  2.10593E+06,  2.32894E+06,  2.56126E+06,  2.80196E+06,  3.05005E+06,  3.30449E+06,  3.56424E+06,  3.82825E+06,  4.09544E+06,  4.36480E+06,  4.63531E+06,  4.90600E+06,  5.17595E+06,  5.44427E+06,  5.71015E+06,  5.97283E+06,  6.23160E+06,  6.48583E+06,  6.73495E+06,  6.97844E+06,  7.21585E+06,  7.44679E+06,  7.67092E+06,  7.88797E+06,  8.09771E+06,  8.29995E+06,  8.49457E+06,  8.68146E+06,  8.86058E+06,  9.03190E+06,  9.19545E+06,  9.35125E+06,  9.49939E+06,  9.63994E+06,  9.77303E+06,  9.89878E+06,  1.00173E+07,  1.01289E+07,  1.02335E+07,  1.03315E+07,  1.04229E+07,  1.05081E+07
  1.00000E+00,  1.00000E+00,  1.00000E+00,  1.00001E+00,  1.00007E+00,  1.00032E+00,  1.00104E+00,  1.00267E+00,  1.00579E+00,  1.01121E+00,  1.02023E+00,  1.03504E+00,  1.05953E+00,  1.10075E+00,  1.17148E+00,  1.29509E+00,  1.51454E+00,  1.90887E+00,  2.62327E+00,  3.92310E+00,  6.28919E+00,  1.05824E+01,  1.83208E+01,  3.21350E+01,  5.64924E+01,  9.88149E+01,  1.71146E+02,  2.92548E+02,  4.92434E+02,  8.15002E+02,  1.32493E+03,  2.11434E+03,  3.31105E+03,  5.08770E+03,  7.67145E+03,  1.13536E+04,  1.64984E+04,  2.35499E+04,  3.30366E+04,  4.55724E+04,  6.18538E+04,  8.26524E+04,  1.08803E+05,  1.41189E+05,  1.80722E+05,  2.28318E+05,  2.84877E+05,  3.51254E+05,  4.28241E+05,  5.16537E+05,  6.16734E+05,  7.29297E+05,  8.54554E+05,  9.92683E+05,  1.14371E+06,  1.30752E+06,  1.48383E+06,  1.67224E+06,  1.87219E+06,  2.08303E+06,  2.30400E+06,  2.53424E+06,  2.77283E+06,  3.01880E+06,  3.27111E+06,  3.52874E+06,  3.79064E+06,  4.05575E+06,  4.32306E+06,  4.59155E+06,  4.86028E+06,  5.12830E+06,  5.39476E+06,  5.65884E+06,  5.91979E+06,  6.17689E+06,  6.42952E+06,  6.67711E+06,  6.91915E+06,  7.15518E+06,  7.38481E+06,  7.60771E+06,  7.82360E+06,  8.03225E+06,  8.23347E+06,  8.42714E+06,  8.61315E+06,  8.79145E+06,  8.96202E+06,  9.12488E+06,  9.28005E+06,  9.42761E+06,  9.56765E+06,  9.70027E+06,  9.82561E+06,  9.94380E+06,  1.00550E+07,  1.01594E+07,  1.02571E+07,  1.03484E+07,  1.04334E+07
  1.00000E+00,  1.00000E+00,  1.00000E+00,  1.00001E+00,  1.00007E+00,  1.00032E+00,  1.00104E+00,  1.00265E+00,  1.00575E+00,  1.01114E+00,  1.02010E+00,  1.03480E+00,  1.05912E+00,  1.09999E+00,  1.17008E+00,  1.29248E+00,  1.50961E+00,  1.89948E+00,  2.60528E+00,  3.88863E+00,  6.22329E+00,  1.04571E+01,  1.80850E+01,  3.16964E+01,  5.56880E+01,  9.73638E+01,  1.68575E+02,  2.88081E+02,  4.84828E+02,  8.02317E+02,  1.30422E+03,  2.08126E+03,  3.25932E+03,  5.00848E+03,  7.55264E+03,  1.11790E+04,  1.62468E+04,  2.31943E+04,  3.25432E+04,  4.48999E+04,  6.09526E+04,  8.14642E+04,  1.07261E+05,  1.39217E+05,  1.78235E+05,  2.25224E+05,  2.81075E+05,  3.46641E+05,  4.22706E+05,  5.09967E+05,  6.09015E+05,  7.20316E+05,  8.44199E+05,  9.80847E+05,  1.13029E+06,  1.29242E+06,  1.46696E+06,  1.65352E+06,  1.85156E+06,  2.06043E+06,  2.27938E+06,  2.50756E+06,  2.74407E+06,  2.98793E+06,  3.23814E+06,  3.49366E+06,  3.75347E+06,  4.01652E+06,  4.28179E+06,  4.54829E+06,  4.81506E+06,  5.08118E+06,  5.34580E+06,  5.60809E+06,  5.86731E+06,  6.12276E+06,  6.37381E+06,  6.61988E+06,  6.86047E+06,  7.09513E+06,  7.32347E+06,  7.54514E+06,  7.75988E+06,  7.96744E+06,  8.16765E+06,  8.36037E+06,  8.54551E+06,  8.72300E+06,  8.89282E+06,  9.05499E+06,  9.20953E+06,  9.35652E+06,  9.49604E+06,  9.62820E+06,  9.75312E+06,  9.87095E+06,  9.98183E+06,  1.00859E+07,  1.01834E+07,  1.02745E+07,  1.03593E+07
  1.00000E+00,  1.00000E+00,  1.00000E+00,  1.00001E+00,  1.00007E+00,  1.00031E+00,  1.00103E+00,  1.00263E+00,  1.00571E+00,  1.01106E+00,  1.01996E+00,  1.03457E+00,  1.05870E+00,  1.09925E+00,  1.16870E+00,  1.28991E+00,  1.50475E+00,  1.89022E+00,  2.58756E+00,  3.85469E+00,  6.15844E+00,  1.03340E+01,  1.78532E+01,  3.12653E+01,  5.48977E+01,  9.59386E+01,  1.66050E+02,  2.83695E+02,  4.77359E+02,  7.89864E+02,  1.28389E+03,  2.04878E+03,  3.20851E+03,  4.93068E+03,  7.43595E+03,  1.10075E+04,  1.59997E+04,  2.28449E+04,  3.20583E+04,  4.42388E+04,  6.00664E+04,  8.02956E+04,  1.05744E+05,  1.37276E+05,  1.75787E+05,  2.22177E+05,  2.77332E+05,  3.42097E+05,  4.17253E+05,  5.03493E+05,  6.01408E+05,  7.11463E+05,  8.33989E+05,  9.69174E+05,  1.11706E+06,  1.27752E+06,  1.45032E+06,  1.63505E+06,  1.83120E+06,  2.03812E+06,  2.25506E+06,  2.48121E+06,  2.71565E+06,  2.95743E+06,  3.20555E+06,  3.45900E+06,  3.71673E+06,  3.97774E+06,  4.24099E+06,  4.50551E+06,  4.77034E+06,  5.03459E+06,  5.29737E+06,  5.55789E+06,  5.81540E+06,  6.06921E+06,  6.31868E+06,  6.56325E+06,  6.80241E+06,  7.03571E+06,  7.26275E+06,  7.48321E+06,  7.69680E+06,  7.90328E+06,  8.10249E+06,  8.29427E+06,  8.47853E+06,  8.65522E+06,  8.82429E+06,  8.98578E+06,  9.13970E+06,  9.28612E+06,  9.42512E+06,  9.55682E+06,  9.68133E+06,  9.79879E+06,  9.90935E+06,  1.00132E+07,  1.01104E+07,  1.02013E+07,  1.02860E+07
  1.00000E+00,  1.00000E+00,  1.00000E+00,  1.00001E+00,  1.00007E+00,  1.00031E+00,  1.00102E+00,  1.00261E+00,  1.00567E+00,  1.01099E+00,  1.01983E+00,  1.03434E+00,  1.05829E+00,  1.09850E+00,  1.16734E+00,  1.28737E+00,  1.49996E+00,  1.88109E+00,  2.57010E+00,  3.82126E+00,  6.09461E+00,  1.02128E+01,  1.76253E+01,  3.08416E+01,  5.41213E+01,  9.45387E+01,  1.63571E+02,  2.79388E+02,  4.70027E+02,  7.77638E+02,  1.26393E+03,  2.01688E+03,  3.15862E+03,  4.85427E+03,  7.32133E+03,  1.08390E+04,  1.57568E+04,  2.25016E+04,  3.15817E+04,  4.35888E+04,  5.91949E+04,  7.91461E+04,  1.04251E+05,  1.35366E+05,  1.73377E+05,  2.19178E+05,  2.73647E+05,  3.37622E+05,  4.11881E+05,  4.97114E+05,  5.93910E+05,  7.02735E+05,  8.23922E+05,  9.57662E+05,  1.10400E+06,  1.26283E+06,  1.43390E+06,  1.61683E+06,  1.81110E+06,  2.01608E+06,  2.23105E+06,  2.45518E+06,  2.68758E+06,  2.92730E+06,  3.17335E+06,  3.42474E+06,  3.68043E+06,  3.93940E+06,  4.20065E+06,  4.46321E+06,  4.72613E+06,  4.98850E+06,  5.24947E+06,  5.50824E+06,  5.76405E+06,  6.01623E+06,  6.26414E+06,  6.50721E+06,  6.74495E+06,  6.97689E+06,  7.20266E+06,  7.42190E+06,  7.63435E+06,  7.83977E+06,  8.03797E+06,  8.22882E+06,  8.41222E+06,  8.58809E+06,  8.75643E+06,  8.91723E+06,  9.07053E+06,  9.21638E+06,  9.35487E+06,  9.48611E+06,  9.61020E+06,  9.72730E+06,  9.83754E+06,  9.94109E+06,  1.00381E+07,  1.01288E+07,  1.02133E+07
  1.00000E+00,  1.00000E+00,  1.00000E+00,  1.00001E+00,  1.00007E+00,  1.00031E+00,  1.00101E+00,  1.00259E+00,  1.00563E+00,  1.01092E+00,  1.01971E+00,  1.03411E+00,  1.05789E+00,  1.09777E+00,  1.16599E+00,  1.28486E+00,  1.49522E+00,  1.87208E+00,  2.55290E+00,  3.78834E+00,  6.03179E+00,  1.00936E+01,  1.74012E+01,  3.04252E+01,  5.33584E+01,  9.31635E+01,  1.61136E+02,  2.75159E+02,  4.62827E+02,  7.65633E+02,  1.24433E+03,  1.98557E+03,  3.10963E+03,  4.77923E+03,  7.20875E+03,  1.06735E+04,  1.55182E+04,  2.21641E+04,  3.11132E+04,  4.29497E+04,  5.83380E+04,  7.80155E+04,  1.02782E+05,  1.33487E+05,  1.71006E+05,  2.16225E+05,  2.70017E+05,  3.33214E+05,  4.06588E+05,  4.90828E+05,  5.86520E+05,  6.94131E+05,  8.13995E+05,  9.46308E+05,  1.09112E+06,  1.24832E+06,  1.41769E+06,  1.59883E+06,  1.79125E+06,  1.99433E+06,  2.20734E+06,  2.42947E+06,  2.65985E+06,  2.89753E+06,  3.14154E+06,  3.39088E+06,  3.64454E+06,  3.90150E+06,  4.16078E+06,  4.42139E+06,  4.68241E+06,  4.94292E+06,  5.20209E+06,  5.45912E+06,  5.71325E+06,  5.96381E+06,  6.21017E+06,  6.45176E+06,  6.68808E+06,  6.91868E+06,  7.14317E+06,  7.36122E+06,  7.57253E+06,  7.77689E+06,  7.97410E+06,  8.16402E+06,  8.34655E+06,  8.52163E+06,  8.68922E+06,  8.84935E+06,  9.00202E+06,  9.14731E+06,  9.28529E+06,  9.41606E+06,  9.53975E+06,  9.65648E+06,  9.76640E+06,  9.86967E+06,  9.96646E+06,  1.00569E+07,  1.01413E+07
  1.00000E+00,  1.00000E+00,  1.00000E+00,  1.00001E+00,  1.00007E+00,  1.00031E+00,  1.00100E+00,  1.00257E+00,  1.00559E+00,  1.01084E+00,  1.01958E+00,  1.03389E+00,  1.05748E+00,  1.09704E+00,  1.16466E+00,  1.28238E+00,  1.49055E+00,  1.86320E+00,  2.53594E+00,  3.75592E+00,  5.96996E+00,  9.97637E+00,  1.71809E+01,  3.00159E+01,  5.26088E+01,  9.18126E+01,  1.58745E+02,  2.71005E+02,  4.55757E+02,  7.53845E+02,  1.22509E+03,  1.95482E+03,  3.06152E+03,  4.70553E+03,  7.09816E+03,  1.05109E+04,  1.52838E+04,  2.18325E+04,  3.06526E+04,  4.23214E+04,  5.74952E+04,  7.69034E+04,  1.01338E+05,  1.31637E+05,  1.68671E+05,  2.13318E+05,  2.66443E+05,  3.28872E+05,  4.01373E+05,  4.84633E+05,  5.79235E+05,  6.85648E+05,  8.04206E+05,  9.35109E+05,  1.07841E+06,  1.23402E+06,  1.40169E+06,  1.58108E+06,  1.77166E+06,  1.97285E+06,  2.18392E+06,  2.40408E+06,  2.63245E+06,  2.86811E+06,  3.11010E+06,  3.35742E+06,  3.60907E+06,  3.86404E+06,  4.12135E+06,  4.38004E+06,  4.63917E+06,  4.89785E+06,  5.15523E+06,  5.41053E+06,  5.66299E+06,  5.91194E+06,  6.15676E+06,  6.39688E+06,  6.63180E+06,  6.86107E+06,  7.08429E+06,  7.30114E+06,  7.51133E+06,  7.71463E+06,  7.91085E+06,  8.09985E+06,  8.28152E+06,  8.45580E+06,  8.62267E+06,  8.78211E+06,  8.93417E+06,  9.07889E+06,  9.21636E+06,  9.34668E+06,  9.46995E+06,  9.58632E+06,  9.69592E+06,  9.79892E+06,  9.89547E+06,  9.98575E+06,  1.00699E+07
  1.00000E+00,  1.00000E+00,  1.00000E+00,  1.00001E+00,  1.00006E+00,  1.00030E+00,  1.00099E+00,  1.00255E+00,  1.00555E+00,  1.01077E+00,  1.01945E+00,  1.03366E+00,  1.05709E+00,  1.09633E+00,  1.16335E+00,  1.27993E+00,  1.48594E+00,  1.85445E+00,  2.51923E+00,  3.72399E+00,  5.90910E+00,  9.86103E+00,  1.69642E+01,  2.96136E+01,  5.18722E+01,  9.04855E+01,  1.56396E+02,  2.66926E+02,  4.48814E+02,  7.42270E+02,  1.20620E+03,  1.92462E+03,  3.01428E+03,  4.63315E+03,  6.98953E+03,  1.03511E+04,  1.50534E+04,  2.15065E+04,  3.01999E+04,  4.17036E+04,  5.66663E+04,  7.58094E+04,  9.99159E+04,  1.29817E+05,  1.66373E+05,  2.10456E+05,  2.62922E+05,  3.24595E+05,  3.96236E+05,  4.78528E+05,  5.72055E+05,  6.77284E+05,  7.94553E+05,  9.24064E+05,  1.06587E+06,  1.21990E+06,  1.38591E+06,  1.56355E+06,  1.75232E+06,  1.95164E+06,  2.16080E+06,  2.37900E+06,  2.60539E+06,  2.83905E+06,  3.07903E+06,  3.32435E+06,  3.57400E+06,  3.82701E+06,  4.08237E+06,  4.33915E+06,  4.59641E+06,  4.85327E+06,  5.10888E+06,  5.36246E+06,  5.61327E+06,  5.86063E+06,  6.10392E+06,  6.34258E+06,  6.57610E+06,  6.80404E+06,  7.02601E+06,  7.24168E+06,  7.45075E+06,  7.65300E+06,  7.84823E+06,  8.03631E+06,  8.21713E+06,  8.39062E+06,  8.55675E+06,  8.71552E+06,  8.86696E+06,  9.01113E+06,  9.14809E+06,  9.27795E+06,  9.40081E+06,  9.51681E+06,  9.62609E+06,  9.72881E+06,  9.82513E+06,  9.91521E+06,  9.99924E+06
  1.00000E+00,  1.00000E+00,  1.00000E+00,  1.00001E+00,  1.00006E+00,  1.00030E+00,  1.00098E+00,  1.00253E+00,  1.00551E+00,  1.01070E+00,  1.01932E+00,  1.03344E+00,  1.05669E+00,  1.09562E+00,  1.16204E+00,  1.27751E+00,  1.48139E+00,  1.84581E+00,  2.50276E+00,  3.69255E+00,  5.84919E+00,  9.74754E+00,  1.67511E+01,  2.92181E+01,  5.11483E+01,  8.91817E+01,  1.54089E+02,  2.62920E+02,  4.41996E+02,  7.30903E+02,  1.18764E+03,  1.89496E+03,  2.96787E+03,  4.56205E+03,  6.88281E+03,  1.01941E+04,  1.48270E+04,  2.11861E+04,  2.97548E+04,  4.10961E+04,  5.58512E+04,  7.47332E+04,  9.85170E+04,  1.28025E+05,  1.64111E+05,  2.07638E+05,  2.59456E+05,  3.20381E+05,  3.91173E+05,  4.72511E+05,  5.64977E+05,  6.69038E+05,  7.85034E+05,  9.13169E+05,  1.05351E+06,  1.20597E+06,  1.37033E+06,  1.54624E+06,  1.73323E+06,  1.93070E+06,  2.13796E+06,  2.35422E+06,  2.57865E+06,  2.81034E+06,  3.04834E+06,  3.29167E+06,  3.53935E+06,  3.79039E+06,  4.04383E+06,  4.29872E+06,  4.55412E+06,  4.80917E+06,  5.06303E+06,  5.31491E+06,  5.56407E+06,  5.80985E+06,  6.05163E+06,  6.28884E+06,  6.52098E+06,  6.74760E+06,  6.96832E+06,  7.18281E+06,  7.39077E+06,  7.59197E+06,  7.78623E+06,  7.97339E+06,  8.15336E+06,  8.32606E+06,  8.49147E+06,  8.64957E+06,  8.80040E+06,  8.94400E+06,  9.08046E+06,  9.20986E+06,  9.33231E+06,  9.44795E+06,  9.55691E+06,  9.65935E+06,  9.75543E+06,  9.84531E+06,  9.92918E+06
  1.00000E+00,  1.00000E+00,  1.00000E+00,  1.00001E+00,  1.00006E+00,  1.00030E+00,  1.00098E+00,  1.00251E+00,  1.00547E+00,  1.01063E+00,  1.01920E+00,  1.03322E+00,  1.05630E+00,  1.09491E+00,  1.16076E+00,  1.27512E+00,  1.47689E+00,  1.83729E+00,  2.48652E+00,  3.66157E+00,  5.79021E+00,  9.63589E+00,  1.65415E+01,  2.88293E+01,  5.04369E+01,  8.79007E+01,  1.51822E+02,  2.58986E+02,  4.35300E+02,  7.19740E+02,  1.16942E+03,  1.86584E+03,  2.92230E+03,  4.49221E+03,  6.77797E+03,  1.00399E+04,  1.46045E+04,  2.08713E+04,  2.93172E+04,  4.04987E+04,  5.50494E+04,  7.36745E+04,  9.71406E+04,  1.26262E+05,  1.61884E+05,  2.04862E+05,  2.56041E+05,  3.16231E+05,  3.86185E+05,  4.66582E+05,  5.58000E+05,  6.60908E+05,  7.75647E+05,  9.02424E+05,  1.04131E+06,  1.19222E+06,  1.35495E+06,  1.52916E+06,  1.71438E+06,  1.91002E+06,  2.11540E+06,  2.32975E+06,  2.55224E+06,  2.78197E+06,  3.01800E+06,  3.25936E+06,  3.50509E+06,  3.75420E+06,  4.00573E+06,  4.25873E+06,  4.51230E+06,  4.76556E+06,  5.01767E+06,  5.26786E+06,  5.51540E+06,  5.75961E+06,  5.99988E+06,  6.23565E+06,  6.46641E+06,  6.69173E+06,  6.91122E+06,  7.12453E+06,  7.33139E+06,  7.53155E+06,  7.72483E+06,  7.91109E+06,  8.09021E+06,  8.26213E+06,  8.42681E+06,  8.58425E+06,  8.73446E+06,  8.87751E+06,  9.01346E+06,  9.14240E+06,  9.26445E+06,  9.37973E+06,  9.48837E+06,  9.59053E+06,  9.68637E+06,  9.77605E+06,  9.85975E+06
  1.00000E+00,  1.00000E+00,  1.00000E+00,  1.00001E+00,  1.00006E+00,  1.00029E+00,  1.00097E+00,  1.00249E+00,  1.00543E+00,  1.01056E+00,  1.01908E+00,  1.03300E+00,  1.05592E+00,  1.09422E+00,  1.15949E+00,  1.27276E+00,  1.47246E+00,  1.82889E+00,  2.47052E+00,  3.63106E+00,  5.73215E+00,  9.52602E+00,  1.63354E+01,  2.84470E+01,  4.97378E+01,  8.66420E+01,  1.49596E+02,  2.55121E+02,  4.28724E+02,  7.08778E+02,  1.15152E+03,  1.83723E+03,  2.87753E+03,  4.42360E+03,  6.67497E+03,  9.88836E+03,  1.43859E+04,  2.05617E+04,  2.88870E+04,  3.99113E+04,  5.42609E+04,  7.26330E+04,  9.57862E+04,  1.24527E+05,  1.59692E+05,  2.02130E+05,  2.52678E+05,  3.12142E+05,  3.81270E+05,  4.60738E+05,  5.51122E+05,  6.52892E+05,  7.66389E+05,  8.91824E+05,  1.02927E+06,  1.17866E+06,  1.33978E+06,  1.51230E+06,  1.69577E+06,  1.88960E+06,  2.09312E+06,  2.30558E+06,  2.52615E+06,  2.75394E+06,  2.98802E+06,  3.22743E+06,  3.47122E+06,  3.71842E+06,  3.96805E+06,  4.21920E+06,  4.47094E+06,  4.72242E+06,  4.97281E+06,  5.22132E+06,  5.46724E+06,  5.70990E+06,  5.94867E+06,  6.18301E+06,  6.41241E+06,  6.63643E+06,  6.85469E+06,  7.06683E+06,  7.27259E+06,  7.47173E+06,  7.66404E+06,  7.84940E+06,  8.02768E+06,  8.19881E+06,  8.36277E+06,  8.51954E+06,  8.66915E+06,  8.81164E+06,  8.94709E+06,  9.07558E+06,  9.19722E+06,  9.31213E+06,  9.42046E+06,  9.52234E+06,  9.61794E+06,  9.70742E+06,  9.79095E+06
  1.00000E+00,  1.00000E+00,  1.00000E+00,  1.00001E+00,  1.00006E+00,  1.00029E+00,  1.00096E+00,  1.00248E+00,  1.00540E+00,  1.01049E+00,  1.01895E+00,  1.03279E+00,  1.05553E+00,  1.09353E+00,  1.15823E+00,  1.27043E+00,  1.46808E+00,  1.82060E+00,  2.45475E+00,  3.60100E+00,  5.67499E+00,  9.41792E+00,  1.61327E+01,  2.80712E+01,  4.90506E+01,  8.54053E+01,  1.47409E+02,  2.51325E+02,  4.22265E+02,  6.98011E+02,  1.13394E+03,  1.80914E+03,  2.83356E+03,  4.35621E+03,  6.57378E+03,  9.73944E+03,  1.41710E+04,  2.02575E+04,  2.84641E+04,  3.93337E+04,  5.34852E+04,  7.16083E+04,  9.44534E+04,  1.22819E+05,  1.57534E+05,  1.99439E+05,  2.49366E+05,  3.08114E+05,  3.76427E+05,  4.54978E+05,  5.44342E+05,  6.44988E+05,  7.57258E+05,  8.81368E+05,  1.01739E+06,  1.16527E+06,  1.32480E+06,  1.49566E+06,  1.67739E+06,  1.86943E+06,  2.07112E+06,  2.28170E+06,  2.50037E+06,  2.72624E+06,  2.95839E+06,  3.19588E+06,  3.43775E+06,  3.68304E+06,  3.93080E+06,  4.18010E+06,  4.43004E+06,  4.67975E+06,  4.92843E+06,  5.17528E+06,  5.41960E+06,  5.66071E+06,  5.89800E+06,  6.13092E+06,  6.35896E+06,  6.58169E+06,  6.79872E+06,  7.00972E+06,  7.21438E+06,  7.41249E+06,  7.60385E+06,  7.78830E+06,  7.96575E+06,  8.13611E+06,  8.29935E+06,  8.45546E+06,  8.60446E+06,  8.74640E+06,  8.88134E+06,  9.00938E+06,  9.13061E+06,  9.24516E+06,  9.35317E+06,  9.45477E+06,  9.55013E+06,  9.63941E+06,  9.72278E+06
  1.00000E+00,  1.00000E+00,  1.00000E+00,  1.00001E+00,  1.00006E+00,  1.00029E+00,  1.00095E+00,  1.00246E+00,  1.00536E+00,  1.01042E+00,  1.01883E+00,  1.03257E+00,  1.05515E+00,  1.09285E+00,  1.15699E+00,  1.26812E+00,  1.46376E+00,  1.81242E+00,  2.43920E+00,  3.57139E+00,  5.61871E+00,  9.31154E+00,  1.59333E+01,  2.77017E+01,  4.83752E+01,  8.41901E+01,  1.45260E+02,  2.47597E+02,  4.15921E+02,  6.87436E+02,  1.11668E+03,  1.78154E+03,  2.79037E+03,  4.29000E+03,  6.47435E+03,  9.59310E+03,  1.39598E+04,  1.99584E+04,  2.80482E+04,  3.87656E+04,  5.27223E+04,  7.06002E+04,  9.31418E+04,  1.21138E+05,  1.55409E+05,  1.96789E+05,  2.46103E+05,  3.04145E+05,  3.71655E+05,  4.49301E+05,  5.37658E+05,  6.37194E+05,  7.48254E+05,  8.71054E+05,  1.00568E+06,  1.15206E+06,  1.31002E+06,  1.47923E+06,  1.65925E+06,  1.84952E+06,  2.04939E+06,  2.25812E+06,  2.47490E+06,  2.69886E+06,  2.92911E+06,  3.16469E+06,  3.40465E+06,  3.64806E+06,  3.89396E+06,  4.14143E+06,  4.38958E+06,  4.63755E+06,  4.88452E+06,  5.12973E+06,  5.37245E+06,  5.61203E+06,  5.84785E+06,  6.07936E+06,  6.30606E+06,  6.52751E+06,  6.74333E+06,  6.95317E+06,  7.15675E+06,  7.35384E+06,  7.54424E+06,  7.72780E+06,  7.90441E+06,  8.07400E+06,  8.23653E+06,  8.39198E+06,  8.54038E+06,  8.68176E+06,  8.81621E+06,  8.94379E+06,  9.06462E+06,  9.17881E+06,  9.28649E+06,  9.38782E+06,  9.48294E+06,  9.57202E+06,  9.65522E+06
  1.00000E+00,  1.00000E+00,  1.00000E+00,  1.00001E+00,  1.00006E+00,  1.00028E+00,  1.00094E+00,  1.00244E+00,  1.00532E+00,  1.01036E+00,  1.01871E+00,  1.03236E+00,  1.05478E+00,  1.09218E+00,  1.15576E+00,  1.26585E+00,  1.45949E+00,  1.80436E+00,  2.42387E+00,  3.54222E+00,  5.56330E+00,  9.20685E+00,  1.57372E+01,  2.73384E+01,  4.77113E+01,  8.29959E+01,  1.43149E+02,  2.43934E+02,  4.09690E+02,  6.77049E+02,  1.09972E+03,  1.75444E+03,  2.74794E+03,  4.22495E+03,  6.37666E+03,  9.44930E+03,  1.37522E+04,  1.96643E+04,  2.76393E+04,  3.82069E+04,  5.19718E+04,  6.96083E+04,  9.18511E+04,  1.19483E+05,  1.53317E+05,  1.94180E+05,  2.42890E+05,  3.00235E+05,  3.66952E+05,  4.43705E+05,  5.31068E+05,  6.29508E+05,  7.39372E+05,  8.60879E+05,  9.94114E+05,  1.13902E+06,  1.29543E+06,  1.46301E+06,  1.64133E+06,  1.82985E+06,  2.02792E+06,  2.23482E+06,  2.44973E+06,  2.67182E+06,  2.90017E+06,  3.13385E+06,  3.37194E+06,  3.61348E+06,  3.85754E+06,  4.10319E+06,  4.34957E+06,  4.59580E+06,  4.84109E+06,  5.08466E+06,  5.32581E+06,  5.56386E+06,  5.79822E+06,  6.02833E+06,  6.25369E+06,  6.47387E+06,  6.68848E+06,  6.89718E+06,  7.09969E+06,  7.29576E+06,  7.48521E+06,  7.66788E+06,  7.84367E+06,  8.01249E+06,  8.17430E+06,  8.32910E+06,  8.47690E+06,  8.61773E+06,  8.75168E+06,  8.87881E+06,  8.99923E+06,  9.11306E+06,  9.22043E+06,  9.32148E+06,  9.41636E+06,  9.50523E+06,  9.58826E+06
  1.00000E+00,  1.00000E+00,  1.00000E+00,  1.00001E+00,  1.00006E+00,  1.00028E+00,  1.00093E+00,  1.00242E+00,  1.00529E+00,  1.01029E+00,  1.01859E+00,  1.03215E+00,  1.05441E+00,  1.09151E+00,  1.15454E+00,  1.26360E+00,  1.45528E+00,  1.79640E+00,  2.40876E+00,  3.51348E+00,  5.50874E+00,  9.10383E+00,  1.55443E+01,  2.69812E+01,  4.70588E+01,  8.18223E+01,  1.41075E+02,  2.40335E+02,  4.03569E+02,  6.66846E+02,  1.08307E+03,  1.72781E+03,  2.70626E+03,  4.16105E+03,  6.28067E+03,  9.30797E+03,  1.35481E+04,  1.93753E+04,  2.72373E+04,  3.76575E+04,  5.12336E+04,  6.86324E+04,  9.05808E+04,  1.17854E+05,  1.51257E+05,  1.91610E+05,  2.39724E+05,  2.96383E+05,  3.62318E+05,  4.38190E+05,  5.24572E+05,  6.21930E+05,  7.30613E+05,  8.50842E+05,  9.82707E+05,  1.12616E+06,  1.28102E+06,  1.44699E+06,  1.62364E+06,  1.81043E+06,  2.00672E+06,  2.21180E+06,  2.42487E+06,  2.64509E+06,  2.87156E+06,  3.10338E+06,  3.33960E+06,  3.57929E+06,  3.82152E+06,  4.06538E+06,  4.30999E+06,  4.55451E+06,  4.79812E+06,  5.04007E+06,  5.27965E+06,  5.51619E+06,  5.74910E+06,  5.97782E+06,  6.20186E+06,  6.42078E+06,  6.63419E+06,  6.84175E+06,  7.04319E+06,  7.23826E+06,  7.42676E+06,  7.60855E+06,  7.78351E+06,  7.95156E+06,  8.11267E+06,  8.26682E+06,  8.41401E+06,  8.55430E+06,  8.68775E+06,  8.81443E+06,  8.93445E+06,  9.04792E+06,  9.15497E+06,  9.25574E+06,  9.35038E+06,  9.43905E+06,  9.52191E+06
  1.00000E+00,  1.00000E+00,  1.00000E+00,  1.00001E+00,  1.00006E+00,  1.00028E+00,  1.00093E+00,  1.00240E+00,  1.00525E+00,  1.01022E+00,  1.01847E+00,  1.03194E+00,  1.05404E+00,  1.09085E+00,  1.15334E+00,  1.26138E+00,  1.45112E+00,  1.78855E+00,  2.39387E+00,  3.48516E+00,  5.45502E+00,  9.00243E+00,  1.53545E+01,  2.66299E+01,  4.64172E+01,  8.06689E+01,  1.39036E+02,  2.36800E+02,  3.97556E+02,  6.56824E+02,  1.06671E+03,  1.70166E+03,  2.66531E+03,  4.09826E+03,  6.18634E+03,  9.16908E+03,  1.33476E+04,  1.90911E+04,  2.68419E+04,  3.71171E+04,  5.05074E+04,  6.76721E+04,  8.93307E+04,  1.16250E+05,  1.49229E+05,  1.89079E+05,  2.36606E+05,  2.92587E+05,  3.57750E+05,  4.32753E+05,  5.18166E+05,  6.14456E+05,  7.21973E+05,  8.40940E+05,  9.71451E+05,  1.11346E+06,  1.26681E+06,  1.43118E+06,  1.60617E+06,  1.79125E+06,  1.98578E+06,  2.18906E+06,  2.40030E+06,  2.61867E+06,  2.84329E+06,  3.07325E+06,  3.30762E+06,  3.54548E+06,  3.78590E+06,  4.02798E+06,  4.27085E+06,  4.51366E+06,  4.75561E+06,  4.99596E+06,  5.23398E+06,  5.46902E+06,  5.70049E+06,  5.92783E+06,  6.15055E+06,  6.36822E+06,  6.58043E+06,  6.78687E+06,  6.98724E+06,  7.18131E+06,  7.36887E+06,  7.54978E+06,  7.72393E+06,  7.89122E+06,  8.05162E+06,  8.20512E+06,  8.35172E+06,  8.49146E+06,  8.62441E+06,  8.75065E+06,  8.87026E+06,  8.98337E+06,  9.09011E+06,  9.19060E+06,  9.28500E+06,  9.37346E+06,  9.45615E+06
  1.00000E+00,  1.00000E+00,  1.00000E+00,  1.00001E+00,  1.00006E+00,  1.00028E+00,  1.00092E+00,  1.00238E+00,  1.00521E+00,  1.01016E+00,  1.01836E+00,  1.03174E+00,  1.05368E+00,  1.09020E+00,  1.15215E+00,  1.25918E+00,  1.44702E+00,  1.78081E+00,  2.37918E+00,  3.45726E+00,  5.40212E+00,  8.90263E+00,  1.51678E+01,  2.62844E+01,  4.57866E+01,  7.95353E+01,  1.37034E+02,  2.33326E+02,  3.91648E+02,  6.46979E+02,  1.05064E+03,  1.67596E+03,  2.62508E+03,  4.03657E+03,  6.09365E+03,  9.03257E+03,  1.31504E+04,  1.88117E+04,  2.64531E+04,  3.65856E+04,  4.97929E+04,  6.67273E+04,  8.81003E+04,  1.14671E+05,  1.47232E+05,  1.86587E+05,  2.33535E+05,  2.88848E+05,  3.53249E+05,  4.27394E+05,  5.11851E+05,  6.07087E+05,  7.13451E+05,  8.31172E+05,  9.60344E+05,  1.10093E+06,  1.25278E+06,  1.41558E+06,  1.58892E+06,  1.77230E+06,  1.96509E+06,  2.16659E+06,  2.37603E+06,  2.59257E+06,  2.81536E+06,  3.04347E+06,  3.27601E+06,  3.51205E+06,  3.75068E+06,  3.99099E+06,  4.23213E+06,  4.47325E+06,  4.71356E+06,  4.95231E+06,  5.18878E+06,  5.42234E+06,  5.65238E+06,  5.87835E+06,  6.09976E+06,  6.31618E+06,  6.52722E+06,  6.73254E+06,  6.93185E+06,  7.12492E+06,  7.31155E+06,  7.49159E+06,  7.66491E+06,  7.83145E+06,  7.99115E+06,  8.14400E+06,  8.29001E+06,  8.42921E+06,  8.56166E+06,  8.68745E+06,  8.80666E+06,  8.91941E+06,  9.02583E+06,  9.12605E+06,  9.22021E+06,  9.30847E+06,  9.39098E+06
  1.00000E+00,  1.00000E+00,  1.00000E+00,  1.00001E+00,  1.00006E+00,  1.00027E+00,  1.00091E+00,  1.00237E+00,  1.00518E+00,  1.01009E+00,  1.01824E+00,  1.03153E+00,  1.05332E+00,  1.08955E+00,  1.15098E+00,  1.25701E+00,  1.44297E+00,  1.77317E+00,  2.36470E+00,  3.42977E+00,  5.35002E+00,  8.80441E+00,  1.49841E+01,  2.59447E+01,  4.51666E+01,  7.84211E+01,  1.35066E+02,  2.29914E+02,  3.85845E+02,  6.37307E+02,  1.03485E+03,  1.65072E+03,  2.58556E+03,  3.97595E+03,  6.00256E+03,  8.89840E+03,  1.29566E+04,  1.85370E+04,  2.60708E+04,  3.60628E+04,  4.90901E+04,  6.57975E+04,  8.68894E+04,  1.13117E+05,  1.45265E+05,  1.84132E+05,  2.30509E+05,  2.85163E+05,  3.48813E+05,  4.22111E+05,  5.05625E+05,  5.99819E+05,  7.05045E+05,  8.21534E+05,  9.49385E+05,  1.08857E+06,  1.23892E+06,  1.40017E+06,  1.57189E+06,  1.75359E+06,  1.94466E+06,  2.14439E+06,  2.35204E+06,  2.56678E+06,  2.78774E+06,  3.01404E+06,  3.24476E+06,  3.47900E+06,  3.71585E+06,  3.95441E+06,  4.19383E+06,  4.43328E+06,  4.67195E+06,  4.90912E+06,  5.14406E+06,  5.37614E+06,  5.60476E+06,  5.82938E+06,  6.04949E+06,  6.26467E+06,  6.47453E+06,  6.67874E+06,  6.87700E+06,  7.06908E+06,  7.25478E+06,  7.43395E+06,  7.60646E+06,  7.77225E+06,  7.93125E+06,  8.08345E+06,  8.22887E+06,  8.36753E+06,  8.49949E+06,  8.62483E+06,  8.74365E+06,  8.85604E+06,  8.96214E+06,  9.06207E+06,  9.15599E+06,  9.24405E+06,  9.32640E+06
  1.00000E+00,  1.00000E+00,  1.00000E+00,  1.00001E+00,  1.00006E+00,  1.00027E+00,  1.00090E+00,  1.00235E+00,  1.00514E+00,  1.01002E+00,  1.01812E+00,  1.03133E+00,  1.05296E+00,  1.08891E+00,  1.14982E+00,  1.25487E+00,  1.43896E+00,  1.76563E+00,  2.35042E+00,  3.40267E+00,  5.29871E+00,  8.70772E+00,  1.48034E+01,  2.56106E+01,  4.45570E+01,  7.73260E+01,  1.33131E+02,  2.26560E+02,  3.80143E+02,  6.27805E+02,  1.01933E+03,  1.62592E+03,  2.54672E+03,  3.91638E+03,  5.91304E+03,  8.76652E+03,  1.27661E+04,  1.82669E+04,  2.56948E+04,  3.55486E+04,  4.83986E+04,  6.48826E+04,  8.56975E+04,  1.11587E+05,  1.43329E+05,  1.81714E+05,  2.27528E+05,  2.81532E+05,  3.44441E+05,  4.16904E+05,  4.99485E+05,  5.92651E+05,  6.96754E+05,  8.12026E+05,  9.38570E+05,  1.07636E+06,  1.22525E+06,  1.38495E+06,  1.55507E+06,  1.73511E+06,  1.92447E+06,  2.12246E+06,  2.32834E+06,  2.54128E+06,  2.76044E+06,  2.98494E+06,  3.21386E+06,  3.44632E+06,  3.68140E+06,  3.91823E+06,  4.15595E+06,  4.39373E+06,  4.63079E+06,  4.86638E+06,  5.09981E+06,  5.33042E+06,  5.55763E+06,  5.78090E+06,  5.99972E+06,  6.21367E+06,  6.42237E+06,  6.62547E+06,  6.82269E+06,  7.01378E+06,  7.19856E+06,  7.37686E+06,  7.54857E+06,  7.71361E+06,  7.87191E+06,  8.02348E+06,  8.16830E+06,  8.30642E+06,  8.43790E+06,  8.56279E+06,  8.68120E+06,  8.79324E+06,  8.89902E+06,  8.99868E+06,  9.09236E+06,  9.18021E+06,  9.26238E+06
  1.00000E+00,  1.00000E+00,  1.00000E+00,  1.00001E+00,  1.00006E+00,  1.00027E+00,  1.00090E+00,  1.00233E+00,  1.00511E+00,  1.00996E+00,  1.01801E+00,  1.03113E+00,  1.05261E+00,  1.08828E+00,  1.14867E+00,  1.25275E+00,  1.43501E+00,  1.75819E+00,  2.33634E+00,  3.37598E+00,  5.24817E+00,  8.61254E+00,  1.46256E+01,  2.52819E+01,  4.39576E+01,  7.62495E+01,  1.31231E+02,  2.23265E+02,  3.74540E+02,  6.18469E+02,  1.00409E+03,  1.60155E+03,  2.50856E+03,  3.85785E+03,  5.82506E+03,  8.63690E+03,  1.25788E+04,  1.80013E+04,  2.53251E+04,  3.50428E+04,  4.77182E+04,  6.39822E+04,  8.45243E+04,  1.10081E+05,  1.41423E+05,  1.79332E+05,  2.24591E+05,  2.77954E+05,  3.40132E+05,  4.11770E+05,  4.93432E+05,  5.85582E+05,  6.88575E+05,  8.02645E+05,  9.27898E+05,  1.06432E+06,  1.21175E+06,  1.36993E+06,  1.53846E+06,  1.71686E+06,  1.90453E+06,  2.10080E+06,  2.30492E+06,  2.51609E+06,  2.73346E+06,  2.95617E+06,  3.18331E+06,  3.41400E+06,  3.64734E+06,  3.88244E+06,  4.11848E+06,  4.35461E+06,  4.59006E+06,  4.82410E+06,  5.05601E+06,  5.28518E+06,  5.51099E+06,  5.73291E+06,  5.95046E+06,  6.16319E+06,  6.37072E+06,  6.57272E+06,  6.76890E+06,  6.95902E+06,  7.14288E+06,  7.32032E+06,  7.49123E+06,  7.65552E+06,  7.81314E+06,  7.96406E+06,  8.10830E+06,  8.24588E+06,  8.37686E+06,  8.50132E+06,  8.61933E+06,  8.73101E+06,  8.83647E+06,  8.93586E+06,  9.02929E+06,  9.11693E+06,  9.19894E+06
  1.00000E+00,  1.00000E+00,  1.00000E+00,  1.00001E+00,  1.00006E+00,  1.00027E+00,  1.00089E+00,  1.00231E+00,  1.00507E+00,  1.00990E+00,  1.01790E+00,  1.03093E+00,  1.05226E+00,  1.08766E+00,  1.14753E+00,  1.25066E+00,  1.43111E+00,  1.75084E+00,  2.32245E+00,  3.34967E+00,  5.19840E+00,  8.51885E+00,  1.44506E+01,  2.49587E+01,  4.33683E+01,  7.51914E+01,  1.29363E+02,  2.20027E+02,  3.69035E+02,  6.09296E+02,  9.89119E+02,  1.57761E+03,  2.47107E+03,  3.80033E+03,  5.73859E+03,  8.50948E+03,  1.23946E+04,  1.77402E+04,  2.49614E+04,  3.45452E+04,  4.70488E+04,  6.30961E+04,  8.33695E+04,  1.08598E+05,  1.39545E+05,  1.76987E+05,  2.21698E+05,  2.74428E+05,  3.35885E+05,  4.06709E+05,  4.87463E+05,  5.78610E+05,  6.80507E+05,  7.93389E+05,  9.17367E+05,  1.05243E+06,  1.19842E+06,  1.35509E+06,  1.52206E+06,  1.69883E+06,  1.88483E+06,  2.07939E+06,  2.28177E+06,  2.49119E+06,  2.70679E+06,  2.92773E+06,  3.15311E+06,  3.38204E+06,  3.61365E+06,  3.84705E+06,  4.08141E+06,  4.31591E+06,  4.54977E+06,  4.78225E+06,  5.01268E+06,  5.24040E+06,  5.46482E+06,  5.68541E+06,  5.90168E+06,  6.11320E+06,  6.31958E+06,  6.52049E+06,  6.71564E+06,  6.90479E+06,  7.08774E+06,  7.26432E+06,  7.43443E+06,  7.59798E+06,  7.75491E+06,  7.90520E+06,  8.04885E+06,  8.18590E+06,  8.31639E+06,  8.44040E+06,  8.55802E+06,  8.66934E+06,  8.77449E+06,  8.87359E+06,  8.96679E+06,  9.05422E+06,  9.13605E+06
  1.00000E+00,  1.00000E+00,  1.00000E+00,  1.00001E+00,  1.00005E+00,  1.00026E+00,  1.00088E+00,  1.00230E+00,  1.00504E+00,  1.00983E+00,  1.01778E+00,  1.03073E+00,  1.05191E+00,  1.08704E+00,  1.14641E+00,  1.24859E+00,  1.42725E+00,  1.74360E+00,  2.30876E+00,  3.32374E+00,  5.14938E+00,  8.42661E+00,  1.42784E+01,  2.46407E+01,  4.27888E+01,  7.41511E+01,  1.27527E+02,  2.16845E+02,  3.63626E+02,  6.00284E+02,  9.74406E+02,  1.55408E+03,  2.43422E+03,  3.74380E+03,  5.65360E+03,  8.38423E+03,  1.22136E+04,  1.74834E+04,  2.46038E+04,  3.40557E+04,  4.63902E+04,  6.22241E+04,  8.22327E+04,  1.07138E+05,  1.37696E+05,  1.74676E+05,  2.18847E+05,  2.70954E+05,  3.31698E+05,  4.01719E+05,  4.81577E+05,  5.71734E+05,  6.72548E+05,  7.84256E+05,  9.06974E+05,  1.04069E+06,  1.18527E+06,  1.34045E+06,  1.50586E+06,  1.68103E+06,  1.86537E+06,  2.05824E+06,  2.25890E+06,  2.46658E+06,  2.68043E+06,  2.89961E+06,  3.12325E+06,  3.35044E+06,  3.58033E+06,  3.81204E+06,  4.04474E+06,  4.27762E+06,  4.50990E+06,  4.74085E+06,  4.96979E+06,  5.19607E+06,  5.41912E+06,  5.63839E+06,  5.85340E+06,  6.06372E+06,  6.26895E+06,  6.46878E+06,  6.66290E+06,  6.85108E+06,  7.03312E+06,  7.20886E+06,  7.37818E+06,  7.54098E+06,  7.69723E+06,  7.84688E+06,  7.98995E+06,  8.12647E+06,  8.25648E+06,  8.38005E+06,  8.49726E+06,  8.60823E+06,  8.71306E+06,  8.81189E+06,  8.90484E+06,  8.99207E+06,  9.07373E+06
  1.00000E+00,  1.00000E+00,  1.00000E+00,  1.00001E+00,  1.00005E+00,  1.00026E+00,  1.00087E+00,  1.00228E+00,  1.00500E+00,  1.00977E+00,  1.01767E+00,  1.03054E+00,  1.05156E+00,  1.08642E+00,  1.14530E+00,  1.24654E+00,  1.42345E+00,  1.73645E+00,  2.29526E+00,  3.29819E+00,  5.10109E+00,  8.33580E+00,  1.41090E+01,  2.43280E+01,  4.22189E+01,  7.31284E+01,  1.25722E+02,  2.13718E+02,  3.58311E+02,  5.91427E+02,  9.59949E+02,  1.53096E+03,  2.39801E+03,  3.68824E+03,  5.57007E+03,  8.26110E+03,  1.20356E+04,  1.72308E+04,  2.42520E+04,  3.35742E+04,  4.57421E+04,  6.13659E+04,  8.11137E+04,  1.05701E+05,  1.35875E+05,  1.72400E+05,  2.16039E+05,  2.67530E+05,  3.27572E+05,  3.96800E+05,  4.75773E+05,  5.64952E+05,  6.64697E+05,  7.75245E+05,  8.96717E+05,  1.02910E+06,  1.17228E+06,  1.32599E+06,  1.48986E+06,  1.66344E+06,  1.84615E+06,  2.03734E+06,  2.23630E+06,  2.44225E+06,  2.65437E+06,  2.87182E+06,  3.09372E+06,  3.31919E+06,  3.54738E+06,  3.77741E+06,  4.00847E+06,  4.23973E+06,  4.47045E+06,  4.69988E+06,  4.92734E+06,  5.15221E+06,  5.37389E+06,  5.59185E+06,  5.80560E+06,  6.01472E+06,  6.21882E+06,  6.41757E+06,  6.61067E+06,  6.79789E+06,  6.97903E+06,  7.15392E+06,  7.32245E+06,  7.48452E+06,  7.64008E+06,  7.78911E+06,  7.93160E+06,  8.06759E+06,  8.19711E+06,  8.32024E+06,  8.43706E+06,  8.54767E+06,  8.65219E+06,  8.75074E+06,  8.84345E+06,  8.93047E+06,  9.01195E+06
  1.00000E+00,  1.00000E+00,  1.00000E+00,  1.00001E+00,  1.00005E+00,  1.00026E+00,  1.00087E+00,  1.00226E+00,  1.00497E+00,  1.00971E+00,  1.01756E+00,  1.03035E+00,  1.05122E+00,  1.08582E+00,  1.14420E+00,  1.24452E+00,  1.41969E+00,  1.72940E+00,  2.28194E+00,  3.27300E+00,  5.05352E+00,  8.24640E+00,  1.39423E+01,  2.40203E+01,  4.16585E+01,  7.21230E+01,  1.23948E+02,  2.10645E+02,  3.53088E+02,  5.82725E+02,  9.45743E+02,  1.50825E+03,  2.36243E+03,  3.63364E+03,  5.48796E+03,  8.14005E+03,  1.18606E+04,  1.69825E+04,  2.39059E+04,  3.31005E+04,  4.51044E+04,  6.05213E+04,  8.00122E+04,  1.04285E+05,  1.34081E+05,  1.70158E+05,  2.13272E+05,  2.64156E+05,  3.23504E+05,  3.91950E+05,  4.70049E+05,  5.58263E+05,  6.56951E+05,  7.66354E+05,  8.86594E+05,  1.01767E+06,  1.15945E+06,  1.31171E+06,  1.47406E+06,  1.64607E+06,  1.82715E+06,  2.01669E+06,  2.21397E+06,  2.41821E+06,  2.62862E+06,  2.84434E+06,  3.06452E+06,  3.28829E+06,  3.51479E+06,  3.74316E+06,  3.97258E+06,  4.20226E+06,  4.43141E+06,  4.65933E+06,  4.88534E+06,  5.10879E+06,  5.32911E+06,  5.54577E+06,  5.75828E+06,  5.96621E+06,  6.16918E+06,  6.36686E+06,  6.55895E+06,  6.74521E+06,  6.92545E+06,  7.09951E+06,  7.26725E+06,  7.42859E+06,  7.58347E+06,  7.73187E+06,  7.87379E+06,  8.00924E+06,  8.13828E+06,  8.26097E+06,  8.37740E+06,  8.48766E+06,  8.59186E+06,  8.69013E+06,  8.78260E+06,  8.86941E+06,  8.95072E+06
  1.00000E+00,  1.00000E+00,  1.00000E+00,  1.00001E+00,  1.00005E+00,  1.00026E+00,  1.00086E+00,  1.00225E+00,  1.00494E+00,  1.00964E+00,  1.01745E+00,  1.03015E+00,  1.05089E+00,  1.08522E+00,  1.14311E+00,  1.24253E+00,  1.41598E+00,  1.72243E+00,  2.26881E+00,  3.24817E+00,  5.00666E+00,  8.15837E+00,  1.37782E+01,  2.37176E+01,  4.11074E+01,  7.11344E+01,  1.22204E+02,  2.07624E+02,  3.47954E+02,  5.74173E+02,  9.31783E+02,  1.48592E+03,  2.32746E+03,  3.57997E+03,  5.40724E+03,  8.02105E+03,  1.16885E+04,  1.67383E+04,  2.35656E+04,  3.26344E+04,  4.44769E+04,  5.96900E+04,  7.89278E+04,  1.02891E+05,  1.32315E+05,  1.67950E+05,  2.10545E+05,  2.60831E+05,  3.19495E+05,  3.87168E+05,  4.64405E+05,  5.51666E+05,  6.49309E+05,  7.57581E+05,  8.76604E+05,  1.00638E+06,  1.14679E+06,  1.29760E+06,  1.45846E+06,  1.62890E+06,  1.80839E+06,  1.99629E+06,  2.19189E+06,  2.39445E+06,  2.60315E+06,  2.81717E+06,  3.03565E+06,  3.25773E+06,  3.48255E+06,  3.70928E+06,  3.93708E+06,  4.16517E+06,  4.39279E+06,  4.61921E+06,  4.84376E+06,  5.06582E+06,  5.28479E+06,  5.50016E+06,  5.71143E+06,  5.91818E+06,  6.12003E+06,  6.31664E+06,  6.50772E+06,  6.69304E+06,  6.87239E+06,  7.04561E+06,  7.21257E+06,  7.37318E+06,  7.52739E+06,  7.67516E+06,  7.81650E+06,  7.95143E+06,  8.07999E+06,  8.20224E+06,  8.31828E+06,  8.42818E+06,  8.53207E+06,  8.63006E+06,  8.72229E+06,  8.80889E+06,  8.89002E+06
  1.00000E+00,  1.00000E+00,  1.00000E+00,  1.00001E+00,  1.00005E+00,  1.00025E+00,  1.00085E+00,  1.00223E+00,  1.00490E+00,  1.00958E+00,  1.01734E+00,  1.02996E+00,  1.05055E+00,  1.08462E+00,  1.14203E+00,  1.24055E+00,  1.41231E+00,  1.71556E+00,  2.25585E+00,  3.22370E+00,  4.96050E+00,  8.07169E+00,  1.36167E+01,  2.34198E+01,  4.05654E+01,  7.01624E+01,  1.20490E+02,  2.04656E+02,  3.42910E+02,  5.65769E+02,  9.18064E+02,  1.46398E+03,  2.29309E+03,  3.52722E+03,  5.32790E+03,  7.90405E+03,  1.15192E+04,  1.64981E+04,  2.32308E+04,  3.21759E+04,  4.38594E+04,  5.88717E+04,  7.78602E+04,  1.01519E+05,  1.30575E+05,  1.65774E+05,  2.07859E+05,  2.57553E+05,  3.15543E+05,  3.82454E+05,  4.58838E+05,  5.45158E+05,  6.41770E+05,  7.48923E+05,  8.66744E+05,  9.95239E+05,  1.13430E+06,  1.28368E+06,  1.44305E+06,  1.61195E+06,  1.78985E+06,  1.97613E+06,  2.17008E+06,  2.37096E+06,  2.57798E+06,  2.79031E+06,  3.00710E+06,  3.22750E+06,  3.45067E+06,  3.67576E+06,  3.90197E+06,  4.12849E+06,  4.35457E+06,  4.57951E+06,  4.80262E+06,  5.02328E+06,  5.24092E+06,  5.45500E+06,  5.66505E+06,  5.87062E+06,  6.07136E+06,  6.26691E+06,  6.45700E+06,  6.64137E+06,  6.81983E+06,  6.99222E+06,  7.15840E+06,  7.31829E+06,  7.47182E+06,  7.61898E+06,  7.75975E+06,  7.89415E+06,  8.02223E+06,  8.14405E+06,  8.25968E+06,  8.36924E+06,  8.47281E+06,  8.57052E+06,  8.66251E+06,  8.74891E+06,  8.82986E+06
  1.00000E+00,  1.00000E+00,  1.00000E+00,  1.00001E+00,  1.00005E+00,  1.00025E+00,  1.00085E+00,  1.00221E+00,  1.00487E+00,  1.00952E+00,  1.01723E+00,  1.02978E+00,  1.05022E+00,  1.08403E+00,  1.14097E+00,  1.23860E+00,  1.40869E+00,  1.70877E+00,  2.24307E+00,  3.19958E+00,  4.91502E+00,  7.98634E+00,  1.34577E+01,  2.31268E+01,  4.00322E+01,  6.92067E+01,  1.18805E+02,  2.01737E+02,  3.37951E+02,  5.57509E+02,  9.04581E+02,  1.44242E+03,  2.25931E+03,  3.47537E+03,  5.24990E+03,  7.78902E+03,  1.13528E+04,  1.62618E+04,  2.29015E+04,  3.17247E+04,  4.32517E+04,  5.80663E+04,  7.68092E+04,  1.00168E+05,  1.28862E+05,  1.63631E+05,  2.05212E+05,  2.54323E+05,  3.11647E+05,  3.77805E+05,  4.53349E+05,  5.38738E+05,  6.34333E+05,  7.40380E+05,  8.57012E+05,  9.84240E+05,  1.12195E+06,  1.26993E+06,  1.42782E+06,  1.59521E+06,  1.77154E+06,  1.95620E+06,  2.14852E+06,  2.34774E+06,  2.55309E+06,  2.76375E+06,  2.97887E+06,  3.19761E+06,  3.41914E+06,  3.64261E+06,  3.86722E+06,  4.09219E+06,  4.31675E+06,  4.54021E+06,  4.76190E+06,  4.98118E+06,  5.19749E+06,  5.41030E+06,  5.61912E+06,  5.82354E+06,  6.02316E+06,  6.21766E+06,  6.40676E+06,  6.59019E+06,  6.76777E+06,  6.93933E+06,  7.10474E+06,  7.26391E+06,  7.41678E+06,  7.56331E+06,  7.70351E+06,  7.83739E+06,  7.96499E+06,  8.08637E+06,  8.20162E+06,  8.31082E+06,  8.41408E+06,  8.51152E+06,  8.60326E+06,  8.68945E+06,  8.77022E+06
  1.00000E+00,  1.00000E+00,  1.00000E+00,  1.00001E+00,  1.00005E+00,  1.00025E+00,  1.00084E+00,  1.00220E+00,  1.00484E+00,  1.00946E+00,  1.01713E+00,  1.02959E+00,  1.04989E+00,  1.08345E+00,  1.13992E+00,  1.23667E+00,  1.40511E+00,  1.70208E+00,  2.23047E+00,  3.17580E+00,  4.87022E+00,  7.90230E+00,  1.33013E+01,  2.28386E+01,  3.95079E+01,  6.82669E+01,  1.17148E+02,  1.98869E+02,  3.33078E+02,  5.49392E+02,  8.91330E+02,  1.42123E+03,  2.22611E+03,  3.42440E+03,  5.17322E+03,  7.67591E+03,  1.11892E+04,  1.60295E+04,  2.25775E+04,  3.12808E+04,  4.26537E+04,  5.72736E+04,  7.57744E+04,  9.88367E+04,  1.27174E+05,  1.61519E+05,  2.02603E+05,  2.51140E+05,  3.07806E+05,  3.73222E+05,  4.47935E+05,  5.32406E+05,  6.26994E+05,  7.31950E+05,  8.47407E+05,  9.73381E+05,  1.10977E+06,  1.25635E+06,  1.41279E+06,  1.57866E+06,  1.75344E+06,  1.93651E+06,  2.12721E+06,  2.32480E+06,  2.52849E+06,  2.73749E+06,  2.95095E+06,  3.16805E+06,  3.38795E+06,  3.60982E+06,  3.83285E+06,  4.05627E+06,  4.27933E+06,  4.50133E+06,  4.72159E+06,  4.93951E+06,  5.15450E+06,  5.36604E+06,  5.57365E+06,  5.77691E+06,  5.97544E+06,  6.16890E+06,  6.35700E+06,  6.53950E+06,  6.71621E+06,  6.88694E+06,  7.05158E+06,  7.21003E+06,  7.36224E+06,  7.50816E+06,  7.64779E+06,  7.78114E+06,  7.90827E+06,  8.02922E+06,  8.14407E+06,  8.25292E+06,  8.35587E+06,  8.45303E+06,  8.54453E+06,  8.63051E+06,  8.71111E+06
  1.00000E+00,  1.00000E+00,  1.00000E+00,  1.00001E+00,  1.00005E+00,  1.00025E+00,  1.00083E+00,  1.00218E+00,  1.00480E+00,  1.00940E+00,  1.01702E+00,  1.02940E+00,  1.04957E+00,  1.08287E+00,  1.13888E+00,  1.23477E+00,  1.40158E+00,  1.69547E+00,  2.21803E+00,  3.15235E+00,  4.82607E+00,  7.81953E+00,  1.31473E+01,  2.25550E+01,  3.89921E+01,  6.73428E+01,  1.15520E+02,  1.96049E+02,  3.28288E+02,  5.41413E+02,  8.78307E+02,  1.40040E+03,  2.19347E+03,  3.37429E+03,  5.09783E+03,  7.56470E+03,  1.10283E+04,  1.58009E+04,  2.22588E+04,  3.08440E+04,  4.20651E+04,  5.64932E+04,  7.47556E+04,  9.75261E+04,  1.25512E+05,  1.59439E+05,  2.00033E+05,  2.48002E+05,  3.04019E+05,  3.68702E+05,  4.42595E+05,  5.26159E+05,  6.19754E+05,  7.23631E+05,  8.37927E+05,  9.62662E+05,  1.09774E+06,  1.24294E+06,  1.39794E+06,  1.56232E+06,  1.73556E+06,  1.91706E+06,  2.10615E+06,  2.30211E+06,  2.50417E+06,  2.71152E+06,  2.92335E+06,  3.13882E+06,  3.35710E+06,  3.57737E+06,  3.79884E+06,  4.02073E+06,  4.24230E+06,  4.46284E+06,  4.68170E+06,  4.89826E+06,  5.11194E+06,  5.32222E+06,  5.52863E+06,  5.73074E+06,  5.92818E+06,  6.12060E+06,  6.30772E+06,  6.48930E+06,  6.66513E+06,  6.83504E+06,  6.99892E+06,  7.15666E+06,  7.30820E+06,  7.45351E+06,  7.59257E+06,  7.72541E+06,  7.85206E+06,  7.97258E+06,  8.08704E+06,  8.19554E+06,  8.29817E+06,  8.39506E+06,  8.48632E+06,  8.57209E+06,  8.65251E+06
  1.00000E+00,  1.00000E+00,  1.00000E+00,  1.00001E+00,  1.00005E+00,  1.00024E+00,  1.00082E+00,  1.00216E+00,  1.00477E+00,  1.00934E+00,  1.01692E+00,  1.02922E+00,  1.04925E+00,  1.08230E+00,  1.13785E+00,  1.23288E+00,  1.39809E+00,  1.68894E+00,  2.20577E+00,  3.12924E+00,  4.78257E+00,  7.73802E+00,  1.29957E+01,  2.22759E+01,  3.84847E+01,  6.64339E+01,  1.13918E+02,  1.93277E+02,  3.23579E+02,  5.33571E+02,  8.65506E+02,  1.37993E+03,  2.16139E+03,  3.32504E+03,  5.02372E+03,  7.45535E+03,  1.08700E+04,  1.55762E+04,  2.19452E+04,  3.04143E+04,  4.14859E+04,  5.57250E+04,  7.37525E+04,  9.62354E+04,  1.23875E+05,  1.57389E+05,  1.97500E+05,  2.44909E+05,  3.00286E+05,  3.64245E+05,  4.37329E+05,  5.19997E+05,  6.12610E+05,  7.15420E+05,  8.28569E+05,  9.52079E+05,  1.08586E+06,  1.22969E+06,  1.38327E+06,  1.54617E+06,  1.71789E+06,  1.89783E+06,  2.08534E+06,  2.27969E+06,  2.48012E+06,  2.68585E+06,  2.89605E+06,  3.10990E+06,  3.32658E+06,  3.54528E+06,  3.76519E+06,  3.98557E+06,  4.20565E+06,  4.42476E+06,  4.64222E+06,  4.85743E+06,  5.06981E+06,  5.27884E+06,  5.48406E+06,  5.68503E+06,  5.88138E+06,  6.07277E+06,  6.25891E+06,  6.43957E+06,  6.61453E+06,  6.78364E+06,  6.94675E+06,  7.10378E+06,  7.25466E+06,  7.39936E+06,  7.53786E+06,  7.67018E+06,  7.79636E+06,  7.91645E+06,  8.03052E+06,  8.13867E+06,  8.24099E+06,  8.33760E+06,  8.42862E+06,  8.51417E+06,  8.59441E+06
  1.00000E+00,  1.00000E+00,  1.00000E+00,  1.00001E+00,  1.00005E+00,  1.00024E+00,  1.00082E+00,  1.00215E+00,  1.00474E+00,  1.00928E+00,  1.01681E+00,  1.02904E+00,  1.04893E+00,  1.08174E+00,  1.13683E+00,  1.23102E+00,  1.39464E+00,  1.68250E+00,  2.19366E+00,  3.10645E+00,  4.73971E+00,  7.65774E+00,  1.28464E+01,  2.20012E+01,  3.79856E+01,  6.55401E+01,  1.12344E+02,  1.90552E+02,  3.18951E+02,  5.25863E+02,  8.52924E+02,  1.35980E+03,  2.12986E+03,  3.27662E+03,  4.95084E+03,  7.34782E+03,  1.07144E+04,  1.53550E+04,  2.16367E+04,  2.99914E+04,  4.09158E+04,  5.49688E+04,  7.27648E+04,  9.49643E+04,  1.22262E+05,  1.55370E+05,  1.95003E+05,  2.41861E+05,  2.96606E+05,  3.59850E+05,  4.32135E+05,  5.13918E+05,  6.05561E+05,  7.07318E+05,  8.19332E+05,  9.41631E+05,  1.07413E+06,  1.21661E+06,  1.36878E+06,  1.53022E+06,  1.70043E+06,  1.87883E+06,  2.06476E+06,  2.25752E+06,  2.45635E+06,  2.66046E+06,  2.86905E+06,  3.08130E+06,  3.29640E+06,  3.51353E+06,  3.73191E+06,  3.95077E+06,  4.16939E+06,  4.38706E+06,  4.60314E+06,  4.81701E+06,  5.02810E+06,  5.23590E+06,  5.43992E+06,  5.63976E+06,  5.83503E+06,  6.02539E+06,  6.21057E+06,  6.39031E+06,  6.56441E+06,  6.73271E+06,  6.89507E+06,  7.05139E+06,  7.20162E+06,  7.34570E+06,  7.48365E+06,  7.61545E+06,  7.74116E+06,  7.86082E+06,  7.97450E+06,  8.08230E+06,  8.18431E+06,  8.28064E+06,  8.37142E+06,  8.45677E+06,  8.53683E+06
  1.00000E+00,  1.00000E+00,  1.00000E+00,  1.00001E+00,  1.00005E+00,  1.00024E+00,  1.00081E+00,  1.00213E+00,  1.00471E+00,  1.00922E+00,  1.01671E+00,  1.02886E+00,  1.04861E+00,  1.08118E+00,  1.13582E+00,  1.22918E+00,  1.39123E+00,  1.67614E+00,  2.18173E+00,  3.08399E+00,  4.69747E+00,  7.57868E+00,  1.26995E+01,  2.17309E+01,  3.74946E+01,  6.46611E+01,  1.10795E+02,  1.87873E+02,  3.14401E+02,  5.18285E+02,  8.40555E+02,  1.34002E+03,  2.09886E+03,  3.22901E+03,  4.87919E+03,  7.24207E+03,  1.05613E+04,  1.51375E+04,  2.13332E+04,  2.95752E+04,  4.03547E+04,  5.42243E+04,  7.17922E+04,  9.37124E+04,  1.20673E+05,  1.53380E+05,  1.92543E+05,  2.38856E+05,  2.92978E+05,  3.55516E+05,  4.27012E+05,  5.07921E+05,  5.98606E+05,  6.99322E+05,  8.10215E+05,  9.31316E+05,  1.06254E+06,  1.20369E+06,  1.35447E+06,  1.51447E+06,  1.68319E+06,  1.86006E+06,  2.04443E+06,  2.23561E+06,  2.43284E+06,  2.63536E+06,  2.84235E+06,  3.05302E+06,  3.26654E+06,  3.48211E+06,  3.69897E+06,  3.91634E+06,  4.13350E+06,  4.34975E+06,  4.56446E+06,  4.77699E+06,  4.98681E+06,  5.19337E+06,  5.39622E+06,  5.59494E+06,  5.78913E+06,  5.97848E+06,  6.16269E+06,  6.34152E+06,  6.51477E+06,  6.68226E+06,  6.84386E+06,  6.99948E+06,  7.14906E+06,  7.29254E+06,  7.42992E+06,  7.56122E+06,  7.68645E+06,  7.80569E+06,  7.91898E+06,  8.02643E+06,  8.12813E+06,  8.22418E+06,  8.31472E+06,  8.39986E+06,  8.47974E+06
  1.00000E+00,  1.00000E+00,  1.00000E+00,  1.00001E+00,  1.00005E+00,  1.00024E+00,  1.00080E+00,  1.00212E+00,  1.00468E+00,  1.00917E+00,  1.01661E+00,  1.02868E+00,  1.04830E+00,  1.08062E+00,  1.13482E+00,  1.22736E+00,  1.38787E+00,  1.66987E+00,  2.16995E+00,  3.06183E+00,  4.65585E+00,  7.50080E+00,  1.25549E+01,  2.14650E+01,  3.70116E+01,  6.37965E+01,  1.09273E+02,  1.85238E+02,  3.09928E+02,  5.10837E+02,  8.28397E+02,  1.32058E+03,  2.06838E+03,  3.18221E+03,  4.80874E+03,  7.13808E+03,  1.04107E+04,  1.49236E+04,  2.10346E+04,  2.91656E+04,  3.98024E+04,  5.34914E+04,  7.08346E+04,  9.24795E+04,  1.19108E+05,  1.51419E+05,  1.90119E+05,  2.35894E+05,  2.89400E+05,  3.51243E+05,  4.21959E+05,  5.02005E+05,  5.91742E+05,  6.91430E+05,  8.01215E+05,  9.21132E+05,  1.05110E+06,  1.19094E+06,  1.34033E+06,  1.49890E+06,  1.66614E+06,  1.84150E+06,  2.02433E+06,  2.21395E+06,  2.40961E+06,  2.61054E+06,  2.81595E+06,  3.02504E+06,  3.23700E+06,  3.45104E+06,  3.66638E+06,  3.88227E+06,  4.09798E+06,  4.31283E+06,  4.52617E+06,  4.73739E+06,  4.94593E+06,  5.15127E+06,  5.35295E+06,  5.55055E+06,  5.74368E+06,  5.93201E+06,  6.11527E+06,  6.29319E+06,  6.46559E+06,  6.63228E+06,  6.79313E+06,  6.94806E+06,  7.09698E+06,  7.23986E+06,  7.37669E+06,  7.50747E+06,  7.63224E+06,  7.75104E+06,  7.86396E+06,  7.97106E+06,  8.07244E+06,  8.16822E+06,  8.25851E+06,  8.34344E+06,  8.42315E+06
  1.00000E+00,  1.00000E+00,  1.00000E+00,  1.00001E+00,  1.00005E+00,  1.00024E+00,  1.00080E+00,  1.00210E+00,  1.00465E+00,  1.00911E+00,  1.01650E+00,  1.02850E+00,  1.04799E+00,  1.08007E+00,  1.13384E+00,  1.22556E+00,  1.38454E+00,  1.66367E+00,  2.15833E+00,  3.03999E+00,  4.61483E+00,  7.42410E+00,  1.24125E+01,  2.12032E+01,  3.65364E+01,  6.29461E+01,  1.07775E+02,  1.82648E+02,  3.05530E+02,  5.03514E+02,  8.16445E+02,  1.30146E+03,  2.03842E+03,  3.13619E+03,  4.73946E+03,  7.03582E+03,  1.02626E+04,  1.47131E+04,  2.07408E+04,  2.87626E+04,  3.92587E+04,  5.27699E+04,  6.98916E+04,  9.12651E+04,  1.17566E+05,  1.49488E+05,  1.87729E+05,  2.32974E+05,  2.85873E+05,  3.47028E+05,  4.16975E+05,  4.96168E+05,  5.84970E+05,  6.83641E+05,  7.92330E+05,  9.11077E+05,  1.03981E+06,  1.17833E+06,  1.32637E+06,  1.48352E+06,  1.64930E+06,  1.82316E+06,  2.00446E+06,  2.19253E+06,  2.38663E+06,  2.58599E+06,  2.78984E+06,  2.99736E+06,  3.20778E+06,  3.42029E+06,  3.63413E+06,  3.84855E+06,  4.06283E+06,  4.27628E+06,  4.48827E+06,  4.69818E+06,  4.90545E+06,  5.10958E+06,  5.31010E+06,  5.50659E+06,  5.69866E+06,  5.88599E+06,  6.06829E+06,  6.24532E+06,  6.41687E+06,  6.58276E+06,  6.74287E+06,  6.89710E+06,  7.04538E+06,  7.18766E+06,  7.32393E+06,  7.45420E+06,  7.57851E+06,  7.69689E+06,  7.80941E+06,  7.91617E+06,  8.01724E+06,  8.11275E+06,  8.20280E+06,  8.28752E+06,  8.36704E+06
  1.00000E+00,  1.00000E+00,  1.00000E+00,  1.00001E+00,  1.00005E+00,  1.00023E+00,  1.00079E+00,  1.00209E+00,  1.00461E+00,  1.00905E+00,  1.01640E+00,  1.02833E+00,  1.04768E+00,  1.07953E+00,  1.13286E+00,  1.22378E+00,  1.38125E+00,  1.65755E+00,  2.14686E+00,  3.01845E+00,  4.57440E+00,  7.34854E+00,  1.22722E+01,  2.09456E+01,  3.60688E+01,  6.21096E+01,  1.06303E+02,  1.80102E+02,  3.01207E+02,  4.96315E+02,  8.04695E+02,  1.28266E+03,  2.00896E+03,  3.09094E+03,  4.67133E+03,  6.93524E+03,  1.01170E+04,  1.45060E+04,  2.04517E+04,  2.83660E+04,  3.87236E+04,  5.20595E+04,  6.89629E+04,  9.00690E+04,  1.16047E+05,  1.47584E+05,  1.85374E+05,  2.30095E+05,  2.82395E+05,  3.42871E+05,  4.12058E+05,  4.90409E+05,  5.78287E+05,  6.75953E+05,  7.83560E+05,  9.01150E+05,  1.02865E+06,  1.16589E+06,  1.31257E+06,  1.46832E+06,  1.63266E+06,  1.80503E+06,  1.98483E+06,  2.17136E+06,  2.36391E+06,  2.56172E+06,  2.76401E+06,  2.96999E+06,  3.17887E+06,  3.38988E+06,  3.60223E+06,  3.81519E+06,  4.02804E+06,  4.24011E+06,  4.45075E+06,  4.65936E+06,  4.86538E+06,  5.06831E+06,  5.26767E+06,  5.46306E+06,  5.65408E+06,  5.84041E+06,  6.02177E+06,  6.19790E+06,  6.36860E+06,  6.53371E+06,  6.69308E+06,  6.84661E+06,  6.99424E+06,  7.13593E+06,  7.27165E+06,  7.40142E+06,  7.52526E+06,  7.64321E+06,  7.75536E+06,  7.86176E+06,  7.96253E+06,  8.05776E+06,  8.14756E+06,  8.23207E+06,  8.31141E+06
  1.00000E+00,  1.00000E+00,  1.00000E+00,  1.00001E+00,  1.00005E+00,  1.00023E+00,  1.00078E+00,  1.00207E+00,  1.00458E+00,  1.00899E+00,  1.01630E+00,  1.02815E+00,  1.04738E+00,  1.07899E+00,  1.13189E+00,  1.22202E+00,  1.37801E+00,  1.65150E+00,  2.13554E+00,  2.99721E+00,  4.53456E+00,  7.27411E+00,  1.21342E+01,  2.06920E+01,  3.56087E+01,  6.12867E+01,  1.04855E+02,  1.77597E+02,  2.96956E+02,  4.89237E+02,  7.93144E+02,  1.26419E+03,  1.98000E+03,  3.04645E+03,  4.60434E+03,  6.83632E+03,  9.97366E+03,  1.43022E+04,  2.01672E+04,  2.79756E+04,  3.81968E+04,  5.13600E+04,  6.80485E+04,  8.88908E+04,  1.14550E+05,  1.45708E+05,  1.83053E+05,  2.27258E+05,  2.78966E+05,  3.38772E+05,  4.07208E+05,  4.84728E+05,  5.71693E+05,  6.68365E+05,  7.74902E+05,  8.91348E+05,  1.01764E+06,  1.15359E+06,  1.29894E+06,  1.45330E+06,  1.61621E+06,  1.78712E+06,  1.96541E+06,  2.15043E+06,  2.34145E+06,  2.53772E+06,  2.73847E+06,  2.94292E+06,  3.15028E+06,  3.35978E+06,  3.57066E+06,  3.78217E+06,  3.99361E+06,  4.20430E+06,  4.41361E+06,  4.62093E+06,  4.82571E+06,  5.02744E+06,  5.22566E+06,  5.41994E+06,  5.60992E+06,  5.79526E+06,  5.97568E+06,  6.15092E+06,  6.32079E+06,  6.48510E+06,  6.64374E+06,  6.79659E+06,  6.94358E+06,  7.08467E+06,  7.21984E+06,  7.34910E+06,  7.47248E+06,  7.59001E+06,  7.70177E+06,  7.80783E+06,  7.90829E+06,  8.00325E+06,  8.09281E+06,  8.17711E+06,  8.25627E+06
  1.00000E+00,  1.00000E+00,  1.00000E+00,  1.00001E+00,  1.00005E+00,  1.00023E+00,  1.00078E+00,  1.00206E+00,  1.00455E+00,  1.00894E+00,  1.01620E+00,  1.02798E+00,  1.04708E+00,  1.07846E+00,  1.13094E+00,  1.22028E+00,  1.37480E+00,  1.64554E+00,  2.12438E+00,  2.97626E+00,  4.49529E+00,  7.20078E+00,  1.19982E+01,  2.04424E+01,  3.51560E+01,  6.04773E+01,  1.03431E+02,  1.75135E+02,  2.92776E+02,  4.82279E+02,  7.81786E+02,  1.24602E+03,  1.95152E+03,  3.00271E+03,  4.53846E+03,  6.73903E+03,  9.83271E+03,  1.41018E+04,  1.98872E+04,  2.75914E+04,  3.76783E+04,  5.06714E+04,  6.71479E+04,  8.77304E+04,  1.13075E+05,  1.43860E+05,  1.80765E+05,  2.24460E+05,  2.75584E+05,  3.34729E+05,  4.02424E+05,  4.79122E+05,  5.65185E+05,  6.60876E+05,  7.66355E+05,  8.81669E+05,  1.00676E+06,  1.14145E+06,  1.28548E+06,  1.43847E+06,  1.59996E+06,  1.76941E+06,  1.94623E+06,  2.12974E+06,  2.31923E+06,  2.51398E+06,  2.71320E+06,  2.91613E+06,  3.12199E+06,  3.33000E+06,  3.53942E+06,  3.74950E+06,  3.95954E+06,  4.16886E+06,  4.37685E+06,  4.58288E+06,  4.78643E+06,  4.98697E+06,  5.18405E+06,  5.37725E+06,  5.56619E+06,  5.75055E+06,  5.93003E+06,  6.10439E+06,  6.27342E+06,  6.43695E+06,  6.59485E+06,  6.74702E+06,  6.89337E+06,  7.03387E+06,  7.16850E+06,  7.29726E+06,  7.42017E+06,  7.53728E+06,  7.64866E+06,  7.75438E+06,  7.85453E+06,  7.94921E+06,  8.03853E+06,  8.12262E+06,  8.20160E+06
  1.00000E+00,  1.00000E+00,  1.00000E+00,  1.00001E+00,  1.00005E+00,  1.00023E+00,  1.00077E+00,  1.00204E+00,  1.00452E+00,  1.00888E+00,  1.01611E+00,  1.02781E+00,  1.04678E+00,  1.07793E+00,  1.12999E+00,  1.21855E+00,  1.37163E+00,  1.63965E+00,  2.11336E+00,  2.95560E+00,  4.45658E+00,  7.12855E+00,  1.18644E+01,  2.01967E+01,  3.47105E+01,  5.96810E+01,  1.02030E+02,  1.72713E+02,  2.88666E+02,  4.75437E+02,  7.70620E+02,  1.22816E+03,  1.92352E+03,  2.95969E+03,  4.47366E+03,  6.64333E+03,  9.69405E+03,  1.39046E+04,  1.96118E+04,  2.72132E+04,  3.71678E+04,  4.99933E+04,  6.62609E+04,  8.65872E+04,  1.11623E+05,  1.42039E+05,  1.78510E+05,  2.21702E+05,  2.72250E+05,  3.30742E+05,  3.97705E+05,  4.73591E+05,  5.58762E+05,  6.53484E+05,  7.57917E+05,  8.72112E+05,  9.96014E+05,  1.12946E+06,  1.27218E+06,  1.42381E+06,  1.58389E+06,  1.75191E+06,  1.92726E+06,  2.10928E+06,  2.29727E+06,  2.49050E+06,  2.68822E+06,  2.88964E+06,  3.09400E+06,  3.30054E+06,  3.50850E+06,  3.71716E+06,  3.92581E+06,  4.13378E+06,  4.34045E+06,  4.54522E+06,  4.74754E+06,  4.94690E+06,  5.14285E+06,  5.33497E+06,  5.52288E+06,  5.70625E+06,  5.88480E+06,  6.05829E+06,  6.22649E+06,  6.38925E+06,  6.54642E+06,  6.69790E+06,  6.84362E+06,  6.98353E+06,  7.11762E+06,  7.24587E+06,  7.36833E+06,  7.48502E+06,  7.59602E+06,  7.70139E+06,  7.80123E+06,  7.89563E+06,  7.98472E+06,  8.06859E+06,  8.14739E+06
  1.00000E+00,  1.00000E+00,  1.00000E+00,  1.00001E+00,  1.00005E+00,  1.00022E+00,  1.00077E+00,  1.00203E+00,  1.00449E+00,  1.00883E+00,  1.01601E+00,  1.02764E+00,  1.04648E+00,  1.07741E+00,  1.12905E+00,  1.21685E+00,  1.36850E+00,  1.63383E+00,  2.10249E+00,  2.93523E+00,  4.41843E+00,  7.05738E+00,  1.17325E+01,  1.99548E+01,  3.42721E+01,  5.88976E+01,  1.00652E+02,  1.70331E+02,  2.84624E+02,  4.68709E+02,  7.59640E+02,  1.21059E+03,  1.89599E+03,  2.91738E+03,  4.40994E+03,  6.54920E+03,  9.55764E+03,  1.37105E+04,  1.93407E+04,  2.68410E+04,  3.66653E+04,  4.93256E+04,  6.53874E+04,  8.54612E+04,  1.10191E+05,  1.40243E+05,  1.76288E+05,  2.18983E+05,  2.68962E+05,  3.26809E+05,  3.93049E+05,  4.68134E+05,  5.52424E+05,  6.46187E+05,  7.49586E+05,  8.62675E+05,  9.85403E+05,  1.11761E+06,  1.25904E+06,  1.40932E+06,  1.56802E+06,  1.73461E+06,  1.90851E+06,  2.08905E+06,  2.27555E+06,  2.46729E+06,  2.66350E+06,  2.86343E+06,  3.06632E+06,  3.27139E+06,  3.47792E+06,  3.68516E+06,  3.89243E+06,  4.09906E+06,  4.30442E+06,  4.50793E+06,  4.70903E+06,  4.90723E+06,  5.10205E+06,  5.29309E+06,  5.47998E+06,  5.66238E+06,  5.84001E+06,  6.01262E+06,  6.18000E+06,  6.34198E+06,  6.49843E+06,  6.64923E+06,  6.79432E+06,  6.93365E+06,  7.06719E+06,  7.19494E+06,  7.31694E+06,  7.43322E+06,  7.54383E+06,  7.64886E+06,  7.74839E+06,  7.84253E+06,  7.93137E+06,  8.01503E+06,  8.09365E+06
  1.00000E+00,  1.00000E+00,  1.00000E+00,  1.00001E+00,  1.00004E+00,  1.00022E+00,  1.00076E+00,  1.00201E+00,  1.00446E+00,  1.00877E+00,  1.01591E+00,  1.02747E+00,  1.04619E+00,  1.07689E+00,  1.12813E+00,  1.21517E+00,  1.36540E+00,  1.62808E+00,  2.09176E+00,  2.91513E+00,  4.38082E+00,  6.98726E+00,  1.16027E+01,  1.97167E+01,  3.38407E+01,  5.81269E+01,  9.92969E+01,  1.67989E+02,  2.80650E+02,  4.62094E+02,  7.48844E+02,  1.19332E+03,  1.86891E+03,  2.87577E+03,  4.34726E+03,  6.45661E+03,  9.42344E+03,  1.35196E+04,  1.90739E+04,  2.64746E+04,  3.61705E+04,  4.86681E+04,  6.45271E+04,  8.43519E+04,  1.08781E+05,  1.38474E+05,  1.74097E+05,  2.16303E+05,  2.65720E+05,  3.22930E+05,  3.88456E+05,  4.62749E+05,  5.46169E+05,  6.38985E+05,  7.41361E+05,  8.53357E+05,  9.74924E+05,  1.10591E+06,  1.24605E+06,  1.39501E+06,  1.55233E+06,  1.71752E+06,  1.88997E+06,  2.06905E+06,  2.25408E+06,  2.44433E+06,  2.63906E+06,  2.83751E+06,  3.03893E+06,  3.24255E+06,  3.44764E+06,  3.65349E+06,  3.85939E+06,  4.06469E+06,  4.26876E+06,  4.47101E+06,  4.67090E+06,  4.86794E+06,  5.06165E+06,  5.25162E+06,  5.43749E+06,  5.61892E+06,  5.79563E+06,  5.96738E+06,  6.13394E+06,  6.29515E+06,  6.45088E+06,  6.60101E+06,  6.74547E+06,  6.88421E+06,  7.01721E+06,  7.14447E+06,  7.26601E+06,  7.38187E+06,  7.49211E+06,  7.59679E+06,  7.69602E+06,  7.78988E+06,  7.87847E+06,  7.96193E+06,  8.04036E+06
  1.00000E+00,  1.00000E+00,  1.00000E+00,  1.00001E+00,  1.00004E+00,  1.00022E+00,  1.00075E+00,  1.00200E+00,  1.00443E+00,  1.00872E+00,  1.01581E+00,  1.02730E+00,  1.04590E+00,  1.07638E+00,  1.12721E+00,  1.21351E+00,  1.36235E+00,  1.62241E+00,  2.08117E+00,  2.89531E+00,  4.34374E+00,  6.91817E+00,  1.14748E+01,  1.94823E+01,  3.34161E+01,  5.73686E+01,  9.79637E+01,  1.65686E+02,  2.76742E+02,  4.55589E+02,  7.38227E+02,  1.17634E+03,  1.84229E+03,  2.83486E+03,  4.28562E+03,  6.36553E+03,  9.29141E+03,  1.33318E+04,  1.88113E+04,  2.61140E+04,  3.56834E+04,  4.80207E+04,  6.36798E+04,  8.32592E+04,  1.07392E+05,  1.36731E+05,  1.71937E+05,  2.13660E+05,  2.62522E+05,  3.19104E+05,  3.83925E+05,  4.57435E+05,  5.39995E+05,  6.31875E+05,  7.33241E+05,  8.44155E+05,  9.64574E+05,  1.09435E+06,  1.23323E+06,  1.38086E+06,  1.53683E+06,  1.70062E+06,  1.87164E+06,  2.04928E+06,  2.23284E+06,  2.42162E+06,  2.61488E+06,  2.81186E+06,  3.01182E+06,  3.21401E+06,  3.41769E+06,  3.62214E+06,  3.82669E+06,  4.03066E+06,  4.23345E+06,  4.43446E+06,  4.63315E+06,  4.82903E+06,  5.02163E+06,  5.21055E+06,  5.39541E+06,  5.57588E+06,  5.75168E+06,  5.92255E+06,  6.08830E+06,  6.24875E+06,  6.40376E+06,  6.55322E+06,  6.69705E+06,  6.83521E+06,  6.96768E+06,  7.09444E+06,  7.21553E+06,  7.33097E+06,  7.44083E+06,  7.54518E+06,  7.64409E+06,  7.73768E+06,  7.82603E+06,  7.90928E+06,  7.98753E+06
  1.00000E+00,  1.00000E+00,  1.00000E+00,  1.00001E+00,  1.00004E+00,  1.00022E+00,  1.00075E+00,  1.00198E+00,  1.00440E+00,  1.00866E+00,  1.01572E+00,  1.02714E+00,  1.04561E+00,  1.07587E+00,  1.12630E+00,  1.21186E+00,  1.35932E+00,  1.61680E+00,  2.07071E+00,  2.87576E+00,  4.30719E+00,  6.85010E+00,  1.13489E+01,  1.92516E+01,  3.29982E+01,  5.66224E+01,  9.66523E+01,  1.63420E+02,  2.72898E+02,  4.49192E+02,  7.27788E+02,  1.15964E+03,  1.81610E+03,  2.79462E+03,  4.22499E+03,  6.27594E+03,  9.16151E+03,  1.31469E+04,  1.85529E+04,  2.57590E+04,  3.52039E+04,  4.73832E+04,  6.28452E+04,  8.21826E+04,  1.06022E+05,  1.35013E+05,  1.69808E+05,  2.11054E+05,  2.59369E+05,  3.15330E+05,  3.79455E+05,  4.52192E+05,  5.33902E+05,  6.24857E+05,  7.25224E+05,  8.35069E+05,  9.54352E+05,  1.08293E+06,  1.22055E+06,  1.36689E+06,  1.52151E+06,  1.68391E+06,  1.85353E+06,  2.02973E+06,  2.21184E+06,  2.39916E+06,  2.59096E+06,  2.78649E+06,  2.98501E+06,  3.18577E+06,  3.38805E+06,  3.59112E+06,  3.79432E+06,  3.99698E+06,  4.19849E+06,  4.39827E+06,  4.59577E+06,  4.79050E+06,  4.98200E+06,  5.16987E+06,  5.35372E+06,  5.53324E+06,  5.70813E+06,  5.87815E+06,  6.04309E+06,  6.20277E+06,  6.35707E+06,  6.50586E+06,  6.64907E+06,  6.78666E+06,  6.91858E+06,  7.04486E+06,  7.16549E+06,  7.28052E+06,  7.39000E+06,  7.49401E+06,  7.59262E+06,  7.68593E+06,  7.77404E+06,  7.85708E+06,  7.93515E+06
  1.00000E+00,  1.00000E+00,  1.00000E+00,  1.00001E+00,  1.00004E+00,  1.00022E+00,  1.00074E+00,  1.00197E+00,  1.00437E+00,  1.00861E+00,  1.01562E+00,  1.02697E+00,  1.04533E+00,  1.07537E+00,  1.12541E+00,  1.21023E+00,  1.35633E+00,  1.61127E+00,  2.06040E+00,  2.85647E+00,  4.27116E+00,  6.78302E+00,  1.12249E+01,  1.90243E+01,  3.25870E+01,  5.58883E+01,  9.53622E+01,  1.61191E+02,  2.69118E+02,  4.42901E+02,  7.17521E+02,  1.14322E+03,  1.79035E+03,  2.75504E+03,  4.16535E+03,  6.18779E+03,  9.03371E+03,  1.29650E+04,  1.82986E+04,  2.54096E+04,  3.47317E+04,  4.67554E+04,  6.20232E+04,  8.11221E+04,  1.04673E+05,  1.33319E+05,  1.67709E+05,  2.08484E+05,  2.56259E+05,  3.11607E+05,  3.75045E+05,  4.47018E+05,  5.27889E+05,  6.17928E+05,  7.17308E+05,  8.26096E+05,  9.44255E+05,  1.07165E+06,  1.20803E+06,  1.35308E+06,  1.50636E+06,  1.66740E+06,  1.83561E+06,  2.01039E+06,  2.19107E+06,  2.37695E+06,  2.56730E+06,  2.76139E+06,  2.95848E+06,  3.15783E+06,  3.35871E+06,  3.56042E+06,  3.76228E+06,  3.96364E+06,  4.16388E+06,  4.36243E+06,  4.55875E+06,  4.75235E+06,  4.94276E+06,  5.12957E+06,  5.31243E+06,  5.49100E+06,  5.66499E+06,  5.83416E+06,  5.99829E+06,  6.15722E+06,  6.31080E+06,  6.45893E+06,  6.60152E+06,  6.73853E+06,  6.86993E+06,  6.99571E+06,  7.11589E+06,  7.23051E+06,  7.33961E+06,  7.44328E+06,  7.54159E+06,  7.63462E+06,  7.72250E+06,  7.80532E+06,  7.88321E+06
  1.00000E+00,  1.00000E+00,  1.00000E+00,  1.00000E+00,  1.00004E+00,  1.00021E+00,  1.00073E+00,  1.00195E+00,  1.00435E+00,  1.00856E+00,  1.01553E+00,  1.02681E+00,  1.04504E+00,  1.07487E+00,  1.12452E+00,  1.20862E+00,  1.35338E+00,  1.60580E+00,  2.05021E+00,  2.83745E+00,  4.23563E+00,  6.71692E+00,  1.11027E+01,  1.88006E+01,  3.21822E+01,  5.51658E+01,  9.40929E+01,  1.58999E+02,  2.65400E+02,  4.36714E+02,  7.07425E+02,  1.12707E+03,  1.76503E+03,  2.71611E+03,  4.10668E+03,  6.10108E+03,  8.90796E+03,  1.27859E+04,  1.80483E+04,  2.50656E+04,  3.42668E+04,  4.61371E+04,  6.12134E+04,  8.00772E+04,  1.03344E+05,  1.31650E+05,  1.65640E+05,  2.05951E+05,  2.53192E+05,  3.07935E+05,  3.70694E+05,  4.41912E+05,  5.21953E+05,  6.11089E+05,  7.09492E+05,  8.17234E+05,  9.34282E+05,  1.06050E+06,  1.19566E+06,  1.33943E+06,  1.49140E+06,  1.65107E+06,  1.81791E+06,  1.99128E+06,  2.17054E+06,  2.35498E+06,  2.54390E+06,  2.73656E+06,  2.93223E+06,  3.13018E+06,  3.32968E+06,  3.53003E+06,  3.73057E+06,  3.93063E+06,  4.12962E+06,  4.32696E+06,  4.52210E+06,  4.71456E+06,  4.90389E+06,  5.08967E+06,  5.27153E+06,  5.44915E+06,  5.62225E+06,  5.79057E+06,  5.95391E+06,  6.11208E+06,  6.26496E+06,  6.41242E+06,  6.55440E+06,  6.69084E+06,  6.82170E+06,  6.94699E+06,  7.06672E+06,  7.18093E+06,  7.28966E+06,  7.39299E+06,  7.49099E+06,  7.58376E+06,  7.67139E+06,  7.75400E+06,  7.83170E+06
  1.00000E+00,  1.00000E+00,  1.00000E+00,  1.00000E+00,  1.00004E+00,  1.00021E+00,  1.00073E+00,  1.00194E+00,  1.00432E+00,  1.00850E+00,  1.01544E+00,  1.02665E+00,  1.04476E+00,  1.07438E+00,  1.12364E+00,  1.20703E+00,  1.35046E+00,  1.60040E+00,  2.04016E+00,  2.81868E+00,  4.20060E+00,  6.65178E+00,  1.09823E+01,  1.85804E+01,  3.17837E+01,  5.44549E+01,  9.28442E+01,  1.56843E+02,  2.61743E+02,  4.30629E+02,  6.97495E+02,  1.11118E+03,  1.74012E+03,  2.67782E+03,  4.04897E+03,  6.01577E+03,  8.78422E+03,  1.26098E+04,  1.78019E+04,  2.47269E+04,  3.38090E+04,  4.55281E+04,  6.04159E+04,  7.90477E+04,  1.02034E+05,  1.30005E+05,  1.63601E+05,  2.03453E+05,  2.50168E+05,  3.04313E+05,  3.66400E+05,  4.36874E+05,  5.16095E+05,  6.04337E+05,  7.01775E+05,  8.08483E+05,  9.24432E+05,  1.04949E+06,  1.18344E+06,  1.32594E+06,  1.47660E+06,  1.63494E+06,  1.80040E+06,  1.97238E+06,  2.15023E+06,  2.33325E+06,  2.52075E+06,  2.71200E+06,  2.90626E+06,  3.10282E+06,  3.30094E+06,  3.49995E+06,  3.69917E+06,  3.89796E+06,  4.09570E+06,  4.29183E+06,  4.48581E+06,  4.67714E+06,  4.86539E+06,  5.05014E+06,  5.23102E+06,  5.40770E+06,  5.57991E+06,  5.74739E+06,  5.90993E+06,  6.06735E+06,  6.21953E+06,  6.36634E+06,  6.50770E+06,  6.64357E+06,  6.77390E+06,  6.89871E+06,  7.01799E+06,  7.13179E+06,  7.24015E+06,  7.34314E+06,  7.44083E+06,  7.53333E+06,  7.62072E+06,  7.70312E+06,  7.78064E+06
  1.00000E+00,  1.00000E+00,  1.00000E+00,  1.00000E+00,  1.00004E+00,  1.00021E+00,  1.00072E+00,  1.00192E+00,  1.00429E+00,  1.00845E+00,  1.01535E+00,  1.02649E+00,  1.04449E+00,  1.07389E+00,  1.12277E+00,  1.20545E+00,  1.34758E+00,  1.59507E+00,  2.03024E+00,  2.80017E+00,  4.16607E+00,  6.58759E+00,  1.08638E+01,  1.83635E+01,  3.13915E+01,  5.37553E+01,  9.16156E+01,  1.54721E+02,  2.58146E+02,  4.24644E+02,  6.87729E+02,  1.09556E+03,  1.71562E+03,  2.64015E+03,  3.99219E+03,  5.93184E+03,  8.66247E+03,  1.24364E+04,  1.75593E+04,  2.43935E+04,  3.33582E+04,  4.49284E+04,  5.96302E+04,  7.80334E+04,  1.00742E+05,  1.28383E+05,  1.61590E+05,  2.00989E+05,  2.47184E+05,  3.00739E+05,  3.62164E+05,  4.31901E+05,  5.10312E+05,  5.97671E+05,  6.94155E+05,  7.99840E+05,  9.14702E+05,  1.03862E+06,  1.17136E+06,  1.31261E+06,  1.46198E+06,  1.61899E+06,  1.78309E+06,  1.95369E+06,  2.13014E+06,  2.31176E+06,  2.49785E+06,  2.68770E+06,  2.88056E+06,  3.07574E+06,  3.27251E+06,  3.47018E+06,  3.66810E+06,  3.86561E+06,  4.06211E+06,  4.25704E+06,  4.44986E+06,  4.64009E+06,  4.82726E+06,  5.01099E+06,  5.19089E+06,  5.36664E+06,  5.53796E+06,  5.70460E+06,  5.86635E+06,  6.02303E+06,  6.17451E+06,  6.32066E+06,  6.46142E+06,  6.59672E+06,  6.72653E+06,  6.85084E+06,  6.96968E+06,  7.08307E+06,  7.19106E+06,  7.29371E+06,  7.39110E+06,  7.48333E+06,  7.57048E+06,  7.65266E+06,  7.73000E+06
  1.00000E+00,  1.00000E+00,  1.00000E+00,  1.00000E+00,  1.00004E+00,  1.00021E+00,  1.00072E+00,  1.00191E+00,  1.00426E+00,  1.00840E+00,  1.01525E+00,  1.02633E+00,  1.04421E+00,  1.07341E+00,  1.12190E+00,  1.20390E+00,  1.34473E+00,  1.58980E+00,  2.02044E+00,  2.78190E+00,  4.13201E+00,  6.52432E+00,  1.07470E+01,  1.81499E+01,  3.10053E+01,  5.30668E+01,  9.04067E+01,  1.52634E+02,  2.54608E+02,  4.18757E+02,  6.78124E+02,  1.08019E+03,  1.69152E+03,  2.60310E+03,  3.93634E+03,  5.84926E+03,  8.54266E+03,  1.22657E+04,  1.73206E+04,  2.40653E+04,  3.29144E+04,  4.43378E+04,  5.88562E+04,  7.70341E+04,  9.94700E+04,  1.26785E+05,  1.59608E+05,  1.98560E+05,  2.44242E+05,  2.97214E+05,  3.57985E+05,  4.26994E+05,  5.04605E+05,  5.91090E+05,  6.86630E+05,  7.91304E+05,  9.05091E+05,  1.02787E+06,  1.15942E+06,  1.29944E+06,  1.44753E+06,  1.60322E+06,  1.76598E+06,  1.93521E+06,  2.11027E+06,  2.29050E+06,  2.47520E+06,  2.66365E+06,  2.85514E+06,  3.04894E+06,  3.24437E+06,  3.44072E+06,  3.63733E+06,  3.83358E+06,  4.02886E+06,  4.22260E+06,  4.41427E+06,  4.60339E+06,  4.78950E+06,  4.97221E+06,  5.15113E+06,  5.32596E+06,  5.49640E+06,  5.66221E+06,  5.82317E+06,  5.97912E+06,  6.12990E+06,  6.27540E+06,  6.41555E+06,  6.55028E+06,  6.67957E+06,  6.80340E+06,  6.92179E+06,  7.03477E+06,  7.14239E+06,  7.24471E+06,  7.34180E+06,  7.43375E+06,  7.52066E+06,  7.60264E+06,  7.67979E+06
  1.00000E+00,  1.00000E+00,  1.00000E+00,  1.00000E+00,  1.00004E+00,  1.00021E+00,  1.00071E+00,  1.00190E+00,  1.00423E+00,  1.00835E+00,  1.01516E+00,  1.02617E+00,  1.04394E+00,  1.07293E+00,  1.12105E+00,  1.20235E+00,  1.34191E+00,  1.58460E+00,  2.01077E+00,  2.76388E+00,  4.09843E+00,  6.46197E+00,  1.06320E+01,  1.79396E+01,  3.06252E+01,  5.23892E+01,  8.92172E+01,  1.50581E+02,  2.51127E+02,  4.12967E+02,  6.68676E+02,  1.06508E+03,  1.66781E+03,  2.56666E+03,  3.88139E+03,  5.76800E+03,  8.42476E+03,  1.20978E+04,  1.70856E+04,  2.37421E+04,  3.24773E+04,  4.37561E+04,  5.80938E+04,  7.60494E+04,  9.82161E+04,  1.25209E+05,  1.57653E+05,  1.96165E+05,  2.41340E+05,  2.93737E+05,  3.53861E+05,  4.22151E+05,  4.98971E+05,  5.84593E+05,  6.79200E+05,  7.82874E+05,  8.95598E+05,  1.01725E+06,  1.14763E+06,  1.28642E+06,  1.43324E+06,  1.58763E+06,  1.74905E+06,  1.91693E+06,  2.09063E+06,  2.26948E+06,  2.45279E+06,  2.63986E+06,  2.82998E+06,  3.02243E+06,  3.21651E+06,  3.41155E+06,  3.60688E+06,  3.80188E+06,  3.99594E+06,  4.18849E+06,  4.37902E+06,  4.56704E+06,  4.75210E+06,  4.93379E+06,  5.11175E+06,  5.28566E+06,  5.45523E+06,  5.62021E+06,  5.78039E+06,  5.93560E+06,  6.08568E+06,  6.23054E+06,  6.37008E+06,  6.50425E+06,  6.63302E+06,  6.75637E+06,  6.87432E+06,  6.98690E+06,  7.09414E+06,  7.19612E+06,  7.29291E+06,  7.38459E+06,  7.47126E+06,  7.55303E+06,  7.63000E+06
  1.00000E+00,  1.00000E+00,  1.00000E+00,  1.00000E+00,  1.00004E+00,  1.00020E+00,  1.00071E+00,  1.00188E+00,  1.00421E+00,  1.00830E+00,  1.01507E+00,  1.02602E+00,  1.04367E+00,  1.07245E+00,  1.12021E+00,  1.20083E+00,  1.33912E+00,  1.57946E+00,  2.00123E+00,  2.74610E+00,  4.06532E+00,  6.40051E+00,  1.05186E+01,  1.77324E+01,  3.02510E+01,  5.17222E+01,  8.80467E+01,  1.48561E+02,  2.47704E+02,  4.07271E+02,  6.59383E+02,  1.05021E+03,  1.64449E+03,  2.53080E+03,  3.82734E+03,  5.68805E+03,  8.30873E+03,  1.19325E+04,  1.68543E+04,  2.34239E+04,  3.20469E+04,  4.31831E+04,  5.73426E+04,  7.50791E+04,  9.69803E+04,  1.23656E+05,  1.55726E+05,  1.93802E+05,  2.38478E+05,  2.90306E+05,  3.49791E+05,  4.17372E+05,  4.93409E+05,  5.78179E+05,  6.71863E+05,  7.74548E+05,  8.86219E+05,  1.00676E+06,  1.13598E+06,  1.27356E+06,  1.41912E+06,  1.57222E+06,  1.73232E+06,  1.89886E+06,  2.07120E+06,  2.24868E+06,  2.43062E+06,  2.61633E+06,  2.80508E+06,  2.99619E+06,  3.18894E+06,  3.38268E+06,  3.57674E+06,  3.77049E+06,  3.96334E+06,  4.15472E+06,  4.34412E+06,  4.53105E+06,  4.71505E+06,  4.89574E+06,  5.07274E+06,  5.24574E+06,  5.41444E+06,  5.57859E+06,  5.73800E+06,  5.89247E+06,  6.04187E+06,  6.18608E+06,  6.32502E+06,  6.45863E+06,  6.58688E+06,  6.70975E+06,  6.82726E+06,  6.93943E+06,  7.04631E+06,  7.14796E+06,  7.24444E+06,  7.33585E+06,  7.42228E+06,  7.50384E+06,  7.58062E+06
  1.00000E+00,  1.00000E+00,  1.00000E+00,  1.00000E+00,  1.00004E+00,  1.00020E+00,  1.00070E+00,  1.00187E+00,  1.00418E+00,  1.00825E+00,  1.01498E+00,  1.02586E+00,  1.04340E+00,  1.07198E+00,  1.11937E+00,  1.19932E+00,  1.33637E+00,  1.57438E+00,  1.99180E+00,  2.72855E+00,  4.03267E+00,  6.33994E+00,  1.04070E+01,  1.75284E+01,  2.98826E+01,  5.10658E+01,  8.68950E+01,  1.46574E+02,  2.44335E+02,  4.01668E+02,  6.50241E+02,  1.03558E+03,  1.62156E+03,  2.49553E+03,  3.77415E+03,  5.60938E+03,  8.19455E+03,  1.17698E+04,  1.66265E+04,  2.31106E+04,  3.16230E+04,  4.26187E+04,  5.66026E+04,  7.41231E+04,  9.57623E+04,  1.22125E+05,  1.53826E+05,  1.91473E+05,  2.35654E+05,  2.86922E+05,  3.45776E+05,  4.12655E+05,  4.87919E+05,  5.71846E+05,  6.64618E+05,  7.66325E+05,  8.76955E+05,  9.96402E+05,  1.12446E+06,  1.26084E+06,  1.40516E+06,  1.55698E+06,  1.71578E+06,  1.88099E+06,  2.05198E+06,  2.22811E+06,  2.40869E+06,  2.59304E+06,  2.78045E+06,  2.97022E+06,  3.16166E+06,  3.35410E+06,  3.54689E+06,  3.73941E+06,  3.93106E+06,  4.12128E+06,  4.30955E+06,  4.49539E+06,  4.67836E+06,  4.85805E+06,  5.03410E+06,  5.20618E+06,  5.37402E+06,  5.53736E+06,  5.69599E+06,  5.84973E+06,  5.99845E+06,  6.14202E+06,  6.28036E+06,  6.41342E+06,  6.54115E+06,  6.66354E+06,  6.78061E+06,  6.89238E+06,  6.99889E+06,  7.10020E+06,  7.19639E+06,  7.28753E+06,  7.37372E+06,  7.45506E+06,  7.53166E+06
  1.00000E+00,  1.00000E+00,  1.00000E+00,  1.00000E+00,  1.00004E+00,  1.00020E+00,  1.00069E+00,  1.00186E+00,  1.00415E+00,  1.00819E+00,  1.01489E+00,  1.02571E+00,  1.04313E+00,  1.07152E+00,  1.11854E+00,  1.19783E+00,  1.33364E+00,  1.56936E+00,  1.98250E+00,  2.71124E+00,  4.00046E+00,  6.28023E+00,  1.02970E+01,  1.73275E+01,  2.95199E+01,  5.04197E+01,  8.57615E+01,  1.44619E+02,  2.41021E+02,  3.96157E+02,  6.41249E+02,  1.02120E+03,  1.59899E+03,  2.46083E+03,  3.72181E+03,  5.53197E+03,  8.08217E+03,  1.16096E+04,  1.64023E+04,  2.28021E+04,  3.12055E+04,  4.20628E+04,  5.58736E+04,  7.31810E+04,  9.45618E+04,  1.20616E+05,  1.51952E+05,  1.89175E+05,  2.32869E+05,  2.83582E+05,  3.41814E+05,  4.07999E+05,  4.82500E+05,  5.65592E+05,  6.57463E+05,  7.58203E+05,  8.67804E+05,  9.86162E+05,  1.11308E+06,  1.24827E+06,  1.39137E+06,  1.54192E+06,  1.69942E+06,  1.86331E+06,  2.03297E+06,  2.20775E+06,  2.38699E+06,  2.57000E+06,  2.75607E+06,  2.94452E+06,  3.13465E+06,  3.32581E+06,  3.51735E+06,  3.70864E+06,  3.89910E+06,  4.08816E+06,  4.27532E+06,  4.46008E+06,  4.64202E+06,  4.82071E+06,  4.99582E+06,  5.16700E+06,  5.33397E+06,  5.49650E+06,  5.65436E+06,  5.80738E+06,  5.95542E+06,  6.09835E+06,  6.23610E+06,  6.36860E+06,  6.49581E+06,  6.61773E+06,  6.73436E+06,  6.84573E+06,  6.95187E+06,  7.05285E+06,  7.14874E+06,  7.23961E+06,  7.32556E+06,  7.40669E+06,  7.48311E+06
  1.00000E+00,  1.00000E+00,  1.00000E+00,  1.00000E+00,  1.00004E+00,  1.00020E+00,  1.00069E+00,  1.00184E+00,  1.00412E+00,  1.00814E+00,  1.01481E+00,  1.02556E+00,  1.04287E+00,  1.07106E+00,  1.11772E+00,  1.19635E+00,  1.33095E+00,  1.56440E+00,  1.97331E+00,  2.69416E+00,  3.96870E+00,  6.22137E+00,  1.01886E+01,  1.71296E+01,  2.91627E+01,  4.97837E+01,  8.46460E+01,  1.42695E+02,  2.37761E+02,  3.90734E+02,  6.32402E+02,  1.00705E+03,  1.57679E+03,  2.42668E+03,  3.67032E+03,  5.45579E+03,  7.97157E+03,  1.14520E+04,  1.61816E+04,  2.24983E+04,  3.07944E+04,  4.15152E+04,  5.51553E+04,  7.22526E+04,  9.33786E+04,  1.19128E+05,  1.50105E+05,  1.86910E+05,  2.30122E+05,  2.80288E+05,  3.37904E+05,  4.03404E+05,  4.77150E+05,  5.59418E+05,  6.50398E+05,  7.50180E+05,  8.58763E+05,  9.76046E+05,  1.10184E+06,  1.23585E+06,  1.37773E+06,  1.52703E+06,  1.68325E+06,  1.84583E+06,  2.01417E+06,  2.18762E+06,  2.36553E+06,  2.54720E+06,  2.73194E+06,  2.91908E+06,  3.10792E+06,  3.29781E+06,  3.48810E+06,  3.67818E+06,  3.86745E+06,  4.05537E+06,  4.24142E+06,  4.42511E+06,  4.60602E+06,  4.78373E+06,  4.95789E+06,  5.12817E+06,  5.29430E+06,  5.45601E+06,  5.61311E+06,  5.76541E+06,  5.91277E+06,  6.05507E+06,  6.19222E+06,  6.32417E+06,  6.45087E+06,  6.57232E+06,  6.68851E+06,  6.79948E+06,  6.90526E+06,  7.00590E+06,  7.10149E+06,  7.19209E+06,  7.27780E+06,  7.35872E+06,  7.43496E+06
  1.00000E+00,  1.00000E+00,  1.00000E+00,  1.00000E+00,  1.00004E+00,  1.00020E+00,  1.00068E+00,  1.00183E+00,  1.00410E+00,  1.00810E+00,  1.01472E+00,  1.02541E+00,  1.04261E+00,  1.07060E+00,  1.11691E+00,  1.19489E+00,  1.32829E+00,  1.55950E+00,  1.96424E+00,  2.67730E+00,  3.93738E+00,  6.16335E+00,  1.00817E+01,  1.69347E+01,  2.88110E+01,  4.91576E+01,  8.35482E+01,  1.40801E+02,  2.34553E+02,  3.85400E+02,  6.23699E+02,  9.93122E+02,  1.55495E+03,  2.39309E+03,  3.61965E+03,  5.38082E+03,  7.86272E+03,  1.12968E+04,  1.59643E+04,  2.21992E+04,  3.03895E+04,  4.09757E+04,  5.44477E+04,  7.13377E+04,  9.22124E+04,  1.17661E+05,  1.48284E+05,  1.84675E+05,  2.27412E+05,  2.77037E+05,  3.34045E+05,  3.98868E+05,  4.71868E+05,  5.53322E+05,  6.43420E+05,  7.42256E+05,  8.49831E+05,  9.66050E+05,  1.09072E+06,  1.22357E+06,  1.36425E+06,  1.51230E+06,  1.66726E+06,  1.82855E+06,  1.99557E+06,  2.16771E+06,  2.34429E+06,  2.52464E+06,  2.70807E+06,  2.89391E+06,  3.08147E+06,  3.27009E+06,  3.45915E+06,  3.64802E+06,  3.83611E+06,  4.02289E+06,  4.20784E+06,  4.39047E+06,  4.57036E+06,  4.74709E+06,  4.92031E+06,  5.08971E+06,  5.25498E+06,  5.41590E+06,  5.57223E+06,  5.72382E+06,  5.87050E+06,  6.01217E+06,  6.14873E+06,  6.28013E+06,  6.40633E+06,  6.52730E+06,  6.64306E+06,  6.75362E+06,  6.85904E+06,  6.95936E+06,  7.05464E+06,  7.14498E+06,  7.23045E+06,  7.31116E+06,  7.38721E+06
  1.00000E+00,  1.00000E+00,  1.00000E+00,  1.00000E+00,  1.00004E+00,  1.00019E+00,  1.00068E+00,  1.00182E+00,  1.00407E+00,  1.00805E+00,  1.01463E+00,  1.02526E+00,  1.04235E+00,  1.07015E+00,  1.11611E+00,  1.19345E+00,  1.32566E+00,  1.55466E+00,  1.95528E+00,  2.66066E+00,  3.90648E+00,  6.10615E+00,  9.97649E+00,  1.67428E+01,  2.84648E+01,  4.85413E+01,  8.24678E+01,  1.38938E+02,  2.31397E+02,  3.80151E+02,  6.15137E+02,  9.79424E+02,  1.53346E+03,  2.36004E+03,  3.56980E+03,  5.30704E+03,  7.75558E+03,  1.11441E+04,  1.57504E+04,  2.19047E+04,  2.99907E+04,  4.04444E+04,  5.37504E+04,  7.04361E+04,  9.10629E+04,  1.16215E+05,  1.46487E+05,  1.82471E+05,  2.24739E+05,  2.73830E+05,  3.30237E+05,  3.94392E+05,  4.66654E+05,  5.47303E+05,  6.36529E+05,  7.34429E+05,  8.41008E+05,  9.56173E+05,  1.07974E+06,  1.21144E+06,  1.35092E+06,  1.49775E+06,  1.65144E+06,  1.81145E+06,  1.97718E+06,  2.14801E+06,  2.32328E+06,  2.50232E+06,  2.68445E+06,  2.86899E+06,  3.05528E+06,  3.24265E+06,  3.43048E+06,  3.61815E+06,  3.80508E+06,  3.99073E+06,  4.17458E+06,  4.35616E+06,  4.53503E+06,  4.71080E+06,  4.88309E+06,  5.05160E+06,  5.21603E+06,  5.37614E+06,  5.53173E+06,  5.68260E+06,  5.82861E+06,  5.96965E+06,  6.10563E+06,  6.23648E+06,  6.36216E+06,  6.48267E+06,  6.59799E+06,  6.70816E+06,  6.81321E+06,  6.91320E+06,  7.00819E+06,  7.09826E+06,  7.18349E+06,  7.26399E+06,  7.33985E+06
  1.00000E+00,  1.00000E+00,  1.00000E+00,  1.00000E+00,  1.00004E+00,  1.00019E+00,  1.00067E+00,  1.00180E+00,  1.00404E+00,  1.00800E+00,  1.01455E+00,  1.02511E+00,  1.04209E+00,  1.06970E+00,  1.11531E+00,  1.19202E+00,  1.32306E+00,  1.54988E+00,  1.94643E+00,  2.64425E+00,  3.87601E+00,  6.04976E+00,  9.87277E+00,  1.65536E+01,  2.81238E+01,  4.79346E+01,  8.14044E+01,  1.37105E+02,  2.28292E+02,  3.74987E+02,  6.06713E+02,  9.65947E+02,  1.51232E+03,  2.32752E+03,  3.52073E+03,  5.23444E+03,  7.65013E+03,  1.09937E+04,  1.55397E+04,  2.16147E+04,  2.95979E+04,  3.99209E+04,  5.30634E+04,  6.95476E+04,  8.99298E+04,  1.14789E+05,  1.44716E+05,  1.80297E+05,  2.22102E+05,  2.70666E+05,  3.26479E+05,  3.89973E+05,  4.61506E+05,  5.41359E+05,  6.29723E+05,  7.26698E+05,  8.32291E+05,  9.46413E+05,  1.06889E+06,  1.19944E+06,  1.33774E+06,  1.48335E+06,  1.63580E+06,  1.79454E+06,  1.95899E+06,  2.12852E+06,  2.30249E+06,  2.48023E+06,  2.66107E+06,  2.84433E+06,  3.02935E+06,  3.21549E+06,  3.40210E+06,  3.58858E+06,  3.77436E+06,  3.95888E+06,  4.14165E+06,  4.32218E+06,  4.50004E+06,  4.67484E+06,  4.84621E+06,  5.01384E+06,  5.17743E+06,  5.33675E+06,  5.49158E+06,  5.64174E+06,  5.78709E+06,  5.92751E+06,  6.06290E+06,  6.19321E+06,  6.31839E+06,  6.43842E+06,  6.55332E+06,  6.66309E+06,  6.76778E+06,  6.86744E+06,  6.96213E+06,  7.05193E+06,  7.13692E+06,  7.21721E+06,  7.29289E+06
  1.00000E+00,  1.00000E+00,  1.00000E+00,  1.00000E+00,  1.00004E+00,  1.00019E+00,  1.00067E+00,  1.00179E+00,  1.00402E+00,  1.00795E+00,  1.01446E+00,  1.02496E+00,  1.04184E+00,  1.06925E+00,  1.11453E+00,  1.19060E+00,  1.32048E+00,  1.54516E+00,  1.93770E+00,  2.62804E+00,  3.84595E+00,  5.99417E+00,  9.77056E+00,  1.63673E+01,  2.77880E+01,  4.73373E+01,  8.03576E+01,  1.35301E+02,  2.25236E+02,  3.69907E+02,  5.98425E+02,  9.52687E+02,  1.49152E+03,  2.29552E+03,  3.47245E+03,  5.16297E+03,  7.54633E+03,  1.08456E+04,  1.53323E+04,  2.13290E+04,  2.92110E+04,  3.94052E+04,  5.23864E+04,  6.86720E+04,  8.88129E+04,  1.13384E+05,  1.42970E+05,  1.78153E+05,  2.19500E+05,  2.67543E+05,  3.22771E+05,  3.85611E+05,  4.56424E+05,  5.35490E+05,  6.23001E+05,  7.19061E+05,  8.23678E+05,  9.36769E+05,  1.05816E+06,  1.18759E+06,  1.32471E+06,  1.46912E+06,  1.62034E+06,  1.77782E+06,  1.94099E+06,  2.10924E+06,  2.28192E+06,  2.45837E+06,  2.63793E+06,  2.81992E+06,  3.00370E+06,  3.18860E+06,  3.37400E+06,  3.55930E+06,  3.74393E+06,  3.92734E+06,  4.10903E+06,  4.28852E+06,  4.46538E+06,  4.63922E+06,  4.80967E+06,  4.97642E+06,  5.13919E+06,  5.29772E+06,  5.45180E+06,  5.60126E+06,  5.74594E+06,  5.88574E+06,  6.02055E+06,  6.15031E+06,  6.27499E+06,  6.39456E+06,  6.50902E+06,  6.61840E+06,  6.72273E+06,  6.82206E+06,  6.91645E+06,  7.00598E+06,  7.09074E+06,  7.17082E+06,  7.24631E+06
  1.00000E+00,  1.00000E+00,  1.00000E+00,  1.00000E+00,  1.00004E+00,  1.00019E+00,  1.00066E+00,  1.00178E+00,  1.00399E+00,  1.00790E+00,  1.01438E+00,  1.02481E+00,  1.04158E+00,  1.06881E+00,  1.11375E+00,  1.18920E+00,  1.31794E+00,  1.54049E+00,  1.92907E+00,  2.61205E+00,  3.81630E+00,  5.93935E+00,  9.66983E+00,  1.61838E+01,  2.74573E+01,  4.67492E+01,  7.93273E+01,  1.33525E+02,  2.22229E+02,  3.64907E+02,  5.90270E+02,  9.39640E+02,  1.47105E+03,  2.26403E+03,  3.42494E+03,  5.09264E+03,  7.44415E+03,  1.06999E+04,  1.51281E+04,  2.10477E+04,  2.88300E+04,  3.88971E+04,  5.17194E+04,  6.78090E+04,  8.77120E+04,  1.11998E+05,  1.41247E+05,  1.76039E+05,  2.16934E+05,  2.64462E+05,  3.19110E+05,  3.81306E+05,  4.51407E+05,  5.29694E+05,  6.16363E+05,  7.11517E+05,  8.15169E+05,  9.27240E+05,  1.04756E+06,  1.17587E+06,  1.31184E+06,  1.45505E+06,  1.60504E+06,  1.76128E+06,  1.92319E+06,  2.09017E+06,  2.26157E+06,  2.43674E+06,  2.61503E+06,  2.79577E+06,  2.97830E+06,  3.16197E+06,  3.34618E+06,  3.53031E+06,  3.71380E+06,  3.89610E+06,  4.07672E+06,  4.25518E+06,  4.43105E+06,  4.60393E+06,  4.77347E+06,  4.93935E+06,  5.10129E+06,  5.25903E+06,  5.41237E+06,  5.56113E+06,  5.70516E+06,  5.84433E+06,  5.97856E+06,  6.10779E+06,  6.23196E+06,  6.35107E+06,  6.46511E+06,  6.57409E+06,  6.67806E+06,  6.77706E+06,  6.87116E+06,  6.96042E+06,  7.04494E+06,  7.12481E+06,  7.20012E+06
  1.00000E+00,  1.00000E+00,  1.00000E+00,  1.00000E+00,  1.00004E+00,  1.00019E+00,  1.00066E+00,  1.00177E+00,  1.00397E+00,  1.00785E+00,  1.01429E+00,  1.02467E+00,  1.04133E+00,  1.06838E+00,  1.11298E+00,  1.18782E+00,  1.31543E+00,  1.53588E+00,  1.92055E+00,  2.59627E+00,  3.78705E+00,  5.88531E+00,  9.57055E+00,  1.60030E+01,  2.71316E+01,  4.61702E+01,  7.83131E+01,  1.31777E+02,  2.19270E+02,  3.59988E+02,  5.82246E+02,  9.26802E+02,  1.45091E+03,  2.23304E+03,  3.37818E+03,  5.02342E+03,  7.34357E+03,  1.05564E+04,  1.49270E+04,  2.07707E+04,  2.84546E+04,  3.83966E+04,  5.10621E+04,  6.69584E+04,  8.66266E+04,  1.10631E+05,  1.39549E+05,  1.73953E+05,  2.14401E+05,  2.61422E+05,  3.15498E+05,  3.77056E+05,  4.46453E+05,  5.23971E+05,  6.09806E+05,  7.04064E+05,  8.06762E+05,  9.17823E+05,  1.03708E+06,  1.16428E+06,  1.29910E+06,  1.44114E+06,  1.58992E+06,  1.74492E+06,  1.90558E+06,  2.07130E+06,  2.24143E+06,  2.41534E+06,  2.59237E+06,  2.77186E+06,  2.95315E+06,  3.13562E+06,  3.31863E+06,  3.50160E+06,  3.68396E+06,  3.86517E+06,  4.04472E+06,  4.22215E+06,  4.39703E+06,  4.56897E+06,  4.73761E+06,  4.90262E+06,  5.06374E+06,  5.22070E+06,  5.37330E+06,  5.52136E+06,  5.66473E+06,  5.80329E+06,  5.93695E+06,  6.06564E+06,  6.18931E+06,  6.30796E+06,  6.42157E+06,  6.53016E+06,  6.63377E+06,  6.73244E+06,  6.82624E+06,  6.91524E+06,  6.99953E+06,  7.07918E+06,  7.15431E+06
  1.00000E+00,  1.00000E+00,  1.00000E+00,  1.00000E+00,  1.00004E+00,  1.00019E+00,  1.00065E+00,  1.00175E+00,  1.00394E+00,  1.00781E+00,  1.01421E+00,  1.02453E+00,  1.04109E+00,  1.06794E+00,  1.11221E+00,  1.18645E+00,  1.31294E+00,  1.53132E+00,  1.91214E+00,  2.58069E+00,  3.75820E+00,  5.83202E+00,  9.47271E+00,  1.58249E+01,  2.68108E+01,  4.56001E+01,  7.73147E+01,  1.30057E+02,  2.16357E+02,  3.55147E+02,  5.74350E+02,  9.14169E+02,  1.43109E+03,  2.20254E+03,  3.33216E+03,  4.95528E+03,  7.24455E+03,  1.04151E+04,  1.47289E+04,  2.04978E+04,  2.80848E+04,  3.79034E+04,  5.04144E+04,  6.61200E+04,  8.55567E+04,  1.09284E+05,  1.37874E+05,  1.71895E+05,  2.11903E+05,  2.58422E+05,  3.11933E+05,  3.72860E+05,  4.41562E+05,  5.18319E+05,  6.03330E+05,  6.96703E+05,  7.98456E+05,  9.08517E+05,  1.02672E+06,  1.15283E+06,  1.28652E+06,  1.42738E+06,  1.57496E+06,  1.72874E+06,  1.88816E+06,  2.05263E+06,  2.22151E+06,  2.39416E+06,  2.56994E+06,  2.74819E+06,  2.92826E+06,  3.10952E+06,  3.29136E+06,  3.47318E+06,  3.65441E+06,  3.83453E+06,  4.01302E+06,  4.18944E+06,  4.36334E+06,  4.53433E+06,  4.70207E+06,  4.86623E+06,  5.02652E+06,  5.18271E+06,  5.33458E+06,  5.48195E+06,  5.62466E+06,  5.76261E+06,  5.89569E+06,  6.02385E+06,  6.14703E+06,  6.26521E+06,  6.37840E+06,  6.48660E+06,  6.58985E+06,  6.68820E+06,  6.78171E+06,  6.87044E+06,  6.95448E+06,  7.03393E+06,  7.10887E+06
  1.00000E+00,  1.00000E+00,  1.00000E+00,  1.00000E+00,  1.00004E+00,  1.00018E+00,  1.00065E+00,  1.00174E+00,  1.00391E+00,  1.00776E+00,  1.01413E+00,  1.02438E+00,  1.04084E+00,  1.06752E+00,  1.11145E+00,  1.18509E+00,  1.31048E+00,  1.52681E+00,  1.90383E+00,  2.56531E+00,  3.72973E+00,  5.77948E+00,  9.37627E+00,  1.56494E+01,  2.64949E+01,  4.50387E+01,  7.63319E+01,  1.28364E+02,  2.13491E+02,  3.50383E+02,  5.66580E+02,  9.01739E+02,  1.41158E+03,  2.17253E+03,  3.28686E+03,  4.88821E+03,  7.14708E+03,  1.02760E+04,  1.45339E+04,  2.02291E+04,  2.77206E+04,  3.74176E+04,  4.97761E+04,  6.52937E+04,  8.45019E+04,  1.07956E+05,  1.36222E+05,  1.69866E+05,  2.09439E+05,  2.55462E+05,  3.08414E+05,  3.68718E+05,  4.36733E+05,  5.12738E+05,  5.96933E+05,  6.89430E+05,  7.90249E+05,  8.99321E+05,  1.01649E+06,  1.14151E+06,  1.27407E+06,  1.41378E+06,  1.56017E+06,  1.71274E+06,  1.87093E+06,  2.03416E+06,  2.20179E+06,  2.37321E+06,  2.54775E+06,  2.72477E+06,  2.90362E+06,  3.08369E+06,  3.26435E+06,  3.44503E+06,  3.62515E+06,  3.80418E+06,  3.98163E+06,  4.15703E+06,  4.32996E+06,  4.50002E+06,  4.66686E+06,  4.83016E+06,  4.98965E+06,  5.14506E+06,  5.29620E+06,  5.44288E+06,  5.58495E+06,  5.72228E+06,  5.85480E+06,  5.98242E+06,  6.10511E+06,  6.22283E+06,  6.33559E+06,  6.44341E+06,  6.54630E+06,  6.64433E+06,  6.73754E+06,  6.82601E+06,  6.90981E+06,  6.98905E+06,  7.06380E+06
  1.00000E+00,  1.00000E+00,  1.00000E+00,  1.00000E+00,  1.00004E+00,  1.00018E+00,  1.00064E+00,  1.00173E+00,  1.00389E+00,  1.00771E+00,  1.01404E+00,  1.02424E+00,  1.04060E+00,  1.06709E+00,  1.11071E+00,  1.18375E+00,  1.30805E+00,  1.52236E+00,  1.89562E+00,  2.55013E+00,  3.70165E+00,  5.72766E+00,  9.28122E+00,  1.54765E+01,  2.61837E+01,  4.44859E+01,  7.53643E+01,  1.26698E+02,  2.10671E+02,  3.45695E+02,  5.58934E+02,  8.89506E+02,  1.39239E+03,  2.14300E+03,  3.24228E+03,  4.82219E+03,  7.05112E+03,  1.01391E+04,  1.43419E+04,  1.99644E+04,  2.73618E+04,  3.69388E+04,  4.91470E+04,  6.44793E+04,  8.34621E+04,  1.06646E+05,  1.34592E+05,  1.67864E+05,  2.07007E+05,  2.52540E+05,  3.04941E+05,  3.64630E+05,  4.31964E+05,  5.07226E+05,  5.90615E+05,  6.82245E+05,  7.82139E+05,  8.90233E+05,  1.00637E+06,  1.13032E+06,  1.26177E+06,  1.40032E+06,  1.54554E+06,  1.69691E+06,  1.85389E+06,  2.01588E+06,  2.18229E+06,  2.35246E+06,  2.52578E+06,  2.70158E+06,  2.87923E+06,  3.05811E+06,  3.23762E+06,  3.41715E+06,  3.59616E+06,  3.77412E+06,  3.95053E+06,  4.12493E+06,  4.29689E+06,  4.46602E+06,  4.63197E+06,  4.79443E+06,  4.95310E+06,  5.10775E+06,  5.25817E+06,  5.40416E+06,  5.54558E+06,  5.68231E+06,  5.81426E+06,  5.94135E+06,  6.06354E+06,  6.18081E+06,  6.29315E+06,  6.40058E+06,  6.50312E+06,  6.60082E+06,  6.69374E+06,  6.78194E+06,  6.86551E+06,  6.94453E+06,  7.01911E+06
  1.00000E+00,  1.00000E+00,  1.00000E+00,  1.00000E+00,  1.00004E+00,  1.00018E+00,  1.00063E+00,  1.00172E+00,  1.00386E+00,  1.00767E+00,  1.01396E+00,  1.02410E+00,  1.04035E+00,  1.06667E+00,  1.10996E+00,  1.18242E+00,  1.30564E+00,  1.51796E+00,  1.88752E+00,  2.53515E+00,  3.67394E+00,  5.67657E+00,  9.18752E+00,  1.53061E+01,  2.58772E+01,  4.39416E+01,  7.44117E+01,  1.25057E+02,  2.07894E+02,  3.41081E+02,  5.51409E+02,  8.77468E+02,  1.37350E+03,  2.11393E+03,  3.19840E+03,  4.75720E+03,  6.95665E+03,  1.00042E+04,  1.41528E+04,  1.97037E+04,  2.70083E+04,  3.64671E+04,  4.85271E+04,  6.36765E+04,  8.24369E+04,  1.05354E+05,  1.32985E+05,  1.65889E+05,  2.04608E+05,  2.49658E+05,  3.01513E+05,  3.60593E+05,  4.27256E+05,  5.01783E+05,  5.84375E+05,  6.75147E+05,  7.74127E+05,  8.81252E+05,  9.96374E+05,  1.11926E+06,  1.24960E+06,  1.38702E+06,  1.53107E+06,  1.68125E+06,  1.83703E+06,  1.99780E+06,  2.16298E+06,  2.33194E+06,  2.50403E+06,  2.67863E+06,  2.85509E+06,  3.03279E+06,  3.21114E+06,  3.38955E+06,  3.56746E+06,  3.74435E+06,  3.91973E+06,  4.09313E+06,  4.26413E+06,  4.43234E+06,  4.59741E+06,  4.75902E+06,  4.91689E+06,  5.07078E+06,  5.22047E+06,  5.36578E+06,  5.50656E+06,  5.64269E+06,  5.77407E+06,  5.90063E+06,  6.02234E+06,  6.13915E+06,  6.25107E+06,  6.35811E+06,  6.46030E+06,  6.55767E+06,  6.65030E+06,  6.73824E+06,  6.82157E+06,  6.90039E+06,  6.97478E+06
  1.00000E+00,  1.00000E+00,  1.00000E+00,  1.00000E+00,  1.00003E+00,  1.00018E+00,  1.00063E+00,  1.00170E+00,  1.00384E+00,  1.00762E+00,  1.01388E+00,  1.02396E+00,  1.04011E+00,  1.06625E+00,  1.10923E+00,  1.18111E+00,  1.30326E+00,  1.51361E+00,  1.87951E+00,  2.52036E+00,  3.64660E+00,  5.62618E+00,  9.09516E+00,  1.51382E+01,  2.55753E+01,  4.34056E+01,  7.34738E+01,  1.23442E+02,  2.05162E+02,  3.36540E+02,  5.44004E+02,  8.65620E+02,  1.35491E+03,  2.08532E+03,  3.15521E+03,  4.69322E+03,  6.86363E+03,  9.87142E+03,  1.39665E+04,  1.94469E+04,  2.66601E+04,  3.60023E+04,  4.79162E+04,  6.28852E+04,  8.14262E+04,  1.04080E+05,  1.31401E+05,  1.63941E+05,  2.02241E+05,  2.46813E+05,  2.98129E+05,  3.56609E+05,  4.22607E+05,  4.96407E+05,  5.78211E+05,  6.68135E+05,  7.66210E+05,  8.72376E+05,  9.86491E+05,  1.10833E+06,  1.23758E+06,  1.37387E+06,  1.51676E+06,  1.66577E+06,  1.82034E+06,  1.97992E+06,  2.14388E+06,  2.31163E+06,  2.48251E+06,  2.65591E+06,  2.83118E+06,  3.00772E+06,  3.18493E+06,  3.36222E+06,  3.53904E+06,  3.71487E+06,  3.88922E+06,  4.06163E+06,  4.23167E+06,  4.39897E+06,  4.56316E+06,  4.72393E+06,  4.88100E+06,  5.03413E+06,  5.18311E+06,  5.32774E+06,  5.46788E+06,  5.60341E+06,  5.73423E+06,  5.86027E+06,  5.98148E+06,  6.09784E+06,  6.20934E+06,  6.31600E+06,  6.41783E+06,  6.51489E+06,  6.60722E+06,  6.69490E+06,  6.77800E+06,  6.85660E+06,  6.93080E+06
